Month_Index,Kabupaten,NDVI,SoilMoisture_acc,Elevation_m
0,Bandung,0,0.4325411022,692
1,Bandung,0.222603187,0.4291467667,692
2,Bandung,0.1724117547,0.4298417568,692
3,Bandung,0.3036871552,0.4316535294,692
4,Bandung,0.1378068179,0.4240844548,692
5,Bandung,0.3120870292,0.4195161462,692
6,Bandung,0.3988077641,0.4143256545,692
7,Bandung,0.2491092682,0.3964693248,692
8,Bandung,0.1505035013,0.3289762437,692
9,Bandung,0.3313347101,0.2975188494,692
10,Bandung,0.3028872013,0.3830526471,692
11,Bandung,0.2076412141,0.4329491854,692
12,Bandung,0.1207576618,0.4237112999,692
13,Bandung,0.1551338881,0.4317869246,692
14,Bandung,0.3826222122,0.428883642,692
15,Bandung,0.4062342346,0.4273545146,692
16,Bandung,0.1762390584,0.4072711468,692
17,Bandung,0.2380262166,0.3664277494,692
18,Bandung,0.2517016232,0.3087480962,692
19,Bandung,0.2695578039,0.300068289,692
20,Bandung,0.1295741498,0.2777363658,692
21,Bandung,0.1456409395,0.2541278601,692
22,Bandung,0.2558533549,0.3488737047,692
23,Bandung,0.1146769226,0.4134782553,692
24,Bandung,0.2613515556,0.4247943759,692
25,Bandung,0.1668611169,0.4304474592,692
26,Bandung,0.1327920705,0.4297152758,692
27,Bandung,0.1993912011,0.4327706397,692
28,Bandung,0.2380322665,0.4267782569,692
29,Bandung,0.172420904,0.422285974,692
30,Bandung,0.2925332785,0.424107343,692
31,Bandung,0.4105168283,0.4041568637,692
32,Bandung,0.344163388,0.4260908365,692
33,Bandung,0.06806066632,0.4317857325,692
34,Bandung,0.1964532584,0.4364106953,692
35,Bandung,0.2385941148,0.4238141477,692
36,Bandung,0.2399562597,0.4282220602,692
37,Bandung,0.1437119246,0.4256744087,692
38,Bandung,0.2093030363,0.4279961586,692
39,Bandung,0.1790260077,0.4313732088,692
40,Bandung,0.3666499853,0.4119280875,692
41,Bandung,0.08283683658,0.4051507413,692
42,Bandung,0.1677243263,0.3943885863,692
43,Bandung,0.3191993237,0.3562822044,692
44,Bandung,0.3427569568,0.2919250131,692
45,Bandung,0.2118833214,0.4168616831,692
46,Bandung,0.1391717046,0.4322329462,692
47,Bandung,0.0287588574,0.4279273152,692
48,Bandung,0.0853632465,0.4263137579,692
49,Bandung,0.272107929,0.4266706705,692
50,Bandung,0.1565210372,0.4279455543,692
51,Bandung,0.1629720181,0.4245414138,692
52,Bandung,0.3529181778,0.4093874991,692
53,Bandung,0.3539602458,0.388897419,692
54,Bandung,0.14563784,0.3581713736,692
55,Bandung,0.1646956056,0.3074575961,692
56,Bandung,0.2940013111,0.3069619238,692
57,Bandung,0.3486525714,0.3013934791,692
58,Bandung,0.1880181283,0.405975759,692
59,Bandung,0.158326,0.4264848232,692
60,Bandung,0.02103677392,0.4237710536,692
61,Bandung,0.3657189012,0.4298304617,692
62,Bandung,0.01413914841,0.4269877076,692
63,Bandung,0.2072573602,0.4297695458,692
64,Bandung,0.2605018616,0.4135228395,692
65,Bandung,0.2767035365,0.3771087825,692
66,Bandung,0.284771353,0.3225541115,692
67,Bandung,0.1385687441,0.2860764861,692
68,Bandung,0.2403472364,0.2668939531,692
69,Bandung,0.397543937,0.2599079907,692
70,Bandung,0.2283903956,0.3332004547,692
71,Bandung,0.0430287607,0.4003202617,692
72,Bandung,0.1687516868,0.4227275252,692
73,Bandung,0.1314228475,0.429579705,692
74,Bandung,0.3633314967,0.4290742278,692
75,Bandung,0.2260948569,0.4283683002,692
76,Bandung,0.1699755639,0.428075701,692
77,Bandung,0.3483011425,0.4093158543,692
78,Bandung,0.385545522,0.3901695311,692
79,Bandung,0.1414415091,0.3489785194,692
80,Bandung,0.1257359087,0.3213972747,692
81,Bandung,0.2887281179,0.4020491838,692
82,Bandung,0.4278890789,0.4275590181,692
83,Bandung,0.3025305271,0.4289005995,692
84,Bandung,0.1528873444,0.4292568862,692
85,Bandung,0.004887298681,0.4299093187,692
86,Bandung,0.1522347629,0.425239116,692
87,Bandung,0.2857777178,0.4236548245,692
88,Bandung,0.1203699112,0.4175371826,692
89,Bandung,0.1793833524,0.4173820913,692
90,Bandung,0.3559957147,0.3978455067,692
91,Bandung,0.2831395268,0.3772102892,692
92,Bandung,0.1430050433,0.3795609474,692
93,Bandung,0.05400367081,0.4126238823,692
94,Bandung,0.322021246,0.4371522665,692
95,Bandung,0.04940160364,0.4299406409,692
96,Bandung,0.09697926044,0.4250631928,692
97,Bandung,0.162299946,0.4270927012,692
98,Bandung,0.339201957,0.4285513163,692
99,Bandung,0.2645809054,0.4301163852,692
100,Bandung,0.2874810994,0.4287361503,692
101,Bandung,0.01590909064,0.4225376546,692
102,Bandung,0.1725643277,0.4042764008,692
103,Bandung,0.3868300319,0.3937783241,692
104,Bandung,0.3400728106,0.4190595448,692
105,Bandung,0.1608777046,0.4310326278,692
106,Bandung,0.1445053816,0.4332533777,692
107,Bandung,0.09371025115,0.4295776784,692
108,Bandung,0.3761180341,0.4270609617,692
109,Bandung,0.04421677068,0.429459542,692
110,Bandung,0.2031327337,0.4236795306,692
111,Bandung,0.1971949041,0.4311398566,692
112,Bandung,0.2245773673,0.4141798615,692
113,Bandung,0.2794919312,0.3900690973,692
114,Bandung,0.128476277,0.3739124537,692
115,Bandung,0.217117548,0.3250163198,692
116,Bandung,0.3674136698,0.2668065131,692
117,Bandung,0.3160154521,0.2936694026,692
118,Bandung,0.1500160545,0.3900043964,692
119,Bandung,0.1898299158,0.4139668047,692
120,Bandung,0.3791110218,0.4268175066,692
121,Bandung,0.05760402605,0.4290917516,692
122,Bandung,0.05936343595,0.4206472635,692
123,Bandung,0.1392173767,0.4302118719,692
124,Bandung,0.2906046808,0.4000587463,692
125,Bandung,0.3882905245,0.3876183629,692
126,Bandung,0.1082991436,0.384542942,692
127,Bandung,0.1444298923,0.3309251368,692
128,Bandung,0.1436745226,0.3564190269,692
129,Bandung,0.3708518445,0.3756882548,692
130,Bandung,0.09730152786,0.4242003262,692
131,Bandung,0.01419992838,0.4283449054,692
132,Bandung,0.1150417924,0.4287428558,692
133,Bandung,0.4063274264,0.4240049422,692
134,Bandung,0.2219774276,0.4242011309,692
135,Bandung,0.1967593133,0.4301684499,692
136,Bandung,0.1267071366,0.4290749133,692
137,Bandung,0.4074336588,0.4177371264,692
138,Bandung,0.3467745781,0.4104442894,692
139,Bandung,0.1596672386,0.4120174944,692
140,Bandung,0.1311057061,0.4082101285,692
141,Bandung,0.2555343211,0.4262527227,692
142,Bandung,0.1967024654,0.4313477278,692
143,Bandung,0.1657586992,0.4308077097,692
0,Kota Cimahi,0,0.4183647335,751
1,Kota Cimahi,0.1510888934,0.4144719541,751
2,Kota Cimahi,0.1530294716,0.4150633216,751
3,Kota Cimahi,0.1830291748,0.4170198143,751
4,Kota Cimahi,0.1838694513,0.4124971926,751
5,Kota Cimahi,0.1604735255,0.4081400633,751
6,Kota Cimahi,0.2002147138,0.4069460928,751
7,Kota Cimahi,0.1679805517,0.4029368758,751
8,Kota Cimahi,0.1609033793,0.3976281881,751
9,Kota Cimahi,0.08798307925,0.3994603157,751
10,Kota Cimahi,0.1328095198,0.4131795466,751
11,Kota Cimahi,0.1167736799,0.4189509451,751
12,Kota Cimahi,0.2252985537,0.4112169743,751
13,Kota Cimahi,0.1192385703,0.4160241187,751
14,Kota Cimahi,0.1193383634,0.4146534503,751
15,Kota Cimahi,0.005737990141,0.4144246876,751
16,Kota Cimahi,0.1090777293,0.4063896835,751
17,Kota Cimahi,0.1647189856,0.3986547291,751
18,Kota Cimahi,0.07582651824,0.3945159614,751
19,Kota Cimahi,0.1469112039,0.3948089182,751
20,Kota Cimahi,0.1492637992,0.3955968022,751
21,Kota Cimahi,0.1226629019,0.3981990218,751
22,Kota Cimahi,0.07353380322,0.4113566279,751
23,Kota Cimahi,0.09883271903,0.4166561067,751
24,Kota Cimahi,0.2036640495,0.4118739963,751
25,Kota Cimahi,0.157219097,0.4159021676,751
26,Kota Cimahi,0.1890774667,0.4162137508,751
27,Kota Cimahi,0.06231513247,0.4175854325,751
28,Kota Cimahi,0.09840555489,0.4144412279,751
29,Kota Cimahi,0.1586374044,0.4114537537,751
30,Kota Cimahi,0.1805477887,0.4113521576,751
31,Kota Cimahi,0.1795906126,0.4050615132,751
32,Kota Cimahi,0.1483109891,0.4145176411,751
33,Kota Cimahi,0.08194865286,0.4173612893,751
34,Kota Cimahi,0.1729140282,0.4220673442,751
35,Kota Cimahi,0.1067969128,0.4131787717,751
36,Kota Cimahi,0.1477956325,0.4139890969,751
37,Kota Cimahi,0.13380225,0.4127084613,751
38,Kota Cimahi,0.1036703736,0.4147496223,751
39,Kota Cimahi,0.07912652194,0.4175903797,751
40,Kota Cimahi,0.1597809792,0.409167856,751
41,Kota Cimahi,0.1131412312,0.4086967409,751
42,Kota Cimahi,0.121194981,0.4056260288,751
43,Kota Cimahi,0.1444948167,0.4001980424,751
44,Kota Cimahi,0.06782247126,0.3985713422,751
45,Kota Cimahi,0.130657956,0.4152086675,751
46,Kota Cimahi,0.0860755071,0.4187528789,751
47,Kota Cimahi,0.1129636019,0.4154309332,751
48,Kota Cimahi,0.06239420176,0.4126861691,751
49,Kota Cimahi,0.07066900283,0.4145464897,751
50,Kota Cimahi,0.1512623429,0.415258944,751
51,Kota Cimahi,0.1469807327,0.4132686853,751
52,Kota Cimahi,0.1777170002,0.4088569283,751
53,Kota Cimahi,0.144809559,0.4023393691,751
54,Kota Cimahi,0.1658534557,0.3990031779,751
55,Kota Cimahi,0.1528185606,0.3947827518,751
56,Kota Cimahi,0.1437393427,0.4000234008,751
57,Kota Cimahi,0.1608352959,0.4023102224,751
58,Kota Cimahi,0.1073602661,0.4168584943,751
59,Kota Cimahi,0.2037074417,0.4153713286,751
60,Kota Cimahi,0.01115840487,0.413262099,751
61,Kota Cimahi,0.1139449701,0.4152900875,751
62,Kota Cimahi,0.06672458351,0.4140308797,751
63,Kota Cimahi,0.1135342345,0.4163839519,751
64,Kota Cimahi,0.1861634701,0.4087002277,751
65,Kota Cimahi,0.1561886519,0.4020899832,751
66,Kota Cimahi,0.1608130187,0.3961064816,751
67,Kota Cimahi,0.1376916021,0.3938593566,751
68,Kota Cimahi,0.1244546548,0.394610852,751
69,Kota Cimahi,0.1445100158,0.3975713253,751
70,Kota Cimahi,0.06075896323,0.4083305001,751
71,Kota Cimahi,0.06482028961,0.4167374969,751
72,Kota Cimahi,0.04447733983,0.4134337306,751
73,Kota Cimahi,0.1046213135,0.4152701795,751
74,Kota Cimahi,0.07921682298,0.4151183069,751
75,Kota Cimahi,0.1900997907,0.4153547883,751
76,Kota Cimahi,0.162258938,0.4151717424,751
77,Kota Cimahi,0.1380016208,0.4050478637,751
78,Kota Cimahi,0.2012270093,0.4047671258,751
79,Kota Cimahi,0.1388749927,0.3996606767,751
80,Kota Cimahi,0.1591613144,0.4056616426,751
81,Kota Cimahi,0.1098072529,0.4148966968,751
82,Kota Cimahi,0.2390935272,0.4150207043,751
83,Kota Cimahi,0.06652587652,0.4165508151,751
84,Kota Cimahi,0.05543918535,0.4144071937,751
85,Kota Cimahi,6.41E-05,0.4166589081,751
86,Kota Cimahi,0.108056657,0.4134230316,751
87,Kota Cimahi,0.1817609221,0.4125951231,751
88,Kota Cimahi,0.151783675,0.4126222134,751
89,Kota Cimahi,0.1692293584,0.407725811,751
90,Kota Cimahi,0.1300629526,0.4033993483,751
91,Kota Cimahi,0.1132929251,0.4012597501,751
92,Kota Cimahi,0.1090585813,0.4068849385,751
93,Kota Cimahi,0.0735136047,0.4132943749,751
94,Kota Cimahi,0.1891707927,0.4221093953,751
95,Kota Cimahi,0.07458204031,0.4165174663,751
96,Kota Cimahi,0.09710423648,0.4123209417,751
97,Kota Cimahi,0.1561399251,0.4134275019,751
98,Kota Cimahi,0.174634546,0.4146619439,751
99,Kota Cimahi,0.06759978086,0.4165317416,751
100,Kota Cimahi,0.09375078231,0.4162137806,751
101,Kota Cimahi,0.09746082872,0.4092640877,751
102,Kota Cimahi,0.1746919155,0.4057461023,751
103,Kota Cimahi,0.168804273,0.4049060345,751
104,Kota Cimahi,0.1334636211,0.4128592312,751
105,Kota Cimahi,0.09987054765,0.4178177118,751
106,Kota Cimahi,0.09192462265,0.4188725948,751
107,Kota Cimahi,0.09187790751,0.4159311354,751
108,Kota Cimahi,0.1584085971,0.4134354591,751
109,Kota Cimahi,0.01236659288,0.4152697325,751
110,Kota Cimahi,0.1049389839,0.4126199484,751
111,Kota Cimahi,0.1380432099,0.4173220396,751
112,Kota Cimahi,0.1537278295,0.4090314806,751
113,Kota Cimahi,0.1658470035,0.4035179019,751
114,Kota Cimahi,0.1655168384,0.4025713205,751
115,Kota Cimahi,0.1479080766,0.3978354335,751
116,Kota Cimahi,0.1170101836,0.3958666027,751
117,Kota Cimahi,0.07148095965,0.4001360834,751
118,Kota Cimahi,0.1670553386,0.4146097004,751
119,Kota Cimahi,0.1953950077,0.4121066928,751
120,Kota Cimahi,0.1533755064,0.4134250879,751
121,Kota Cimahi,0.0920291543,0.414801389,751
122,Kota Cimahi,0.1629987955,0.4125102162,751
123,Kota Cimahi,0.1595907807,0.4179403782,751
124,Kota Cimahi,0.1688430458,0.4019890428,751
125,Kota Cimahi,0.1544622183,0.4043902159,751
126,Kota Cimahi,0.1065355763,0.4044947028,751
127,Kota Cimahi,0.1421348155,0.3995008469,751
128,Kota Cimahi,0.0329818055,0.4049437046,751
129,Kota Cimahi,0.1835032552,0.4081638157,751
130,Kota Cimahi,0.1416110694,0.4187928438,751
131,Kota Cimahi,0.129703626,0.415548712,751
132,Kota Cimahi,0.08151835948,0.4149618447,751
133,Kota Cimahi,0.1663087904,0.4131192267,751
134,Kota Cimahi,0.06509213895,0.4120586514,751
135,Kota Cimahi,0.1524188817,0.4172541201,751
136,Kota Cimahi,0.1785885394,0.4168219864,751
137,Kota Cimahi,0.1257409751,0.4107485414,751
138,Kota Cimahi,0.1826277077,0.4064341784,751
139,Kota Cimahi,0.2006088942,0.4083705544,751
140,Kota Cimahi,0.09280759841,0.4084609449,751
141,Kota Cimahi,0.05201788619,0.4154701829,751
142,Kota Cimahi,0.1053047627,0.4182443321,751
143,Kota Cimahi,0.1927014738,0.4176490009,751
0,Kota Tasikmalaya,0.1369293183,0.4318118095,368
1,Kota Tasikmalaya,0.1297157109,0.4322128892,368
2,Kota Tasikmalaya,0.1475889534,0.4331555367,368
3,Kota Tasikmalaya,0.1525301784,0.4305853546,368
4,Kota Tasikmalaya,0.07869746536,0.4234772921,368
5,Kota Tasikmalaya,0.06717671454,0.4221944809,368
6,Kota Tasikmalaya,0.1096894816,0.4227302074,368
7,Kota Tasikmalaya,0.1560083777,0.4070865512,368
8,Kota Tasikmalaya,0.0938481763,0.3484910131,368
9,Kota Tasikmalaya,0.07988554239,0.3072436452,368
10,Kota Tasikmalaya,0.0952565968,0.3756325543,368
11,Kota Tasikmalaya,0.1046205759,0.4357337356,368
12,Kota Tasikmalaya,0.1263975948,0.4264837503,368
13,Kota Tasikmalaya,0.1116643623,0.4340187609,368
14,Kota Tasikmalaya,0.06616340578,0.4325147271,368
15,Kota Tasikmalaya,0.1704841107,0.4289946854,368
16,Kota Tasikmalaya,0.1001293361,0.4119785428,368
17,Kota Tasikmalaya,0.1394296885,0.3832967579,368
18,Kota Tasikmalaya,0.1899811029,0.3359392285,368
19,Kota Tasikmalaya,0.127185449,0.3162325919,368
20,Kota Tasikmalaya,0.1462460458,0.2947003245,368
21,Kota Tasikmalaya,0.1792128235,0.2525416911,368
22,Kota Tasikmalaya,0.1160062179,0.3483484685,368
23,Kota Tasikmalaya,0.1255606562,0.4159347117,368
24,Kota Tasikmalaya,0.2223327607,0.4281383157,368
25,Kota Tasikmalaya,0.2402336448,0.4352872372,368
26,Kota Tasikmalaya,0.1345353574,0.4340408444,368
27,Kota Tasikmalaya,0.1223347932,0.4290035069,368
28,Kota Tasikmalaya,0.1002589241,0.4285875261,368
29,Kota Tasikmalaya,0.0642606467,0.4285191298,368
30,Kota Tasikmalaya,0.1857630312,0.4314148724,368
31,Kota Tasikmalaya,0.08306027204,0.4171074033,368
32,Kota Tasikmalaya,0.147265628,0.4295498133,368
33,Kota Tasikmalaya,0.07843323052,0.4363167882,368
34,Kota Tasikmalaya,0.2396125644,0.4371092319,368
35,Kota Tasikmalaya,0.1715881228,0.4300761223,368
36,Kota Tasikmalaya,0.04178711399,0.4322946966,368
37,Kota Tasikmalaya,0.1102735177,0.4305858612,368
38,Kota Tasikmalaya,0.1107829437,0.4293350279,368
39,Kota Tasikmalaya,0.2191001922,0.4301363528,368
40,Kota Tasikmalaya,0.1125044599,0.4160521626,368
41,Kota Tasikmalaya,0.01051118877,0.4174509048,368
42,Kota Tasikmalaya,0.01233734097,0.4036806822,368
43,Kota Tasikmalaya,0.0129727358,0.3666667342,368
44,Kota Tasikmalaya,0.07223460823,0.3252056837,368
45,Kota Tasikmalaya,0.02119712345,0.4240073562,368
46,Kota Tasikmalaya,0.1150003448,0.433388561,368
47,Kota Tasikmalaya,0.1468390375,0.4303650558,368
48,Kota Tasikmalaya,0.05670404062,0.4277875423,368
49,Kota Tasikmalaya,0.1568674445,0.4317370951,368
50,Kota Tasikmalaya,0.1496402919,0.4310178161,368
51,Kota Tasikmalaya,0.1373123974,0.4267842174,368
52,Kota Tasikmalaya,0.0800929293,0.4048573077,368
53,Kota Tasikmalaya,0.06056209281,0.3887346685,368
54,Kota Tasikmalaya,0.1611230373,0.3613575101,368
55,Kota Tasikmalaya,0.1633339822,0.3156075478,368
56,Kota Tasikmalaya,0.009268663824,0.3105767965,368
57,Kota Tasikmalaya,0.1323851943,0.2729891539,368
58,Kota Tasikmalaya,0.08236538619,0.3907893896,368
59,Kota Tasikmalaya,0.1482967436,0.4249767363,368
60,Kota Tasikmalaya,0.1259290725,0.4273377359,368
61,Kota Tasikmalaya,0.199704513,0.431704253,368
62,Kota Tasikmalaya,0.2362709939,0.4338208139,368
63,Kota Tasikmalaya,0.05473708361,0.4292491674,368
64,Kota Tasikmalaya,0.07738381624,0.4115514159,368
65,Kota Tasikmalaya,0.1323613077,0.3887488544,368
66,Kota Tasikmalaya,0.08170805126,0.3484093845,368
67,Kota Tasikmalaya,0.1151423156,0.30885607,368
68,Kota Tasikmalaya,0.1067191735,0.2800079882,368
69,Kota Tasikmalaya,0.1734440476,0.2490063161,368
70,Kota Tasikmalaya,0.1850788742,0.2798162997,368
71,Kota Tasikmalaya,0.125794366,0.3919633627,368
72,Kota Tasikmalaya,0.05229092762,0.4285211861,368
73,Kota Tasikmalaya,0.1615261883,0.4335145354,368
74,Kota Tasikmalaya,0.1524042636,0.4345260262,368
75,Kota Tasikmalaya,0.07181256264,0.4287416935,368
76,Kota Tasikmalaya,0.1453794539,0.4292214513,368
77,Kota Tasikmalaya,0.007058414165,0.4220802784,368
78,Kota Tasikmalaya,-0.01550349128,0.4110322297,368
79,Kota Tasikmalaya,0.1234116629,0.378182143,368
80,Kota Tasikmalaya,0.01942924224,0.3531436026,368
81,Kota Tasikmalaya,0.01820347644,0.4296582341,368
82,Kota Tasikmalaya,0.2113036364,0.4347645938,368
83,Kota Tasikmalaya,0.1098778024,0.4325541854,368
84,Kota Tasikmalaya,0.1636061072,0.4312968552,368
85,Kota Tasikmalaya,0.1324788481,0.4331016541,368
86,Kota Tasikmalaya,0.1106319875,0.4315999746,368
87,Kota Tasikmalaya,0.06957471371,0.4253383577,368
88,Kota Tasikmalaya,0.1618801355,0.409866631,368
89,Kota Tasikmalaya,0.1087703705,0.4253579378,368
90,Kota Tasikmalaya,0.08037000895,0.4099354148,368
91,Kota Tasikmalaya,0.09650235623,0.3896467686,368
92,Kota Tasikmalaya,0.01945989765,0.3818353713,368
93,Kota Tasikmalaya,0.09475278854,0.4118977785,368
94,Kota Tasikmalaya,0.07381359488,0.4396071434,368
95,Kota Tasikmalaya,0.1911122054,0.4306933582,368
96,Kota Tasikmalaya,0.0968317762,0.4298673272,368
97,Kota Tasikmalaya,0.2087139338,0.4290676713,368
98,Kota Tasikmalaya,0.1928651035,0.4332720637,368
99,Kota Tasikmalaya,0.1723175496,0.4301058948,368
100,Kota Tasikmalaya,0.1220581383,0.4294731021,368
101,Kota Tasikmalaya,0.1301986128,0.4308560491,368
102,Kota Tasikmalaya,0.08298505843,0.4179099202,368
103,Kota Tasikmalaya,0.1043584347,0.413582772,368
104,Kota Tasikmalaya,0.1357799321,0.4223273993,368
105,Kota Tasikmalaya,0.1104225293,0.4334740937,368
106,Kota Tasikmalaya,0.161825344,0.4364161193,368
107,Kota Tasikmalaya,0.2007678598,0.4297828376,368
108,Kota Tasikmalaya,0.1206859648,0.4288645387,368
109,Kota Tasikmalaya,0.2353007048,0.4303782284,368
110,Kota Tasikmalaya,0.2170430124,0.4299625754,368
111,Kota Tasikmalaya,0.2081001848,0.4333994389,368
112,Kota Tasikmalaya,0.1939727068,0.4192691147,368
113,Kota Tasikmalaya,0.1178503782,0.3945144415,368
114,Kota Tasikmalaya,0.001994888764,0.3895244598,368
115,Kota Tasikmalaya,0.1643605381,0.3504580855,368
116,Kota Tasikmalaya,-0.01292411052,0.2774401307,368
117,Kota Tasikmalaya,0.2246346325,0.2661833167,368
118,Kota Tasikmalaya,0.2332829833,0.3879514635,368
119,Kota Tasikmalaya,0.1860435307,0.3970483243,368
120,Kota Tasikmalaya,0.1388079673,0.4264599979,368
121,Kota Tasikmalaya,0.2059640288,0.4312313795,368
122,Kota Tasikmalaya,0.2166282088,0.4257658422,368
123,Kota Tasikmalaya,0.1510646939,0.4314098954,368
124,Kota Tasikmalaya,0.1948100328,0.4070010781,368
125,Kota Tasikmalaya,0.1742490083,0.4051137269,368
126,Kota Tasikmalaya,0.1158028245,0.4043318629,368
127,Kota Tasikmalaya,0.1681973636,0.3506803811,368
128,Kota Tasikmalaya,0.05793505907,0.3788267374,368
129,Kota Tasikmalaya,0.2554567456,0.3816532195,368
130,Kota Tasikmalaya,0.2406567484,0.4342766404,368
131,Kota Tasikmalaya,0.2048803121,0.4338619113,368
132,Kota Tasikmalaya,0.1799507588,0.4316546023,368
133,Kota Tasikmalaya,0.2455171049,0.4291508794,368
134,Kota Tasikmalaya,0.01682021841,0.4300203919,368
135,Kota Tasikmalaya,0.08577278256,0.4284631312,368
136,Kota Tasikmalaya,0.2339968979,0.4330875874,368
137,Kota Tasikmalaya,0.06929151714,0.4248436093,368
138,Kota Tasikmalaya,0.1679080129,0.4182917774,368
139,Kota Tasikmalaya,0.1448834836,0.4153024554,368
140,Kota Tasikmalaya,0.2445509732,0.4098678529,368
141,Kota Tasikmalaya,0.1445490718,0.4311068952,368
142,Kota Tasikmalaya,0.1184276268,0.433298409,368
143,Kota Tasikmalaya,0.2279783934,0.4314844906,368
0,Tasikmalaya,0.2255839258,0.4309305251,211
1,Tasikmalaya,0.3460465968,0.4312009513,211
2,Tasikmalaya,0.3487717509,0.4309721589,211
3,Tasikmalaya,0.3201317489,0.4286769032,211
4,Tasikmalaya,0.176685527,0.4209888875,211
5,Tasikmalaya,0.3555994034,0.4173467457,211
6,Tasikmalaya,0.3110205233,0.4230307639,211
7,Tasikmalaya,0.2586102784,0.4022170603,211
8,Tasikmalaya,0.1565586925,0.3444142044,211
9,Tasikmalaya,0.2415742278,0.3087535501,211
10,Tasikmalaya,0.118027389,0.3777562082,211
11,Tasikmalaya,0.2478677332,0.4350498617,211
12,Tasikmalaya,0.1983832717,0.4246438742,211
13,Tasikmalaya,0.2834745347,0.4322356284,211
14,Tasikmalaya,0.2807399333,0.431327045,211
15,Tasikmalaya,0.2875047326,0.4272056222,211
16,Tasikmalaya,0.2286733389,0.4089791775,211
17,Tasikmalaya,0.3589763641,0.3846742213,211
18,Tasikmalaya,0.3759738207,0.3363992572,211
19,Tasikmalaya,0.1588885188,0.3112595975,211
20,Tasikmalaya,0.2801622748,0.2967333794,211
21,Tasikmalaya,0.2604905963,0.2563499212,211
22,Tasikmalaya,0.2826536894,0.3538374007,211
23,Tasikmalaya,0.2185133249,0.4173960388,211
24,Tasikmalaya,0.2232984155,0.4272646904,211
25,Tasikmalaya,0.4293279052,0.4337386191,211
26,Tasikmalaya,0.2491030693,0.4325091243,211
27,Tasikmalaya,0.1437810063,0.4282146394,211
28,Tasikmalaya,0.3116128445,0.4284485281,211
29,Tasikmalaya,0.4037981629,0.4284185767,211
30,Tasikmalaya,0.2600601912,0.4308460057,211
31,Tasikmalaya,0.2913086116,0.4144034088,211
32,Tasikmalaya,0.2493581474,0.430367291,211
33,Tasikmalaya,0.2424748838,0.437646538,211
34,Tasikmalaya,0.3301638067,0.4369498491,211
35,Tasikmalaya,0.3344050348,0.4287254214,211
36,Tasikmalaya,0.0996460095,0.4313200712,211
37,Tasikmalaya,0.381669879,0.4282756448,211
38,Tasikmalaya,0.2416281849,0.4275550544,211
39,Tasikmalaya,0.3126360178,0.4286245108,211
40,Tasikmalaya,0.3182035983,0.4141039848,211
41,Tasikmalaya,0.3266539276,0.4150202572,211
42,Tasikmalaya,0.08560714126,0.4029960632,211
43,Tasikmalaya,0.1736512333,0.3593297601,211
44,Tasikmalaya,-0.005908265244,0.3094798028,211
45,Tasikmalaya,0.01475529186,0.4241647124,211
46,Tasikmalaya,0.3658338189,0.4328754842,211
47,Tasikmalaya,0.1656160206,0.4290155172,211
48,Tasikmalaya,0.137474522,0.4259914756,211
49,Tasikmalaya,0.3751714528,0.4295327961,211
50,Tasikmalaya,0.3829936385,0.4287947118,211
51,Tasikmalaya,0.3416014612,0.4242058098,211
52,Tasikmalaya,0.2747539282,0.4001998603,211
53,Tasikmalaya,0.2439159453,0.3796693087,211
54,Tasikmalaya,0.0238083303,0.3513987958,211
55,Tasikmalaya,0.3385873735,0.314473331,211
56,Tasikmalaya,0.3215811551,0.2972584665,211
57,Tasikmalaya,0.1688053459,0.2765899599,211
58,Tasikmalaya,0.19769454,0.3862108588,211
59,Tasikmalaya,0.1969816238,0.4215346575,211
60,Tasikmalaya,0.2040996999,0.4243397415,211
61,Tasikmalaya,0.2449981272,0.4300396144,211
62,Tasikmalaya,0.354316622,0.4320446849,211
63,Tasikmalaya,0.1983382255,0.4283954203,211
64,Tasikmalaya,0.03392283991,0.4040388167,211
65,Tasikmalaya,0.4043469727,0.3793165386,211
66,Tasikmalaya,0.2239776403,0.3375621736,211
67,Tasikmalaya,0.07356687635,0.292094171,211
68,Tasikmalaya,0.2889487147,0.2875222564,211
69,Tasikmalaya,0.3156862557,0.2536843419,211
70,Tasikmalaya,0.2711755633,0.2695787251,211
71,Tasikmalaya,0.2873193026,0.3856809437,211
72,Tasikmalaya,0.3073676825,0.4254364073,211
73,Tasikmalaya,0.22326231,0.4327136278,211
74,Tasikmalaya,0.1556812227,0.4330501854,211
75,Tasikmalaya,0.332185477,0.4276095331,211
76,Tasikmalaya,0.1467194855,0.4267446101,211
77,Tasikmalaya,0.1382808685,0.4208773971,211
78,Tasikmalaya,0.2216644138,0.4066386223,211
79,Tasikmalaya,0.1950948685,0.3744032085,211
80,Tasikmalaya,0.2015610933,0.3589860797,211
81,Tasikmalaya,0.2495846003,0.428773284,211
82,Tasikmalaya,0.3646202087,0.43414253,211
83,Tasikmalaya,0.1990863383,0.432444036,211
84,Tasikmalaya,0.302723676,0.4304727912,211
85,Tasikmalaya,0.300614506,0.4314590693,211
86,Tasikmalaya,0.3308316171,0.4299456775,211
87,Tasikmalaya,0.2325655818,0.4223022461,211
88,Tasikmalaya,0.371540308,0.4025591612,211
89,Tasikmalaya,0.38084355,0.4219399393,211
90,Tasikmalaya,0.2169091702,0.4054206014,211
91,Tasikmalaya,0.2828990221,0.3788915277,211
92,Tasikmalaya,0.2072632164,0.3748646379,211
93,Tasikmalaya,0.05571081862,0.4085394144,211
94,Tasikmalaya,0.1040911898,0.4395592213,211
95,Tasikmalaya,0.3601859212,0.4299713075,211
96,Tasikmalaya,0.1926466376,0.4284187555,211
97,Tasikmalaya,0.08654519916,0.4279655516,211
98,Tasikmalaya,0.2457070649,0.4308692217,211
99,Tasikmalaya,0.414290756,0.42900455,211
100,Tasikmalaya,0.3247975707,0.4276311994,211
101,Tasikmalaya,0.1172770858,0.4297485054,211
102,Tasikmalaya,0.1636561155,0.4181516469,211
103,Tasikmalaya,0.120067209,0.4097152948,211
104,Tasikmalaya,0.3586443365,0.4205747545,211
105,Tasikmalaya,0.0640219748,0.432957679,211
106,Tasikmalaya,0.1813031882,0.4346928298,211
107,Tasikmalaya,0.4103265405,0.4276372194,211
108,Tasikmalaya,0.2672357559,0.4270580113,211
109,Tasikmalaya,0.3350661695,0.4280329347,211
110,Tasikmalaya,0.2896811366,0.42944327,211
111,Tasikmalaya,0.4061882496,0.4313514531,211
112,Tasikmalaya,0.2748006284,0.4172018468,211
113,Tasikmalaya,0.2417535186,0.3885287046,211
114,Tasikmalaya,0.2106911242,0.3824729025,211
115,Tasikmalaya,0.3497868478,0.3360307217,211
116,Tasikmalaya,0.01919287071,0.2749169171,211
117,Tasikmalaya,0.186461553,0.2675540149,211
118,Tasikmalaya,0.295972079,0.3843422234,211
119,Tasikmalaya,0.2134171277,0.3912374079,211
120,Tasikmalaya,0.3144278228,0.4235885143,211
121,Tasikmalaya,0.3287650347,0.4287403226,211
122,Tasikmalaya,-0.001062904601,0.4234187007,211
123,Tasikmalaya,0.4328256845,0.4288181663,211
124,Tasikmalaya,0.3330353796,0.3996977508,211
125,Tasikmalaya,0.2837975323,0.3913569152,211
126,Tasikmalaya,0.2113148868,0.3943272829,211
127,Tasikmalaya,0.1664264947,0.334659189,211
128,Tasikmalaya,0.1822404563,0.3700315952,211
129,Tasikmalaya,0.2051909268,0.3775998056,211
130,Tasikmalaya,0.2617239654,0.4345950484,211
131,Tasikmalaya,0.3263798654,0.433332026,211
132,Tasikmalaya,0.2000648677,0.4302415252,211
133,Tasikmalaya,0.1688922197,0.4260053337,211
134,Tasikmalaya,0.4260514677,0.4279776514,211
135,Tasikmalaya,0.3519918621,0.426425606,211
136,Tasikmalaya,0.3724292219,0.4310703874,211
137,Tasikmalaya,0.4246381223,0.4203393459,211
138,Tasikmalaya,0.4135394394,0.4162204862,211
139,Tasikmalaya,0.3894780576,0.4086031914,211
140,Tasikmalaya,0.3745508492,0.4104843736,211
141,Tasikmalaya,0.2061229795,0.4317334592,211
142,Tasikmalaya,0.3669730425,0.4332366288,211
143,Tasikmalaya,0.1746864468,0.4299258888,211
0,Ciamis,0.3234350383,0.4326887727,121
1,Ciamis,0.243044585,0.4308865368,121
2,Ciamis,0.3038671315,0.4284148514,121
3,Ciamis,0.2041608542,0.4278720617,121
4,Ciamis,0.2878294885,0.4174967706,121
5,Ciamis,0.2314724326,0.4145639539,121
6,Ciamis,0.2494663149,0.4233612418,121
7,Ciamis,0.3543971479,0.3972036839,121
8,Ciamis,0.07491173595,0.3355537057,121
9,Ciamis,0.01768784598,0.2860253155,121
10,Ciamis,0.1757179797,0.3666832149,121
11,Ciamis,0.4087153971,0.4341019094,121
12,Ciamis,0.3291226923,0.4254654646,121
13,Ciamis,0.3437449336,0.4319248796,121
14,Ciamis,0.4031928182,0.430973649,121
15,Ciamis,0.3988288045,0.4249817133,121
16,Ciamis,0.2313084155,0.4058071077,121
17,Ciamis,0.0660501346,0.3718161881,121
18,Ciamis,0.3796444237,0.3141817749,121
19,Ciamis,0.3205001354,0.2964997292,121
20,Ciamis,0.2634475827,0.2765283883,121
21,Ciamis,0.3340456784,0.2384459823,121
22,Ciamis,0.3274173439,0.3314125836,121
23,Ciamis,0.2870122492,0.4060953557,121
24,Ciamis,0.2474376708,0.4247843921,121
25,Ciamis,0.4391636848,0.4347376525,121
26,Ciamis,0.2569826543,0.431699723,121
27,Ciamis,0.1998653859,0.4259636402,121
28,Ciamis,0.392990917,0.4274077415,121
29,Ciamis,0.4085708857,0.4268864691,121
30,Ciamis,0.4285262525,0.4298345745,121
31,Ciamis,0.4370124638,0.414383471,121
32,Ciamis,0.4096878767,0.4294367731,121
33,Ciamis,0.4065116048,0.4363899231,121
34,Ciamis,0.4409173429,0.4365381002,121
35,Ciamis,0.278454423,0.4294785559,121
36,Ciamis,0.2610343099,0.432646364,121
37,Ciamis,0.3858825266,0.4315574169,121
38,Ciamis,0.3294564188,0.42745924,121
39,Ciamis,0.3382446468,0.4270136058,121
40,Ciamis,0.2098160535,0.4137530029,121
41,Ciamis,0.4345494211,0.4166421294,121
42,Ciamis,0.1809223592,0.3976871371,121
43,Ciamis,0.1093854457,0.3548102081,121
44,Ciamis,0.3529238999,0.2950931489,121
45,Ciamis,0.02487069182,0.4237588346,121
46,Ciamis,0.4212798476,0.4311436415,121
47,Ciamis,0.4094906449,0.4283445179,121
48,Ciamis,0.1624923199,0.4283621609,121
49,Ciamis,0.4425013661,0.430804193,121
50,Ciamis,0.394721657,0.427283287,121
51,Ciamis,0.3028250933,0.4251039922,121
52,Ciamis,0.3242275417,0.3950769901,121
53,Ciamis,0.382864207,0.367729485,121
54,Ciamis,0.353751868,0.3308613002,121
55,Ciamis,0.397934705,0.2956873178,121
56,Ciamis,0.319101721,0.2825747132,121
57,Ciamis,0.1439356655,0.2527837455,121
58,Ciamis,0.07319466025,0.3758260012,121
59,Ciamis,0.1636686772,0.4123559296,121
60,Ciamis,0.3976354599,0.4245249927,121
61,Ciamis,0.2875902951,0.4316368997,121
62,Ciamis,0.307344377,0.4312090576,121
63,Ciamis,0.3385844529,0.4263651669,121
64,Ciamis,0.1705423146,0.3984440863,121
65,Ciamis,0.110176824,0.3618694842,121
66,Ciamis,0.3987522721,0.3135105073,121
67,Ciamis,0.04461962357,0.2902455926,121
68,Ciamis,0.2590809166,0.270232141,121
69,Ciamis,0.253177315,0.2147157192,121
70,Ciamis,0.3371529877,0.2608946562,121
71,Ciamis,0.3134229481,0.372487843,121
72,Ciamis,0.1637073457,0.4232310057,121
73,Ciamis,0.27600649,0.43306759,121
74,Ciamis,0.424151212,0.4330605567,121
75,Ciamis,0.4192849398,0.4261084497,121
76,Ciamis,0.1481174678,0.4232597053,121
77,Ciamis,0.07715428621,0.419142276,121
78,Ciamis,0.106635578,0.4029485881,121
79,Ciamis,0.2446862757,0.3645598292,121
80,Ciamis,0.01214966737,0.3475019336,121
81,Ciamis,0.1916981339,0.4221832454,121
82,Ciamis,0.007724137977,0.4321326315,121
83,Ciamis,0.3043014705,0.4309484661,121
84,Ciamis,0.4386335909,0.4317505658,121
85,Ciamis,0.2762193084,0.43315503,121
86,Ciamis,0.3490553498,0.429105103,121
87,Ciamis,0.2169280052,0.4217304289,121
88,Ciamis,0.4035074711,0.3948985636,121
89,Ciamis,0.3953288496,0.4160711765,121
90,Ciamis,0.3734796345,0.4051350653,121
91,Ciamis,0.2775141597,0.3789587915,121
92,Ciamis,0.1383150071,0.3794605136,121
93,Ciamis,0.01207197458,0.3989280462,121
94,Ciamis,0.06741917878,0.4369552135,121
95,Ciamis,0.4064768255,0.4289083779,121
96,Ciamis,0.2328653634,0.4293776751,121
97,Ciamis,0.4198404551,0.4286051393,121
98,Ciamis,0.2716002464,0.4320479333,121
99,Ciamis,0.3502516448,0.4283694625,121
100,Ciamis,0.3833840787,0.4257461429,121
101,Ciamis,0.2371438891,0.42880252,121
102,Ciamis,0.2493024766,0.4166900814,121
103,Ciamis,0.3845174611,0.4012091756,121
104,Ciamis,0.421620667,0.4227600396,121
105,Ciamis,-8.37E-04,0.4314231575,121
106,Ciamis,0.3752616346,0.4327961504,121
107,Ciamis,0.2540702522,0.4286718071,121
108,Ciamis,0.1992069781,0.4287142158,121
109,Ciamis,0.4396397769,0.4300946295,121
110,Ciamis,0.4238647819,0.4271205962,121
111,Ciamis,0.3866236508,0.430486083,121
112,Ciamis,0.460288167,0.4133685529,121
113,Ciamis,0.07473015785,0.3800930679,121
114,Ciamis,0.08727441728,0.3723683059,121
115,Ciamis,0.2736204267,0.3169660866,121
116,Ciamis,-0.01444517355,0.2429279387,121
117,Ciamis,0.2578449249,0.2444256991,121
118,Ciamis,0.3606599569,0.344120115,121
119,Ciamis,0.356702745,0.352696985,121
120,Ciamis,0.2842212319,0.4198932648,121
121,Ciamis,0.2547642291,0.4296076596,121
122,Ciamis,0.4553251863,0.4236971438,121
123,Ciamis,0.4091608524,0.428469032,121
124,Ciamis,0.3809953928,0.3980251849,121
125,Ciamis,0.3737713099,0.3882118762,121
126,Ciamis,0.2105055302,0.3866327703,121
127,Ciamis,0.2421642691,0.3179755807,121
128,Ciamis,0.2219979614,0.3525604904,121
129,Ciamis,0.2035073787,0.3512556851,121
130,Ciamis,0.4360464811,0.4303913116,121
131,Ciamis,0.3608577847,0.4332230687,121
132,Ciamis,0.2326738834,0.4320067763,121
133,Ciamis,0.3401945829,0.4296252131,121
134,Ciamis,0.4302741289,0.4288334548,121
135,Ciamis,0.4225147665,0.4264061153,121
136,Ciamis,0.4060201943,0.4302830398,121
137,Ciamis,0.4122691154,0.4204475582,121
138,Ciamis,0.3349396586,0.4156270325,121
139,Ciamis,0.2431743145,0.4095440805,121
140,Ciamis,0.3126738369,0.4115429223,121
141,Ciamis,0.3820851147,0.4313971996,121
142,Ciamis,0.4216724634,0.4324993491,121
143,Ciamis,0.3341666758,0.4294671714,121
0,Kota Banjar,0.3417168856,0.4330461025,40
1,Kota Banjar,0.3218277991,0.431050837,40
2,Kota Banjar,0.2799626589,0.4291416109,40
3,Kota Banjar,0.2967487872,0.4286830127,40
4,Kota Banjar,0.1902512461,0.4201060534,40
5,Kota Banjar,0.1686172932,0.4141815603,40
6,Kota Banjar,0.2681842446,0.4218894541,40
7,Kota Banjar,0.381729573,0.3935563564,40
8,Kota Banjar,0.2083751857,0.3150271475,40
9,Kota Banjar,-0.002083807951,0.2569927573,40
10,Kota Banjar,0.1440877169,0.3551600873,40
11,Kota Banjar,0.2202888876,0.4325089753,40
12,Kota Banjar,0.3967262506,0.4277049601,40
13,Kota Banjar,0.3622525036,0.4337773621,40
14,Kota Banjar,0.3455228806,0.4313293397,40
15,Kota Banjar,0.09138984978,0.427156508,40
16,Kota Banjar,0.1334052384,0.4109782875,40
17,Kota Banjar,0.219188273,0.3737033308,40
18,Kota Banjar,0.1948398203,0.3079182208,40
19,Kota Banjar,0.3833370209,0.2888650596,40
20,Kota Banjar,0.3395177722,0.2527899742,40
21,Kota Banjar,0.2844126523,0.2173964381,40
22,Kota Banjar,0.358702004,0.3164880872,40
23,Kota Banjar,0.180065617,0.3997401893,40
24,Kota Banjar,0.2312994897,0.4218760133,40
25,Kota Banjar,0.3942920268,0.4354867935,40
26,Kota Banjar,0.2641886175,0.4322260916,40
27,Kota Banjar,0.3724761903,0.427295953,40
28,Kota Banjar,0.3334875703,0.4255264997,40
29,Kota Banjar,0.370634973,0.4260763824,40
30,Kota Banjar,0.3953640461,0.4278074503,40
31,Kota Banjar,0.2772272825,0.4093785286,40
32,Kota Banjar,0.3567532003,0.4263480604,40
33,Kota Banjar,0.3233482838,0.4335972965,40
34,Kota Banjar,0.4164919853,0.4352917671,40
35,Kota Banjar,0.3971097171,0.4296653569,40
36,Kota Banjar,0.3119621575,0.4330462515,40
37,Kota Banjar,0.3049059808,0.4330404401,40
38,Kota Banjar,0.3176786304,0.4287544191,40
39,Kota Banjar,0.2951391041,0.4282253981,40
40,Kota Banjar,0.3765423596,0.4119853079,40
41,Kota Banjar,0.3135515153,0.4116564691,40
42,Kota Banjar,0.1775369048,0.3939961195,40
43,Kota Banjar,0.134758234,0.3310973644,40
44,Kota Banjar,0.147451371,0.2780384719,40
45,Kota Banjar,-8.03E-04,0.4089621603,40
46,Kota Banjar,0.2936237752,0.4264930785,40
47,Kota Banjar,0.2769212723,0.4285740256,40
48,Kota Banjar,0.07397266477,0.4297744036,40
49,Kota Banjar,0.4051317275,0.4324439764,40
50,Kota Banjar,0.2990235686,0.4278998673,40
51,Kota Banjar,0.2917211354,0.426897794,40
52,Kota Banjar,0.2717675269,0.3958365917,40
53,Kota Banjar,0.20342125,0.3658869267,40
54,Kota Banjar,0.2207814455,0.3196771443,40
55,Kota Banjar,0.377188772,0.279807359,40
56,Kota Banjar,0.1203065068,0.2754536271,40
57,Kota Banjar,0.1820862889,0.2352615893,40
58,Kota Banjar,0.2662666738,0.3540946245,40
59,Kota Banjar,0.184712708,0.3973696232,40
60,Kota Banjar,0.3629673719,0.4206193089,40
61,Kota Banjar,0.4197491705,0.4332048297,40
62,Kota Banjar,0.2897825837,0.4305104911,40
63,Kota Banjar,0.3243999183,0.4262631536,40
64,Kota Banjar,0.1497830749,0.3997012973,40
65,Kota Banjar,0.3217882514,0.3549054861,40
66,Kota Banjar,0.3300242126,0.3006001413,40
67,Kota Banjar,0.2346550077,0.2702209949,40
68,Kota Banjar,0.2268810868,0.2536380291,40
69,Kota Banjar,0.3862303793,0.1992385983,40
70,Kota Banjar,0.3223498166,0.2456042022,40
71,Kota Banjar,0.3932677209,0.3702621162,40
72,Kota Banjar,0.1799636036,0.4216618836,40
73,Kota Banjar,0.2467913777,0.4326770902,40
74,Kota Banjar,0.2974662483,0.4328086078,40
75,Kota Banjar,0.3363414407,0.426922828,40
76,Kota Banjar,0.1828612834,0.4223290682,40
77,Kota Banjar,0.09201090038,0.4195263684,40
78,Kota Banjar,0.06907908618,0.3988036513,40
79,Kota Banjar,0.3756935298,0.3530003726,40
80,Kota Banjar,0.1976602823,0.3292614818,40
81,Kota Banjar,0.1728446335,0.4062003791,40
82,Kota Banjar,0.04926125705,0.4295946658,40
83,Kota Banjar,0.181543231,0.4313126802,40
84,Kota Banjar,0.3030606508,0.4318467975,40
85,Kota Banjar,0.2188419998,0.4347057939,40
86,Kota Banjar,0.2851965129,0.4302858412,40
87,Kota Banjar,0.1929325461,0.42273283,40
88,Kota Banjar,0.2624532878,0.3960487247,40
89,Kota Banjar,0.3960096836,0.4082989693,40
90,Kota Banjar,0.4279889166,0.399920404,40
91,Kota Banjar,0.2174147218,0.3724218905,40
92,Kota Banjar,0.02748780325,0.3717035651,40
93,Kota Banjar,0.1636181027,0.3757939041,40
94,Kota Banjar,0.1010485142,0.4329078197,40
95,Kota Banjar,0.3671032488,0.4291519225,40
96,Kota Banjar,0.2006900162,0.4304629266,40
97,Kota Banjar,0.1063209772,0.4306939542,40
98,Kota Banjar,0.2218114287,0.4324840009,40
99,Kota Banjar,0.4197762609,0.4293977916,40
100,Kota Banjar,0.3597576916,0.4268635809,40
101,Kota Banjar,0.322671771,0.4282440841,40
102,Kota Banjar,0.4322609901,0.4182666242,40
103,Kota Banjar,0.2621424198,0.4067115486,40
104,Kota Banjar,0.403701663,0.4214085042,40
105,Kota Banjar,0.09133664519,0.4306635857,40
106,Kota Banjar,0.3110218644,0.430231303,40
107,Kota Banjar,0.208225891,0.4288649261,40
108,Kota Banjar,0.2213928699,0.4299450517,40
109,Kota Banjar,0.4060335159,0.4307824969,40
110,Kota Banjar,0.3752399981,0.4278235734,40
111,Kota Banjar,0.1718044579,0.4311850369,40
112,Kota Banjar,0.2951562107,0.4134480655,40
113,Kota Banjar,0.08279471099,0.3826947808,40
114,Kota Banjar,0.1623749435,0.3601987064,40
115,Kota Banjar,0.1864368916,0.2984192073,40
116,Kota Banjar,0.3373603821,0.224857688,40
117,Kota Banjar,0.2747882307,0.2243976146,40
118,Kota Banjar,0.07293569297,0.3310124278,40
119,Kota Banjar,0.1421722919,0.3365537524,40
120,Kota Banjar,0.3294249475,0.4142214358,40
121,Kota Banjar,0.2120980322,0.4314605594,40
122,Kota Banjar,0.2596403956,0.4254252613,40
123,Kota Banjar,0.3956827521,0.430054009,40
124,Kota Banjar,0.380186677,0.3985191882,40
125,Kota Banjar,0.3088485599,0.3889110386,40
126,Kota Banjar,0.3778833747,0.3792543411,40
127,Kota Banjar,0.3362728953,0.2994364202,40
128,Kota Banjar,0.1837894171,0.3416363895,40
129,Kota Banjar,0.1100362018,0.3315737844,40
130,Kota Banjar,0.3380967379,0.4236495197,40
131,Kota Banjar,0.2350053191,0.4314478636,40
132,Kota Banjar,0.2004131973,0.4330887496,40
133,Kota Banjar,0.2466325164,0.4318284094,40
134,Kota Banjar,0.4007719159,0.4286677241,40
135,Kota Banjar,0.2317000031,0.4277683794,40
136,Kota Banjar,0.3876731694,0.4288923442,40
137,Kota Banjar,0.4142597914,0.4196517766,40
138,Kota Banjar,0.4058009982,0.4139879048,40
139,Kota Banjar,0.1245767325,0.4167740643,40
140,Kota Banjar,0.1221925542,0.407091409,40
141,Kota Banjar,0.1344402879,0.428172648,40
142,Kota Banjar,0.4048908949,0.4309536517,40
143,Kota Banjar,0.2283727229,0.4309845269,40
0,Bekasi,0,0.4361337423,11
1,Bekasi,0.09153072536,0.4309356213,11
2,Bekasi,0.1459136307,0.4243399501,11
3,Bekasi,0.3126323819,0.4239106774,11
4,Bekasi,0.1655920595,0.4152897298,11
5,Bekasi,0.2129316181,0.4140933454,11
6,Bekasi,0.1103872061,0.4113909602,11
7,Bekasi,0.08606760949,0.3736010492,11
8,Bekasi,0.1894067526,0.2491390556,11
9,Bekasi,0.2440555394,0.2236259878,11
10,Bekasi,0.1214415282,0.3302792013,11
11,Bekasi,0.1470134407,0.4179332554,11
12,Bekasi,0.08653715998,0.4196783006,11
13,Bekasi,0.02293942496,0.4278184175,11
14,Bekasi,0.2726572752,0.4235050082,11
15,Bekasi,0.2745415866,0.4194914699,11
16,Bekasi,0.2410885096,0.3917379081,11
17,Bekasi,0.1100052819,0.329898864,11
18,Bekasi,0.07437647879,0.2410799861,11
19,Bekasi,0.1022866666,0.2224871218,11
20,Bekasi,0.2492893785,0.1732390523,11
21,Bekasi,0.2986052036,0.1850375235,11
22,Bekasi,0.2430821657,0.2891646326,11
23,Bekasi,0.1782377064,0.362744689,11
24,Bekasi,0.07885204256,0.3852984607,11
25,Bekasi,0.03691720217,0.4288989902,11
26,Bekasi,0.0678980723,0.4251480103,11
27,Bekasi,0.2988051474,0.4241576493,11
28,Bekasi,0.3439410627,0.4223119617,11
29,Bekasi,0.2003521621,0.4216078818,11
30,Bekasi,0.2726011574,0.4187636673,11
31,Bekasi,0.1529660225,0.408896476,11
32,Bekasi,0.09456782788,0.4042326808,11
33,Bekasi,0.1230868325,0.4271205068,11
34,Bekasi,0.167258352,0.4335404038,11
35,Bekasi,0.07931727916,0.4114517272,11
36,Bekasi,0.1585052013,0.4192229807,11
37,Bekasi,0.1413151622,0.4292680621,11
38,Bekasi,0.1093984917,0.4212580323,11
39,Bekasi,0.3176563084,0.4226043224,11
40,Bekasi,0.3426952362,0.4087617397,11
41,Bekasi,0.1529710442,0.3997631073,11
42,Bekasi,0.1554922909,0.3926101327,11
43,Bekasi,0.1005741432,0.3187846839,11
44,Bekasi,0.1470939666,0.2180900127,11
45,Bekasi,0.341683358,0.3629728854,11
46,Bekasi,0.236575678,0.3979437351,11
47,Bekasi,0.09360703826,0.4219907522,11
48,Bekasi,0.08092778921,0.4202612638,11
49,Bekasi,0.02108438686,0.4282700419,11
50,Bekasi,0.213091746,0.4234222472,11
51,Bekasi,0.3417885303,0.4055480361,11
52,Bekasi,0.2120020241,0.3877766132,11
53,Bekasi,0.1675414592,0.3493774235,11
54,Bekasi,0.1382751018,0.2888196111,11
55,Bekasi,0.03360931203,0.2195132226,11
56,Bekasi,0.2095047534,0.2076332271,11
57,Bekasi,0.2232617885,0.2284402251,11
58,Bekasi,0.1792226732,0.3607404828,11
59,Bekasi,0.1590582281,0.4002072215,11
60,Bekasi,0.02133794688,0.3970097899,11
61,Bekasi,-0.007528817747,0.4248899817,11
62,Bekasi,0.06610857695,0.4244845212,11
63,Bekasi,0.01453166455,0.4205749631,11
64,Bekasi,0.194610253,0.4045242071,11
65,Bekasi,0.1526633799,0.3448522091,11
66,Bekasi,0.1769112498,0.240653038,11
67,Bekasi,0.1385258883,0.2070464641,11
68,Bekasi,0.1793889701,0.1753716171,11
69,Bekasi,0.08499216288,0.1871463954,11
70,Bekasi,0.01741490513,0.2393577546,11
71,Bekasi,0.004447472282,0.3499997854,11
72,Bekasi,0.2550795674,0.4084198177,11
73,Bekasi,0.0376297757,0.4319957197,11
74,Bekasi,0.1116727516,0.4247341156,11
75,Bekasi,0.1627931297,0.4211266041,11
76,Bekasi,0.3670504689,0.4224183559,11
77,Bekasi,0.2664848268,0.4050499499,11
78,Bekasi,0.1358466744,0.3795304298,11
79,Bekasi,0.2037039697,0.30336532,11
80,Bekasi,0.2372059673,0.289780736,11
81,Bekasi,0.2421946526,0.3570265472,11
82,Bekasi,0.2253689319,0.3962197602,11
83,Bekasi,0.1757690459,0.4204893112,11
84,Bekasi,0.1835879982,0.4261392355,11
85,Bekasi,0.1584758759,0.4327810407,11
86,Bekasi,0.179286778,0.4211602509,11
87,Bekasi,0.2541722953,0.4135009944,11
88,Bekasi,0.2286660969,0.4036619663,11
89,Bekasi,0.2373883128,0.3980481923,11
90,Bekasi,0.1567739993,0.3959107995,11
91,Bekasi,0.2262539268,0.355696708,11
92,Bekasi,0.3722131848,0.3071454167,11
93,Bekasi,0.007856823504,0.3392897248,11
94,Bekasi,0.1922638565,0.427359283,11
95,Bekasi,0.03635549545,0.4219726622,11
96,Bekasi,0.08980123699,0.4236909449,11
97,Bekasi,0.103571035,0.4254424572,11
98,Bekasi,0.1016686112,0.4218647778,11
99,Bekasi,0.1457256973,0.4154049754,11
100,Bekasi,0.1130423173,0.4243279099,11
101,Bekasi,0,0.4202821851,11
102,Bekasi,0.1138379425,0.4004535973,11
103,Bekasi,0.09956084192,0.3761428595,11
104,Bekasi,0.1071552783,0.3891937137,11
105,Bekasi,0.04393864796,0.4202685356,11
106,Bekasi,0.0420999527,0.4262981117,11
107,Bekasi,0.05014291778,0.4214985371,11
108,Bekasi,0.1519723535,0.4174854457,11
109,Bekasi,0.07214850932,0.4271349609,11
110,Bekasi,0.08328142762,0.4188317657,11
111,Bekasi,0.1064884663,0.4145871401,11
112,Bekasi,0.05773636699,0.4071213901,11
113,Bekasi,0.1152992323,0.3760785162,11
114,Bekasi,0.09816714376,0.353330344,11
115,Bekasi,0.08231467754,0.2650934756,11
116,Bekasi,0.08568512648,0.1992502064,11
117,Bekasi,0.0655970946,0.1920916438,11
118,Bekasi,0.1109100431,0.3295298219,11
119,Bekasi,0.1275227219,0.3425693214,11
120,Bekasi,0,0.3981692493,11
121,Bekasi,0.07294227928,0.4234220982,11
122,Bekasi,-0.01273830608,0.4192196429,11
123,Bekasi,0.1244928762,0.422593385,11
124,Bekasi,0.1298747808,0.3942431808,11
125,Bekasi,0.09909816086,0.3742781579,11
126,Bekasi,0.04202531278,0.3508391678,11
127,Bekasi,0.1111385748,0.2548578382,11
128,Bekasi,0.03363516182,0.2667326629,11
129,Bekasi,0.1032907814,0.2836725712,11
130,Bekasi,0.114389509,0.3878743351,11
131,Bekasi,0.02042806894,0.4251456261,11
132,Bekasi,0,0.425540626,11
133,Bekasi,0.1187799051,0.426222384,11
134,Bekasi,0.2023967206,0.4213986695,11
135,Bekasi,0.102022171,0.4225913584,11
136,Bekasi,0.1092172638,0.4216046333,11
137,Bekasi,0.1282839179,0.417914778,11
138,Bekasi,0.1303267479,0.4125423133,11
139,Bekasi,0.1132678911,0.4040482044,11
140,Bekasi,0.07327674329,0.3818861544,11
141,Bekasi,0.03944183141,0.3920843899,11
142,Bekasi,0.09464707226,0.4192961156,11
143,Bekasi,0.1324759275,0.4224050045,11
0,Bogor,0,0.4378825724,194
1,Bogor,0.08863858134,0.4321683049,194
2,Bogor,0.1305127144,0.4324071407,194
3,Bogor,0.1314679235,0.4363868535,194
4,Bogor,0.1167900041,0.4298557341,194
5,Bogor,0.1220903322,0.425745666,194
6,Bogor,0.05369793996,0.4196582437,194
7,Bogor,0.09353813529,0.4116555452,194
8,Bogor,0.09620569646,0.3595044911,194
9,Bogor,0.1145189255,0.3490767777,194
10,Bogor,0.233495459,0.4167477489,194
11,Bogor,0.04193579778,0.4334129691,194
12,Bogor,-0.001965537434,0.4236676395,194
13,Bogor,0.07739650458,0.4332222939,194
14,Bogor,0.1751520187,0.4293119013,194
15,Bogor,0.08175848424,0.4288464487,194
16,Bogor,0.1876908094,0.4177017808,194
17,Bogor,0.1135105342,0.4041060209,194
18,Bogor,0.1084625348,0.30997926,194
19,Bogor,0.1038931757,0.3145059943,194
20,Bogor,0.101586923,0.2786276639,194
21,Bogor,0.1161167696,0.2748478353,194
22,Bogor,0.1299915314,0.3768897057,194
23,Bogor,0.1151904762,0.4287876785,194
24,Bogor,0.05676430091,0.4279226959,194
25,Bogor,0.08482619375,0.4344266057,194
26,Bogor,0.1581362784,0.4312167764,194
27,Bogor,0.131493032,0.4367099106,194
28,Bogor,0.09503975511,0.4308123589,194
29,Bogor,0.1509812921,0.4280718863,194
30,Bogor,0.1073510647,0.4265777767,194
31,Bogor,0.09473226219,0.4201887846,194
32,Bogor,0.09906746447,0.4343000054,194
33,Bogor,0.1206703559,0.435120821,194
34,Bogor,0.1318926215,0.4416211545,194
35,Bogor,0.0790540427,0.4184909463,194
36,Bogor,0.0959071666,0.4263518453,194
37,Bogor,0.1772893369,0.4312852621,194
38,Bogor,0.1013806462,0.4286797643,194
39,Bogor,0.1090627089,0.4327279329,194
40,Bogor,0.1051853895,0.4158798456,194
41,Bogor,0.09918191284,0.4230591655,194
42,Bogor,0.05526523665,0.4201512635,194
43,Bogor,0.1419588476,0.3993066549,194
44,Bogor,0.1043701097,0.3844290078,194
45,Bogor,0.1198290139,0.4325736165,194
46,Bogor,0.1086673141,0.4313991666,194
47,Bogor,0.08624097705,0.4257757962,194
48,Bogor,0.07737609744,0.4267137647,194
49,Bogor,0.02866746858,0.4291402698,194
50,Bogor,0.1164430603,0.4281643033,194
51,Bogor,0.1203239113,0.4288124144,194
52,Bogor,0.104475975,0.4160341918,194
53,Bogor,0.1399216652,0.407317549,194
54,Bogor,0.08973519504,0.3782118559,194
55,Bogor,0.116517961,0.3326806724,194
56,Bogor,0.09429419041,0.3128175437,194
57,Bogor,0.1005489379,0.3509579301,194
58,Bogor,0.1353662759,0.4314931929,194
59,Bogor,0.123518154,0.4272267222,194
60,Bogor,0.06877021492,0.4242686927,194
61,Bogor,0.01943927258,0.429185003,194
62,Bogor,0.03610631824,0.427721858,194
63,Bogor,0.06494811177,0.4319759011,194
64,Bogor,0.1180388629,0.4197065532,194
65,Bogor,0.1414614022,0.3926449716,194
66,Bogor,0.1084226891,0.3244060278,194
67,Bogor,0.09894065559,0.2749167681,194
68,Bogor,0.1029753909,0.2259956747,194
69,Bogor,0.1045289114,0.3218563795,194
70,Bogor,0.07896314561,0.3712737858,194
71,Bogor,0.01920941845,0.4282301068,194
72,Bogor,0.09369938076,0.4280118048,194
73,Bogor,0.1732738316,0.4326715171,194
74,Bogor,0.06308379769,0.4302937388,194
75,Bogor,0.1033945531,0.4311949313,194
76,Bogor,0.09791068733,0.4297947288,194
77,Bogor,0.1230170205,0.4173482955,194
78,Bogor,0.1034386158,0.4127363861,194
79,Bogor,0.1122938916,0.3844591081,194
80,Bogor,0.118467465,0.4034172893,194
81,Bogor,0.09344442189,0.4289062619,194
82,Bogor,0.1070587486,0.4310621619,194
83,Bogor,0.05263696611,0.4272316098,194
84,Bogor,0.1993816346,0.4306902289,194
85,Bogor,0.1472544074,0.4336751103,194
86,Bogor,0.1117436066,0.4258851707,194
87,Bogor,0.1118426174,0.4255996644,194
88,Bogor,0.09268841892,0.4259808064,194
89,Bogor,0.1300118417,0.4265206754,194
90,Bogor,0.0470960997,0.4131970108,194
91,Bogor,0.1060830876,0.4179723263,194
92,Bogor,0.11967244,0.4196167886,194
93,Bogor,0.1120233014,0.4249061346,194
94,Bogor,0.1498630345,0.4374842942,194
95,Bogor,0.1296800971,0.4294465184,194
96,Bogor,0.04731138423,0.4277957976,194
97,Bogor,0.203644976,0.4275844991,194
98,Bogor,0.1255260557,0.4277954102,194
99,Bogor,0.1108149141,0.4292550683,194
100,Bogor,0.02722111717,0.4309946001,194
101,Bogor,0.02647603862,0.4278769791,194
102,Bogor,0.1184714362,0.414144367,194
103,Bogor,0.1227496564,0.4183053672,194
104,Bogor,0.1500072926,0.4300835431,194
105,Bogor,0.09193213284,0.4341108203,194
106,Bogor,0.1035318375,0.4344112575,194
107,Bogor,0.09887516499,0.4276968241,194
108,Bogor,0.1107620075,0.4275547266,194
109,Bogor,-0.009900217876,0.4305091202,194
110,Bogor,0.1353256553,0.4274499416,194
111,Bogor,0.1268855035,0.4296950698,194
112,Bogor,0.1167161167,0.4217603207,194
113,Bogor,0.09153355658,0.4167434573,194
114,Bogor,0.09700757265,0.410340488,194
115,Bogor,0.07841866463,0.3789754212,194
116,Bogor,0.0793434009,0.3163153529,194
117,Bogor,0.104145959,0.3089143038,194
118,Bogor,0.1031945124,0.422724396,194
119,Bogor,0.09507065266,0.4173374176,194
120,Bogor,0.0705415681,0.4306809306,194
121,Bogor,0.04937852174,0.4319653213,194
122,Bogor,0.09646490216,0.4263159335,194
123,Bogor,0.0469398275,0.4358622134,194
124,Bogor,0.0977229178,0.4165485501,194
125,Bogor,0.0989844352,0.4193790853,194
126,Bogor,0.1117920727,0.4071937203,194
127,Bogor,0.1047073826,0.3876039684,194
128,Bogor,0.1177523136,0.3909425139,194
129,Bogor,0.08984996378,0.4182313085,194
130,Bogor,0.07972802967,0.435507834,194
131,Bogor,0.1215542406,0.4298048317,194
132,Bogor,0.02570302412,0.4289914966,194
133,Bogor,0.1031792313,0.4281127751,194
134,Bogor,0.1282986552,0.4244691432,194
135,Bogor,0.1263594031,0.4348882139,194
136,Bogor,0.1208715439,0.430642873,194
137,Bogor,0.156165868,0.4284898937,194
138,Bogor,0.1070363373,0.4208895862,194
139,Bogor,0.09471672028,0.4256193638,194
140,Bogor,0.1356107742,0.4222099185,194
141,Bogor,0.1504403204,0.4319117665,194
142,Bogor,0.07723936439,0.4313566685,194
143,Bogor,0.1187958345,0.4329313934,194
0,Cianjur,0,0.4315933287,722
1,Cianjur,0.167894274,0.4304018617,722
2,Cianjur,0.07446531951,0.4324035645,722
3,Cianjur,0.07154976577,0.4342948794,722
4,Cianjur,0.3042615354,0.4262395799,722
5,Cianjur,0.3074714243,0.4185379744,722
6,Cianjur,0.1633211672,0.4131529927,722
7,Cianjur,0.1893341243,0.4018163681,722
8,Cianjur,0.2376164794,0.3484854996,722
9,Cianjur,0.2074119002,0.336266458,722
10,Cianjur,0.1531836241,0.4028050303,722
11,Cianjur,0.1450065225,0.4356118441,722
12,Cianjur,0.05979155377,0.4194607437,722
13,Cianjur,0.4362005889,0.4315996468,722
14,Cianjur,0.3856390119,0.4286772013,722
15,Cianjur,0.3647150695,0.4286568165,722
16,Cianjur,0.292208463,0.4080305696,722
17,Cianjur,0.3810975254,0.3775325418,722
18,Cianjur,0.2584401369,0.3120440841,722
19,Cianjur,0.2169695795,0.3073531389,722
20,Cianjur,0.238339588,0.2833415568,722
21,Cianjur,0.2600717247,0.2611231804,722
22,Cianjur,0.3374893963,0.3824449778,722
23,Cianjur,0.09328044206,0.4285314083,722
24,Cianjur,0.3848543763,0.4258244932,722
25,Cianjur,0.1745955646,0.4313220978,722
26,Cianjur,0.3265894949,0.4313122928,722
27,Cianjur,0.3025534153,0.4340353012,722
28,Cianjur,0.2457211316,0.4290993214,722
29,Cianjur,0.2262607217,0.4251992404,722
30,Cianjur,0.222461611,0.4283045232,722
31,Cianjur,0.2607911825,0.3924953938,722
32,Cianjur,0.3129956126,0.4302106798,722
33,Cianjur,0.02994273044,0.4332380593,722
34,Cianjur,0.1292048097,0.43980214,722
35,Cianjur,0.07254707068,0.4234615266,722
36,Cianjur,0.05747263506,0.4264392257,722
37,Cianjur,0.05917297304,0.4240479767,722
38,Cianjur,0.2197442204,0.4267623127,722
39,Cianjur,0.2032517642,0.4330944121,722
40,Cianjur,0.3279472888,0.4109532237,722
41,Cianjur,0.2526731789,0.4083803594,722
42,Cianjur,0.3913793266,0.4073285758,722
43,Cianjur,0.2050435841,0.3682458997,722
44,Cianjur,0.1504368186,0.3332516849,722
45,Cianjur,0.2223647982,0.4287412763,722
46,Cianjur,0.1919829547,0.4339546561,722
47,Cianjur,0.06073277444,0.4272246659,722
48,Cianjur,0.1401433051,0.4231841564,722
49,Cianjur,0.04604651034,0.4252080917,722
50,Cianjur,0.334372282,0.4265808165,722
51,Cianjur,0.3279281259,0.4294882119,722
52,Cianjur,0.2697269022,0.41107741,722
53,Cianjur,0.2512719631,0.3948397636,722
54,Cianjur,0.3099352717,0.3685082197,722
55,Cianjur,0.2779062688,0.2917366326,722
56,Cianjur,0.2600941062,0.3348164558,722
57,Cianjur,0.2002069056,0.3437702656,722
58,Cianjur,0.125702247,0.4266191721,722
59,Cianjur,0.03164892271,0.4268921018,722
60,Cianjur,0.2176744491,0.4217315018,722
61,Cianjur,0.3966338336,0.4289476573,722
62,Cianjur,0.09401351959,0.4293640554,722
63,Cianjur,0.2804062963,0.4291249216,722
64,Cianjur,0.2815283537,0.4141687453,722
65,Cianjur,0.3386476338,0.3748729229,722
66,Cianjur,0.1820752919,0.3241125643,722
67,Cianjur,0.3051999509,0.2799208164,722
68,Cianjur,0.2861473262,0.2282562554,722
69,Cianjur,0.18678689,0.3095782101,722
70,Cianjur,0.2124087363,0.3605202138,722
71,Cianjur,0.02304118499,0.420388937,722
72,Cianjur,0.4246910214,0.4226144254,722
73,Cianjur,0.2996652126,0.4297707379,722
74,Cianjur,0.4021659493,0.4302248359,722
75,Cianjur,0.3596423566,0.4303506911,722
76,Cianjur,0.1884205788,0.4303088486,722
77,Cianjur,0.3338874876,0.4143821299,722
78,Cianjur,0.3624708354,0.3897432089,722
79,Cianjur,0.3383494616,0.3646686077,722
80,Cianjur,0.1027040556,0.354449302,722
81,Cianjur,0.1624286026,0.4159528315,722
82,Cianjur,0.3336737752,0.4306461513,722
83,Cianjur,0.1797037274,0.4293296039,722
84,Cianjur,0.112381652,0.4287517071,722
85,Cianjur,0.1498506963,0.4292035997,722
86,Cianjur,0.05357349664,0.4213826656,722
87,Cianjur,0.4094536304,0.4245598912,722
88,Cianjur,0.375674516,0.4178385437,722
89,Cianjur,0.2629285157,0.4166372418,722
90,Cianjur,0.1759363562,0.4012098908,722
91,Cianjur,0.07318223268,0.3872253895,722
92,Cianjur,0.09861723334,0.4002271295,722
93,Cianjur,0.2335736156,0.4223206639,722
94,Cianjur,0.3336540759,0.4390781224,722
95,Cianjur,0.1609331667,0.4304929376,722
96,Cianjur,0.1041463912,0.4240400493,722
97,Cianjur,0.3489252031,0.4259924889,722
98,Cianjur,0.3207269013,0.4284975827,722
99,Cianjur,0.06031105667,0.4302479327,722
100,Cianjur,0.3564795852,0.4290535748,722
101,Cianjur,0.345979929,0.427762121,722
102,Cianjur,0.2969434261,0.4087055922,722
103,Cianjur,0.2691567838,0.403614819,722
104,Cianjur,0.1521947086,0.4275612235,722
105,Cianjur,0.03968368843,0.4309113622,722
106,Cianjur,0.01810734347,0.4343092144,722
107,Cianjur,0.1075990796,0.4300593436,722
108,Cianjur,0.235835284,0.4260502458,722
109,Cianjur,0.04753861204,0.4300311804,722
110,Cianjur,0.182659328,0.4246428609,722
111,Cianjur,0.1287503093,0.4304457009,722
112,Cianjur,0.2639812827,0.4146743715,722
113,Cianjur,0.2858326435,0.3923557997,722
114,Cianjur,0.3561172485,0.3788533807,722
115,Cianjur,0.3754318357,0.3467644155,722
116,Cianjur,0.2961302996,0.2770538926,722
117,Cianjur,0.1580434293,0.3095180094,722
118,Cianjur,0.1197698265,0.415722996,722
119,Cianjur,0.2270376384,0.4154545367,722
120,Cianjur,0.4217128456,0.4255543053,722
121,Cianjur,0.1576613188,0.4305763245,722
122,Cianjur,0.04706957191,0.4219327867,722
123,Cianjur,0.291877836,0.4318374991,722
124,Cianjur,0.3095021248,0.4049034715,722
125,Cianjur,0.3577614725,0.3992210627,722
126,Cianjur,0.2095479369,0.3976008594,722
127,Cianjur,0.2769483626,0.3504272997,722
128,Cianjur,0.08603770286,0.3757450879,722
129,Cianjur,0.4084528983,0.3972088397,722
130,Cianjur,0.01746083982,0.4334061742,722
131,Cianjur,0.2554830313,0.4302019477,722
132,Cianjur,0.1127027795,0.427197665,722
133,Cianjur,0.4247150719,0.4227833748,722
134,Cianjur,0.05323563144,0.4249522984,722
135,Cianjur,0.2998334467,0.430149585,722
136,Cianjur,0.2668812871,0.4286236167,722
137,Cianjur,0.2821227908,0.4192932844,722
138,Cianjur,0.2020118535,0.4060506225,722
139,Cianjur,0.3437123597,0.4207086265,722
140,Cianjur,0.009174796753,0.4133845568,722
141,Cianjur,0.2535122633,0.4291726649,722
142,Cianjur,0.05337057263,0.4327014089,722
143,Cianjur,0.04137883335,0.4305959344,722
0,Cirebon,0.04592015222,0.4379267991,13
1,Cirebon,0.0497327894,0.4279346466,13
2,Cirebon,0.2338895798,0.4258072674,13
3,Cirebon,0.1800904423,0.425986588,13
4,Cirebon,0.1810448319,0.4114450812,13
5,Cirebon,0.1912005842,0.4108938575,13
6,Cirebon,0.15363276,0.412530452,13
7,Cirebon,0.158517316,0.3465917408,13
8,Cirebon,0.1256102324,0.2190099359,13
9,Cirebon,0.09785027057,0.2010932565,13
10,Cirebon,0.1036344469,0.2773196101,13
11,Cirebon,0.15840666,0.4180023074,13
12,Cirebon,0.1337943077,0.4265264571,13
13,Cirebon,-0.01036991552,0.4314474463,13
14,Cirebon,0.1642949283,0.4280511439,13
15,Cirebon,0.1748144925,0.4271791279,13
16,Cirebon,0.08735048771,0.3997673988,13
17,Cirebon,0.1128963605,0.3280383945,13
18,Cirebon,0.1117259562,0.2368484735,13
19,Cirebon,0.1152898893,0.1804764122,13
20,Cirebon,0.1016744375,0.1645869464,13
21,Cirebon,0.07998860627,0.1613672376,13
22,Cirebon,0.1037683189,0.2420619577,13
23,Cirebon,0.1155224964,0.3525235653,13
24,Cirebon,0.1029299572,0.3918711543,13
25,Cirebon,0.01204734668,0.4338835776,13
26,Cirebon,0.2127453238,0.4283344448,13
27,Cirebon,0.1841964126,0.427962631,13
28,Cirebon,0.1573375911,0.4223796129,13
29,Cirebon,0.1427029818,0.4247778654,13
30,Cirebon,0.1488786638,0.4223312438,13
31,Cirebon,0.1176938638,0.388158381,13
32,Cirebon,0.1021687239,0.3856050372,13
33,Cirebon,0.1109389439,0.4157972336,13
34,Cirebon,0.05267718062,0.4300530851,13
35,Cirebon,0.06540550292,0.4279372096,13
36,Cirebon,0.1805607826,0.4342280626,13
37,Cirebon,-0.01615181938,0.429322958,13
38,Cirebon,0.02467541769,0.4266386032,13
39,Cirebon,0.1012013108,0.4240427911,13
40,Cirebon,0.1480758637,0.4065969586,13
41,Cirebon,0.1873740405,0.4005051553,13
42,Cirebon,0.1598729044,0.3655447066,13
43,Cirebon,0.1362763047,0.2433008999,13
44,Cirebon,0.05691753328,0.2209105641,13
45,Cirebon,0.1204692498,0.2660440505,13
46,Cirebon,0.1416966021,0.3588133156,13
47,Cirebon,0.1185859293,0.4191700518,13
48,Cirebon,0.09516812861,0.4289131463,13
49,Cirebon,0.2055886686,0.4323975146,13
50,Cirebon,0.0783354044,0.428450644,13
51,Cirebon,0.1724833697,0.4205081463,13
52,Cirebon,0.1172838062,0.3898474574,13
53,Cirebon,0.1244537905,0.3463355601,13
54,Cirebon,0.1477790475,0.2687186003,13
55,Cirebon,0.1509996951,0.2026070654,13
56,Cirebon,0.1318837404,0.1795783788,13
57,Cirebon,0.1505027413,0.1644520313,13
58,Cirebon,0.04236190766,0.2993911505,13
59,Cirebon,0.09963912517,0.3757905364,13
60,Cirebon,0.09254712611,0.4215204418,13
61,Cirebon,0.2193757147,0.4307969511,13
62,Cirebon,0.09389679134,0.4297993481,13
63,Cirebon,0.1715114415,0.4251542985,13
64,Cirebon,0.1775183529,0.4001372755,13
65,Cirebon,0.1593326926,0.340135783,13
66,Cirebon,0.1485685557,0.2400353551,13
67,Cirebon,0.1361415684,0.184550792,13
68,Cirebon,0.1324590743,0.1667287648,13
69,Cirebon,0.1592314392,0.1498402506,13
70,Cirebon,0.1074534804,0.2256873697,13
71,Cirebon,0.09022533149,0.3448032737,13
72,Cirebon,0.1307887137,0.4139712751,13
73,Cirebon,0.1556029171,0.4299466908,13
74,Cirebon,0.2091800123,0.4308400154,13
75,Cirebon,0.2219745368,0.4267167449,13
76,Cirebon,0.1646598876,0.4238762856,13
77,Cirebon,0.08967331052,0.4075193703,13
78,Cirebon,0.1726747006,0.3741833866,13
79,Cirebon,0.1146491542,0.2682055831,13
80,Cirebon,0.1780466437,0.2505440712,13
81,Cirebon,0.1732413471,0.3063810468,13
82,Cirebon,0.1958762854,0.3647771478,13
83,Cirebon,0.09991038591,0.4243691564,13
84,Cirebon,0.227925241,0.4322489798,13
85,Cirebon,0.1892274618,0.434445709,13
86,Cirebon,0.1756803542,0.4278485179,13
87,Cirebon,0.1503698826,0.414056927,13
88,Cirebon,0.1746467501,0.3906693161,13
89,Cirebon,0.1658941805,0.3951104581,13
90,Cirebon,0.08292269707,0.3794572651,13
91,Cirebon,0.1519730538,0.2875362039,13
92,Cirebon,0.1437636167,0.2816193402,13
93,Cirebon,0.1862523556,0.2589287162,13
94,Cirebon,0.1246328652,0.3895224035,13
95,Cirebon,0.08494407684,0.4167789221,13
96,Cirebon,0.1168552041,0.4291358888,13
97,Cirebon,0.1581867933,0.4293730557,13
98,Cirebon,0.1695493609,0.4301464558,13
99,Cirebon,0.1784107983,0.4244603515,13
100,Cirebon,0.1333355308,0.4272607863,13
101,Cirebon,0.09030220658,0.4224074185,13
102,Cirebon,0.1762926728,0.401696831,13
103,Cirebon,0.1592096984,0.3667504787,13
104,Cirebon,0.1747698933,0.3433437645,13
105,Cirebon,0.1546589732,0.3885144591,13
106,Cirebon,0.07460990548,0.4102149904,13
107,Cirebon,0.1125510484,0.4276575446,13
108,Cirebon,0.09376613051,0.4297746718,13
109,Cirebon,0.1932062656,0.4320288002,13
110,Cirebon,0.09464748204,0.4257190228,13
111,Cirebon,0.1005438864,0.4269123077,13
112,Cirebon,0.1697811931,0.4054519236,13
113,Cirebon,0.1532547921,0.3783278763,13
114,Cirebon,0.1810886562,0.3091965914,13
115,Cirebon,0.1476381123,0.2146681696,13
116,Cirebon,0.1161901876,0.1707433611,13
117,Cirebon,0.1615314186,0.1704313308,13
118,Cirebon,0.1577533931,0.2761662602,13
119,Cirebon,0.1588477641,0.3028811514,13
120,Cirebon,0.1246063486,0.4071081281,13
121,Cirebon,0.1432728171,0.4268199801,13
122,Cirebon,0.1822808385,0.4220852256,13
123,Cirebon,0.1214589626,0.4256119728,13
124,Cirebon,0.1734481752,0.3943032622,13
125,Cirebon,0.002736354945,0.3825972974,13
126,Cirebon,0.150775075,0.3373830318,13
127,Cirebon,0.0914234519,0.2196687907,13
128,Cirebon,0.1657507271,0.2397800386,13
129,Cirebon,0.1468799859,0.2109559178,13
130,Cirebon,0.09563484788,0.3562924266,13
131,Cirebon,0.106620498,0.4212867618,13
132,Cirebon,0.1621444225,0.4345349073,13
133,Cirebon,0.1304423809,0.4292054176,13
134,Cirebon,0.07957079262,0.4282639325,13
135,Cirebon,0.1909583509,0.4277801216,13
136,Cirebon,0.1784455329,0.4250768125,13
137,Cirebon,0.1465717554,0.4197936952,13
138,Cirebon,0.1472474933,0.4040397108,13
139,Cirebon,0.1657622904,0.37083745,13
140,Cirebon,0.1084534898,0.3228644729,13
141,Cirebon,0.1479565948,0.3403300941,13
142,Cirebon,0.05450672656,0.3965313137,13
143,Cirebon,0.1458525211,0.4183291197,13
0,Garut,0.4008252621,0.4308161736,1248
1,Garut,0.2003849745,0.4320149124,1248
2,Garut,0.2274155766,0.4334782362,1248
3,Garut,0.4694361687,0.4306056201,1248
4,Garut,0.2263233066,0.4226500392,1248
5,Garut,0.3374765813,0.4184000492,1248
6,Garut,0.4076857865,0.4213565588,1248
7,Garut,0.390347898,0.3906157911,1248
8,Garut,0.1747367829,0.3290199339,1248
9,Garut,0.1715164781,0.2913338244,1248
10,Garut,0.1690142006,0.3921580613,1248
11,Garut,0.3597642183,0.4356073439,1248
12,Garut,0.07359971106,0.4235885739,1248
13,Garut,0.4213243425,0.4335638285,1248
14,Garut,0.1562187076,0.4327279627,1248
15,Garut,0.250523895,0.4255793989,1248
16,Garut,0.3858858049,0.4116789699,1248
17,Garut,0.1794098914,0.3793000281,1248
18,Garut,0.2799425423,0.3430356085,1248
19,Garut,0.2969620824,0.322598964,1248
20,Garut,0.303929925,0.2774322033,1248
21,Garut,0.2814435065,0.2583912015,1248
22,Garut,0.05145157874,0.3605356514,1248
23,Garut,0.1261998862,0.4227419496,1248
24,Garut,0.3512387276,0.4267056286,1248
25,Garut,0.3876759708,0.4332937002,1248
26,Garut,0.1987052709,0.4341202378,1248
27,Garut,0.2657734156,0.4306155741,1248
28,Garut,0.3930208981,0.4288180172,1248
29,Garut,0.3548792005,0.424169302,1248
30,Garut,0.3121158779,0.4284287095,1248
31,Garut,0.3810455799,0.4091718495,1248
32,Garut,0.2209845632,0.421882391,1248
33,Garut,0.2763085663,0.4341935813,1248
34,Garut,0.362808764,0.4372560382,1248
35,Garut,0.3437452316,0.4292357266,1248
36,Garut,0.03284376487,0.4303798079,1248
37,Garut,0.09670927376,0.427914232,1248
38,Garut,0.1605277956,0.4287196398,1248
39,Garut,0.2744961381,0.4292230606,1248
40,Garut,0.4017107487,0.4090540111,1248
41,Garut,0.4579020441,0.3978867829,1248
42,Garut,0.1866749823,0.3940072358,1248
43,Garut,0.1942180991,0.3661114573,1248
44,Garut,0.2114645839,0.3201525509,1248
45,Garut,-0.003586827544,0.4197638333,1248
46,Garut,0.1332191974,0.4331380725,1248
47,Garut,0.3896753788,0.4293216765,1248
48,Garut,0.1367744952,0.4255105853,1248
49,Garut,0.003174686804,0.4267316759,1248
50,Garut,0.2053826749,0.429869324,1248
51,Garut,0.3962108195,0.4215903878,1248
52,Garut,0.3333619535,0.3985131681,1248
53,Garut,0.2285384089,0.3868272901,1248
54,Garut,0.266022414,0.3620319963,1248
55,Garut,0.3030653,0.3304014802,1248
56,Garut,0.1382758766,0.2922108471,1248
57,Garut,0.2648772895,0.2748538852,1248
58,Garut,0.1536545157,0.397274524,1248
59,Garut,0.03255708516,0.4214299619,1248
60,Garut,0.1135445386,0.4202789962,1248
61,Garut,0.210834384,0.4312644899,1248
62,Garut,0.3168598413,0.4335562587,1248
63,Garut,0.2931111157,0.4278583527,1248
64,Garut,0.3917084634,0.4056800902,1248
65,Garut,0.4113951921,0.3779419661,1248
66,Garut,0.2739416659,0.3435282707,1248
67,Garut,0.3129199445,0.2977744341,1248
68,Garut,0.2550234795,0.2669616938,1248
69,Garut,0.2011357993,0.2672613263,1248
70,Garut,0.2311543673,0.296020627,1248
71,Garut,0.1868421584,0.3946201801,1248
72,Garut,0.2171525657,0.4247140288,1248
73,Garut,0.181734249,0.4330313206,1248
74,Garut,0.1829547137,0.4342079759,1248
75,Garut,0.3029729724,0.4272528589,1248
76,Garut,0.333663702,0.4267992973,1248
77,Garut,0.1993157864,0.4130974412,1248
78,Garut,0.2959499359,0.4005637169,1248
79,Garut,0.2714659572,0.3736484051,1248
80,Garut,0.2334534824,0.3410110772,1248
81,Garut,0.1955579817,0.4074786603,1248
82,Garut,0.03002642281,0.4302026629,1248
83,Garut,0.1549697816,0.4314137995,1248
84,Garut,0.1433635801,0.4307745695,1248
85,Garut,0.07271210104,0.4318235815,1248
86,Garut,0.2358947843,0.4289831817,1248
87,Garut,0.2485783398,0.4205452502,1248
88,Garut,0.1836643368,0.4000115693,1248
89,Garut,0.1902364194,0.417922169,1248
90,Garut,0.3657097518,0.4016422033,1248
91,Garut,0.3970887363,0.3664413393,1248
92,Garut,0.3325885534,0.3644078076,1248
93,Garut,0.1437472701,0.3940318823,1248
94,Garut,0.1772539765,0.4404444098,1248
95,Garut,0.1909012645,0.431083262,1248
96,Garut,0.2104820609,0.4275309741,1248
97,Garut,0.3062716424,0.4282939732,1248
98,Garut,0.2082834393,0.4323791564,1248
99,Garut,0.1631476283,0.4293837249,1248
100,Garut,0.317222774,0.4275249243,1248
101,Garut,0.0778978616,0.4243796766,1248
102,Garut,0.1954655498,0.4117579162,1248
103,Garut,0.03345616162,0.4004125297,1248
104,Garut,0.2665266693,0.4103959799,1248
105,Garut,0.2545830607,0.4309210777,1248
106,Garut,0.1005857661,0.4345209002,1248
107,Garut,0.1446996331,0.4296178222,1248
108,Garut,0.08863350749,0.4257632196,1248
109,Garut,0.4008769691,0.429359287,1248
110,Garut,0.295181036,0.428224206,1248
111,Garut,0.4394292533,0.4334319234,1248
112,Garut,0.2033455968,0.4144662321,1248
113,Garut,0.1600729674,0.3832984269,1248
114,Garut,0.353333205,0.3798421919,1248
115,Garut,0.3723167777,0.3388008177,1248
116,Garut,0.3155418336,0.2699130177,1248
117,Garut,0.1256684363,0.2733974159,1248
118,Garut,0.1194097474,0.38731879,1248
119,Garut,0.1746938229,0.4066641033,1248
120,Garut,0.1417245865,0.4243588448,1248
121,Garut,0.118731007,0.4278253019,1248
122,Garut,0.08168242872,0.4243035316,1248
123,Garut,0.3325725794,0.4284821153,1248
124,Garut,0.4172168076,0.4002211988,1248
125,Garut,0.243735522,0.3929839134,1248
126,Garut,0.2897434533,0.397472918,1248
127,Garut,0.3522577882,0.3499223292,1248
128,Garut,0.3482007086,0.3632300198,1248
129,Garut,0.09938328713,0.3717193305,1248
130,Garut,0.1998645365,0.4309034944,1248
131,Garut,0.2360358089,0.4336415231,1248
132,Garut,0.2891252041,0.4296291173,1248
133,Garut,0.2543666959,0.4253243804,1248
134,Garut,-0.006440734025,0.4288420677,1248
135,Garut,0.3065795302,0.4269878268,1248
136,Garut,0.2830010951,0.4309955239,1248
137,Garut,0.2974953651,0.4164204299,1248
138,Garut,0.3719907701,0.4113896787,1248
139,Garut,0.3541350961,0.4093835354,1248
140,Garut,0.2573981583,0.3963228762,1248
141,Garut,0.2862271369,0.4286363423,1248
142,Garut,0.2778534889,0.4332590699,1248
143,Garut,0.1073419601,0.4311057329,1248
0,Indramayu,0.005240632221,0.4370354116,9
1,Indramayu,0.1458793283,0.426109463,9
2,Indramayu,0.2316681296,0.4239867628,9
3,Indramayu,0.02873591147,0.4197410047,9
4,Indramayu,0.1515641809,0.4117891192,9
5,Indramayu,0.2176679969,0.4002572596,9
6,Indramayu,0.3186775148,0.3925205469,9
7,Indramayu,0.1855086833,0.2912148833,9
8,Indramayu,0.1110798344,0.186986208,9
9,Indramayu,0.1074352711,0.1939769089,9
10,Indramayu,0.03811929002,0.2837462127,9
11,Indramayu,0.1323076934,0.4145150185,9
12,Indramayu,0.199198693,0.4169361889,9
13,Indramayu,-0.006740133278,0.4290198684,9
14,Indramayu,0.399533242,0.4238843918,9
15,Indramayu,0.1433186382,0.4244171083,9
16,Indramayu,0.05376179889,0.3957642913,9
17,Indramayu,0.2954884171,0.3083772063,9
18,Indramayu,0.3369756937,0.2177658379,9
19,Indramayu,0.139641583,0.1787863672,9
20,Indramayu,0.09450246394,0.1536909789,9
21,Indramayu,0.0860619247,0.1597896963,9
22,Indramayu,0.097152628,0.2602881789,9
23,Indramayu,0.07164964825,0.3422717452,9
24,Indramayu,0.08223629743,0.3698609769,9
25,Indramayu,-0.008446378633,0.4291125536,9
26,Indramayu,0.4142152965,0.4246915579,9
27,Indramayu,0.366379261,0.424693197,9
28,Indramayu,0.1387803853,0.4226226211,9
29,Indramayu,0.1740453839,0.4231041372,9
30,Indramayu,0.4265267253,0.4166761935,9
31,Indramayu,0.2453927398,0.3801461756,9
32,Indramayu,0.1349781007,0.3452749252,9
33,Indramayu,0.1411848813,0.3995202482,9
34,Indramayu,-0.007181750145,0.4314577281,9
35,Indramayu,0.04064547643,0.4195124507,9
36,Indramayu,0.2701672614,0.4300667942,9
37,Indramayu,-0.02063190378,0.4277478456,9
38,Indramayu,0.2210568786,0.424713999,9
39,Indramayu,0.1030130833,0.4245373607,9
40,Indramayu,0.1976921558,0.4041272402,9
41,Indramayu,0.3388304412,0.396255374,9
42,Indramayu,0.270986706,0.3510765731,9
43,Indramayu,0.1593315899,0.2321823686,9
44,Indramayu,0.1607818753,0.1952594221,9
45,Indramayu,0.00882367976,0.2697461843,9
46,Indramayu,0.1366633177,0.3781840205,9
47,Indramayu,0.05771128088,0.4220843911,9
48,Indramayu,0.07854278386,0.4249975681,9
49,Indramayu,0.4127255976,0.429249227,9
50,Indramayu,0.2537145019,0.4253022373,9
51,Indramayu,0.1237271354,0.409932971,9
52,Indramayu,0.1350564361,0.3825903833,9
53,Indramayu,0.436170429,0.3463760018,9
54,Indramayu,0.3411306739,0.2562552691,9
55,Indramayu,0.1358283013,0.1953952312,9
56,Indramayu,0.1239165142,0.1739865243,9
57,Indramayu,0.1239029393,0.1703038365,9
58,Indramayu,0.008441049606,0.3244712651,9
59,Indramayu,0.07540161908,0.3783275783,9
60,Indramayu,0.2390932143,0.4088994861,9
61,Indramayu,0.1944350749,0.4267644584,9
62,Indramayu,0.2922222912,0.4276405275,9
63,Indramayu,0.1272875518,0.4205084443,9
64,Indramayu,0.15165627,0.4000371993,9
65,Indramayu,0.268337816,0.325533241,9
66,Indramayu,0.4348095655,0.2286001444,9
67,Indramayu,0.2453428358,0.17492643,9
68,Indramayu,0.1383706182,0.1592974961,9
69,Indramayu,0.1113187224,0.1665640175,9
70,Indramayu,0.08495002985,0.2409933954,9
71,Indramayu,0.07753571123,0.3447659612,9
72,Indramayu,0.0969054997,0.4019883275,9
73,Indramayu,0.1678821594,0.4277161062,9
74,Indramayu,0.4484725893,0.4277226329,9
75,Indramayu,0.001870757667,0.4222968817,9
76,Indramayu,0.07192216069,0.4188086689,9
77,Indramayu,0.1500372291,0.4004517496,9
78,Indramayu,0.3400468528,0.3585444391,9
79,Indramayu,0.2499122471,0.2649737895,9
80,Indramayu,0.1324202418,0.2330845892,9
81,Indramayu,0.07490193099,0.3037818372,9
82,Indramayu,0.07873917371,0.3708781004,9
83,Indramayu,0.04712178931,0.4211674631,9
84,Indramayu,0.2277021259,0.4284895957,9
85,Indramayu,0.3966558874,0.4321353436,9
86,Indramayu,0.3505758643,0.4235528409,9
87,Indramayu,0.2240650505,0.4133063555,9
88,Indramayu,0.04932810366,0.3876084387,9
89,Indramayu,0.2622583807,0.3772011399,9
90,Indramayu,0.4472117722,0.3513195217,9
91,Indramayu,0.2298887819,0.2818415165,9
92,Indramayu,0.1289165765,0.2448365241,9
93,Indramayu,0.1000133827,0.2612417638,9
94,Indramayu,0.04636473581,0.4163586497,9
95,Indramayu,0.1201822013,0.423622936,9
96,Indramayu,0.1439771652,0.4263359606,9
97,Indramayu,0.4785871506,0.4247806072,9
98,Indramayu,0.2755097151,0.4255100787,9
99,Indramayu,0.2518298924,0.4204314053,9
100,Indramayu,0.1145114899,0.4251097441,9
101,Indramayu,0.125210464,0.422477752,9
102,Indramayu,0.4337079525,0.4012588859,9
103,Indramayu,0.2643381953,0.3661523461,9
104,Indramayu,0.1585329324,0.3088003993,9
105,Indramayu,0.1970159262,0.3894485533,9
106,Indramayu,0.0309244357,0.4194802642,9
107,Indramayu,0.02051083185,0.4240679145,9
108,Indramayu,0.04322662205,0.4271787405,9
109,Indramayu,0.246734485,0.4300062954,9
110,Indramayu,0.2599090636,0.4201336205,9
111,Indramayu,0.2313903272,0.4239313006,9
112,Indramayu,0.2038947344,0.3995563984,9
113,Indramayu,0.05557500571,0.3590436876,9
114,Indramayu,0.3130803108,0.2875422239,9
115,Indramayu,0.3718852997,0.198107332,9
116,Indramayu,0.1842350662,0.1630159914,9
117,Indramayu,0.1334244162,0.1674551815,9
118,Indramayu,0.107321769,0.2643543184,9
119,Indramayu,0.09713333845,0.3113710284,9
120,Indramayu,0.08828925341,0.3885179162,9
121,Indramayu,0.1895470619,0.4153662026,9
122,Indramayu,0.4330811799,0.4200953543,9
123,Indramayu,0.4020470679,0.4220710099,9
124,Indramayu,0.1799596846,0.3879331648,9
125,Indramayu,-0.001973872073,0.3568924963,9
126,Indramayu,0.1044624522,0.3149911165,9
127,Indramayu,0.3355564475,0.2096713036,9
128,Indramayu,0.3601780832,0.2137202471,9
129,Indramayu,0.1633472443,0.2327116728,9
130,Indramayu,0.1415994167,0.3548555672,9
131,Indramayu,0.05482761934,0.4123469591,9
132,Indramayu,0.03981637582,0.4318557382,9
133,Indramayu,0.1922345608,0.4275715649,9
134,Indramayu,0.4613335431,0.4236084819,9
135,Indramayu,0.3772619963,0.4257872999,9
136,Indramayu,0.1545016468,0.4213982821,9
137,Indramayu,0.05048068985,0.4175651968,9
138,Indramayu,0.03372097015,0.3951469958,9
139,Indramayu,0.2853249013,0.3715783656,9
140,Indramayu,0.4225395322,0.278357178,9
141,Indramayu,0.2364639044,0.3202944994,9
142,Indramayu,0.03276895732,0.404466033,9
143,Indramayu,0.1088512018,0.4192382395,9
0,Karawang,0,0.436427623,14
1,Karawang,0.109860532,0.4301779866,14
2,Karawang,0.1717853695,0.4233599901,14
3,Karawang,0.1298367679,0.4217757583,14
4,Karawang,0.1472695321,0.4119253159,14
5,Karawang,0.1490529925,0.4077036381,14
6,Karawang,0.1761416942,0.4058913887,14
7,Karawang,0.1291004866,0.3530620933,14
8,Karawang,0.1182196215,0.2341835648,14
9,Karawang,0.1224050447,0.220366165,14
10,Karawang,-0.005316812545,0.3201036155,14
11,Karawang,0.004368063062,0.4161726534,14
12,Karawang,0.106137149,0.4190020859,14
13,Karawang,0.07268824428,0.4278152287,14
14,Karawang,0.1628750116,0.4229412973,14
15,Karawang,0.07729302347,0.4197345376,14
16,Karawang,0.1079978198,0.3891466558,14
17,Karawang,0.1602406204,0.3163345158,14
18,Karawang,0.1173377037,0.2316516936,14
19,Karawang,0.1309033334,0.1970751435,14
20,Karawang,0.1651727706,0.1766908914,14
21,Karawang,0.1111473069,0.1789217442,14
22,Karawang,0.09699559212,0.2809014022,14
23,Karawang,0.0734045729,0.3547687531,14
24,Karawang,0.1268147677,0.368993938,14
25,Karawang,0.2114912122,0.4270729125,14
26,Karawang,0.09492728859,0.4235345721,14
27,Karawang,0.1354648769,0.4231562912,14
28,Karawang,0.1137176156,0.4188381732,14
29,Karawang,0.09950037301,0.4223213792,14
30,Karawang,0.157359302,0.4161806405,14
31,Karawang,0.1557857692,0.4039203823,14
32,Karawang,0.1690078229,0.4004459977,14
33,Karawang,0.1230810955,0.424685061,14
34,Karawang,0.1683806032,0.4334996641,14
35,Karawang,0.1281801462,0.4109685421,14
36,Karawang,0.08534208685,0.4196114838,14
37,Karawang,0.03592425585,0.4284447134,14
38,Karawang,0.1290001571,0.4214635491,14
39,Karawang,0.1447678357,0.4238734841,14
40,Karawang,0.1612409055,0.4075308144,14
41,Karawang,0.1659099013,0.394798547,14
42,Karawang,0.1688272655,0.3749204576,14
43,Karawang,0.1423178166,0.2744474411,14
44,Karawang,0.1303397119,0.2353898138,14
45,Karawang,0.129676953,0.3368708193,14
46,Karawang,0.09530809522,0.3888973892,14
47,Karawang,0.1249649301,0.4219604731,14
48,Karawang,0.1417702734,0.4201318324,14
49,Karawang,-9.86E-04,0.4280492067,14
50,Karawang,0.1628106833,0.4242406785,14
51,Karawang,0.1087301895,0.4043512046,14
52,Karawang,0.1633428335,0.3810701668,14
53,Karawang,0.1915965527,0.3473540545,14
54,Karawang,0.1526407152,0.2785955369,14
55,Karawang,0.03413249925,0.2161395401,14
56,Karawang,0.11225117,0.2088067979,14
57,Karawang,0.07665810734,0.2094416022,14
58,Karawang,0.1530826688,0.3485327959,14
59,Karawang,0.1218495443,0.3931840956,14
60,Karawang,0.0151528893,0.3902276158,14
61,Karawang,0.03836559877,0.4237038493,14
62,Karawang,0.1690525413,0.423836261,14
63,Karawang,0.07867050916,0.4193812609,14
64,Karawang,0.1631668508,0.4025309384,14
65,Karawang,0.1205617562,0.3398630619,14
66,Karawang,0.1142248884,0.2344290912,14
67,Karawang,0.145130828,0.1942327768,14
68,Karawang,0.1451604962,0.1742787659,14
69,Karawang,0.1313190162,0.1851688623,14
70,Karawang,0.1366352737,0.2407866865,14
71,Karawang,0.002487605438,0.3488669693,14
72,Karawang,0.07765645534,0.4080840349,14
73,Karawang,0.05646822229,0.4304688871,14
74,Karawang,0.1618773937,0.4235104024,14
75,Karawang,0.1479355842,0.4192084968,14
76,Karawang,0.1525416374,0.4193540215,14
77,Karawang,0.1337471306,0.4041635096,14
78,Karawang,0.1182589978,0.3740415871,14
79,Karawang,0.110731706,0.2913775146,14
80,Karawang,0.1773703992,0.306507051,14
81,Karawang,0.1988791078,0.3635531068,14
82,Karawang,0.1376561821,0.3956791461,14
83,Karawang,0.07689116895,0.4208923876,14
84,Karawang,0.1064154431,0.4258773029,14
85,Karawang,0.06252280623,0.4327265322,14
86,Karawang,0.1351247281,0.4220213592,14
87,Karawang,0.09683807194,0.4134219885,14
88,Karawang,0.1439327896,0.4011561871,14
89,Karawang,0.1342733651,0.3907957673,14
90,Karawang,0.1228495911,0.3842670321,14
91,Karawang,0.1907613426,0.3331310749,14
92,Karawang,0.1256448627,0.3195619881,14
93,Karawang,-0.009511125274,0.3281488121,14
94,Karawang,0.1529026926,0.4247916639,14
95,Karawang,0.02226712741,0.4233730137,14
96,Karawang,0.1016803905,0.4238618314,14
97,Karawang,0.1119771078,0.4257499278,14
98,Karawang,0.1591166705,0.4220463932,14
99,Karawang,0.1092148349,0.4128309786,14
100,Karawang,0.05995499343,0.4246246815,14
101,Karawang,0,0.4206772447,14
102,Karawang,0.1269406378,0.4005253911,14
103,Karawang,0.1801492274,0.3710988164,14
104,Karawang,0.1467634439,0.3872857988,14
105,Karawang,0.05506154522,0.4194172323,14
106,Karawang,0.07195862383,0.4262601435,14
107,Karawang,0.01999987103,0.4214500785,14
108,Karawang,0.1477156878,0.4191870093,14
109,Karawang,0.148929894,0.4272996187,14
110,Karawang,0.187654078,0.4184747636,14
111,Karawang,0.1278003603,0.4135710597,14
112,Karawang,0.06239177287,0.395292908,14
113,Karawang,0.09651254117,0.3592430949,14
114,Karawang,0.1465881169,0.3175607026,14
115,Karawang,0.1383820176,0.231069535,14
116,Karawang,0.1181800589,0.1819668263,14
117,Karawang,0.06499354541,0.1858040094,14
118,Karawang,0.1436623484,0.3145473897,14
119,Karawang,0.1302960813,0.3250721991,14
120,Karawang,0,0.3896663189,14
121,Karawang,0.1967975348,0.4138237834,14
122,Karawang,-0.005263780244,0.4176172018,14
123,Karawang,0.1368488073,0.419355005,14
124,Karawang,0.1389264464,0.3943441212,14
125,Karawang,0.125571236,0.3688220978,14
126,Karawang,0.08877959847,0.3341748118,14
127,Karawang,0.1512104273,0.2318667918,14
128,Karawang,0.0835564509,0.2552381456,14
129,Karawang,0.1207568273,0.2815470695,14
130,Karawang,0.04874180257,0.3764748871,14
131,Karawang,0.08381975442,0.4261468649,14
132,Karawang,0,0.4279227257,14
133,Karawang,0.1514927298,0.4265521467,14
134,Karawang,0.05328061804,0.421331495,14
135,Karawang,0.106891349,0.4218309522,14
136,Karawang,0.1257324517,0.4202421308,14
137,Karawang,0.08638592064,0.4185286462,14
138,Karawang,0.120262146,0.4091053903,14
139,Karawang,0.1287222654,0.3889822066,14
140,Karawang,0.07233495265,0.3637472689,14
141,Karawang,0.1413688064,0.3739198446,14
142,Karawang,0.143656373,0.4128544927,14
143,Karawang,0.1133750528,0.4222998619,14
0,Kota Bandung,0,0.4190933704,687
1,Kota Bandung,0.1674047858,0.4150944352,687
2,Kota Bandung,0.06821097434,0.414948225,687
3,Kota Bandung,0.2641640902,0.4178436697,687
4,Kota Bandung,0.2328411192,0.4117365181,687
5,Kota Bandung,0.2506247759,0.410638392,687
6,Kota Bandung,0.2335227579,0.40831846,687
7,Kota Bandung,0.2254832387,0.4057167768,687
8,Kota Bandung,0.1924319714,0.4044650793,687
9,Kota Bandung,0.1077252626,0.4060221314,687
10,Kota Bandung,0.08271165937,0.4139049947,687
11,Kota Bandung,0.05146021396,0.418854773,687
12,Kota Bandung,0.1812911481,0.4133318663,687
13,Kota Bandung,0.2470465153,0.4172687829,687
14,Kota Bandung,0.01818310283,0.4151867032,687
15,Kota Bandung,0.2579410672,0.4151934683,687
16,Kota Bandung,0.1460694671,0.4085842073,687
17,Kota Bandung,0.2518929839,0.4050252736,687
18,Kota Bandung,0.04903014004,0.4041950703,687
19,Kota Bandung,0.1338142306,0.4055238068,687
20,Kota Bandung,0.1441659778,0.4054582119,687
21,Kota Bandung,0.1678697616,0.4053611159,687
22,Kota Bandung,0.210747242,0.4130256176,687
23,Kota Bandung,0.1498303711,0.4166418016,687
24,Kota Bandung,0.1357925832,0.412925899,687
25,Kota Bandung,0.3045717478,0.4169143438,687
26,Kota Bandung,0.1703867912,0.4161305428,687
27,Kota Bandung,0.08092790097,0.4180780649,687
28,Kota Bandung,0.2718458474,0.4140013456,687
29,Kota Bandung,0.1026350185,0.4111103117,687
30,Kota Bandung,0.09746040404,0.4121828675,687
31,Kota Bandung,0.1017546207,0.4083797932,687
32,Kota Bandung,0.112325184,0.4150021076,687
33,Kota Bandung,0.0686788857,0.4170956016,687
34,Kota Bandung,0.07164593786,0.4220262468,687
35,Kota Bandung,0.06238560379,0.4136349857,687
36,Kota Bandung,0.05722325668,0.4159156382,687
37,Kota Bandung,0.1365019679,0.4131933451,687
38,Kota Bandung,0.05956187844,0.4156944752,687
39,Kota Bandung,0.1307075471,0.4169900417,687
40,Kota Bandung,0.05436689034,0.4105324745,687
41,Kota Bandung,0.02878792584,0.40977332,687
42,Kota Bandung,0.0854941234,0.4072819948,687
43,Kota Bandung,0.08306389302,0.4052073061,687
44,Kota Bandung,0.0876975134,0.4052910507,687
45,Kota Bandung,0.09687554091,0.4142182469,687
46,Kota Bandung,0.1651429236,0.4187447429,687
47,Kota Bandung,0.04999945685,0.415676713,687
48,Kota Bandung,0.1213112548,0.4142964184,687
49,Kota Bandung,0.05110320449,0.4148463309,687
50,Kota Bandung,0.09919054806,0.4158701301,687
51,Kota Bandung,0.08330738544,0.4134635031,687
52,Kota Bandung,0.1275746375,0.4089063406,687
53,Kota Bandung,0.06527469307,0.4058920443,687
54,Kota Bandung,0.05974043906,0.4042854011,687
55,Kota Bandung,0.06307124346,0.4053850174,687
56,Kota Bandung,0.07848190516,0.4063797593,687
57,Kota Bandung,0.07589042187,0.4075702727,687
58,Kota Bandung,0.1076082364,0.4168621898,687
59,Kota Bandung,0.115028657,0.4148897529,687
60,Kota Bandung,0.02071314678,0.4142136574,687
61,Kota Bandung,0.1088541523,0.4156041145,687
62,Kota Bandung,0.1105408743,0.414758563,687
63,Kota Bandung,0.09015352279,0.4164420068,687
64,Kota Bandung,0.08098301291,0.4092196822,687
65,Kota Bandung,0.1363702565,0.4055022299,687
66,Kota Bandung,0.06648323685,0.40463534,687
67,Kota Bandung,0.08134794235,0.4046982229,687
68,Kota Bandung,0.08916480839,0.4049133062,687
69,Kota Bandung,0.08517636359,0.4055095315,687
70,Kota Bandung,0.1450188607,0.4103444219,687
71,Kota Bandung,0.007822989486,0.4159929156,687
72,Kota Bandung,0.116012238,0.4144893289,687
73,Kota Bandung,0.0306630712,0.4157026708,687
74,Kota Bandung,0.1197532266,0.4158540964,687
75,Kota Bandung,0.05626989901,0.4152410924,687
76,Kota Bandung,0.08644737303,0.4148927629,687
77,Kota Bandung,0.09901693463,0.4073672891,687
78,Kota Bandung,0.09053654224,0.407025218,687
79,Kota Bandung,0.06986038387,0.4044741094,687
80,Kota Bandung,0.1178198159,0.4085346758,687
81,Kota Bandung,0.0795012936,0.4137413204,687
82,Kota Bandung,0.1624857187,0.4142310619,687
83,Kota Bandung,0.06101315469,0.4163413346,687
84,Kota Bandung,0.2499116063,0.4158555567,687
85,Kota Bandung,0.01132920105,0.4161107838,687
86,Kota Bandung,0.08288882673,0.4137988985,687
87,Kota Bandung,0.08624570072,0.4129132628,687
88,Kota Bandung,0.1133194715,0.4113015234,687
89,Kota Bandung,0.1294998974,0.4098445177,687
90,Kota Bandung,0.1173349693,0.406521827,687
91,Kota Bandung,0.1253374219,0.4071361125,687
92,Kota Bandung,0.1249283925,0.4087507427,687
93,Kota Bandung,0.07858513296,0.4120669961,687
94,Kota Bandung,0.1941325217,0.4215502143,687
95,Kota Bandung,0.04806511477,0.4163845181,687
96,Kota Bandung,0.1308514774,0.4139630497,687
97,Kota Bandung,0.1640528142,0.4141305685,687
98,Kota Bandung,0.1543307602,0.4156039953,687
99,Kota Bandung,0.1534896493,0.4168083668,687
100,Kota Bandung,0.06961861998,0.4149995148,687
101,Kota Bandung,0.0987598598,0.4102071226,687
102,Kota Bandung,0.1038306803,0.4068534672,687
103,Kota Bandung,0.1300151646,0.4072801769,687
104,Kota Bandung,0.1086493731,0.412091434,687
105,Kota Bandung,0.08334665,0.4167461097,687
106,Kota Bandung,0.0899881795,0.418268621,687
107,Kota Bandung,0.06869702786,0.4157488644,687
108,Kota Bandung,0.1188613847,0.414873898,687
109,Kota Bandung,0.07942779362,0.4158422649,687
110,Kota Bandung,0.1602882594,0.4127952158,687
111,Kota Bandung,0.1419294178,0.4179835618,687
112,Kota Bandung,0.1903896332,0.4096496999,687
113,Kota Bandung,0.1525416523,0.4071217179,687
114,Kota Bandung,0.07794784755,0.4051668942,687
115,Kota Bandung,0.1205992326,0.4047487378,687
116,Kota Bandung,0.1197330803,0.4044098854,687
117,Kota Bandung,0.0985936448,0.4070171714,687
118,Kota Bandung,0.1176925451,0.4139379263,687
119,Kota Bandung,0.1844497323,0.4114958942,687
120,Kota Bandung,0.126968354,0.4156145751,687
121,Kota Bandung,0.194033429,0.4150650799,687
122,Kota Bandung,0.2071158439,0.4127905965,687
123,Kota Bandung,0.185052067,0.4179131687,687
124,Kota Bandung,0.2004655451,0.405443877,687
125,Kota Bandung,0.1117891967,0.4074012041,687
126,Kota Bandung,0.1280955523,0.4072040319,687
127,Kota Bandung,0.1380032748,0.4050960839,687
128,Kota Bandung,0.1548913419,0.4090313315,687
129,Kota Bandung,0.1742789,0.4079504907,687
130,Kota Bandung,0.03165406361,0.4178270996,687
131,Kota Bandung,0.02006877214,0.4156933129,687
132,Kota Bandung,0.09036821872,0.4169349372,687
133,Kota Bandung,0.2419721931,0.4133198857,687
134,Kota Bandung,0.1339489371,0.4130426943,687
135,Kota Bandung,0.1726275086,0.4172324836,687
136,Kota Bandung,0.1484837234,0.4166756868,687
137,Kota Bandung,0.1872110367,0.4104130864,687
138,Kota Bandung,0.1542634368,0.4082785547,687
139,Kota Bandung,0.1763274819,0.4094629288,687
140,Kota Bandung,0.09082107246,0.4094624519,687
141,Kota Bandung,0.1132786348,0.415008992,687
142,Kota Bandung,0.1237848029,0.4177001119,687
143,Kota Bandung,0.2059236914,0.4172669351,687
0,Kota Bogor,0,0.4378825724,254
1,Kota Bogor,0.270570457,0.4321683049,254
2,Kota Bogor,0.2682406008,0.4324071407,254
3,Kota Bogor,0.3043693304,0.4363868535,254
4,Kota Bogor,0.3089647889,0.4298557341,254
5,Kota Bogor,0.3081615865,0.425745666,254
6,Kota Bogor,0.06000174582,0.4196582437,254
7,Kota Bogor,0.2982880771,0.4116555452,254
8,Kota Bogor,0.295304656,0.3595044911,254
9,Kota Bogor,0.2624220848,0.3490767777,254
10,Kota Bogor,0.1441921741,0.4167477489,254
11,Kota Bogor,0.01717739552,0.4334129691,254
12,Kota Bogor,0.01269771345,0.4236676395,254
13,Kota Bogor,0.04616523907,0.4332222939,254
14,Kota Bogor,0.3041687608,0.4293119013,254
15,Kota Bogor,0.1670408249,0.4288464487,254
16,Kota Bogor,0.2810777426,0.4177017808,254
17,Kota Bogor,0.3079590797,0.4041060209,254
18,Kota Bogor,0.2177286893,0.30997926,254
19,Kota Bogor,0.3092950583,0.3145059943,254
20,Kota Bogor,0.2755333483,0.2786276639,254
21,Kota Bogor,0.2885344625,0.2748478353,254
22,Kota Bogor,0.2897851169,0.3768897057,254
23,Kota Bogor,0.1112697199,0.4287876785,254
24,Kota Bogor,0.1487460285,0.4279226959,254
25,Kota Bogor,0.2955199778,0.4344266057,254
26,Kota Bogor,0.2172543854,0.4312167764,254
27,Kota Bogor,0.2912179828,0.4367099106,254
28,Kota Bogor,0.3416957855,0.4308123589,254
29,Kota Bogor,0.3114070594,0.4280718863,254
30,Kota Bogor,0.1871383637,0.4265777767,254
31,Kota Bogor,0.3340679407,0.4201887846,254
32,Kota Bogor,0.04720047861,0.4343000054,254
33,Kota Bogor,0.2918335497,0.435120821,254
34,Kota Bogor,0.2933228314,0.4416211545,254
35,Kota Bogor,0.03047965281,0.4184909463,254
36,Kota Bogor,0.1829774082,0.4263518453,254
37,Kota Bogor,0.2255214006,0.4312852621,254
38,Kota Bogor,0.4004543126,0.4286797643,254
39,Kota Bogor,0.3429713845,0.4327279329,254
40,Kota Bogor,0.3452364504,0.4158798456,254
41,Kota Bogor,0.2183084637,0.4230591655,254
42,Kota Bogor,0.2828196883,0.4201512635,254
43,Kota Bogor,0.2672510743,0.3993066549,254
44,Kota Bogor,0.286061734,0.3844290078,254
45,Kota Bogor,0.3076351881,0.4325736165,254
46,Kota Bogor,0.07715442777,0.4313991666,254
47,Kota Bogor,0.1254263669,0.4257757962,254
48,Kota Bogor,0.07885561883,0.4267137647,254
49,Kota Bogor,0.02824732289,0.4291402698,254
50,Kota Bogor,0.3041309714,0.4281643033,254
51,Kota Bogor,0.3428364098,0.4288124144,254
52,Kota Bogor,0.3207955956,0.4160341918,254
53,Kota Bogor,0.2467539161,0.407317549,254
54,Kota Bogor,0.3189522028,0.3782118559,254
55,Kota Bogor,0.294780761,0.3326806724,254
56,Kota Bogor,0.3287445903,0.3128175437,254
57,Kota Bogor,0.3145903349,0.3509579301,254
58,Kota Bogor,0.1695450693,0.4314931929,254
59,Kota Bogor,0.2712787092,0.4272267222,254
60,Kota Bogor,0.098020114,0.4242686927,254
61,Kota Bogor,0.03320404142,0.429185003,254
62,Kota Bogor,0.03829970956,0.427721858,254
63,Kota Bogor,0.1900322288,0.4319759011,254
64,Kota Bogor,0.3210985065,0.4197065532,254
65,Kota Bogor,0.2833972275,0.3926449716,254
66,Kota Bogor,0.3262428343,0.3244060278,254
67,Kota Bogor,0.3111237288,0.2749167681,254
68,Kota Bogor,0.3276189864,0.2259956747,254
69,Kota Bogor,0.3242610097,0.3218563795,254
70,Kota Bogor,0.1288403124,0.3712737858,254
71,Kota Bogor,0.0437149927,0.4282301068,254
72,Kota Bogor,0.2825066745,0.4280118048,254
73,Kota Bogor,0.270150125,0.4326715171,254
74,Kota Bogor,0.2353617996,0.4302937388,254
75,Kota Bogor,0.3117963076,0.4311949313,254
76,Kota Bogor,0.3297085464,0.4297947288,254
77,Kota Bogor,0.3220492005,0.4173482955,254
78,Kota Bogor,0.3186506033,0.4127363861,254
79,Kota Bogor,0.1869061291,0.3844591081,254
80,Kota Bogor,0.2075812519,0.4034172893,254
81,Kota Bogor,0.2439137697,0.4289062619,254
82,Kota Bogor,0.3628262281,0.4310621619,254
83,Kota Bogor,0.177324459,0.4272316098,254
84,Kota Bogor,0.1328070015,0.4306902289,254
85,Kota Bogor,0.2003603727,0.4336751103,254
86,Kota Bogor,0.3270027339,0.4258851707,254
87,Kota Bogor,0.3352196813,0.4255996644,254
88,Kota Bogor,0.3531969786,0.4259808064,254
89,Kota Bogor,0.2846932411,0.4265206754,254
90,Kota Bogor,0.1575649232,0.4131970108,254
91,Kota Bogor,0.2666156292,0.4179723263,254
92,Kota Bogor,0.3529303968,0.4196167886,254
93,Kota Bogor,0.3171498775,0.4249061346,254
94,Kota Bogor,0.1942034364,0.4374842942,254
95,Kota Bogor,0.1474974602,0.4294465184,254
96,Kota Bogor,0.108931005,0.4277957976,254
97,Kota Bogor,0.1346724778,0.4275844991,254
98,Kota Bogor,0.3328917325,0.4277954102,254
99,Kota Bogor,0.1383501589,0.4292550683,254
100,Kota Bogor,0.05345479026,0.4309946001,254
101,Kota Bogor,0.03301571682,0.4278769791,254
102,Kota Bogor,0.2904950082,0.414144367,254
103,Kota Bogor,0.3095725477,0.4183053672,254
104,Kota Bogor,0.2439141423,0.4300835431,254
105,Kota Bogor,0.08299542964,0.4341108203,254
106,Kota Bogor,0.2599585354,0.4344112575,254
107,Kota Bogor,0.1275388449,0.4276968241,254
108,Kota Bogor,0.339128077,0.4275547266,254
109,Kota Bogor,0.001383477007,0.4305091202,254
110,Kota Bogor,0.2848480344,0.4274499416,254
111,Kota Bogor,0.3092527092,0.4296950698,254
112,Kota Bogor,0.3001832962,0.4217603207,254
113,Kota Bogor,0.3477071226,0.4167434573,254
114,Kota Bogor,0.3290049732,0.410340488,254
115,Kota Bogor,0.2755205333,0.3789754212,254
116,Kota Bogor,0.3294543028,0.3163153529,254
117,Kota Bogor,0.1942170262,0.3089143038,254
118,Kota Bogor,0.2797981203,0.422724396,254
119,Kota Bogor,0.2906892896,0.4173374176,254
120,Kota Bogor,0.1001347825,0.4306809306,254
121,Kota Bogor,0.1012239456,0.4319653213,254
122,Kota Bogor,0.03786786646,0.4263159335,254
123,Kota Bogor,0.2405186594,0.4358622134,254
124,Kota Bogor,0.3172715902,0.4165485501,254
125,Kota Bogor,0.3287436068,0.4193790853,254
126,Kota Bogor,0.3403899074,0.4071937203,254
127,Kota Bogor,0.1816343516,0.3876039684,254
128,Kota Bogor,0.2449409813,0.3909425139,254
129,Kota Bogor,0.360983938,0.4182313085,254
130,Kota Bogor,0.1517802924,0.435507834,254
131,Kota Bogor,0.1250752509,0.4298048317,254
132,Kota Bogor,0.04652851447,0.4289914966,254
133,Kota Bogor,0.1795614362,0.4281127751,254
134,Kota Bogor,0.2028287798,0.4244691432,254
135,Kota Bogor,0.184791252,0.4348882139,254
136,Kota Bogor,0.3660752177,0.430642873,254
137,Kota Bogor,0.2926453352,0.4284898937,254
138,Kota Bogor,0.3493637443,0.4208895862,254
139,Kota Bogor,0.3677202165,0.4256193638,254
140,Kota Bogor,0.2561002076,0.4222099185,254
141,Kota Bogor,0.2592993081,0.4319117665,254
142,Kota Bogor,0.2124265134,0.4313566685,254
143,Kota Bogor,0.3501108587,0.4329313934,254
0,Kota Cirebon,0.1847146899,0.4379267991,13
1,Kota Cirebon,0.3188629746,0.4279346466,13
2,Kota Cirebon,0.2852038741,0.4258072674,13
3,Kota Cirebon,0.2312279195,0.425986588,13
4,Kota Cirebon,0.292235285,0.4114450812,13
5,Kota Cirebon,0.2873631418,0.4108938575,13
6,Kota Cirebon,0.2307886928,0.412530452,13
7,Kota Cirebon,0.3407886326,0.3465917408,13
8,Kota Cirebon,0.2210082114,0.2190099359,13
9,Kota Cirebon,0.07756024599,0.2010932565,13
10,Kota Cirebon,0.1619786918,0.2773196101,13
11,Kota Cirebon,0.18299146,0.4180023074,13
12,Kota Cirebon,0.3436676562,0.4265264571,13
13,Kota Cirebon,-0.009701272473,0.4314474463,13
14,Kota Cirebon,0.2979376018,0.4280511439,13
15,Kota Cirebon,0.4109580219,0.4271791279,13
16,Kota Cirebon,0.2255103737,0.3997673988,13
17,Kota Cirebon,0.2832442522,0.3280383945,13
18,Kota Cirebon,0.1717326194,0.2368484735,13
19,Kota Cirebon,0.1770500392,0.1804764122,13
20,Kota Cirebon,0.1416725814,0.1645869464,13
21,Kota Cirebon,0.1347906142,0.1613672376,13
22,Kota Cirebon,0.147861436,0.2420619577,13
23,Kota Cirebon,0.2107518613,0.3525235653,13
24,Kota Cirebon,0.1539152414,0.3918711543,13
25,Kota Cirebon,0.009101212025,0.4338835776,13
26,Kota Cirebon,0.2413254976,0.4283344448,13
27,Kota Cirebon,0.3576593101,0.427962631,13
28,Kota Cirebon,0.2242912948,0.4223796129,13
29,Kota Cirebon,0.2900329828,0.4247778654,13
30,Kota Cirebon,0.3609934449,0.4223312438,13
31,Kota Cirebon,0.2654919624,0.388158381,13
32,Kota Cirebon,0.117964685,0.3856050372,13
33,Kota Cirebon,0.3080122769,0.4157972336,13
34,Kota Cirebon,0.06037403643,0.4300530851,13
35,Kota Cirebon,0.2775215805,0.4279372096,13
36,Kota Cirebon,0.3587177396,0.4342280626,13
37,Kota Cirebon,-0.01605516113,0.429322958,13
38,Kota Cirebon,0.02377973683,0.4266386032,13
39,Kota Cirebon,0.1714301854,0.4240427911,13
40,Kota Cirebon,0.3050649464,0.4065969586,13
41,Kota Cirebon,0.3817561567,0.4005051553,13
42,Kota Cirebon,0.2434325814,0.3655447066,13
43,Kota Cirebon,0.1565187275,0.2433008999,13
44,Kota Cirebon,0.1138001755,0.2209105641,13
45,Kota Cirebon,0.133348003,0.2660440505,13
46,Kota Cirebon,0.2025738657,0.3588133156,13
47,Kota Cirebon,0.1395432204,0.4191700518,13
48,Kota Cirebon,0.1278183013,0.4289131463,13
49,Kota Cirebon,0.1673716605,0.4323975146,13
50,Kota Cirebon,0.04780399799,0.428450644,13
51,Kota Cirebon,0.2469450831,0.4205081463,13
52,Kota Cirebon,0.2046175152,0.3898474574,13
53,Kota Cirebon,0.2298381329,0.3463355601,13
54,Kota Cirebon,0.2120931596,0.2687186003,13
55,Kota Cirebon,0.1633834541,0.2026070654,13
56,Kota Cirebon,0.1678878516,0.1795783788,13
57,Kota Cirebon,0.1433157921,0.1644520313,13
58,Kota Cirebon,0.04611407593,0.2993911505,13
59,Kota Cirebon,0.1328941137,0.3757905364,13
60,Kota Cirebon,0.1361581236,0.4215204418,13
61,Kota Cirebon,0.2131469399,0.4307969511,13
62,Kota Cirebon,0.09081444889,0.4297993481,13
63,Kota Cirebon,0.2347656041,0.4251542985,13
64,Kota Cirebon,0.2292433828,0.4001372755,13
65,Kota Cirebon,0.1586917341,0.340135783,13
66,Kota Cirebon,0.1784323454,0.2400353551,13
67,Kota Cirebon,0.1334662288,0.184550792,13
68,Kota Cirebon,0.1214033589,0.1667287648,13
69,Kota Cirebon,0.1216252446,0.1498402506,13
70,Kota Cirebon,0.1454228759,0.2256873697,13
71,Kota Cirebon,0.0973611176,0.3448032737,13
72,Kota Cirebon,0.1769720465,0.4139712751,13
73,Kota Cirebon,0.1485235691,0.4299466908,13
74,Kota Cirebon,0.2587507665,0.4308400154,13
75,Kota Cirebon,0.2507633567,0.4267167449,13
76,Kota Cirebon,0.2442116141,0.4238762856,13
77,Kota Cirebon,0.11807549,0.4075193703,13
78,Kota Cirebon,0.2211138159,0.3741833866,13
79,Kota Cirebon,0.1410062015,0.2682055831,13
80,Kota Cirebon,0.1744271666,0.2505440712,13
81,Kota Cirebon,0.1715106666,0.3063810468,13
82,Kota Cirebon,0.2676233351,0.3647771478,13
83,Kota Cirebon,0.09251218289,0.4243691564,13
84,Kota Cirebon,0.212326616,0.4322489798,13
85,Kota Cirebon,0.1500628293,0.434445709,13
86,Kota Cirebon,0.2145261019,0.4278485179,13
87,Kota Cirebon,0.1658965349,0.414056927,13
88,Kota Cirebon,0.2711150944,0.3906693161,13
89,Kota Cirebon,0.2483665496,0.3951104581,13
90,Kota Cirebon,0.2348728627,0.3794572651,13
91,Kota Cirebon,0.1931579858,0.2875362039,13
92,Kota Cirebon,0.222381711,0.2816193402,13
93,Kota Cirebon,0.1967209429,0.2589287162,13
94,Kota Cirebon,0.1234099567,0.3895224035,13
95,Kota Cirebon,0.1241730601,0.4167789221,13
96,Kota Cirebon,0.1432680786,0.4291358888,13
97,Kota Cirebon,0.3141383529,0.4293730557,13
98,Kota Cirebon,0.2379022837,0.4301464558,13
99,Kota Cirebon,0.01575616561,0.4244603515,13
100,Kota Cirebon,0.2583548427,0.4272607863,13
101,Kota Cirebon,0.1376580149,0.4224074185,13
102,Kota Cirebon,0.3080833852,0.401696831,13
103,Kota Cirebon,0.2301380336,0.3667504787,13
104,Kota Cirebon,0.2038080394,0.3433437645,13
105,Kota Cirebon,0.1900599897,0.3885144591,13
106,Kota Cirebon,0.08382610232,0.4102149904,13
107,Kota Cirebon,0.1685029268,0.4276575446,13
108,Kota Cirebon,0.1046812087,0.4297746718,13
109,Kota Cirebon,0.3017873764,0.4320288002,13
110,Kota Cirebon,0.1282384098,0.4257190228,13
111,Kota Cirebon,0.2348715067,0.4269123077,13
112,Kota Cirebon,0.2783363163,0.4054519236,13
113,Kota Cirebon,0.2689234018,0.3783278763,13
114,Kota Cirebon,0.2906349897,0.3091965914,13
115,Kota Cirebon,0.2285296023,0.2146681696,13
116,Kota Cirebon,0.1889051497,0.1707433611,13
117,Kota Cirebon,0.1931180954,0.1704313308,13
118,Kota Cirebon,0.1679280251,0.2761662602,13
119,Kota Cirebon,0.1589789391,0.3028811514,13
120,Kota Cirebon,0.1425105631,0.4071081281,13
121,Kota Cirebon,0.1821871698,0.4268199801,13
122,Kota Cirebon,0.2756592929,0.4220852256,13
123,Kota Cirebon,0.1274351776,0.4256119728,13
124,Kota Cirebon,0.2211978436,0.3943032622,13
125,Kota Cirebon,-0.009543252178,0.3825972974,13
126,Kota Cirebon,0.2813875973,0.3373830318,13
127,Kota Cirebon,0.1353689581,0.2196687907,13
128,Kota Cirebon,0.2347381413,0.2397800386,13
129,Kota Cirebon,0.1662495136,0.2109559178,13
130,Kota Cirebon,0.1728328615,0.3562924266,13
131,Kota Cirebon,0.1545284986,0.4212867618,13
132,Kota Cirebon,0.2195854187,0.4345349073,13
133,Kota Cirebon,0.1246044561,0.4292054176,13
134,Kota Cirebon,0.1058256626,0.4282639325,13
135,Kota Cirebon,0.2721371055,0.4277801216,13
136,Kota Cirebon,0.2898464799,0.4250768125,13
137,Kota Cirebon,0.2692278624,0.4197936952,13
138,Kota Cirebon,0.2907159328,0.4040397108,13
139,Kota Cirebon,0.284209758,0.37083745,13
140,Kota Cirebon,0.1220524088,0.3228644729,13
141,Kota Cirebon,0.1775997579,0.3403300941,13
142,Kota Cirebon,0.04899280891,0.3965313137,13
143,Kota Cirebon,0.0911949873,0.4183291197,13
0,Kota Sukabumi,0,0.4339018762,523
1,Kota Sukabumi,0.1741901338,0.4299467206,523
2,Kota Sukabumi,0.1129878536,0.4322573841,523
3,Kota Sukabumi,0.118837446,0.4342471361,523
4,Kota Sukabumi,0.2219163328,0.4285838306,523
5,Kota Sukabumi,0.1221251115,0.4223822653,523
6,Kota Sukabumi,0.1495228112,0.4177857637,523
7,Kota Sukabumi,0.1505383253,0.4057324529,523
8,Kota Sukabumi,0.1361222565,0.3464762568,523
9,Kota Sukabumi,0.1469719261,0.3473421633,523
10,Kota Sukabumi,0.0259852279,0.4056039751,523
11,Kota Sukabumi,0.09812977165,0.4335219562,523
12,Kota Sukabumi,0.2027132362,0.4216406643,523
13,Kota Sukabumi,0.1776821464,0.432454735,523
14,Kota Sukabumi,0.1653638035,0.4287274778,523
15,Kota Sukabumi,0.165990606,0.4282354712,523
16,Kota Sukabumi,0.1776672453,0.4150674343,523
17,Kota Sukabumi,0.1478730887,0.3934365511,523
18,Kota Sukabumi,0.1499505788,0.3342753947,523
19,Kota Sukabumi,0.1361697018,0.3091488481,523
20,Kota Sukabumi,0.1304382235,0.2786289752,523
21,Kota Sukabumi,0.1362403482,0.275798142,523
22,Kota Sukabumi,0.1465616077,0.3869668841,523
23,Kota Sukabumi,0.1627155393,0.4269451499,523
24,Kota Sukabumi,0.1921454519,0.426519841,523
25,Kota Sukabumi,0.1525589824,0.4311662614,523
26,Kota Sukabumi,0.1668315232,0.4315493107,523
27,Kota Sukabumi,0.1894646138,0.4356096685,523
28,Kota Sukabumi,0.1115436554,0.4295956194,523
29,Kota Sukabumi,0.1279757768,0.4290290475,523
30,Kota Sukabumi,0.1521663219,0.429651916,523
31,Kota Sukabumi,0.1455727816,0.4021064043,523
32,Kota Sukabumi,0.09470903873,0.4323355258,523
33,Kota Sukabumi,0.2045939565,0.4332047105,523
34,Kota Sukabumi,0.117882587,0.4402111769,523
35,Kota Sukabumi,0.1141372547,0.4230111241,523
36,Kota Sukabumi,0.1629603058,0.4259222448,523
37,Kota Sukabumi,0.133054927,0.4286419451,523
38,Kota Sukabumi,0.1531959921,0.4279542863,523
39,Kota Sukabumi,0.09781280905,0.4321441352,523
40,Kota Sukabumi,0.1235527918,0.4156279564,523
41,Kota Sukabumi,0.07220619917,0.4078603089,523
42,Kota Sukabumi,0.1314995885,0.4123826325,523
43,Kota Sukabumi,0.1212574095,0.377882123,523
44,Kota Sukabumi,0.1885357201,0.3473678529,523
45,Kota Sukabumi,0.1334016472,0.4307100475,523
46,Kota Sukabumi,0.03518904001,0.4332920313,523
47,Kota Sukabumi,0.1123081744,0.4263902307,523
48,Kota Sukabumi,0.1770401299,0.4261455536,523
49,Kota Sukabumi,0.1699932665,0.4273740351,523
50,Kota Sukabumi,0.1394994408,0.4287064373,523
51,Kota Sukabumi,0.1891085058,0.4316619337,523
52,Kota Sukabumi,0.1211104989,0.4180904031,523
53,Kota Sukabumi,0.1360117942,0.4028201103,523
54,Kota Sukabumi,0.1268344223,0.3738874495,523
55,Kota Sukabumi,0.07091546059,0.2912919521,523
56,Kota Sukabumi,0.1206008941,0.3383334875,523
57,Kota Sukabumi,0.1284445524,0.3476173878,523
58,Kota Sukabumi,0.1120836362,0.4273147881,523
59,Kota Sukabumi,0.0722425878,0.4271321595,523
60,Kota Sukabumi,0.1375831664,0.4246579707,523
61,Kota Sukabumi,0.07959271222,0.4298886955,523
62,Kota Sukabumi,0.009380661882,0.427408725,523
63,Kota Sukabumi,0.1364068389,0.430069983,523
64,Kota Sukabumi,0.1460523456,0.4195167422,523
65,Kota Sukabumi,0.1482058913,0.3830688298,523
66,Kota Sukabumi,0.13486287,0.3310008943,523
67,Kota Sukabumi,0.1309250742,0.2922956645,523
68,Kota Sukabumi,0.1189334467,0.248036027,523
69,Kota Sukabumi,0.1231165603,0.3176628947,523
70,Kota Sukabumi,0.1560806483,0.3624074757,523
71,Kota Sukabumi,0.06126637384,0.4202201962,523
72,Kota Sukabumi,0.1258513927,0.4261736274,523
73,Kota Sukabumi,0.1898701936,0.4276195765,523
74,Kota Sukabumi,0.0858733803,0.4282905459,523
75,Kota Sukabumi,0.1646452993,0.4322122335,523
76,Kota Sukabumi,0.1487569809,0.4310179055,523
77,Kota Sukabumi,0.1648847759,0.4175931215,523
78,Kota Sukabumi,0.1399611533,0.4019150436,523
79,Kota Sukabumi,0.1211245507,0.3792134225,523
80,Kota Sukabumi,0.1274304241,0.370855391,523
81,Kota Sukabumi,0.1454677582,0.4204618633,523
82,Kota Sukabumi,0.1452570856,0.432890892,523
83,Kota Sukabumi,0.1152811497,0.4285452962,523
84,Kota Sukabumi,0.04641921446,0.4283266366,523
85,Kota Sukabumi,0.1069932505,0.4308682084,523
86,Kota Sukabumi,0.1692215651,0.4249302149,523
87,Kota Sukabumi,0.1405677348,0.4270073175,523
88,Kota Sukabumi,0.1335883737,0.4235821068,523
89,Kota Sukabumi,0.1579474062,0.4219345152,523
90,Kota Sukabumi,0.06717289239,0.410367012,523
91,Kota Sukabumi,0.1175379455,0.4095630348,523
92,Kota Sukabumi,0.1570523828,0.4148189127,523
93,Kota Sukabumi,0.08873555064,0.425026834,523
94,Kota Sukabumi,0.1538598835,0.4390188754,523
95,Kota Sukabumi,0.1022646576,0.4298073649,523
96,Kota Sukabumi,0.1668532789,0.4259711504,523
97,Kota Sukabumi,0.1661237776,0.427339673,523
98,Kota Sukabumi,0.1434902549,0.4282815456,523
99,Kota Sukabumi,0.07976546139,0.4309494197,523
100,Kota Sukabumi,0.2034453452,0.429338187,523
101,Kota Sukabumi,0.155583173,0.4276281893,523
102,Kota Sukabumi,0.1766700745,0.4111538231,523
103,Kota Sukabumi,0.1450043768,0.4145116806,523
104,Kota Sukabumi,0.1835124195,0.4290682971,523
105,Kota Sukabumi,0.08036383986,0.4305372834,523
106,Kota Sukabumi,0.06772945076,0.4341881573,523
107,Kota Sukabumi,0.02556160279,0.4291322529,523
108,Kota Sukabumi,0.2469801903,0.4280506074,523
109,Kota Sukabumi,0.08488290012,0.4299674928,523
110,Kota Sukabumi,0.1536944062,0.4254131913,523
111,Kota Sukabumi,0.1191149354,0.4310600162,523
112,Kota Sukabumi,0.1357908994,0.4179950058,523
113,Kota Sukabumi,0.1131985337,0.4012405872,523
114,Kota Sukabumi,0.1181552187,0.3886325955,523
115,Kota Sukabumi,0.1163272187,0.3543527126,523
116,Kota Sukabumi,0.09580090642,0.2893425226,523
117,Kota Sukabumi,0.119086422,0.3100053966,523
118,Kota Sukabumi,0.1533525884,0.4199924171,523
119,Kota Sukabumi,0.1640874892,0.417186588,523
120,Kota Sukabumi,0.151513204,0.4286265075,523
121,Kota Sukabumi,0.1797813475,0.430218637,523
122,Kota Sukabumi,-0.01234507281,0.4248003364,523
123,Kota Sukabumi,0.07926642895,0.433255583,523
124,Kota Sukabumi,0.1440473646,0.4135017395,523
125,Kota Sukabumi,0.1301009357,0.4139795005,523
126,Kota Sukabumi,0.1252749413,0.4056870043,523
127,Kota Sukabumi,0.127052173,0.3750962913,523
128,Kota Sukabumi,0.1148559228,0.3848207295,523
129,Kota Sukabumi,0.127848193,0.4120080471,523
130,Kota Sukabumi,0.1802842617,0.4341371953,523
131,Kota Sukabumi,0.1540463716,0.4296398461,523
132,Kota Sukabumi,0.05153721943,0.4281601608,523
133,Kota Sukabumi,0.167486459,0.4252886176,523
134,Kota Sukabumi,0.01833996736,0.4243709445,523
135,Kota Sukabumi,0.1886525899,0.4315544963,523
136,Kota Sukabumi,0.1388319731,0.4293195903,523
137,Kota Sukabumi,0.1366385818,0.4259470105,523
138,Kota Sukabumi,0.1397910565,0.4157574177,523
139,Kota Sukabumi,0.1324008107,0.4220521748,523
140,Kota Sukabumi,0.07860226184,0.4209446311,523
141,Kota Sukabumi,0.1620489955,0.4313858151,523
142,Kota Sukabumi,0.1959282905,0.4331300855,523
143,Kota Sukabumi,0.02450039051,0.4311074615,523
0,Kuningan,0.1761811227,0.4349438548,217
1,Kuningan,0.2432005256,0.4303500056,217
2,Kuningan,0.1920604855,0.4299809635,217
3,Kuningan,0.2284043282,0.4290328324,217
4,Kuningan,0.2268832624,0.4176364541,217
5,Kuningan,0.2122904807,0.4157789946,217
6,Kuningan,0.2407506257,0.418178767,217
7,Kuningan,0.1248969659,0.3853074908,217
8,Kuningan,0.1902784109,0.2776536942,217
9,Kuningan,0.2384740412,0.255456984,217
10,Kuningan,0.2641314268,0.3416752815,217
11,Kuningan,0.2722583413,0.43110466,217
12,Kuningan,0.237564683,0.4287365079,217
13,Kuningan,0.006346163806,0.4346480668,217
14,Kuningan,0.2660039067,0.4318003654,217
15,Kuningan,0.1742824465,0.4280562997,217
16,Kuningan,0.1535210907,0.4124085307,217
17,Kuningan,0.2797160745,0.3716422617,217
18,Kuningan,0.2978818417,0.2963581383,217
19,Kuningan,0.197846204,0.2733898163,217
20,Kuningan,0.1019628718,0.229650408,217
21,Kuningan,0.2685240507,0.2075324208,217
22,Kuningan,0.1273673326,0.3077414632,217
23,Kuningan,0.2152854204,0.3914170563,217
24,Kuningan,0.07532067597,0.4164943397,217
25,Kuningan,0.05490187556,0.4358361661,217
26,Kuningan,0.3149013519,0.4318717718,217
27,Kuningan,0.3167947531,0.4298558533,217
28,Kuningan,0.1391336173,0.4248985648,217
29,Kuningan,0.1801343858,0.4251497984,217
30,Kuningan,0.3684869111,0.423062861,217
31,Kuningan,0.1926637888,0.404070884,217
32,Kuningan,0.1888546944,0.4151286781,217
33,Kuningan,0.1237032637,0.4296017587,217
34,Kuningan,0.3783197403,0.4342885613,217
35,Kuningan,0.304633379,0.4304408729,217
36,Kuningan,0.2311047018,0.4341002703,217
37,Kuningan,0.02713805996,0.4307035208,217
38,Kuningan,0.1330984384,0.4292467833,217
39,Kuningan,0.1990136206,0.4274359643,217
40,Kuningan,0.1955471784,0.4113662839,217
41,Kuningan,0.1609287709,0.4104343653,217
42,Kuningan,0.3363249898,0.3965384364,217
43,Kuningan,0.3082924783,0.3173262775,217
44,Kuningan,0.1606334746,0.2753697932,217
45,Kuningan,0.06344614178,0.3804636896,217
46,Kuningan,0.2152750343,0.4154895246,217
47,Kuningan,0.1786332875,0.4278223217,217
48,Kuningan,0.2438206077,0.430598408,217
49,Kuningan,0.03434127569,0.4339051247,217
50,Kuningan,0.1134829372,0.4309366047,217
51,Kuningan,0.2824619412,0.4251719713,217
52,Kuningan,0.3576572239,0.3993944228,217
53,Kuningan,0.1452487409,0.3742544055,217
54,Kuningan,0.1256384552,0.3247849941,217
55,Kuningan,0.1836549342,0.2760279775,217
56,Kuningan,0.3368616998,0.2334665507,217
57,Kuningan,0.257414341,0.2288908362,217
58,Kuningan,0.1646175832,0.3511203825,217
59,Kuningan,0.2023005337,0.4010166228,217
60,Kuningan,0.1214252338,0.4252401292,217
61,Kuningan,0.397369951,0.4339317679,217
62,Kuningan,0.1322664917,0.4316822886,217
63,Kuningan,0.1002010331,0.4281405509,217
64,Kuningan,0.1618182361,0.4074031115,217
65,Kuningan,0.3511537313,0.3685080111,217
66,Kuningan,0.383371979,0.3013184071,217
67,Kuningan,0.2545187175,0.2635429204,217
68,Kuningan,0.1025249511,0.2308093011,217
69,Kuningan,0.2068187147,0.197624594,217
70,Kuningan,0.2444848269,0.2448518425,217
71,Kuningan,0.2043345273,0.3755741119,217
72,Kuningan,0.1121577322,0.4192430675,217
73,Kuningan,0.1489597708,0.4305397868,217
74,Kuningan,0.317394942,0.4332484901,217
75,Kuningan,0.2625968158,0.4279094636,217
76,Kuningan,0.1133332923,0.4228625,217
77,Kuningan,0.2067871541,0.4154145718,217
78,Kuningan,0.2800338864,0.3937356472,217
79,Kuningan,0.3902617097,0.3355778158,217
80,Kuningan,0.320224762,0.3013486266,217
81,Kuningan,0.1508793384,0.3837217093,217
82,Kuningan,0.2805010974,0.4194537997,217
83,Kuningan,0.195475325,0.4307118654,217
84,Kuningan,0.2921879292,0.432674408,217
85,Kuningan,0.1995461136,0.4353072941,217
86,Kuningan,0.09468146414,0.4316262603,217
87,Kuningan,0.1152410358,0.4224309325,217
88,Kuningan,0.1887872666,0.396864593,217
89,Kuningan,0.3060574234,0.4065048993,217
90,Kuningan,0.1597623229,0.3956673443,217
91,Kuningan,0.176541388,0.3611212671,217
92,Kuningan,0.3429259658,0.3519236147,217
93,Kuningan,0.3028419614,0.3418962657,217
94,Kuningan,0.05922037736,0.4267879725,217
95,Kuningan,0.1839825511,0.4282572567,217
96,Kuningan,0.1654770225,0.4308698773,217
97,Kuningan,0.2902817726,0.4308279157,217
98,Kuningan,0.296705097,0.4331438243,217
99,Kuningan,0.1680115461,0.4273804128,217
100,Kuningan,0.09019956738,0.4297548831,217
101,Kuningan,0.219791621,0.4270638227,217
102,Kuningan,0.2353066802,0.4093900621,217
103,Kuningan,0.1480322927,0.3981456757,217
104,Kuningan,0.2162692845,0.4061190784,217
105,Kuningan,0.1963721663,0.4291042984,217
106,Kuningan,0.3687908649,0.4296017587,217
107,Kuningan,0.1832806021,0.4296030104,217
108,Kuningan,0.08189153671,0.4308682084,217
109,Kuningan,0.2406206876,0.4322470427,217
110,Kuningan,0.1700998247,0.4290071428,217
111,Kuningan,0.2372316569,0.430061698,217
112,Kuningan,0.1238933057,0.413104564,217
113,Kuningan,0.1397000998,0.3891838491,217
114,Kuningan,0.3092764318,0.3605894446,217
115,Kuningan,0.3498953879,0.2920572758,217
116,Kuningan,0.1913591772,0.2113524675,217
117,Kuningan,0.1176303327,0.2204900086,217
118,Kuningan,0.1939566284,0.3285937011,217
119,Kuningan,0.2655815184,0.3439098895,217
120,Kuningan,0.2501696646,0.4169898927,217
121,Kuningan,0.2009451389,0.4300560057,217
122,Kuningan,0.1774263978,0.4258373976,217
123,Kuningan,0.2974549234,0.4296769202,217
124,Kuningan,0.1648086011,0.4018943906,217
125,Kuningan,0.1450586617,0.3971465528,217
126,Kuningan,0.1525284648,0.3740780652,217
127,Kuningan,0.264957279,0.3083820939,217
128,Kuningan,0.3276881576,0.316562295,217
129,Kuningan,0.1255363971,0.3125642836,217
130,Kuningan,0.1600411087,0.4126882851,217
131,Kuningan,0.0940452069,0.4309273362,217
132,Kuningan,0.3378418386,0.4346059859,217
133,Kuningan,0.2456839681,0.4308811426,217
134,Kuningan,0.1104825512,0.429548353,217
135,Kuningan,0.1910360605,0.4284475744,217
136,Kuningan,0.361869663,0.4268430769,217
137,Kuningan,0.373768568,0.4229107201,217
138,Kuningan,0.2166869491,0.408944875,217
139,Kuningan,0.09573817998,0.4127764106,217
140,Kuningan,0.2226365358,0.3899008334,217
141,Kuningan,0.2835289538,0.4102743864,217
142,Kuningan,0.1567932218,0.4302764237,217
143,Kuningan,0.2292236984,0.4310908616,217
0,Majalengka,0.257442832,0.4375557899,113
1,Majalengka,0.2139955163,0.4288574755,113
2,Majalengka,0.2483882606,0.4303357899,113
3,Majalengka,0.1901640296,0.4275976121,113
4,Majalengka,0.422495693,0.4187787473,113
5,Majalengka,0.3777974546,0.4107995331,113
6,Majalengka,0.3128462732,0.4107980132,113
7,Majalengka,0.3791936636,0.3690904081,113
8,Majalengka,0.3396664262,0.2434267402,113
9,Majalengka,0.2725325823,0.2366019785,113
10,Majalengka,0.2366199195,0.3407224417,113
11,Majalengka,0.3092618287,0.4326685369,113
12,Majalengka,0.373198837,0.4292124212,113
13,Majalengka,0.03006270528,0.4326552749,113
14,Majalengka,0.3797168136,0.431387037,113
15,Majalengka,0.3712157309,0.4274074435,113
16,Majalengka,0.3266806304,0.4027082622,113
17,Majalengka,0.3704317212,0.3511146903,113
18,Majalengka,0.1755808592,0.278023541,113
19,Majalengka,0.274315536,0.2261303216,113
20,Majalengka,0.2316456884,0.2038881034,113
21,Majalengka,0.2062745839,0.2034479529,113
22,Majalengka,0.1298355609,0.3087070286,113
23,Majalengka,0.3386181295,0.3929150403,113
24,Majalengka,0.2291156799,0.4187731743,113
25,Majalengka,0.2843317986,0.4360817075,113
26,Majalengka,0.3419828713,0.4318855107,113
27,Majalengka,0.4126922488,0.4279482961,113
28,Majalengka,0.238894105,0.4248839319,113
29,Majalengka,0.4138875604,0.4241980314,113
30,Majalengka,0.3491887748,0.4206911027,113
31,Majalengka,0.3690581918,0.3972639441,113
32,Majalengka,0.4146197438,0.3992232084,113
33,Majalengka,0.1948610097,0.4273732305,113
34,Majalengka,0.09723342955,0.4344803393,113
35,Majalengka,0.4041134715,0.4291848838,113
36,Majalengka,0.4192795753,0.4338792264,113
37,Majalengka,-0.01573302969,0.4302268028,113
38,Majalengka,0.07321687788,0.4307621419,113
39,Majalengka,0.3457222283,0.4291448593,113
40,Majalengka,0.4202472866,0.4113331437,113
41,Majalengka,0.310687393,0.4051709175,113
42,Majalengka,0.3344242573,0.3786916435,113
43,Majalengka,0.2457637042,0.2733398378,113
44,Majalengka,0.2469763905,0.2298422903,113
45,Majalengka,0.201927349,0.3428684473,113
46,Majalengka,0.2846642435,0.4105301499,113
47,Majalengka,0.3236386776,0.4285154045,113
48,Majalengka,0.03296400979,0.4293225706,113
49,Majalengka,0.03320507705,0.4333857298,113
50,Majalengka,0.1898416877,0.4332602024,113
51,Majalengka,0.1817657501,0.4238826931,113
52,Majalengka,0.3675788939,0.3989269733,113
53,Majalengka,0.2669950128,0.3675988019,113
54,Majalengka,0.2874336541,0.3067434132,113
55,Majalengka,0.238593325,0.2416229397,113
56,Majalengka,0.2594945729,0.2055173963,113
57,Majalengka,0.2092021108,0.2085954249,113
58,Majalengka,0.1364254504,0.360968262,113
59,Majalengka,0.1844874173,0.4106868207,113
60,Majalengka,0.2885375023,0.4281127155,113
61,Majalengka,0.309766382,0.4329168499,113
62,Majalengka,0.1454387009,0.432385534,113
63,Majalengka,0.2018391788,0.4282256067,113
64,Majalengka,0.3935312033,0.4080642462,113
65,Majalengka,0.3232811689,0.369597137,113
66,Majalengka,0.3373466432,0.297121048,113
67,Majalengka,0.2660635114,0.2145369351,113
68,Majalengka,0.2279258817,0.206584692,113
69,Majalengka,0.2252554446,0.1955580711,113
70,Majalengka,0.1068277657,0.2524486184,113
71,Majalengka,0.08163641393,0.3760673404,113
72,Majalengka,0.2260174751,0.4186480045,113
73,Majalengka,0.3466395736,0.4323967993,113
74,Majalengka,0.382066071,0.4325906336,113
75,Majalengka,0.06690595299,0.4273839891,113
76,Majalengka,0.3303665221,0.4245778322,113
77,Majalengka,0.1643700302,0.4102843702,113
78,Majalengka,0.2166911513,0.3857417703,113
79,Majalengka,0.3295565248,0.3116901815,113
80,Majalengka,0.2783729732,0.2771444917,113
81,Majalengka,0.3268175721,0.3630282283,113
82,Majalengka,0.3408553302,0.4081330597,113
83,Majalengka,0.2059864998,0.4297189116,113
84,Majalengka,0.4299965799,0.4330176711,113
85,Majalengka,0.09188450873,0.4348840415,113
86,Majalengka,0.3291994035,0.4304369092,113
87,Majalengka,0.3221910298,0.4207977951,113
88,Majalengka,0.4027568698,0.3930058181,113
89,Majalengka,0.3943631947,0.3953212798,113
90,Majalengka,0.3604234457,0.383461535,113
91,Majalengka,0.3383747637,0.3399649262,113
92,Majalengka,0.3315615356,0.3090674877,113
93,Majalengka,0.2381431162,0.3216761947,113
94,Majalengka,0.1404045969,0.4295241237,113
95,Majalengka,0.03502457961,0.4300742149,113
96,Majalengka,0.2277391702,0.430703938,113
97,Majalengka,0.3198924661,0.4312638044,113
98,Majalengka,0.1381697208,0.4328565001,113
99,Majalengka,0.4058735073,0.4271317422,113
100,Majalengka,0.3952217698,0.429459393,113
101,Majalengka,0.3521679342,0.4208071232,113
102,Majalengka,0.2441317141,0.4036970437,113
103,Majalengka,0.3637731075,0.3824546039,113
104,Majalengka,0.210252136,0.3717370033,113
105,Majalengka,0.2880805433,0.4183229804,113
106,Majalengka,0.05986925587,0.4320580959,113
107,Majalengka,0.387322098,0.429066807,113
108,Majalengka,0.2271873057,0.4307353199,113
109,Majalengka,0.2179479301,0.4329051673,113
110,Majalengka,0.3484613597,0.4275198877,113
111,Majalengka,0.3826920092,0.431474328,113
112,Majalengka,0.3465380371,0.4110546112,113
113,Majalengka,0.3966628015,0.3824799061,113
114,Majalengka,0.2880234718,0.3383661807,113
115,Majalengka,0.3199100494,0.2530034781,113
116,Majalengka,0.2301016301,0.1922985464,113
117,Majalengka,0.2273094356,0.2165195495,113
118,Majalengka,0.1537801474,0.3333425224,113
119,Majalengka,0.2265427113,0.3661132157,113
120,Majalengka,0.2906212211,0.4212940335,113
121,Majalengka,0.3647428453,0.4302133918,113
122,Majalengka,0.3988561928,0.4246377349,113
123,Majalengka,0.3986756802,0.4271738827,113
124,Majalengka,0.2421844155,0.3935080767,113
125,Majalengka,0.08489750326,0.3794130087,113
126,Majalengka,0.3505548537,0.3513682783,113
127,Majalengka,0.324421227,0.2495546043,113
128,Majalengka,0.3043772578,0.2841302752,113
129,Majalengka,0.1580407172,0.2795783579,113
130,Majalengka,0.3452601433,0.4049862027,113
131,Majalengka,0.04986646771,0.4298275709,113
132,Majalengka,0.2006712407,0.4345703125,113
133,Majalengka,0.3541356027,0.4307589829,113
134,Majalengka,0.08796346933,0.429795295,113
135,Majalengka,0.3439142704,0.4303354323,113
136,Majalengka,0.4179868698,0.4276237488,113
137,Majalengka,0.4517897367,0.4164797068,113
138,Majalengka,0.3865613937,0.4066876173,113
139,Majalengka,0.3916850388,0.3864801526,113
140,Majalengka,0.1302986294,0.3530192077,113
141,Majalengka,0.3607355356,0.3852653801,113
142,Majalengka,0.08611551672,0.4273506403,113
143,Majalengka,0.3043736517,0.4306808114,113
0,Purwakarta,0,0.4361598492,223
1,Purwakarta,0.2383706868,0.4298511744,223
2,Purwakarta,0.2663677633,0.4299583733,223
3,Purwakarta,0.2235770673,0.4303224981,223
4,Purwakarta,0.3091083467,0.4219984114,223
5,Purwakarta,0.3425513208,0.4207994342,223
6,Purwakarta,0.272058785,0.4136706591,223
7,Purwakarta,0.3498598337,0.3758554161,223
8,Purwakarta,0.311591655,0.2594893873,223
9,Purwakarta,0.2339449376,0.2446753383,223
10,Purwakarta,0.08753442764,0.3616134822,223
11,Purwakarta,0.2938676476,0.433015883,223
12,Purwakarta,-1.23E-04,0.419010222,223
13,Purwakarta,0.2306717485,0.4312146306,223
14,Purwakarta,0.3299915493,0.4288093746,223
15,Purwakarta,0.06026939303,0.4267173707,223
16,Purwakarta,0.2516943216,0.3999287486,223
17,Purwakarta,0.3541002572,0.3351893425,223
18,Purwakarta,0.2919013798,0.2257854789,223
19,Purwakarta,0.2483777404,0.2315342575,223
20,Purwakarta,0.1833997369,0.1949223876,223
21,Purwakarta,0.2278318107,0.2143000662,223
22,Purwakarta,0.1762399971,0.3157871962,223
23,Purwakarta,0.2372896671,0.4098094106,223
24,Purwakarta,0.2988649905,0.4238422215,223
25,Purwakarta,0.3200738728,0.4330545366,223
26,Purwakarta,0.3357984126,0.429698199,223
27,Purwakarta,0.1992954314,0.4287503064,223
28,Purwakarta,0.3275404871,0.4267194271,223
29,Purwakarta,0.2375358641,0.426540345,223
30,Purwakarta,0.4021367729,0.4218049347,223
31,Purwakarta,0.375205934,0.3903370202,223
32,Purwakarta,0.3431722522,0.4176325202,223
33,Purwakarta,0.1437161267,0.4298990667,223
34,Purwakarta,0.3366711736,0.4356843531,223
35,Purwakarta,0.2072819024,0.4179365933,223
36,Purwakarta,0.2788372934,0.4248614013,223
37,Purwakarta,0.2143020928,0.4276723564,223
38,Purwakarta,0.3294947147,0.4277158976,223
39,Purwakarta,0.2070873827,0.4301464856,223
40,Purwakarta,0.3356310725,0.4094567895,223
41,Purwakarta,0.1833904237,0.4059205949,223
42,Purwakarta,0.352332145,0.3997067213,223
43,Purwakarta,0.2587029338,0.3223587275,223
44,Purwakarta,0.1960038245,0.2335068136,223
45,Purwakarta,0.2735495865,0.3927914798,223
46,Purwakarta,0.2490617186,0.4264485538,223
47,Purwakarta,0.3020723462,0.4247520864,223
48,Purwakarta,0.1903941929,0.4241183102,223
49,Purwakarta,0.05217773095,0.4298121631,223
50,Purwakarta,0.2499575764,0.4284586906,223
51,Purwakarta,0.3246027827,0.4216605127,223
52,Purwakarta,0.1509347558,0.400829047,223
53,Purwakarta,0.3650158346,0.3810241818,223
54,Purwakarta,0.3155644238,0.3205748796,223
55,Purwakarta,0.1712113917,0.2459345758,223
56,Purwakarta,0.2295218408,0.2237120122,223
57,Purwakarta,0.2134086043,0.2278684527,223
58,Purwakarta,0.2722065747,0.3921703696,223
59,Purwakarta,0.2769027352,0.4262027442,223
60,Purwakarta,0.09824346751,0.4232530594,223
61,Purwakarta,0.358753413,0.4302009642,223
62,Purwakarta,0.2966990769,0.4281158149,223
63,Purwakarta,0.1869910359,0.4287085235,223
64,Purwakarta,0.3346368968,0.4086874425,223
65,Purwakarta,0.2501064241,0.3543915749,223
66,Purwakarta,0.3056978881,0.2585194409,223
67,Purwakarta,0.230108127,0.2078400105,223
68,Purwakarta,0.2292872816,0.1864696294,223
69,Purwakarta,0.2126448601,0.2129933685,223
70,Purwakarta,0.31639117,0.28936553,223
71,Purwakarta,0.09313399345,0.3882925808,223
72,Purwakarta,0.3793999255,0.4255689681,223
73,Purwakarta,0.07429616898,0.431888938,223
74,Purwakarta,0.1953858137,0.4274812043,223
75,Purwakarta,0.2175524682,0.428276062,223
76,Purwakarta,0.4084625244,0.4257566333,223
77,Purwakarta,0.385976404,0.4070344865,223
78,Purwakarta,0.3257979751,0.3861584365,223
79,Purwakarta,0.1595638096,0.3154530823,223
80,Purwakarta,0.2951108217,0.3077850044,223
81,Purwakarta,0.3198786378,0.3928021491,223
82,Purwakarta,0.3838459551,0.4253728092,223
83,Purwakarta,0.2057930529,0.426617533,223
84,Purwakarta,0.04236092046,0.429128319,223
85,Purwakarta,0.263060689,0.4334023595,223
86,Purwakarta,0.3705874681,0.425860405,223
87,Purwakarta,0.3595625758,0.4197797179,223
88,Purwakarta,0.3657831848,0.4157963097,223
89,Purwakarta,0.3370651305,0.4129790664,223
90,Purwakarta,0.3051798046,0.402128458,223
91,Purwakarta,0.2757618725,0.3559222519,223
92,Purwakarta,0.3722545505,0.3620152175,223
93,Purwakarta,0.3789383173,0.382871598,223
94,Purwakarta,0.325163126,0.4373273849,223
95,Purwakarta,0.0759454295,0.4294143617,223
96,Purwakarta,0.2084459811,0.425064683,223
97,Purwakarta,0.3010707498,0.4274075627,223
98,Purwakarta,0.3393815756,0.4275145531,223
99,Purwakarta,0.0617705062,0.4265622497,223
100,Purwakarta,0.244173184,0.4287549555,223
101,Purwakarta,0.01031569298,0.4236387908,223
102,Purwakarta,0.3546330333,0.4082928002,223
103,Purwakarta,0.3561006784,0.3945979774,223
104,Purwakarta,0.2881989181,0.4133512676,223
105,Purwakarta,0.2236696035,0.4299169481,223
106,Purwakarta,0.1685677618,0.4317182899,223
107,Purwakarta,0.1434253454,0.4271512628,223
108,Purwakarta,0.4010882676,0.426223129,223
109,Purwakarta,0.2923059762,0.4310017228,223
110,Purwakarta,0.2585729361,0.4235897064,223
111,Purwakarta,0.3683835864,0.4260065258,223
112,Purwakarta,0.2273197174,0.4098449647,223
113,Purwakarta,0.3892911375,0.3813674748,223
114,Purwakarta,0.3315609097,0.3596190512,223
115,Purwakarta,0.2828597426,0.2692167461,223
116,Purwakarta,0.2710736692,0.2062831968,223
117,Purwakarta,0.2478158176,0.2160385996,223
118,Purwakarta,0.2765536606,0.3563990593,223
119,Purwakarta,0.3835924566,0.4100434184,223
120,Purwakarta,-0.008184106089,0.4242695272,223
121,Purwakarta,0.21774064,0.4280019403,223
122,Purwakarta,0.08307766169,0.4202903211,223
123,Purwakarta,0.3892215192,0.4300141335,223
124,Purwakarta,0.3620287478,0.3925341368,223
125,Purwakarta,0.3225263357,0.3863017857,223
126,Purwakarta,0.1828789562,0.3754977286,223
127,Purwakarta,0.2739607692,0.2842201889,223
128,Purwakarta,0.207440272,0.2844109535,223
129,Purwakarta,0.3397498727,0.3192370236,223
130,Purwakarta,0.1811828762,0.4201228321,223
131,Purwakarta,0.2644851804,0.4282620251,223
132,Purwakarta,0.1746544987,0.4295453429,223
133,Purwakarta,0.2545988858,0.427641809,223
134,Purwakarta,0.1598776281,0.4242961109,223
135,Purwakarta,0.2168732435,0.4295600653,223
136,Purwakarta,0.3962545991,0.4272624254,223
137,Purwakarta,0.2019517273,0.423476845,223
138,Purwakarta,0.370634228,0.4096947014,223
139,Purwakarta,0.3786246181,0.4033437371,223
140,Purwakarta,0.1943884641,0.3951379061,223
141,Purwakarta,0.1192735881,0.4201460779,223
142,Purwakarta,0.3630697131,0.429741919,223
143,Purwakarta,0.3682487011,0.42980057,223
0,Subang,0,0.4377083182,51
1,Subang,0.1231570914,0.42984128,51
2,Subang,0.1989219636,0.4251275361,51
3,Subang,0.1399302632,0.4235506654,51
4,Subang,0.2175186276,0.4189349115,51
5,Subang,0.3777995408,0.4124696255,51
6,Subang,0.2267965376,0.4041525126,51
7,Subang,0.2041266412,0.347961992,51
8,Subang,0.2853976488,0.2297087163,51
9,Subang,0.2393609732,0.2194529921,51
10,Subang,0.02674080804,0.3333975673,51
11,Subang,0.1700396836,0.4297540188,51
12,Subang,0.04877150431,0.4170826077,51
13,Subang,0.2998564243,0.4306225479,51
14,Subang,0.2452329397,0.4261101782,51
15,Subang,0.07629650831,0.4253732562,51
16,Subang,0.1855201572,0.3965219557,51
17,Subang,0.2749782801,0.3157022595,51
18,Subang,0.2804820538,0.2246644199,51
19,Subang,0.1590778232,0.1926445663,51
20,Subang,0.201198101,0.1733602434,51
21,Subang,0.2340568453,0.1816570908,51
22,Subang,0.2172168195,0.2908579111,51
23,Subang,0.1698205471,0.3794991672,51
24,Subang,0.189675957,0.4050435126,51
25,Subang,0.1555548161,0.4324753582,51
26,Subang,0.1957107186,0.4271895289,51
27,Subang,0.2439568937,0.4259192646,51
28,Subang,0.1170338169,0.423407197,51
29,Subang,0.2321863323,0.4244148433,51
30,Subang,0.06331781298,0.4149035215,51
31,Subang,0.2474383563,0.3903531432,51
32,Subang,0.2160406858,0.385411948,51
33,Subang,0.2000287771,0.4240991175,51
34,Subang,0.3077754974,0.4350734949,51
35,Subang,0.07837040722,0.4188114405,51
36,Subang,0.1454109848,0.4281440079,51
37,Subang,0.156711027,0.4276413321,51
38,Subang,0.3150233328,0.4265694618,51
39,Subang,0.03019887209,0.4267225266,51
40,Subang,0.1002014503,0.407569617,51
41,Subang,0.07822996378,0.3959315717,51
42,Subang,0.3132073581,0.3639658391,51
43,Subang,0.2947119176,0.2639688849,51
44,Subang,0.1918401867,0.2083580345,51
45,Subang,0.1968262196,0.3337082267,51
46,Subang,0.1819460392,0.4051059783,51
47,Subang,0.2326321155,0.4254671335,51
48,Subang,0.1370061934,0.4248737991,51
49,Subang,0.08736444265,0.4306208193,51
50,Subang,0.2688808143,0.4277963042,51
51,Subang,0.1798478812,0.4121317565,51
52,Subang,0.2067129463,0.3953569233,51
53,Subang,0.3769352734,0.3656303287,51
54,Subang,0.3724061847,0.2787140012,51
55,Subang,0.2617423236,0.2191137373,51
56,Subang,0.2153133899,0.2027247697,51
57,Subang,0.3277312517,0.2147169411,51
58,Subang,0.2818742096,0.3603669703,51
59,Subang,0.1977293789,0.4178438485,51
60,Subang,0.05019304156,0.4245715737,51
61,Subang,0.02474177256,0.4288960993,51
62,Subang,0.0517420657,0.4279916883,51
63,Subang,0.1568343043,0.4233890176,51
64,Subang,0.1273619682,0.4054921865,51
65,Subang,0.3118621111,0.3434432149,51
66,Subang,0.392301321,0.2376080155,51
67,Subang,0.2475422323,0.1909505725,51
68,Subang,0.2002068609,0.1661647111,51
69,Subang,0.2459218055,0.1931714863,51
70,Subang,0.02670721523,0.2573491931,51
71,Subang,0.01033570245,0.370359987,51
72,Subang,0.1161151305,0.4218630791,51
73,Subang,0.04970544949,0.4300262928,51
74,Subang,0.2244820595,0.4270343482,51
75,Subang,0.0834697932,0.4255990982,51
76,Subang,0.07499033213,0.4216411114,51
77,Subang,0.3291043639,0.4027611613,51
78,Subang,0.3583345711,0.3663712442,51
79,Subang,0.0780441463,0.2784989178,51
80,Subang,0.1094945222,0.2786720991,51
81,Subang,0.2953927815,0.3594999015,51
82,Subang,0.3323858678,0.4069267809,51
83,Subang,0.2081684768,0.4263491333,51
84,Subang,0.06922572851,0.4294743836,51
85,Subang,0.3103475571,0.4337283969,51
86,Subang,0.2584093809,0.4248423576,51
87,Subang,0.1303520352,0.4165896177,51
88,Subang,0.1269852519,0.3980109096,51
89,Subang,0.1834157109,0.3917806447,51
90,Subang,0.3336740136,0.3691865206,51
91,Subang,0.2816377282,0.3085948229,51
92,Subang,0.07272007316,0.3005290926,51
93,Subang,0.1317969263,0.3260695636,51
94,Subang,0.4094658494,0.4346875548,51
95,Subang,-0.003399792593,0.4265419245,51
96,Subang,0.1010997891,0.4267325401,51
97,Subang,0.1204862073,0.4265752435,51
98,Subang,0.3130881488,0.4268233776,51
99,Subang,0.2212367505,0.4215005636,51
100,Subang,0.1068699136,0.4279822409,51
101,Subang,0,0.4193907976,51
102,Subang,0.3168320656,0.4003979564,51
103,Subang,0.3081301451,0.380918622,51
104,Subang,0.1544215828,0.3781768084,51
105,Subang,0.1249672025,0.425475955,51
106,Subang,0.1692049056,0.4297283292,51
107,Subang,0.03154083714,0.4266628623,51
108,Subang,0.2639725804,0.4272579849,51
109,Subang,0.1094361842,0.431126684,51
110,Subang,0.2501423657,0.4219480157,51
111,Subang,0.2521752119,0.4244064987,51
112,Subang,0.3037511408,0.4075756371,51
113,Subang,0.2083251923,0.3671141267,51
114,Subang,0.2110500932,0.3087305427,51
115,Subang,0.3513128161,0.2295146137,51
116,Subang,0.2445526868,0.1745269895,51
117,Subang,0.1579417586,0.1839312911,51
118,Subang,0.1527124643,0.3141108155,51
119,Subang,0.1695695072,0.3684586883,51
120,Subang,0,0.4172416627,51
121,Subang,0.2156419754,0.426396966,51
122,Subang,0.3827556074,0.4214571416,51
123,Subang,0.2256270051,0.4260541499,51
124,Subang,0.1344669312,0.3883223534,51
125,Subang,0.2309170514,0.3556659818,51
126,Subang,0.4089057446,0.3210003376,51
127,Subang,0.2758935988,0.2189210951,51
128,Subang,0.165118292,0.2343407273,51
129,Subang,0.2699470818,0.2797052264,51
130,Subang,0.2332229614,0.3926457167,51
131,Subang,0.120422706,0.4276454151,51
132,Subang,0,0.4314686358,51
133,Subang,0.1299190819,0.4279496372,51
134,Subang,0.1812380552,0.4253521562,51
135,Subang,0.2602647245,0.4272168875,51
136,Subang,0.12371362,0.4225911498,51
137,Subang,0.1539898813,0.4183935225,51
138,Subang,0.3593688309,0.4019681215,51
139,Subang,0.2100815326,0.37651667,51
140,Subang,0.1252540946,0.3369444609,51
141,Subang,0.1987400949,0.3821475804,51
142,Subang,0.3339418173,0.4264118969,51
143,Subang,0.163502112,0.42838943,51
0,Sukabumi,0,0.4315649867,740
1,Sukabumi,0.2588681877,0.4270992279,740
2,Sukabumi,0.008473330177,0.4323380589,740
3,Sukabumi,0.11239779,0.4323757887,740
4,Sukabumi,0.1938184351,0.4262597859,740
5,Sukabumi,0.307357043,0.4195023477,740
6,Sukabumi,0.2282186598,0.4169390202,740
7,Sukabumi,0.2956534028,0.4009767771,740
8,Sukabumi,0.3061284721,0.3301181793,740
9,Sukabumi,0.2542847693,0.3311226368,740
10,Sukabumi,0.08958703279,0.4014275968,740
11,Sukabumi,0.1412341893,0.4331606328,740
12,Sukabumi,0.04552615061,0.4194030762,740
13,Sukabumi,0.2648711503,0.4315276742,740
14,Sukabumi,0.3708379567,0.4279481173,740
15,Sukabumi,0.3282271028,0.4259945154,740
16,Sukabumi,0.1458144039,0.4126672745,740
17,Sukabumi,0.3585369289,0.3879490197,740
18,Sukabumi,0.2008037716,0.3248058259,740
19,Sukabumi,0.2350909561,0.2927846014,740
20,Sukabumi,0.1530982852,0.264529258,740
21,Sukabumi,0.1663581878,0.2619482577,740
22,Sukabumi,0.2120817602,0.3796674609,740
23,Sukabumi,0.1955958307,0.425504148,740
24,Sukabumi,0.3372367024,0.4256620407,740
25,Sukabumi,0.3509657681,0.4292701483,740
26,Sukabumi,0.3285874128,0.430269748,740
27,Sukabumi,0.3339264095,0.4337546229,740
28,Sukabumi,0.3245592117,0.4301069975,740
29,Sukabumi,0.2156967521,0.4267201126,740
30,Sukabumi,0.3704430759,0.4294117391,740
31,Sukabumi,0.3434424996,0.4002329111,740
32,Sukabumi,0.2245129645,0.4296989739,740
33,Sukabumi,0.1677451879,0.432936281,740
34,Sukabumi,0.2525328696,0.4409353435,740
35,Sukabumi,0.196976468,0.4211587608,740
36,Sukabumi,0.1436110735,0.4237098098,740
37,Sukabumi,0.2987395525,0.4243189394,740
38,Sukabumi,0.2484879494,0.4270116687,740
39,Sukabumi,0.3732205331,0.4303196669,740
40,Sukabumi,0.3548878133,0.4139477611,740
41,Sukabumi,0.1862121671,0.4097988605,740
42,Sukabumi,0.06204258651,0.4121831059,740
43,Sukabumi,0.3036194742,0.3555416763,740
44,Sukabumi,0.3136442006,0.3085629046,740
45,Sukabumi,0.1986636966,0.4303602278,740
46,Sukabumi,0.1805954427,0.4321978688,740
47,Sukabumi,0.2079863995,0.425481528,740
48,Sukabumi,0.1336545497,0.4237247407,740
49,Sukabumi,0.3000178337,0.422285527,740
50,Sukabumi,0.2222927511,0.426074177,740
51,Sukabumi,0.2704826891,0.4287531376,740
52,Sukabumi,0.3616241515,0.412733525,740
53,Sukabumi,0.3105462492,0.3991164267,740
54,Sukabumi,0.3405689895,0.3638839126,740
55,Sukabumi,0.183023423,0.2711394429,740
56,Sukabumi,0.3070001006,0.3317044973,740
57,Sukabumi,0.3070235848,0.3404223621,740
58,Sukabumi,0.3045495152,0.425601393,740
59,Sukabumi,0.1653091162,0.4244467914,740
60,Sukabumi,0.3162125945,0.422092557,740
61,Sukabumi,0.2042171806,0.4281666279,740
62,Sukabumi,-0.00464490056,0.4284416139,740
63,Sukabumi,0.1906918734,0.4274570942,740
64,Sukabumi,0.2617537975,0.4144680202,740
65,Sukabumi,0.2222866267,0.372199744,740
66,Sukabumi,0.2940976918,0.3183703423,740
67,Sukabumi,0.323935926,0.259509474,740
68,Sukabumi,0.2898727655,0.2332269549,740
69,Sukabumi,0.2983474135,0.3147436082,740
70,Sukabumi,0.08522260189,0.3567366302,740
71,Sukabumi,0.1182342917,0.4175261259,740
72,Sukabumi,0.346054703,0.4223584831,740
73,Sukabumi,0.2914600372,0.4254412651,740
74,Sukabumi,0.339902848,0.4275580049,740
75,Sukabumi,0.1789438576,0.4299474359,740
76,Sukabumi,0.2104496658,0.4291561544,740
77,Sukabumi,0.3603227437,0.418957144,740
78,Sukabumi,0.3350242972,0.3957770765,740
79,Sukabumi,0.2425321341,0.371226877,740
80,Sukabumi,0.1025622785,0.3706254661,740
81,Sukabumi,0.3108991086,0.4214490652,740
82,Sukabumi,0.3527678847,0.4325504899,740
83,Sukabumi,0.1576240063,0.4281027317,740
84,Sukabumi,0.3615802824,0.4269305766,740
85,Sukabumi,0.2711108327,0.4290262163,740
86,Sukabumi,0.1151592955,0.421639502,740
87,Sukabumi,0.3328736126,0.4237503707,740
88,Sukabumi,0.3477600515,0.4188966453,740
89,Sukabumi,0.3115943968,0.4230369925,740
90,Sukabumi,0.1616786867,0.4095377624,740
91,Sukabumi,0.1533448547,0.3982880712,740
92,Sukabumi,0.3278791606,0.4099957347,740
93,Sukabumi,0.3108873367,0.4236481488,740
94,Sukabumi,0.3213496208,0.4382132888,740
95,Sukabumi,0.2814227343,0.4292799532,740
96,Sukabumi,0.3776282668,0.4236583114,740
97,Sukabumi,0.271695286,0.4255036712,740
98,Sukabumi,0.2495422959,0.4268615246,740
99,Sukabumi,0.02810032479,0.4285116792,740
100,Sukabumi,0.07842198759,0.4280450344,740
101,Sukabumi,0.2956267893,0.4278635383,740
102,Sukabumi,0.310161531,0.408819139,740
103,Sukabumi,0.2143208832,0.4080136716,740
104,Sukabumi,0.1910689771,0.4287831187,740
105,Sukabumi,0.104995802,0.4306948483,740
106,Sukabumi,0.08454357088,0.4320491552,740
107,Sukabumi,0.1538491994,0.4274432361,740
108,Sukabumi,0.4165917933,0.4242787957,740
109,Sukabumi,0.1136367097,0.427996695,740
110,Sukabumi,0.1813251078,0.4274173081,740
111,Sukabumi,0.3031646609,0.4274618626,740
112,Sukabumi,0.355517447,0.4177413583,740
113,Sukabumi,0.3418255746,0.4042550921,740
114,Sukabumi,0.2867078483,0.3864326179,740
115,Sukabumi,0.2928822637,0.3444266319,740
116,Sukabumi,0.3021741211,0.2705067396,740
117,Sukabumi,0.2923639119,0.3126178086,740
118,Sukabumi,0.2940988243,0.417697072,740
119,Sukabumi,0.310264945,0.4128045738,740
120,Sukabumi,0.2516599298,0.4272023737,740
121,Sukabumi,0.2404924333,0.4286462665,740
122,Sukabumi,-0.01126164198,0.4252392054,740
123,Sukabumi,0.2393659055,0.4326846898,740
124,Sukabumi,0.1728907079,0.4113743603,740
125,Sukabumi,0.3144028783,0.4141839147,740
126,Sukabumi,0.2922681272,0.4034707248,740
127,Sukabumi,0.1919852495,0.3571610749,740
128,Sukabumi,0.01955086924,0.3682483435,740
129,Sukabumi,0.2664201856,0.3999980688,740
130,Sukabumi,0.1449789405,0.4335785508,740
131,Sukabumi,0.3269827962,0.429002136,740
132,Sukabumi,0.08315277845,0.4251279533,740
133,Sukabumi,0.1176857352,0.4210871458,740
134,Sukabumi,0.1118734702,0.4248054922,740
135,Sukabumi,0.2036845982,0.4300532639,740
136,Sukabumi,0.3456146121,0.4273473322,740
137,Sukabumi,0.3702526689,0.4235648811,740
138,Sukabumi,0.3478150666,0.4132194519,740
139,Sukabumi,0.3012166917,0.4193364978,740
140,Sukabumi,0.3258077204,0.4179340601,740
141,Sukabumi,0.2000884414,0.4300749004,740
142,Sukabumi,0.1779101342,0.4317649901,740
143,Sukabumi,0.04315456748,0.4303426445,740
0,Sumedang,0.3832518756,0.4368991852,473
1,Sumedang,0.03389087319,0.4298606515,473
2,Sumedang,0.3097429276,0.4323161244,473
3,Sumedang,0.3654608727,0.4316911697,473
4,Sumedang,0.2134761512,0.4185466766,473
5,Sumedang,0.3291946352,0.4150795937,473
6,Sumedang,0.3596688509,0.4093993604,473
7,Sumedang,0.3658533096,0.3689635992,473
8,Sumedang,0.3747907579,0.2696273029,473
9,Sumedang,0.3963524997,0.2365243584,473
10,Sumedang,0.2704413831,0.3598148823,473
11,Sumedang,0.3723013699,0.4322679043,473
12,Sumedang,0.3856727481,0.4263859093,473
13,Sumedang,0.002454869682,0.4333680272,473
14,Sumedang,0.2794341743,0.4322912395,473
15,Sumedang,0.3025346696,0.4293573201,473
16,Sumedang,0.2055081278,0.4008356333,473
17,Sumedang,0.3469030559,0.3494376242,473
18,Sumedang,0.2317880988,0.2829345763,473
19,Sumedang,0.3531982601,0.2663977444,473
20,Sumedang,0.3828061521,0.2283228934,473
21,Sumedang,0.4020134807,0.2129568011,473
22,Sumedang,0.4001910985,0.3233719468,473
23,Sumedang,0.2632271945,0.3997096419,473
24,Sumedang,0.1995989531,0.4208147824,473
25,Sumedang,0.1578644365,0.4352728128,473
26,Sumedang,0.1471892595,0.4331096411,473
27,Sumedang,0.3768435121,0.4290593565,473
28,Sumedang,0.1865334511,0.4247084558,473
29,Sumedang,0.3753563464,0.4246919155,473
30,Sumedang,0.365026474,0.421223104,473
31,Sumedang,0.3510596156,0.4044626951,473
32,Sumedang,0.1281985492,0.4171440303,473
33,Sumedang,0.431915611,0.4273746014,473
34,Sumedang,0.3645678163,0.4368074834,473
35,Sumedang,0.2860145569,0.4259576499,473
36,Sumedang,0.2873871922,0.4325888455,473
37,Sumedang,-0.02200157382,0.4283796847,473
38,Sumedang,0.2796534002,0.4323064983,473
39,Sumedang,0.178484574,0.4311110675,473
40,Sumedang,0.3291037083,0.4146152735,473
41,Sumedang,0.1968498528,0.404176414,473
42,Sumedang,0.3814116716,0.3860043287,473
43,Sumedang,0.2701463997,0.311676532,473
44,Sumedang,0.3077007532,0.2645263076,473
45,Sumedang,0.1056910604,0.372263819,473
46,Sumedang,0.3726361394,0.4201065302,473
47,Sumedang,0.2227883339,0.4285881519,473
48,Sumedang,0.1833523512,0.4288869798,473
49,Sumedang,0.407002598,0.4315443933,473
50,Sumedang,0.1922345012,0.434237659,473
51,Sumedang,0.1766844839,0.4256182909,473
52,Sumedang,0.373986125,0.4047366977,473
53,Sumedang,0.3627623916,0.3845696151,473
54,Sumedang,0.361474663,0.333011061,473
55,Sumedang,0.3686265647,0.2781954408,473
56,Sumedang,0.3669776022,0.2510530651,473
57,Sumedang,0.3553073704,0.2294035256,473
58,Sumedang,0.2556915283,0.3842717409,473
59,Sumedang,0.1986385435,0.4183164537,473
60,Sumedang,0.2217511982,0.4284125865,473
61,Sumedang,0.2110140324,0.4330663085,473
62,Sumedang,0.3060376942,0.4327612221,473
63,Sumedang,0.368254602,0.4297127724,473
64,Sumedang,0.3370482922,0.412945658,473
65,Sumedang,0.1258275211,0.3744416535,473
66,Sumedang,0.3861646056,0.3108389378,473
67,Sumedang,0.3932849169,0.2283858508,473
68,Sumedang,0.3783807755,0.2254238278,473
69,Sumedang,0.3668799102,0.2193219215,473
70,Sumedang,0.3771097958,0.2976203859,473
71,Sumedang,0.2380358428,0.3915459514,473
72,Sumedang,0.2370686233,0.4213378131,473
73,Sumedang,0.276822418,0.4320030212,473
74,Sumedang,0.3802732229,0.4335848391,473
75,Sumedang,0.4272141159,0.4285019636,473
76,Sumedang,0.4078719616,0.4276622534,473
77,Sumedang,0.3317729235,0.4076971412,473
78,Sumedang,0.3313460648,0.3863585591,473
79,Sumedang,0.3651785254,0.3364064693,473
80,Sumedang,0.2287609428,0.3056216538,473
81,Sumedang,0.4236424863,0.361173749,473
82,Sumedang,0.4009165168,0.4108224809,473
83,Sumedang,0.1756910384,0.4298134446,473
84,Sumedang,0.4014864266,0.43230021,473
85,Sumedang,0.1918811053,0.4338228106,473
86,Sumedang,0.3179675937,0.4318799376,473
87,Sumedang,0.2514986992,0.4240068495,473
88,Sumedang,0.338737905,0.4070542455,473
89,Sumedang,0.3764196634,0.4124033153,473
90,Sumedang,0.3815192282,0.3961204588,473
91,Sumedang,0.3216423988,0.3691184223,473
92,Sumedang,0.4197992086,0.3494109213,473
93,Sumedang,0.1057079211,0.361541301,473
94,Sumedang,0.3896276653,0.4346118271,473
95,Sumedang,0.2008387446,0.4300971627,473
96,Sumedang,0.06197773293,0.4300310314,473
97,Sumedang,0.421949327,0.430172056,473
98,Sumedang,0.205787465,0.4332857132,473
99,Sumedang,0.3757207394,0.430401057,473
100,Sumedang,0.4556320608,0.4293629229,473
101,Sumedang,0.3298740685,0.4191226661,473
102,Sumedang,0.2055177838,0.4035372436,473
103,Sumedang,0.3556032181,0.3762088418,473
104,Sumedang,0.2173829377,0.3911408484,473
105,Sumedang,0.406319499,0.4235549569,473
106,Sumedang,0.4391175807,0.4323922396,473
107,Sumedang,0.4441280067,0.4298157096,473
108,Sumedang,0.2344232649,0.4293164313,473
109,Sumedang,0.4178644419,0.4324589968,473
110,Sumedang,0.4011585414,0.4271818399,473
111,Sumedang,0.3928124905,0.4330694377,473
112,Sumedang,0.4159196019,0.4116836488,473
113,Sumedang,0.4197405577,0.3840573728,473
114,Sumedang,0.4012582004,0.3535790443,473
115,Sumedang,0.3888806403,0.2774974704,473
116,Sumedang,0.3988137841,0.2221250683,473
117,Sumedang,0.4111655951,0.2314622849,473
118,Sumedang,0.4139076173,0.3553439081,473
119,Sumedang,0.2869806588,0.3876219094,473
120,Sumedang,0.2348005474,0.4246997237,473
121,Sumedang,0.1438267678,0.4306754172,473
122,Sumedang,0.4159179926,0.4237365127,473
123,Sumedang,0.3170840144,0.4303009212,473
124,Sumedang,0.3596966267,0.3967045546,473
125,Sumedang,0.2122698724,0.3843141794,473
126,Sumedang,0.3928642273,0.3709346056,473
127,Sumedang,0.3918844163,0.2853380442,473
128,Sumedang,0.4115465581,0.3073000014,473
129,Sumedang,0.3560811579,0.3144226074,473
130,Sumedang,0.2677538991,0.4100199938,473
131,Sumedang,0.1036178321,0.4296465516,473
132,Sumedang,0.411657393,0.4334383011,473
133,Sumedang,0.1571904421,0.4296071231,473
134,Sumedang,0.3007622361,0.4306744933,473
135,Sumedang,0.3456670344,0.4326051772,473
136,Sumedang,0.2603026032,0.4299945235,473
137,Sumedang,0.3915447593,0.4200267494,473
138,Sumedang,0.4001447558,0.4054627419,473
139,Sumedang,0.4054253101,0.4020043612,473
140,Sumedang,0.2243420631,0.3844642341,473
141,Sumedang,0.4289831519,0.4016929269,473
142,Sumedang,0.3571316302,0.4306639433,473
143,Sumedang,0.2543318868,0.4318681657,473
0,Kota Bekasi,0,0.4240676463,26
1,Kota Bekasi,0.1570798904,0.4182040989,26
2,Kota Bekasi,0.05040685833,0.4143925011,26
3,Kota Bekasi,0.0477499105,0.4145434499,26
4,Kota Bekasi,0.02530149184,0.4109467268,26
5,Kota Bekasi,0.01715240255,0.410512507,26
6,Kota Bekasi,0.07500073314,0.4078634977,26
7,Kota Bekasi,0.06926652789,0.4063571393,26
8,Kota Bekasi,0.06222298741,0.404746592,26
9,Kota Bekasi,0.08312038332,0.404838115,26
10,Kota Bekasi,0.1090726107,0.4106633067,26
11,Kota Bekasi,0.01457386371,0.4158305228,26
12,Kota Bekasi,0.109823741,0.4137504399,26
13,Kota Bekasi,0.03379048407,0.4165630043,26
14,Kota Bekasi,0.09969303012,0.4133914113,26
15,Kota Bekasi,0.07447104901,0.4112468958,26
16,Kota Bekasi,0.08216279,0.4063806534,26
17,Kota Bekasi,0.07839310169,0.4060292244,26
18,Kota Bekasi,0.04903296381,0.4039521515,26
19,Kota Bekasi,0.0723811537,0.4057842493,26
20,Kota Bekasi,0.06404843181,0.4045119882,26
21,Kota Bekasi,0.07390630245,0.4044715464,26
22,Kota Bekasi,0.04420522228,0.4102652967,26
23,Kota Bekasi,0.08945079893,0.4125588834,26
24,Kota Bekasi,0.05575155094,0.4126657546,26
25,Kota Bekasi,0.05532655865,0.4187810719,26
26,Kota Bekasi,0.01700043119,0.4138032496,26
27,Kota Bekasi,0.1151891351,0.4146710038,26
28,Kota Bekasi,0.05506230518,0.4132305384,26
29,Kota Bekasi,0.09348472953,0.4107676148,26
30,Kota Bekasi,-0.01160737965,0.4099321067,26
31,Kota Bekasi,0.06790679693,0.4090191722,26
32,Kota Bekasi,0.03023833781,0.4119169712,26
33,Kota Bekasi,0.08880613744,0.4149948657,26
34,Kota Bekasi,0.09782325476,0.4175872505,26
35,Kota Bekasi,0.06863249838,0.4098970592,26
36,Kota Bekasi,0.05743919313,0.4156972766,26
37,Kota Bekasi,0.1098434106,0.4175533354,26
38,Kota Bekasi,0.06640833616,0.4129779637,26
39,Kota Bekasi,0.1134073213,0.4111143947,26
40,Kota Bekasi,0.08690156788,0.4097157419,26
41,Kota Bekasi,0.09100582451,0.4097410738,26
42,Kota Bekasi,0.03840587288,0.4076633453,26
43,Kota Bekasi,0.06275731325,0.4054085016,26
44,Kota Bekasi,0.09884287417,0.4049465954,26
45,Kota Bekasi,0.03739914298,0.4104502201,26
46,Kota Bekasi,0.05658565834,0.4132173657,26
47,Kota Bekasi,0.08051887155,0.4132278562,26
48,Kota Bekasi,0.01427170634,0.4143158495,26
49,Kota Bekasi,0.003946163692,0.4162617624,26
50,Kota Bekasi,0.0732569024,0.4139043093,26
51,Kota Bekasi,0.009862646461,0.4105634391,26
52,Kota Bekasi,0.0702804327,0.4092839658,26
53,Kota Bekasi,0.1397638172,0.40561077,26
54,Kota Bekasi,0.0437076129,0.4043402076,26
55,Kota Bekasi,0.09064407647,0.4045768082,26
56,Kota Bekasi,0.05878371745,0.4050282538,26
57,Kota Bekasi,0.06757569313,0.4060171247,26
58,Kota Bekasi,0.0502079539,0.4134204984,26
59,Kota Bekasi,0.07932654768,0.4108699262,26
60,Kota Bekasi,0.01253514271,0.4152344465,26
61,Kota Bekasi,-0.01069196593,0.4135714769,26
62,Kota Bekasi,0.06067639217,0.4139637947,26
63,Kota Bekasi,0.0468163453,0.4127857685,26
64,Kota Bekasi,0.07965346426,0.4078376591,26
65,Kota Bekasi,0.1118583083,0.4051561654,26
66,Kota Bekasi,0.05494450033,0.4039914906,26
67,Kota Bekasi,0.07851207256,0.4048788249,26
68,Kota Bekasi,0.05143662542,0.4044661224,26
69,Kota Bekasi,0.05156652257,0.4038188159,26
70,Kota Bekasi,-1.50E-05,0.407975316,26
71,Kota Bekasi,0.02391496859,0.4137971103,26
72,Kota Bekasi,0.05836593732,0.4151540101,26
73,Kota Bekasi,0.07614267617,0.4192471504,26
74,Kota Bekasi,0.07672405243,0.4144066274,26
75,Kota Bekasi,0.05545768142,0.413364023,26
76,Kota Bekasi,0.01844555698,0.4124577045,26
77,Kota Bekasi,0.05053607747,0.4070070684,26
78,Kota Bekasi,0.0478188917,0.4070120156,26
79,Kota Bekasi,0.03469711542,0.4056150615,26
80,Kota Bekasi,0.05290850252,0.4079574645,26
81,Kota Bekasi,0.06122233719,0.4099979103,26
82,Kota Bekasi,0.05465050042,0.4124087095,26
83,Kota Bekasi,0.05381935835,0.4124195576,26
84,Kota Bekasi,0.08418510854,0.416382581,26
85,Kota Bekasi,0.06410939246,0.4197514057,26
86,Kota Bekasi,0.1308644563,0.4118035436,26
87,Kota Bekasi,0.09666984528,0.4103324115,26
88,Kota Bekasi,0.1131225973,0.4093921483,26
89,Kota Bekasi,0.1331700534,0.4086709321,26
90,Kota Bekasi,0.0282330662,0.4073696733,26
91,Kota Bekasi,0.02839547023,0.4049150646,26
92,Kota Bekasi,0.05126582459,0.4073067307,26
93,Kota Bekasi,0.04821364582,0.4097030759,26
94,Kota Bekasi,0.08431178331,0.4157045484,26
95,Kota Bekasi,0.01430854108,0.4118696451,26
96,Kota Bekasi,0.07304338366,0.4145769477,26
97,Kota Bekasi,0.1230602935,0.4147896469,26
98,Kota Bekasi,0.07134317607,0.4127400517,26
99,Kota Bekasi,0.05800882727,0.4110997915,26
100,Kota Bekasi,0.1130826846,0.4130372703,26
101,Kota Bekasi,0,0.4103811979,26
102,Kota Bekasi,0.05420261249,0.4060401618,26
103,Kota Bekasi,0.05922357738,0.4073969424,26
104,Kota Bekasi,0.0295599699,0.4096526802,26
105,Kota Bekasi,0.02788652852,0.4144738317,26
106,Kota Bekasi,0.03733409941,0.4148945808,26
107,Kota Bekasi,0.02438477427,0.4126324356,26
108,Kota Bekasi,0.04774061963,0.4131771922,26
109,Kota Bekasi,0.05246265978,0.4161991179,26
110,Kota Bekasi,0.03888075426,0.4122686386,26
111,Kota Bekasi,0.07178362459,0.4111407697,26
112,Kota Bekasi,0.03802629188,0.40918383,26
113,Kota Bekasi,0.08486592025,0.406835705,26
114,Kota Bekasi,0.04643397406,0.4067364335,26
115,Kota Bekasi,0.06462884694,0.4058114886,26
116,Kota Bekasi,0.04402645305,0.404176861,26
117,Kota Bekasi,0.04280528054,0.4046541452,26
118,Kota Bekasi,0.02814848535,0.4109564722,26
119,Kota Bekasi,0.1015510559,0.4081455171,26
120,Kota Bekasi,0,0.4156458974,26
121,Kota Bekasi,0.03000564128,0.415071398,26
122,Kota Bekasi,-0.02150495909,0.4137222469,26
123,Kota Bekasi,0.132985428,0.4150404036,26
124,Kota Bekasi,0.06167360395,0.4066193998,26
125,Kota Bekasi,0.0943287611,0.4080452323,26
126,Kota Bekasi,0.04164533317,0.4073687792,26
127,Kota Bekasi,0.06272752583,0.4060034156,26
128,Kota Bekasi,0.05665023997,0.4078324735,26
129,Kota Bekasi,0.09151498228,0.4065227211,26
130,Kota Bekasi,0.0216511935,0.4150667191,26
131,Kota Bekasi,0.04029385373,0.4147177339,26
132,Kota Bekasi,0,0.4164541066,26
133,Kota Bekasi,0.0586062856,0.4148936272,26
134,Kota Bekasi,0.1167779192,0.4112303853,26
135,Kota Bekasi,0.09484256804,0.4129559994,26
136,Kota Bekasi,0.0777875632,0.4132074714,26
137,Kota Bekasi,0.07307196409,0.4112871587,26
138,Kota Bekasi,0.02503709681,0.4092016816,26
139,Kota Bekasi,0.05485185608,0.4098837376,26
140,Kota Bekasi,0.008317501284,0.4081120193,26
141,Kota Bekasi,0.0277668871,0.4116798341,26
142,Kota Bekasi,0.04854657501,0.4127486646,26
143,Kota Bekasi,0.06311953068,0.4133141041,26
0,Kota Depok,0,0.423691541,82
1,Kota Depok,0.07883850485,0.4180175364,82
2,Kota Depok,0.0634238869,0.4157626927,82
3,Kota Depok,0.07692681253,0.4174017608,82
4,Kota Depok,0.09855620563,0.4129855633,82
5,Kota Depok,0.03443448618,0.4126770198,82
6,Kota Depok,0.0763572827,0.4091176689,82
7,Kota Depok,0.008421405219,0.4057745039,82
8,Kota Depok,0.007225746755,0.404957056,82
9,Kota Depok,0.09760075063,0.4058390558,82
10,Kota Depok,0.06381481141,0.4146166444,82
11,Kota Depok,-0.006289691199,0.4179921746,82
12,Kota Depok,0.08697613329,0.4141271114,82
13,Kota Depok,0.05883090571,0.4175109565,82
14,Kota Depok,0.1123785451,0.4143067002,82
15,Kota Depok,0.02108298615,0.4127441645,82
16,Kota Depok,0.03097798862,0.4078128934,82
17,Kota Depok,0.0440945141,0.4071535766,82
18,Kota Depok,0.04112851992,0.40410465,82
19,Kota Depok,0.0305114761,0.4048908651,82
20,Kota Depok,0.1272048205,0.404781878,82
21,Kota Depok,0.03625661135,0.4051197171,82
22,Kota Depok,0.07228780538,0.4134293199,82
23,Kota Depok,0.07382652164,0.4144650698,82
24,Kota Depok,0.01995080151,0.4143567979,82
25,Kota Depok,0.07301356643,0.4192042053,82
26,Kota Depok,0.05097758025,0.4146540761,82
27,Kota Depok,0.09770082682,0.4169925749,82
28,Kota Depok,0.02087756619,0.4143239856,82
29,Kota Depok,0.09186257422,0.4127295613,82
30,Kota Depok,0.1222447529,0.4123545885,82
31,Kota Depok,0.03887966648,0.4106994867,82
32,Kota Depok,0.04597257823,0.4151082933,82
33,Kota Depok,0.1418728083,0.4172145426,82
34,Kota Depok,0.1345089227,0.4207027853,82
35,Kota Depok,0.09828017652,0.4111033678,82
36,Kota Depok,0.08314308524,0.4158320427,82
37,Kota Depok,0.1699804068,0.4176357687,82
38,Kota Depok,0.04459687695,0.4135232866,82
39,Kota Depok,0.07164119184,0.4136200845,82
40,Kota Depok,0.1708175838,0.4103800058,82
41,Kota Depok,0.07551867515,0.4108397067,82
42,Kota Depok,0.03426320478,0.4089096487,82
43,Kota Depok,0.07300198078,0.4056526423,82
44,Kota Depok,0.1166362017,0.4065663218,82
45,Kota Depok,0.04401088133,0.4134575725,82
46,Kota Depok,0.1081953198,0.415874809,82
47,Kota Depok,0.1538654864,0.4142709374,82
48,Kota Depok,0.03255140781,0.4146685302,82
49,Kota Depok,0.01629794016,0.4164564312,82
50,Kota Depok,0.07654471695,0.4143873453,82
51,Kota Depok,0.07245694846,0.4126456976,82
52,Kota Depok,0.1185399294,0.4104680419,82
53,Kota Depok,0.08022201061,0.4064344168,82
54,Kota Depok,0.04882572964,0.4044665098,82
55,Kota Depok,0.1520422697,0.4049278796,82
56,Kota Depok,0.06847113371,0.4056714177,82
57,Kota Depok,0.04546406493,0.4071910977,82
58,Kota Depok,0.1014851183,0.4162869453,82
59,Kota Depok,0.1047657058,0.4130762517,82
60,Kota Depok,0.06444536895,0.4150302112,82
61,Kota Depok,-0.01680819318,0.4149549901,82
62,Kota Depok,0.06483091414,0.4143783748,82
63,Kota Depok,0.03813567758,0.414914012,82
64,Kota Depok,0.05622305349,0.4090473354,82
65,Kota Depok,0.09710604697,0.4056785405,82
66,Kota Depok,0.03993050382,0.4040561318,82
67,Kota Depok,0.107258305,0.4049761891,82
68,Kota Depok,0.06019385532,0.4048144817,82
69,Kota Depok,0.09375103563,0.4056966007,82
70,Kota Depok,0.0708918348,0.4101379216,82
71,Kota Depok,0.008937025443,0.4157086909,82
72,Kota Depok,0.1653627008,0.4155983329,82
73,Kota Depok,0.1112263203,0.4187481105,82
74,Kota Depok,0.04667120799,0.4146920145,82
75,Kota Depok,0.09850870818,0.4149503708,82
76,Kota Depok,0.04004026204,0.4136057198,82
77,Kota Depok,0.08006369323,0.4077593982,82
78,Kota Depok,0.0675387755,0.4078113139,82
79,Kota Depok,0.1064954698,0.4051558077,82
80,Kota Depok,0.01986607723,0.409266293,82
81,Kota Depok,0.08344253898,0.4125683308,82
82,Kota Depok,0.02022389695,0.4152816534,82
83,Kota Depok,0.07048063725,0.413601011,82
84,Kota Depok,0.1691641957,0.4158457518,82
85,Kota Depok,0.03176288679,0.4197389781,82
86,Kota Depok,0.04894372448,0.4123906493,82
87,Kota Depok,0.06444004923,0.4119637609,82
88,Kota Depok,0.03807145357,0.4108048975,82
89,Kota Depok,0.06658155471,0.4106024206,82
90,Kota Depok,0.02062663808,0.4079468846,82
91,Kota Depok,0.06625460833,0.4066446424,82
92,Kota Depok,0.02939657494,0.4100961387,82
93,Kota Depok,0.0344716832,0.4114812911,82
94,Kota Depok,0.1056357622,0.4191120267,82
95,Kota Depok,0.08364851773,0.4136354327,82
96,Kota Depok,0.1178672761,0.4149023592,82
97,Kota Depok,0.1176503971,0.4149036407,82
98,Kota Depok,0.06157515198,0.41302073,82
99,Kota Depok,0.1645572335,0.4132286906,82
100,Kota Depok,0.0561443232,0.4144288003,82
101,Kota Depok,-0.007468382828,0.4120117724,82
102,Kota Depok,0.07743836939,0.4068939388,82
103,Kota Depok,0.04226763919,0.4083861113,82
104,Kota Depok,0.01081007347,0.4123528004,82
105,Kota Depok,0.03128463402,0.4171268642,82
106,Kota Depok,0.09261439741,0.4175636172,82
107,Kota Depok,0.05173793435,0.4144664705,82
108,Kota Depok,0.02431772277,0.4135559201,82
109,Kota Depok,0.005386659876,0.4167088866,82
110,Kota Depok,0.08092980087,0.4126892686,82
111,Kota Depok,0.09070860595,0.4134729505,82
112,Kota Depok,0.09367219359,0.4101974666,82
113,Kota Depok,0.04381338507,0.4088223577,82
114,Kota Depok,0.03344004974,0.4075570107,82
115,Kota Depok,0.0669657141,0.4062178731,82
116,Kota Depok,0.06336117536,0.4043137729,82
117,Kota Depok,0.04455674812,0.4058585763,82
118,Kota Depok,0.1170382649,0.4142110348,82
119,Kota Depok,0.145292744,0.4096498191,82
120,Kota Depok,0.01567375287,0.4167943001,82
121,Kota Depok,0.03717111051,0.4155415297,82
122,Kota Depok,-0.02320379205,0.4141861796,82
123,Kota Depok,0.03705476224,0.4175640643,82
124,Kota Depok,0.03735829145,0.4080956876,82
125,Kota Depok,0.05164833739,0.4099570215,82
126,Kota Depok,0.05461430177,0.4082238078,82
127,Kota Depok,0.07972689718,0.4073775411,82
128,Kota Depok,0.06955146044,0.4087662697,82
129,Kota Depok,0.05288486555,0.4084625244,82
130,Kota Depok,0.1236350387,0.4187293351,82
131,Kota Depok,0.04397488385,0.416087091,82
132,Kota Depok,0.04710770398,0.417236656,82
133,Kota Depok,0.06848040223,0.4149587452,82
134,Kota Depok,0.1165916398,0.4117091,82
135,Kota Depok,0.09140108526,0.4154915214,82
136,Kota Depok,0.03989839181,0.414090395,82
137,Kota Depok,0.1140632853,0.4137193561,82
138,Kota Depok,0.03111483157,0.4103585184,82
139,Kota Depok,0.0247668568,0.4116948247,82
140,Kota Depok,0.04552038759,0.4101803303,82
141,Kota Depok,0.1121664718,0.4144726396,82
142,Kota Depok,0.05410422012,0.4161014557,82
143,Kota Depok,0.06198025867,0.416693598,82