date,Kabupaten,NDVI_8Day_Mean
2014-01-01,Bandung,0.3501679804811979
2014-01-01,Kota Cimahi,0.18780268398914368
2014-01-01,Kota Tasikmalaya,0.22292064968659425
2014-01-01,Tasikmalaya,0.3187711418330242
2014-01-01,Ciamis,0.36045535198759665
2014-01-01,Kota Banjar,0.41474772689918343
2014-01-01,Bekasi,0.38434653590484974
2014-01-01,Bogor,0.5382594801654577
2014-01-01,Cianjur,0.47119561612416294
2014-01-01,Cirebon,0.22996332904528474
2014-01-01,Garut,0.5333999029735527
2014-01-01,Indramayu,0.2045598032561331
2014-01-01,Karawang,0.3360405954496248
2014-01-01,Kota Bandung,0.18233227039386837
2014-01-01,Kota Bogor,0.44513464596647057
2014-01-01,Kota Cirebon,0.2958885952478113
2014-01-01,Kota Sukabumi,0.279180277284578
2014-01-01,Kuningan,0.2422285780862882
2014-01-01,Majalengka,0.3120673707146637
2014-01-01,Purwakarta,0.45942889858112507
2014-01-01,Subang,0.3200231924060941
2014-01-01,Sukabumi,0.5459498977712013
2014-01-01,Sumedang,0.34906551038102757
2014-01-01,Kota Bekasi,0.3192619343709407
2014-01-01,Kota Depok,0.46707440319273613
2014-01-09,Bandung,0.47766042987741947
2014-01-09,Kota Cimahi,0.29147843343822
2014-01-09,Kota Tasikmalaya,0.5199106492856097
2014-01-09,Tasikmalaya,0.5335221354577201
2014-01-09,Ciamis,0.41877238142073503
2014-01-09,Kota Banjar,0.41648367029024985
2014-01-09,Bekasi,0.27013039053604976
2014-01-09,Bogor,0.5175980941481917
2014-01-09,Cianjur,0.4919128822818145
2014-01-09,Cirebon,0.2554769393281281
2014-01-09,Garut,0.5004109444667688
2014-01-09,Indramayu,0.2708424873477804
2014-01-09,Karawang,0.3185008932429944
2014-01-09,Kota Bandung,0.2933684364376554
2014-01-09,Kota Bogor,0.42457270062812613
2014-01-09,Kota Cirebon,0.2556514566014061
2014-01-09,Kota Sukabumi,0.47031767539832464
2014-01-09,Kuningan,0.38378365660678826
2014-01-09,Majalengka,0.44357257763696645
2014-01-09,Purwakarta,0.5859030688631028
2014-01-09,Subang,0.4998493110226408
2014-01-09,Sukabumi,0.4585247369999465
2014-01-09,Sumedang,0.5323984336155876
2014-01-09,Kota Bekasi,0.25689734967333666
2014-01-09,Kota Depok,0.3438569630102404
2014-01-17,Bandung,0.16255537719438784
2014-01-17,Kota Cimahi,0.019211175439240214
2014-01-17,Kota Tasikmalaya,0.19913398698376664
2014-01-17,Tasikmalaya,0.4044479658997172
2014-01-17,Ciamis,0.4591557588427965
2014-01-17,Kota Banjar,0.380411155002341
2014-01-17,Bekasi,0.04325724927462514
2014-01-17,Bogor,0.042083225955473105
2014-01-17,Cianjur,0.42960281859426375
2014-01-17,Cirebon,0.19295709649757042
2014-01-17,Garut,0.394963908380806
2014-01-17,Indramayu,0.05490614602764351
2014-01-17,Karawang,0.0460571269027805
2014-01-17,Kota Bandung,0.17157581647640918
2014-01-17,Kota Bogor,0.006805081606868488
2014-01-17,Kota Cirebon,0.12030507762725334
2014-01-17,Kota Sukabumi,0.4163368298509137
2014-01-17,Kuningan,0.3389377977962436
2014-01-17,Majalengka,0.094370311718349
2014-01-17,Purwakarta,0.044825165424492934
2014-01-17,Subang,0.058323125134493496
2014-01-17,Sukabumi,0.41733218562131247
2014-01-17,Sumedang,0.1478654720472631
2014-01-17,Kota Bekasi,0.05515929533619971
2014-01-17,Kota Depok,0.027063277798566654
2014-01-25,Bandung,0.5898524800511415
2014-01-25,Kota Cimahi,0.41092377269700925
2014-01-25,Kota Tasikmalaya,0.6434380182683833
2014-01-25,Tasikmalaya,0.7371426966763349
2014-01-25,Ciamis,0.7047896642725687
2014-01-25,Kota Banjar,0.6334615829926417
2014-01-25,Bekasi,0.16317325970961233
2014-01-25,Bogor,0.3658642978917418
2014-01-25,Cianjur,0.6680331083781579
2014-01-25,Cirebon,0.42213299504148716
2014-01-25,Garut,0.6831986854665145
2014-01-25,Indramayu,0.2594234724747127
2014-01-25,Karawang,0.17161230478109124
2014-01-25,Kota Bandung,0.3936397449746758
2014-01-25,Kota Bogor,0.3810895475693355
2014-01-25,Kota Cirebon,0.37488042753074297
2014-01-25,Kota Sukabumi,0.5032834801519528
2014-01-25,Kuningan,0.5276981682344501
2014-01-25,Majalengka,0.5540770802030899
2014-01-25,Purwakarta,0.4170147516632384
2014-01-25,Subang,0.38065847551665366
2014-01-25,Sukabumi,0.695378083644119
2014-01-25,Sumedang,0.4467206575980237
2014-01-25,Kota Bekasi,0.13459508041533802
2014-01-25,Kota Depok,0.2126261790390979
2014-02-33,Bandung,0.30327460402504375
2014-02-33,Kota Cimahi,0.3114415698482889
2014-02-33,Kota Tasikmalaya,0.5933615466798827
2014-02-33,Tasikmalaya,0.6616809121875684
2014-02-33,Ciamis,0.6251268210076906
2014-02-33,Kota Banjar,0.6568871384408042
2014-02-33,Bekasi,0.21977170102487514
2014-02-33,Bogor,0.20117124971103223
2014-02-33,Cianjur,0.5557426734717678
2014-02-33,Cirebon,0.3126148407028348
2014-02-33,Garut,0.496582371724199
2014-02-33,Indramayu,0.21008217396503737
2014-02-33,Karawang,0.2397580957565958
2014-02-33,Kota Bandung,0.2479397879857837
2014-02-33,Kota Bogor,0.17312680328066296
2014-02-33,Kota Cirebon,0.2005394297033456
2014-02-33,Kota Sukabumi,0.4179447760143085
2014-02-33,Kuningan,0.31388737452344806
2014-02-33,Majalengka,0.303228732596368
2014-02-33,Purwakarta,0.177196594654706
2014-02-33,Subang,0.1622534668464962
2014-02-33,Sukabumi,0.6528110087606127
2014-02-33,Sumedang,0.2023644317087672
2014-02-33,Kota Bekasi,0.20927223177189536
2014-02-33,Kota Depok,0.20292819768924553
2014-02-41,Bandung,0.5199261992175488
2014-02-41,Kota Cimahi,0.2507042229311794
2014-02-41,Kota Tasikmalaya,0.6282646778152496
2014-02-41,Tasikmalaya,0.7334766220154515
2014-02-41,Ciamis,0.7149777168812266
2014-02-41,Kota Banjar,0.6940896299507194
2014-02-41,Bekasi,0.24013274717691005
2014-02-41,Bogor,0.4019477118895144
2014-02-41,Cianjur,0.671847614598038
2014-02-41,Cirebon,0.4098702795704336
2014-02-41,Garut,0.7182583751324819
2014-02-41,Indramayu,0.412988739996696
2014-02-41,Karawang,0.28531416131650134
2014-02-41,Kota Bandung,0.28633916814731547
2014-02-41,Kota Bogor,0.2582336681490783
2014-02-41,Kota Cirebon,0.2581621764371079
2014-02-41,Kota Sukabumi,0.5034843760842512
2014-02-41,Kuningan,0.5740995915311101
2014-02-41,Majalengka,0.7151531767821528
2014-02-41,Purwakarta,0.419393257067532
2014-02-41,Subang,0.429283477827561
2014-02-41,Sukabumi,0.678379200518049
2014-02-41,Sumedang,0.5780268917103493
2014-02-41,Kota Bekasi,0.192869095810891
2014-02-41,Kota Depok,0.4906357376078279
2014-02-49,Bandung,0.6380226460656366
2014-02-49,Kota Cimahi,0.3458838325624107
2014-02-49,Kota Tasikmalaya,0.4644278459608984
2014-02-49,Tasikmalaya,0.5895890718400079
2014-02-49,Ciamis,0.5782756073682421
2014-02-49,Kota Banjar,0.5746586402720206
2014-02-49,Bekasi,0.2610381049822856
2014-02-49,Bogor,0.598918004511083
2014-02-49,Cianjur,0.7195624653249076
2014-02-49,Cirebon,0.36818758027219034
2014-02-49,Garut,0.6721063060596217
2014-02-49,Indramayu,0.3493392966608727
2014-02-49,Karawang,0.2917419561843796
2014-02-49,Kota Bandung,0.3577579405818153
2014-02-49,Kota Bogor,0.5049821814578603
2014-02-49,Kota Cirebon,0.23207036742352136
2014-02-49,Kota Sukabumi,0.5558760498360473
2014-02-49,Kuningan,0.46510305191352563
2014-02-49,Majalengka,0.392475105625994
2014-02-49,Purwakarta,0.48564581634417625
2014-02-49,Subang,0.3439619613173669
2014-02-49,Sukabumi,0.7538311530022644
2014-02-49,Sumedang,0.4812747742731249
2014-02-49,Kota Bekasi,0.27108288930368435
2014-02-49,Kota Depok,0.48470416763244895
2014-02-57,Bandung,0.6487735932675269
2014-02-57,Kota Cimahi,0.27082413410063405
2014-02-57,Kota Tasikmalaya,0.644280515983204
2014-02-57,Tasikmalaya,0.7545443444089994
2014-02-57,Ciamis,0.7784415557363377
2014-02-57,Kota Banjar,0.7374067288321751
2014-02-57,Bekasi,0.36464040361720096
2014-02-57,Bogor,0.6461159599006625
2014-02-57,Cianjur,0.7284310964822901
2014-02-57,Cirebon,0.5939440983295171
2014-02-57,Garut,0.6532762783918238
2014-02-57,Indramayu,0.55630441000868
2014-02-57,Karawang,0.395319038358595
2014-02-57,Kota Bandung,0.3814475174324471
2014-02-57,Kota Bogor,0.4554932916484512
2014-02-57,Kota Cirebon,0.46403692617079406
2014-02-57,Kota Sukabumi,0.5439242854632458
2014-02-57,Kuningan,0.5940850976930769
2014-02-57,Majalengka,0.6410023492985741
2014-02-57,Purwakarta,0.5685584345596779
2014-02-57,Subang,0.6005910957650674
2014-02-57,Sukabumi,0.7563269312921065
2014-02-57,Sumedang,0.7129712625547082
2014-02-57,Kota Bekasi,0.23017295712617844
2014-02-57,Kota Depok,0.3845680690103849
2014-03-65,Bandung,0.5975914181875944
2014-03-65,Kota Cimahi,0.31172031031890435
2014-03-65,Kota Tasikmalaya,0.6425127791807261
2014-03-65,Tasikmalaya,0.697912137828616
2014-03-65,Ciamis,0.674935645005442
2014-03-65,Kota Banjar,0.6864689423129979
2014-03-65,Bekasi,0.4363227966557371
2014-03-65,Bogor,0.5918262881583575
2014-03-65,Cianjur,0.6653907060251228
2014-03-65,Cirebon,0.6624349521430988
2014-03-65,Garut,0.6941393206710013
2014-03-65,Indramayu,0.5784090687943785
2014-03-65,Karawang,0.4809837081458372
2014-03-65,Kota Bandung,0.38287273383787057
2014-03-65,Kota Bogor,0.509725463870932
2014-03-65,Kota Cirebon,0.5037123631277195
2014-03-65,Kota Sukabumi,0.5616469645973382
2014-03-65,Kuningan,0.7080228425295254
2014-03-65,Majalengka,0.6927612819713196
2014-03-65,Purwakarta,0.6300381448985802
2014-03-65,Subang,0.5870531749484463
2014-03-65,Sukabumi,0.722709836940423
2014-03-65,Sumedang,0.68733075314936
2014-03-65,Kota Bekasi,0.3568975999344764
2014-03-65,Kota Depok,0.5342481159747292
2014-03-73,Bandung,0.5690142230841443
2014-03-73,Kota Cimahi,0.28777904915074876
2014-03-73,Kota Tasikmalaya,0.5532671730662829
2014-03-73,Tasikmalaya,0.6305990447780401
2014-03-73,Ciamis,0.60522778936031
2014-03-73,Kota Banjar,0.7546254624493797
2014-03-73,Bekasi,0.3401365706481725
2014-03-73,Bogor,0.5181096399133608
2014-03-73,Cianjur,0.6465186816438954
2014-03-73,Cirebon,0.6000356979636488
2014-03-73,Garut,0.6358126881690715
2014-03-73,Indramayu,0.553157873208241
2014-03-73,Karawang,0.3665833957916707
2014-03-73,Kota Bandung,0.38173367419365856
2014-03-73,Kota Bogor,0.3801586282878845
2014-03-73,Kota Cirebon,0.38617876033161663
2014-03-73,Kota Sukabumi,0.5994397316585155
2014-03-73,Kuningan,0.5902499529779257
2014-03-73,Majalengka,0.5686660524302023
2014-03-73,Purwakarta,0.582274676269607
2014-03-73,Subang,0.5495331412061836
2014-03-73,Sukabumi,0.6643779451429547
2014-03-73,Sumedang,0.6537265371480153
2014-03-73,Kota Bekasi,0.23029551963752884
2014-03-73,Kota Depok,0.41754663476039533
2014-03-81,Bandung,0.49150894887352664
2014-03-81,Kota Cimahi,0.30966358318094467
2014-03-81,Kota Tasikmalaya,0.6511421027984595
2014-03-81,Tasikmalaya,0.7620950247945845
2014-03-81,Ciamis,0.7600006242571062
2014-03-81,Kota Banjar,0.7119377093667653
2014-03-81,Bekasi,0.44931028601409223
2014-03-81,Bogor,0.5749053454822589
2014-03-81,Cianjur,0.6210937730939468
2014-03-81,Cirebon,0.6438415782301709
2014-03-81,Garut,0.6603937683684877
2014-03-81,Indramayu,0.5913943194216982
2014-03-81,Karawang,0.4910993461474773
2014-03-81,Kota Bandung,0.32849030784310385
2014-03-81,Kota Bogor,0.4718611789782779
2014-03-81,Kota Cirebon,0.4907540700918095
2014-03-81,Kota Sukabumi,0.5625970352241795
2014-03-81,Kuningan,0.6916852180644119
2014-03-81,Majalengka,0.5932437531963922
2014-03-81,Purwakarta,0.6362106575803469
2014-03-81,Subang,0.6091390469414446
2014-03-81,Sukabumi,0.693885842891808
2014-03-81,Sumedang,0.6719215958699748
2014-03-81,Kota Bekasi,0.3838231243335478
2014-03-81,Kota Depok,0.5226046794007189
2014-03-89,Bandung,0.557820813700433
2014-03-89,Kota Cimahi,0.3237953203578353
2014-03-89,Kota Tasikmalaya,0.5517591470066945
2014-03-89,Tasikmalaya,0.5787496009268775
2014-03-89,Ciamis,0.633571801201834
2014-03-89,Kota Banjar,0.5570247897595003
2014-03-89,Bekasi,0.4489034660766625
2014-03-89,Bogor,0.6361353929318476
2014-03-89,Cianjur,0.642491187689812
2014-03-89,Cirebon,0.6027430319044937
2014-03-89,Garut,0.5934613240591814
2014-03-89,Indramayu,0.5511252518877716
2014-03-89,Karawang,0.5038472244396851
2014-03-89,Kota Bandung,0.3817506965701377
2014-03-89,Kota Bogor,0.47977123649931286
2014-03-89,Kota Cirebon,0.4720249148214071
2014-03-89,Kota Sukabumi,0.5631713527920688
2014-03-89,Kuningan,0.7339104166762964
2014-03-89,Majalengka,0.5696981864111895
2014-03-89,Purwakarta,0.6168590531912403
2014-03-89,Subang,0.6198015512535956
2014-03-89,Sukabumi,0.6305424568105317
2014-03-89,Sumedang,0.6885484141441803
2014-03-89,Kota Bekasi,0.37327260826898506
2014-03-89,Kota Depok,0.5061702359961471
2014-04-97,Bandung,0.6555428916191581
2014-04-97,Kota Cimahi,0.3680746145633343
2014-04-97,Kota Tasikmalaya,0.6279623403741196
2014-04-97,Tasikmalaya,0.7146659898464967
2014-04-97,Ciamis,0.6947740670177077
2014-04-97,Kota Banjar,0.679865018562552
2014-04-97,Bekasi,0.41980245936784616
2014-04-97,Bogor,0.6739562656285835
2014-04-97,Cianjur,0.6763310745666735
2014-04-97,Cirebon,0.5905914326818512
2014-04-97,Garut,0.6732432813922057
2014-04-97,Indramayu,0.539826915484976
2014-04-97,Karawang,0.508577383295787
2014-04-97,Kota Bandung,0.3691367947745135
2014-04-97,Kota Bogor,0.4799631593976944
2014-04-97,Kota Cirebon,0.512986504466777
2014-04-97,Kota Sukabumi,0.49900940508159214
2014-04-97,Kuningan,0.6487248617713856
2014-04-97,Majalengka,0.6382747600773415
2014-04-97,Purwakarta,0.6640482329595684
2014-04-97,Subang,0.6128787008285382
2014-04-97,Sukabumi,0.6828984141955021
2014-04-97,Sumedang,0.7028018548381533
2014-04-97,Kota Bekasi,0.27449059319167946
2014-04-97,Kota Depok,0.4763550214653868
2014-04-105,Bandung,0.6053229686085647
2014-04-105,Kota Cimahi,0.35881691973196245
2014-04-105,Kota Tasikmalaya,0.6038767410407725
2014-04-105,Tasikmalaya,0.6994216261245858
2014-04-105,Ciamis,0.6542766632858636
2014-04-105,Kota Banjar,0.6291704711286261
2014-04-105,Bekasi,0.47157595676949243
2014-04-105,Bogor,0.6519736271687606
2014-04-105,Cianjur,0.6714304646111903
2014-04-105,Cirebon,0.5884035794087765
2014-04-105,Garut,0.6719435147221399
2014-04-105,Indramayu,0.531709062004913
2014-04-105,Karawang,0.5171372027866218
2014-04-105,Kota Bandung,0.38730562117608464
2014-04-105,Kota Bogor,0.5524758716619199
2014-04-105,Kota Cirebon,0.48665301412401196
2014-04-105,Kota Sukabumi,0.5477629404210052
2014-04-105,Kuningan,0.6837504366473431
2014-04-105,Majalengka,0.5671180222906113
2014-04-105,Purwakarta,0.6464389951525122
2014-04-105,Subang,0.5299182573488667
2014-04-105,Sukabumi,0.6369215151192696
2014-04-105,Sumedang,0.6711715609847905
2014-04-105,Kota Bekasi,0.3927406755480303
2014-04-105,Kota Depok,0.5236356006832654
2014-04-113,Bandung,0.6242855629891052
2014-04-113,Kota Cimahi,0.3577213829647587
2014-04-113,Kota Tasikmalaya,0.6020169241285581
2014-04-113,Tasikmalaya,0.7106798493443386
2014-04-113,Ciamis,0.6980665626568089
2014-04-113,Kota Banjar,0.6351657979725133
2014-04-113,Bekasi,0.4588430656999777
2014-04-113,Bogor,0.6540263414112262
2014-04-113,Cianjur,0.6909784280174807
2014-04-113,Cirebon,0.5616841570509271
2014-04-113,Garut,0.6857059180913792
2014-04-113,Indramayu,0.5050642520332741
2014-04-113,Karawang,0.48162912942131253
2014-04-113,Kota Bandung,0.3756158962292628
2014-04-113,Kota Bogor,0.5410668024346027
2014-04-113,Kota Cirebon,0.47364132927568753
2014-04-113,Kota Sukabumi,0.5811691110576496
2014-04-113,Kuningan,0.6680587039456719
2014-04-113,Majalengka,0.6008550059701876
2014-04-113,Purwakarta,0.6232184042026938
2014-04-113,Subang,0.5419906334139377
2014-04-113,Sukabumi,0.676318845777076
2014-04-113,Sumedang,0.6857871988917326
2014-04-113,Kota Bekasi,0.3889508764428215
2014-04-113,Kota Depok,0.5144391348485777
2014-05-121,Bandung,0.6076801521840066
2014-05-121,Kota Cimahi,0.298769512077215
2014-05-121,Kota Tasikmalaya,0.61248350390406
2014-05-121,Tasikmalaya,0.7614232927989466
2014-05-121,Ciamis,0.7195036236904142
2014-05-121,Kota Banjar,0.6486716356083666
2014-05-121,Bekasi,0.43637054549732485
2014-05-121,Bogor,0.5819992340892093
2014-05-121,Cianjur,0.7028993825766205
2014-05-121,Cirebon,0.5255097581397509
2014-05-121,Garut,0.7126340166896048
2014-05-121,Indramayu,0.411987593622355
2014-05-121,Karawang,0.45771548962821756
2014-05-121,Kota Bandung,0.37318347477699676
2014-05-121,Kota Bogor,0.45519092686043966
2014-05-121,Kota Cirebon,0.4805479233315471
2014-05-121,Kota Sukabumi,0.5584850930628705
2014-05-121,Kuningan,0.6829584860366206
2014-05-121,Majalengka,0.5578237203708378
2014-05-121,Purwakarta,0.5904262380377959
2014-05-121,Subang,0.5307473803264593
2014-05-121,Sukabumi,0.7125672156442905
2014-05-121,Sumedang,0.6417299485587312
2014-05-121,Kota Bekasi,0.3238567852412067
2014-05-121,Kota Depok,0.47629441809420203
2014-05-129,Bandung,0.7128773918246369
2014-05-129,Kota Cimahi,0.34460863381843393
2014-05-129,Kota Tasikmalaya,0.49909809741730593
2014-05-129,Tasikmalaya,0.6068640629185514
2014-05-129,Ciamis,0.6017163318381188
2014-05-129,Kota Banjar,0.564381163846516
2014-05-129,Bekasi,0.5090764721898644
2014-05-129,Bogor,0.7289956904809057
2014-05-129,Cianjur,0.7345475195552057
2014-05-129,Cirebon,0.5531680010618941
2014-05-129,Garut,0.6874909891271699
2014-05-129,Indramayu,0.4718064838174118
2014-05-129,Karawang,0.508164260978938
2014-05-129,Kota Bandung,0.3749706763612948
2014-05-129,Kota Bogor,0.5443304267462519
2014-05-129,Kota Cirebon,0.48822373933107055
2014-05-129,Kota Sukabumi,0.5680248793315659
2014-05-129,Kuningan,0.709538130197721
2014-05-129,Majalengka,0.6303726167945659
2014-05-129,Purwakarta,0.689771320666909
2014-05-129,Subang,0.6050547348904523
2014-05-129,Sukabumi,0.7215755352071259
2014-05-129,Sumedang,0.7680813086942441
2014-05-129,Kota Bekasi,0.39512229430956125
2014-05-129,Kota Depok,0.5252704480226202
2014-05-137,Bandung,0.660297887706593
2014-05-137,Kota Cimahi,0.386895866241479
2014-05-137,Kota Tasikmalaya,0.5252542876105915
2014-05-137,Tasikmalaya,0.6385283367391755
2014-05-137,Ciamis,0.6048472548565991
2014-05-137,Kota Banjar,0.5930017389094644
2014-05-137,Bekasi,0.49745092166367993
2014-05-137,Bogor,0.6922237025091603
2014-05-137,Cianjur,0.7659964446832417
2014-05-137,Cirebon,0.5279493015858107
2014-05-137,Garut,0.7342481169354089
2014-05-137,Indramayu,0.4923334219844911
2014-05-137,Karawang,0.500234296347536
2014-05-137,Kota Bandung,0.385670743775242
2014-05-137,Kota Bogor,0.5359187021740609
2014-05-137,Kota Cirebon,0.4048083524146085
2014-05-137,Kota Sukabumi,0.584945069429841
2014-05-137,Kuningan,0.6571348382644125
2014-05-137,Majalengka,0.6145763018518563
2014-05-137,Purwakarta,0.6577240134944408
2014-05-137,Subang,0.6003906784420987
2014-05-137,Sukabumi,0.771095083754302
2014-05-137,Sumedang,0.7290469483781019
2014-05-137,Kota Bekasi,0.36981978703681007
2014-05-137,Kota Depok,0.5307693282649861
2014-05-145,Bandung,0.6843279374150293
2014-05-145,Kota Cimahi,0.35731179241622224
2014-05-145,Kota Tasikmalaya,0.6317236921988214
2014-05-145,Tasikmalaya,0.7526840042936893
2014-05-145,Ciamis,0.7183344968290043
2014-05-145,Kota Banjar,0.6336715230217814
2014-05-145,Bekasi,0.4777560749191897
2014-05-145,Bogor,0.693362405273133
2014-05-145,Cianjur,0.7596536016607772
2014-05-145,Cirebon,0.5313557428616319
2014-05-145,Garut,0.7710687335475028
2014-05-145,Indramayu,0.4538282870470222
2014-05-145,Karawang,0.47080377149542313
2014-05-145,Kota Bandung,0.3616838754916234
2014-05-145,Kota Bogor,0.5141709810893854
2014-05-145,Kota Cirebon,0.47954697297104054
2014-05-145,Kota Sukabumi,0.5637709393260812
2014-05-145,Kuningan,0.7317847961466352
2014-05-145,Majalengka,0.6904074206896228
2014-05-145,Purwakarta,0.6691691664654067
2014-05-145,Subang,0.5911227628241077
2014-05-145,Sukabumi,0.7531244903209047
2014-05-145,Sumedang,0.759338911218714
2014-05-145,Kota Bekasi,0.38346492070239213
2014-05-145,Kota Depok,0.5051757234055949
2014-06-153,Bandung,0.6698256406648087
2014-06-153,Kota Cimahi,0.3799044689505986
2014-06-153,Kota Tasikmalaya,0.6329781869744547
2014-06-153,Tasikmalaya,0.664332032864508
2014-06-153,Ciamis,0.6366979801881446
2014-06-153,Kota Banjar,0.6697661748211705
2014-06-153,Bekasi,0.4740797883786744
2014-06-153,Bogor,0.6906875408479076
2014-06-153,Cianjur,0.7488831638859915
2014-06-153,Cirebon,0.5619352910666546
2014-06-153,Garut,0.7584642637435132
2014-06-153,Indramayu,0.47136780616796276
2014-06-153,Karawang,0.4635056920530566
2014-06-153,Kota Bandung,0.3713201690737287
2014-06-153,Kota Bogor,0.5122383469303288
2014-06-153,Kota Cirebon,0.4880718007013965
2014-06-153,Kota Sukabumi,0.5417237974239665
2014-06-153,Kuningan,0.7609635370010562
2014-06-153,Majalengka,0.6874581093542715
2014-06-153,Purwakarta,0.6933240262309953
2014-06-153,Subang,0.6050589165854646
2014-06-153,Sukabumi,0.7593011956101404
2014-06-153,Sumedang,0.7578651164408554
2014-06-153,Kota Bekasi,0.3664769251562593
2014-06-153,Kota Depok,0.5083962338623851
2014-06-161,Bandung,0.5297898213406649
2014-06-161,Kota Cimahi,0.21438113304514136
2014-06-161,Kota Tasikmalaya,0.5778477113587068
2014-06-161,Tasikmalaya,0.6279383698087821
2014-06-161,Ciamis,0.5788128030186163
2014-06-161,Kota Banjar,0.5449380328783846
2014-06-161,Bekasi,0.4079765826866564
2014-06-161,Bogor,0.5137202113073336
2014-06-161,Cianjur,0.6647217793978041
2014-06-161,Cirebon,0.4906599269780357
2014-06-161,Garut,0.6617696540572068
2014-06-161,Indramayu,0.4538019786478417
2014-06-161,Karawang,0.41277087909187965
2014-06-161,Kota Bandung,0.27848036565713125
2014-06-161,Kota Bogor,0.33924316679373384
2014-06-161,Kota Cirebon,0.43532389179084446
2014-06-161,Kota Sukabumi,0.4966613983646514
2014-06-161,Kuningan,0.6432081982040914
2014-06-161,Majalengka,0.6313229016496792
2014-06-161,Purwakarta,0.6438789199025243
2014-06-161,Subang,0.5616993287020692
2014-06-161,Sukabumi,0.6487954244623607
2014-06-161,Sumedang,0.6848255832587629
2014-06-161,Kota Bekasi,0.33782630891884285
2014-06-161,Kota Depok,0.39706352483221774
2014-06-169,Bandung,0.6421759968417913
2014-06-169,Kota Cimahi,0.3669705825044899
2014-06-169,Kota Tasikmalaya,0.6413411256502478
2014-06-169,Tasikmalaya,0.7674184801356452
2014-06-169,Ciamis,0.6721026435678192
2014-06-169,Kota Banjar,0.6784310950705967
2014-06-169,Bekasi,0.4696990877180879
2014-06-169,Bogor,0.7190207861950583
2014-06-169,Cianjur,0.769386286698223
2014-06-169,Cirebon,0.5061416722162502
2014-06-169,Garut,0.7019477243137615
2014-06-169,Indramayu,0.48381866173567917
2014-06-169,Karawang,0.45297854493131995
2014-06-169,Kota Bandung,0.34515842149227627
2014-06-169,Kota Bogor,0.5393900364024667
2014-06-169,Kota Cirebon,0.4052290390182533
2014-06-169,Kota Sukabumi,0.6029864258857067
2014-06-169,Kuningan,0.5414419691068412
2014-06-169,Majalengka,0.6457568338779225
2014-06-169,Purwakarta,0.6854842423219343
2014-06-169,Subang,0.5641390927175683
2014-06-169,Sukabumi,0.7780182680701119
2014-06-169,Sumedang,0.6848444831750247
2014-06-169,Kota Bekasi,0.3877351921892946
2014-06-169,Kota Depok,0.5288669296621532
2014-06-177,Bandung,0.7228721501354848
2014-06-177,Kota Cimahi,0.3652621348129141
2014-06-177,Kota Tasikmalaya,0.36469150975803544
2014-06-177,Tasikmalaya,0.4379782667807196
2014-06-177,Ciamis,0.43547215180821086
2014-06-177,Kota Banjar,0.42537504320293734
2014-06-177,Bekasi,0.462433163607129
2014-06-177,Bogor,0.7313200935116815
2014-06-177,Cianjur,0.7907660680363602
2014-06-177,Cirebon,0.5880751787855942
2014-06-177,Garut,0.705877194125758
2014-06-177,Indramayu,0.5292397743738229
2014-06-177,Karawang,0.4682859060928011
2014-06-177,Kota Bandung,0.37474917920022793
2014-06-177,Kota Bogor,0.5253663502150423
2014-06-177,Kota Cirebon,0.48725617244783564
2014-06-177,Kota Sukabumi,0.5685783963409987
2014-06-177,Kuningan,0.6965461716452971
2014-06-177,Majalengka,0.6760419126835315
2014-06-177,Purwakarta,0.7171761121112918
2014-06-177,Subang,0.6233568627770785
2014-06-177,Sukabumi,0.785390756958378
2014-06-177,Sumedang,0.7996933496039614
2014-06-177,Kota Bekasi,0.38895966550357636
2014-06-177,Kota Depok,0.5247772304532052
2014-07-185,Bandung,0.5173859309183917
2014-07-185,Kota Cimahi,0.3557742178752642
2014-07-185,Kota Tasikmalaya,0.1516411024377765
2014-07-185,Tasikmalaya,0.28448275354724484
2014-07-185,Ciamis,0.3509502586700787
2014-07-185,Kota Banjar,0.3763352450520719
2014-07-185,Bekasi,0.44829885584761336
2014-07-185,Bogor,0.6769000543311442
2014-07-185,Cianjur,0.5155591816960178
2014-07-185,Cirebon,0.43819931755020264
2014-07-185,Garut,0.5033941003715762
2014-07-185,Indramayu,0.4175770218128137
2014-07-185,Karawang,0.41878508805249925
2014-07-185,Kota Bandung,0.36637839712248566
2014-07-185,Kota Bogor,0.5250758272397439
2014-07-185,Kota Cirebon,0.4101623680707224
2014-07-185,Kota Sukabumi,0.5232545571281256
2014-07-185,Kuningan,0.4622503299527927
2014-07-185,Majalengka,0.5052584425993916
2014-07-185,Purwakarta,0.6248984779054361
2014-07-185,Subang,0.5112256598480447
2014-07-185,Sukabumi,0.5071832231367129
2014-07-185,Sumedang,0.6028256893279192
2014-07-185,Kota Bekasi,0.3842550286420619
2014-07-185,Kota Depok,0.5317028024266219
2014-07-193,Bandung,0.7272900745217509
2014-07-193,Kota Cimahi,0.35688622675337206
2014-07-193,Kota Tasikmalaya,0.45696144787244336
2014-07-193,Tasikmalaya,0.6305612898641686
2014-07-193,Ciamis,0.5500163030700409
2014-07-193,Kota Banjar,0.32953172440492323
2014-07-193,Bekasi,0.46145092683028965
2014-07-193,Bogor,0.7346753637056829
2014-07-193,Cianjur,0.7809909332766999
2014-07-193,Cirebon,0.5745025918778027
2014-07-193,Garut,0.7767627770470389
2014-07-193,Indramayu,0.5248387721323676
2014-07-193,Karawang,0.4643414997039635
2014-07-193,Kota Bandung,0.36931595962930147
2014-07-193,Kota Bogor,0.5282016078153792
2014-07-193,Kota Cirebon,0.4861628158101294
2014-07-193,Kota Sukabumi,0.5554373622490296
2014-07-193,Kuningan,0.7430763669748803
2014-07-193,Majalengka,0.7043197398023472
2014-07-193,Purwakarta,0.7163218364910512
2014-07-193,Subang,0.6300192402619346
2014-07-193,Sukabumi,0.7841898967805041
2014-07-193,Sumedang,0.7788884902105659
2014-07-193,Kota Bekasi,0.41615242697560056
2014-07-193,Kota Depok,0.5184279335718823
2014-07-201,Bandung,0.555381575213278
2014-07-201,Kota Cimahi,0.1633642334882219
2014-07-201,Kota Tasikmalaya,0.5837653694886191
2014-07-201,Tasikmalaya,0.5727067791210948
2014-07-201,Ciamis,0.4295408923749765
2014-07-201,Kota Banjar,0.42995147333840034
2014-07-201,Bekasi,0.44969067392762146
2014-07-201,Bogor,0.6654538097760794
2014-07-201,Cianjur,0.5503968055036295
2014-07-201,Cirebon,0.5054037453320916
2014-07-201,Garut,0.6679565907849526
2014-07-201,Indramayu,0.5346882916554795
2014-07-201,Karawang,0.43966060049447925
2014-07-201,Kota Bandung,0.3626171472358423
2014-07-201,Kota Bogor,0.5130685371276628
2014-07-201,Kota Cirebon,0.39106827893690066
2014-07-201,Kota Sukabumi,0.4804172276631145
2014-07-201,Kuningan,0.3855692095905086
2014-07-201,Majalengka,0.5648915128652802
2014-07-201,Purwakarta,0.5451252015341524
2014-07-201,Subang,0.5176818633306521
2014-07-201,Sukabumi,0.6241717794119563
2014-07-201,Sumedang,0.6577970321336812
2014-07-201,Kota Bekasi,0.3808378717844966
2014-07-201,Kota Depok,0.4622005808675979
2014-07-209,Bandung,0.7258474713936724
2014-07-209,Kota Cimahi,0.3636891553779724
2014-07-209,Kota Tasikmalaya,0.5118613397861549
2014-07-209,Tasikmalaya,0.611530837799042
2014-07-209,Ciamis,0.5758750106924594
2014-07-209,Kota Banjar,0.5956789269643732
2014-07-209,Bekasi,0.48227958195677684
2014-07-209,Bogor,0.7148436962998919
2014-07-209,Cianjur,0.7810416576266107
2014-07-209,Cirebon,0.5789247733539457
2014-07-209,Garut,0.7851641437871255
2014-07-209,Indramayu,0.531588121578865
2014-07-209,Karawang,0.4814059149525138
2014-07-209,Kota Bandung,0.3819202632600738
2014-07-209,Kota Bogor,0.5351014711559972
2014-07-209,Kota Cirebon,0.4781861986324561
2014-07-209,Kota Sukabumi,0.5775356666955822
2014-07-209,Kuningan,0.7397763182951846
2014-07-209,Majalengka,0.6619051840225404
2014-07-209,Purwakarta,0.6918490542246646
2014-07-209,Subang,0.635601587228946
2014-07-209,Sukabumi,0.7757677854678714
2014-07-209,Sumedang,0.7535793454450728
2014-07-209,Kota Bekasi,0.4242419926181622
2014-07-209,Kota Depok,0.5201662301064877
2014-08-217,Bandung,0.7031911545112475
2014-08-217,Kota Cimahi,0.3661732128453338
2014-08-217,Kota Tasikmalaya,0.36636794679926404
2014-08-217,Tasikmalaya,0.4886473989278877
2014-08-217,Ciamis,0.45035169983398626
2014-08-217,Kota Banjar,0.4994060089763408
2014-08-217,Bekasi,0.46562445551773085
2014-08-217,Bogor,0.6550138365446644
2014-08-217,Cianjur,0.6022235346057618
2014-08-217,Cirebon,0.5520341450856601
2014-08-217,Garut,0.7203445862667824
2014-08-217,Indramayu,0.5183681788181406
2014-08-217,Karawang,0.47679029964007824
2014-08-217,Kota Bandung,0.3873919579408718
2014-08-217,Kota Bogor,0.49944528630637985
2014-08-217,Kota Cirebon,0.4344481190694227
2014-08-217,Kota Sukabumi,0.560035326759948
2014-08-217,Kuningan,0.7112360603415403
2014-08-217,Majalengka,0.6107742137622817
2014-08-217,Purwakarta,0.6672379732175635
2014-08-217,Subang,0.6339648710171348
2014-08-217,Sukabumi,0.5602201585561337
2014-08-217,Sumedang,0.7169068127630717
2014-08-217,Kota Bekasi,0.3795519756700001
2014-08-217,Kota Depok,0.4766452670165183
2014-08-225,Bandung,0.7122751245953308
2014-08-225,Kota Cimahi,0.3467838814955489
2014-08-225,Kota Tasikmalaya,0.47504805610618545
2014-08-225,Tasikmalaya,0.5727852542598276
2014-08-225,Ciamis,0.6046244764610575
2014-08-225,Kota Banjar,0.599750202278504
2014-08-225,Bekasi,0.4734254258278459
2014-08-225,Bogor,0.6525698936451948
2014-08-225,Cianjur,0.7407869519315774
2014-08-225,Cirebon,0.5481492419329737
2014-08-225,Garut,0.7526802626208069
2014-08-225,Indramayu,0.49270887794455237
2014-08-225,Karawang,0.487393372796441
2014-08-225,Kota Bandung,0.3741079706528997
2014-08-225,Kota Bogor,0.5278616161965128
2014-08-225,Kota Cirebon,0.4403845839255003
2014-08-225,Kota Sukabumi,0.5741610358552306
2014-08-225,Kuningan,0.7152884965886988
2014-08-225,Majalengka,0.616433645115623
2014-08-225,Purwakarta,0.6465593656046648
2014-08-225,Subang,0.609420983417894
2014-08-225,Sukabumi,0.7614305649987355
2014-08-225,Sumedang,0.7346783097278715
2014-08-225,Kota Bekasi,0.3909186044448745
2014-08-225,Kota Depok,0.5123904424495729
2014-08-233,Bandung,0.6265024320323868
2014-08-233,Kota Cimahi,0.34669761004720784
2014-08-233,Kota Tasikmalaya,0.5925510333636798
2014-08-233,Tasikmalaya,0.6870911703241656
2014-08-233,Ciamis,0.59555322715975
2014-08-233,Kota Banjar,0.5523510258629667
2014-08-233,Bekasi,0.46201401398120406
2014-08-233,Bogor,0.62867651694146
2014-08-233,Cianjur,0.6398324869882533
2014-08-233,Cirebon,0.5534947112342582
2014-08-233,Garut,0.7425797019591533
2014-08-233,Indramayu,0.4920716910746697
2014-08-233,Karawang,0.5063483584988803
2014-08-233,Kota Bandung,0.364615207293422
2014-08-233,Kota Bogor,0.5101328499637723
2014-08-233,Kota Cirebon,0.44423857536894595
2014-08-233,Kota Sukabumi,0.5641662329935602
2014-08-233,Kuningan,0.6735839570762567
2014-08-233,Majalengka,0.5494895334725819
2014-08-233,Purwakarta,0.5836746640775645
2014-08-233,Subang,0.5921729983983255
2014-08-233,Sukabumi,0.6889658731417753
2014-08-233,Sumedang,0.6855317821561274
2014-08-233,Kota Bekasi,0.36290866093844915
2014-08-233,Kota Depok,0.4987021186591872
2014-08-241,Bandung,0.6880466783030602
2014-08-241,Kota Cimahi,0.31782475694360596
2014-08-241,Kota Tasikmalaya,0.6263216882708921
2014-08-241,Tasikmalaya,0.7718991480259437
2014-08-241,Ciamis,0.7582745684735972
2014-08-241,Kota Banjar,0.6687563588744939
2014-08-241,Bekasi,0.46521902303978413
2014-08-241,Bogor,0.6702608407920208
2014-08-241,Cianjur,0.7273887853993566
2014-08-241,Cirebon,0.5218046253326409
2014-08-241,Garut,0.7434585629800847
2014-08-241,Indramayu,0.44551162759642093
2014-08-241,Karawang,0.5150744173419853
2014-08-241,Kota Bandung,0.35536074793864497
2014-08-241,Kota Bogor,0.44667574907978036
2014-08-241,Kota Cirebon,0.4127375835532012
2014-08-241,Kota Sukabumi,0.5304658588504922
2014-08-241,Kuningan,0.7093846390543652
2014-08-241,Majalengka,0.5736967772872461
2014-08-241,Purwakarta,0.6446712187655006
2014-08-241,Subang,0.6132805419675077
2014-08-241,Sukabumi,0.718452970328244
2014-08-241,Sumedang,0.7109635274466952
2014-08-241,Kota Bekasi,0.3810436759506903
2014-08-241,Kota Depok,0.5128487026831516
2014-09-249,Bandung,0.6741906717031929
2014-09-249,Kota Cimahi,0.31983801086043445
2014-09-249,Kota Tasikmalaya,0.4554502437965144
2014-09-249,Tasikmalaya,0.5409684872449325
2014-09-249,Ciamis,0.49505451251074645
2014-09-249,Kota Banjar,0.5017738787167322
2014-09-249,Bekasi,0.44049916282875956
2014-09-249,Bogor,0.6871552844649933
2014-09-249,Cianjur,0.7195559778893528
2014-09-249,Cirebon,0.5022911194628469
2014-09-249,Garut,0.7369664931662541
2014-09-249,Indramayu,0.40997870565663685
2014-09-249,Karawang,0.5046196475217273
2014-09-249,Kota Bandung,0.3485039198419465
2014-09-249,Kota Bogor,0.4764817271650378
2014-09-249,Kota Cirebon,0.3910289254424735
2014-09-249,Kota Sukabumi,0.5378068677468661
2014-09-249,Kuningan,0.6906504612405917
2014-09-249,Majalengka,0.5762055497627605
2014-09-249,Purwakarta,0.6170914679820616
2014-09-249,Subang,0.5885570282935604
2014-09-249,Sukabumi,0.7178570597699789
2014-09-249,Sumedang,0.6901753898538227
2014-09-249,Kota Bekasi,0.34556180423222166
2014-09-249,Kota Depok,0.46595655684070425
2014-09-257,Bandung,0.6370758010561786
2014-09-257,Kota Cimahi,0.2997220297387958
2014-09-257,Kota Tasikmalaya,0.4792324404874806
2014-09-257,Tasikmalaya,0.6558670903585769
2014-09-257,Ciamis,0.5948655756291725
2014-09-257,Kota Banjar,0.5483446652825528
2014-09-257,Bekasi,0.4309887052313489
2014-09-257,Bogor,0.6616576183948973
2014-09-257,Cianjur,0.6869950278300633
2014-09-257,Cirebon,0.46259711416259663
2014-09-257,Garut,0.7001764728399167
2014-09-257,Indramayu,0.3736140343835568
2014-09-257,Karawang,0.4900552474852226
2014-09-257,Kota Bandung,0.3334221468283637
2014-09-257,Kota Bogor,0.4683508190341221
2014-09-257,Kota Cirebon,0.35620417583078073
2014-09-257,Kota Sukabumi,0.4882042311044554
2014-09-257,Kuningan,0.6513445757981927
2014-09-257,Majalengka,0.5428665503784762
2014-09-257,Purwakarta,0.591701151023404
2014-09-257,Subang,0.5514724475693757
2014-09-257,Sukabumi,0.6758556860445734
2014-09-257,Sumedang,0.651560976262669
2014-09-257,Kota Bekasi,0.3351106167877421
2014-09-257,Kota Depok,0.4383081066871425
2014-09-265,Bandung,0.6330059291199349
2014-09-265,Kota Cimahi,0.28625524287468773
2014-09-265,Kota Tasikmalaya,0.6089179103033369
2014-09-265,Tasikmalaya,0.6434505171208074
2014-09-265,Ciamis,0.5503120923094807
2014-09-265,Kota Banjar,0.4738543213431686
2014-09-265,Bekasi,0.4285849535743482
2014-09-265,Bogor,0.6535166429647014
2014-09-265,Cianjur,0.6918686967485403
2014-09-265,Cirebon,0.4415753971610447
2014-09-265,Garut,0.7046332757664094
2014-09-265,Indramayu,0.35116395717539745
2014-09-265,Karawang,0.4949636552940583
2014-09-265,Kota Bandung,0.3282974567489214
2014-09-265,Kota Bogor,0.45149223044558817
2014-09-265,Kota Cirebon,0.35985852368408633
2014-09-265,Kota Sukabumi,0.5011801187276033
2014-09-265,Kuningan,0.6389328084863461
2014-09-265,Majalengka,0.5215728604434797
2014-09-265,Purwakarta,0.5811795030359547
2014-09-265,Subang,0.5455228269072261
2014-09-265,Sukabumi,0.6763385541754479
2014-09-265,Sumedang,0.6280120657341565
2014-09-265,Kota Bekasi,0.33611556223084854
2014-09-265,Kota Depok,0.4409692029721814
2014-09-273,Bandung,0.5724102536128237
2014-09-273,Kota Cimahi,0.2976069229507738
2014-09-273,Kota Tasikmalaya,0.4502230044695414
2014-09-273,Tasikmalaya,0.49005223358280636
2014-09-273,Ciamis,0.46263622974088203
2014-09-273,Kota Banjar,0.441104757797313
2014-09-273,Bekasi,0.4160079506634674
2014-09-273,Bogor,0.6121035271936054
2014-09-273,Cianjur,0.6063055100245776
2014-09-273,Cirebon,0.45005803930221105
2014-09-273,Garut,0.6544501657346895
2014-09-273,Indramayu,0.3509157133103547
2014-09-273,Karawang,0.489853752856623
2014-09-273,Kota Bandung,0.335087375781189
2014-09-273,Kota Bogor,0.45895194054930466
2014-09-273,Kota Cirebon,0.3685555686822561
2014-09-273,Kota Sukabumi,0.4876968272051376
2014-09-273,Kuningan,0.6144363320847964
2014-09-273,Majalengka,0.5188536156113659
2014-09-273,Purwakarta,0.5683140257458749
2014-09-273,Subang,0.5339793816565553
2014-09-273,Sukabumi,0.63262075854206
2014-09-273,Sumedang,0.6205523335782204
2014-09-273,Kota Bekasi,0.3040264854437663
2014-09-273,Kota Depok,0.4197527567684547
2014-10-281,Bandung,0.5800558265444034
2014-10-281,Kota Cimahi,0.2869441454441061
2014-10-281,Kota Tasikmalaya,0.5976111253602271
2014-10-281,Tasikmalaya,0.6934935378357052
2014-10-281,Ciamis,0.5494879147739815
2014-10-281,Kota Banjar,0.4094257497635912
2014-10-281,Bekasi,0.4066363639505651
2014-10-281,Bogor,0.6403108446624411
2014-10-281,Cianjur,0.6540563159027462
2014-10-281,Cirebon,0.3894604502863753
2014-10-281,Garut,0.6502107865084225
2014-10-281,Indramayu,0.3099962294101715
2014-10-281,Karawang,0.45319467324230694
2014-10-281,Kota Bandung,0.3191672520140706
2014-10-281,Kota Bogor,0.48601513808710367
2014-10-281,Kota Cirebon,0.32725440422179214
2014-10-281,Kota Sukabumi,0.48627263279937105
2014-10-281,Kuningan,0.5979667825607212
2014-10-281,Majalengka,0.47402338968940166
2014-10-281,Purwakarta,0.535391153856237
2014-10-281,Subang,0.4896824154729692
2014-10-281,Sukabumi,0.6557514629579756
2014-10-281,Sumedang,0.5726397086639778
2014-10-281,Kota Bekasi,0.3193759204172226
2014-10-281,Kota Depok,0.4072199461014987
2014-10-289,Bandung,0.5400100988298632
2014-10-289,Kota Cimahi,0.28904827552587586
2014-10-289,Kota Tasikmalaya,0.3792851442334266
2014-10-289,Tasikmalaya,0.3393567009087239
2014-10-289,Ciamis,0.37507650217078525
2014-10-289,Kota Banjar,0.44415403202188336
2014-10-289,Bekasi,0.38407407012524053
2014-10-289,Bogor,0.5921713152603301
2014-10-289,Cianjur,0.5473923717255375
2014-10-289,Cirebon,0.4378068808170599
2014-10-289,Garut,0.5513353147076798
2014-10-289,Indramayu,0.3471393647155556
2014-10-289,Karawang,0.44793232155184265
2014-10-289,Kota Bandung,0.28207619000292133
2014-10-289,Kota Bogor,0.43145407278772574
2014-10-289,Kota Cirebon,0.3707281430300407
2014-10-289,Kota Sukabumi,0.5109942653669582
2014-10-289,Kuningan,0.5759871242890247
2014-10-289,Majalengka,0.4440152132653155
2014-10-289,Purwakarta,0.5268505897126201
2014-10-289,Subang,0.5187484972968718
2014-10-289,Sukabumi,0.5401511859469107
2014-10-289,Sumedang,0.5412686839014859
2014-10-289,Kota Bekasi,0.2762090884685253
2014-10-289,Kota Depok,0.3789964346419626
2014-10-297,Bandung,0.5468380920526377
2014-10-297,Kota Cimahi,0.3053108672525561
2014-10-297,Kota Tasikmalaya,0.3436279169873108
2014-10-297,Tasikmalaya,0.4315297520700457
2014-10-297,Ciamis,0.44491192365515014
2014-10-297,Kota Banjar,0.4901276420547064
2014-10-297,Bekasi,0.3786477472905892
2014-10-297,Bogor,0.5717095852105201
2014-10-297,Cianjur,0.5541779243626352
2014-10-297,Cirebon,0.4150175317101301
2014-10-297,Garut,0.552358239747916
2014-10-297,Indramayu,0.3201159177661513
2014-10-297,Karawang,0.41735702375276035
2014-10-297,Kota Bandung,0.3227112028595976
2014-10-297,Kota Bogor,0.48546938542308876
2014-10-297,Kota Cirebon,0.35014536105654004
2014-10-297,Kota Sukabumi,0.5208269178005394
2014-10-297,Kuningan,0.5949349308672615
2014-10-297,Majalengka,0.45420121815465164
2014-10-297,Purwakarta,0.5137163666412425
2014-10-297,Subang,0.49880733045651876
2014-10-297,Sukabumi,0.516897620612358
2014-10-297,Sumedang,0.5750508271169872
2014-10-297,Kota Bekasi,0.26998307550469175
2014-10-297,Kota Depok,0.4181994652192203
2014-11-305,Bandung,0.6122999184940262
2014-11-305,Kota Cimahi,0.3191450835699346
2014-11-305,Kota Tasikmalaya,0.47437903169441326
2014-11-305,Tasikmalaya,0.572928781805147
2014-11-305,Ciamis,0.5624375589587526
2014-11-305,Kota Banjar,0.5473075098619739
2014-11-305,Bekasi,0.3831947048069366
2014-11-305,Bogor,0.6489862869587053
2014-11-305,Cianjur,0.6494949600871646
2014-11-305,Cirebon,0.40802122359734755
2014-11-305,Garut,0.6741719465795265
2014-11-305,Indramayu,0.330652912903709
2014-11-305,Karawang,0.4189505667518239
2014-11-305,Kota Bandung,0.33350042069251573
2014-11-305,Kota Bogor,0.47771274015858217
2014-11-305,Kota Cirebon,0.3445553673850822
2014-11-305,Kota Sukabumi,0.5373869556715956
2014-11-305,Kuningan,0.6399541151744376
2014-11-305,Majalengka,0.4906259239404937
2014-11-305,Purwakarta,0.5686856736327789
2014-11-305,Subang,0.5122682920159755
2014-11-305,Sukabumi,0.6464401950882008
2014-11-305,Sumedang,0.6128248600828027
2014-11-305,Kota Bekasi,0.2995422713005271
2014-11-305,Kota Depok,0.4313518046097687
2014-11-313,Bandung,0.3907020495250544
2014-11-313,Kota Cimahi,0.23649471512853187
2014-11-313,Kota Tasikmalaya,0.4190004842892923
2014-11-313,Tasikmalaya,0.3536910105754684
2014-11-313,Ciamis,0.4377869480729258
2014-11-313,Kota Banjar,0.5586374663583246
2014-11-313,Bekasi,0.3289151629736288
2014-11-313,Bogor,0.558235652526763
2014-11-313,Cianjur,0.3724508119648125
2014-11-313,Cirebon,0.28677931845562654
2014-11-313,Garut,0.43304623075940685
2014-11-313,Indramayu,0.28513910359220196
2014-11-313,Karawang,0.3788954171038865
2014-11-313,Kota Bandung,0.32110758477027695
2014-11-313,Kota Bogor,0.39870642704697906
2014-11-313,Kota Cirebon,0.2960773107981138
2014-11-313,Kota Sukabumi,0.40014972569712676
2014-11-313,Kuningan,0.33402163938280977
2014-11-313,Majalengka,0.342272869604973
2014-11-313,Purwakarta,0.5399406689994937
2014-11-313,Subang,0.4643301699007205
2014-11-313,Sukabumi,0.3707589195939226
2014-11-313,Sumedang,0.41164364395391606
2014-11-313,Kota Bekasi,0.2647341651209982
2014-11-313,Kota Depok,0.3800002096367642
2014-11-321,Bandung,0.3352846619098059
2014-11-321,Kota Cimahi,0.2050774655440019
2014-11-321,Kota Tasikmalaya,0.4598375395157234
2014-11-321,Tasikmalaya,0.5500443201355467
2014-11-321,Ciamis,0.4690160438257494
2014-11-321,Kota Banjar,0.4215115238673292
2014-11-321,Bekasi,0.27487787534057867
2014-11-321,Bogor,0.42926216456586264
2014-11-321,Cianjur,0.41797772361443797
2014-11-321,Cirebon,0.29620445374677207
2014-11-321,Garut,0.43191614719721
2014-11-321,Indramayu,0.2217293799090773
2014-11-321,Karawang,0.30961195030611555
2014-11-321,Kota Bandung,0.237489793623236
2014-11-321,Kota Bogor,0.32746394997386746
2014-11-321,Kota Cirebon,0.29679282562714115
2014-11-321,Kota Sukabumi,0.40748998166966266
2014-11-321,Kuningan,0.5038759572632703
2014-11-321,Majalengka,0.3450307019992604
2014-11-321,Purwakarta,0.42719592918569627
2014-11-321,Subang,0.3728929501819209
2014-11-321,Sukabumi,0.45003764774270216
2014-11-321,Sumedang,0.47326823086580533
2014-11-321,Kota Bekasi,0.21761115817896715
2014-11-321,Kota Depok,0.32942240821289437
2014-11-329,Bandung,0.4092298617402396
2014-11-329,Kota Cimahi,0.23586469321216422
2014-11-329,Kota Tasikmalaya,0.31661339480794726
2014-11-329,Tasikmalaya,0.30105633346029465
2014-11-329,Ciamis,0.3531354978540208
2014-11-329,Kota Banjar,0.469815745388946
2014-11-329,Bekasi,0.2819815100981118
2014-11-329,Bogor,0.5162476124583583
2014-11-329,Cianjur,0.34831327588752947
2014-11-329,Cirebon,0.2990738487856766
2014-11-329,Garut,0.345728839391529
2014-11-329,Indramayu,0.28323789755054596
2014-11-329,Karawang,0.2789056819500715
2014-11-329,Kota Bandung,0.2778534896477064
2014-11-329,Kota Bogor,0.46248135963617587
2014-11-329,Kota Cirebon,0.15388840214587135
2014-11-329,Kota Sukabumi,0.3591706583925375
2014-11-329,Kuningan,0.5418336163189945
2014-11-329,Majalengka,0.39118893055126885
2014-11-329,Purwakarta,0.4323168510670244
2014-11-329,Subang,0.3821982836569983
2014-11-329,Sukabumi,0.3801949663249312
2014-11-329,Sumedang,0.4491684521990075
2014-11-329,Kota Bekasi,0.22331137427996425
2014-11-329,Kota Depok,0.3906524974602217
2014-12-337,Bandung,0.5387178455737406
2014-12-337,Kota Cimahi,0.2965385074564152
2014-12-337,Kota Tasikmalaya,0.362577479436126
2014-12-337,Tasikmalaya,0.523240920809177
2014-12-337,Ciamis,0.4805540172872779
2014-12-337,Kota Banjar,0.48114193999602706
2014-12-337,Bekasi,0.24804418001164255
2014-12-337,Bogor,0.514980904317887
2014-12-337,Cianjur,0.5993145169975667
2014-12-337,Cirebon,0.22043688453161336
2014-12-337,Garut,0.49709193072872593
2014-12-337,Indramayu,0.28125446694352113
2014-12-337,Karawang,0.3528731604058201
2014-12-337,Kota Bandung,0.3310384471693023
2014-12-337,Kota Bogor,0.47733134624593054
2014-12-337,Kota Cirebon,0.1729229943545477
2014-12-337,Kota Sukabumi,0.44902597566477576
2014-12-337,Kuningan,0.3971454369103107
2014-12-337,Majalengka,0.37371192165537886
2014-12-337,Purwakarta,0.5379849741426053
2014-12-337,Subang,0.4559338641472915
2014-12-337,Sukabumi,0.541049516445668
2014-12-337,Sumedang,0.596686591571496
2014-12-337,Kota Bekasi,0.16222998146948914
2014-12-337,Kota Depok,0.28916081975384705
2014-12-345,Bandung,0.548246744127915
2014-12-345,Kota Cimahi,0.3277313963998631
2014-12-345,Kota Tasikmalaya,0.49176084421944644
2014-12-345,Tasikmalaya,0.5427421937831074
2014-12-345,Ciamis,0.511650318606749
2014-12-345,Kota Banjar,0.46043422188278704
2014-12-345,Bekasi,0.1932666001404184
2014-12-345,Bogor,0.337054265359799
2014-12-345,Cianjur,0.47641364597449487
2014-12-345,Cirebon,0.30292389369945855
2014-12-345,Garut,0.505497827125956
2014-12-345,Indramayu,0.2834229620922968
2014-12-345,Karawang,0.21723566348690967
2014-12-345,Kota Bandung,0.27103768384169563
2014-12-345,Kota Bogor,0.37892196449078286
2014-12-345,Kota Cirebon,0.2553901586921689
2014-12-345,Kota Sukabumi,0.28041793141064525
2014-12-345,Kuningan,0.39870371259995985
2014-12-345,Majalengka,0.4443376215732926
2014-12-345,Purwakarta,0.44082195194465484
2014-12-345,Subang,0.41815946281348415
2014-12-345,Sukabumi,0.393580045058182
2014-12-345,Sumedang,0.5215871811511649
2014-12-345,Kota Bekasi,0.20690585054839605
2014-12-345,Kota Depok,0.2496120763956149
2014-12-353,Bandung,0.5799358929973716
2014-12-353,Kota Cimahi,0.3020792999449713
2014-12-353,Kota Tasikmalaya,0.44312345539160725
2014-12-353,Tasikmalaya,0.5938942655631226
2014-12-353,Ciamis,0.5873293361306229
2014-12-353,Kota Banjar,0.572155769295575
2014-12-353,Bekasi,0.3604828027087598
2014-12-353,Bogor,0.6160481671098638
2014-12-353,Cianjur,0.639380556730468
2014-12-353,Cirebon,0.43575029191915754
2014-12-353,Garut,0.6050731362760124
2014-12-353,Indramayu,0.27632920248087606
2014-12-353,Karawang,0.35900906333416327
2014-12-353,Kota Bandung,0.3670585472338937
2014-12-353,Kota Bogor,0.4759541763470741
2014-12-353,Kota Cirebon,0.45677260449995777
2014-12-353,Kota Sukabumi,0.5863476554504282
2014-12-353,Kuningan,0.5487413953956294
2014-12-353,Majalengka,0.519842460975112
2014-12-353,Purwakarta,0.6009898276738154
2014-12-353,Subang,0.477367089680427
2014-12-353,Sukabumi,0.6099895655745248
2014-12-353,Sumedang,0.6394488907384996
2014-12-353,Kota Bekasi,0.34063460552484576
2014-12-353,Kota Depok,0.3910215343077609
2014-12-361,Bandung,0.2725217024114405
2014-12-361,Kota Cimahi,0.12994350156364548
2014-12-361,Kota Tasikmalaya,0.5536778212775606
2014-12-361,Tasikmalaya,0.45783708127241446
2014-12-361,Ciamis,0.4335046703015505
2014-12-361,Kota Banjar,0.5236667569412374
2014-12-361,Bekasi,0.15488967441540683
2014-12-361,Bogor,0.3602593974904792
2014-12-361,Cianjur,0.2869526014464334
2014-12-361,Cirebon,0.19464281432933442
2014-12-361,Garut,0.382667835211149
2014-12-361,Indramayu,0.17039978173681605
2014-12-361,Karawang,0.13565526289981192
2014-12-361,Kota Bandung,0.14231894440750936
2014-12-361,Kota Bogor,0.3837938203967401
2014-12-361,Kota Cirebon,0.2405837895549879
2014-12-361,Kota Sukabumi,0.4700600229729358
2014-12-361,Kuningan,0.40955819074166866
2014-12-361,Majalengka,0.38290674429437216
2014-12-361,Purwakarta,0.3344974277098753
2014-12-361,Subang,0.18742119146931344
2014-12-361,Sukabumi,0.517054766886533
2014-12-361,Sumedang,0.4072492443341868
2014-12-361,Kota Bekasi,0.15704488398100225
2014-12-361,Kota Depok,0.3552339715226896
2015-01-01,Bandung,0.5412040147563374
2015-01-01,Kota Cimahi,0.2835843109305598
2015-01-01,Kota Tasikmalaya,0.5649824018406627
2015-01-01,Tasikmalaya,0.666279171505639
2015-01-01,Ciamis,0.6365921967853608
2015-01-01,Kota Banjar,0.5967888198871276
2015-01-01,Bekasi,0.29323002159762174
2015-01-01,Bogor,0.4457997496088714
2015-01-01,Cianjur,0.5521923484406476
2015-01-01,Cirebon,0.3599909982862251
2015-01-01,Garut,0.6357959088776239
2015-01-01,Indramayu,0.306035735660389
2015-01-01,Karawang,0.2902911332600902
2015-01-01,Kota Bandung,0.31254022071514215
2015-01-01,Kota Bogor,0.3845922675019165
2015-01-01,Kota Cirebon,0.3075090684106416
2015-01-01,Kota Sukabumi,0.4878853288019795
2015-01-01,Kuningan,0.5537334843695059
2015-01-01,Majalengka,0.5816851192377461
2015-01-01,Purwakarta,0.587856717398777
2015-01-01,Subang,0.4823524542083003
2015-01-01,Sukabumi,0.5067124634567967
2015-01-01,Sumedang,0.615044918794457
2015-01-01,Kota Bekasi,0.31788361522079317
2015-01-01,Kota Depok,0.29714155010508836
2015-01-09,Bandung,0.5641531201302543
2015-01-09,Kota Cimahi,0.24547711719105633
2015-01-09,Kota Tasikmalaya,0.5887526180224399
2015-01-09,Tasikmalaya,0.7147888102781524
2015-01-09,Ciamis,0.6899743202972937
2015-01-09,Kota Banjar,0.6465064216431468
2015-01-09,Bekasi,0.37729992509791627
2015-01-09,Bogor,0.5327989302559317
2015-01-09,Cianjur,0.5885758564683364
2015-01-09,Cirebon,0.38107296050747885
2015-01-09,Garut,0.6761772007904506
2015-01-09,Indramayu,0.4064741921463055
2015-01-09,Karawang,0.3391319051382414
2015-01-09,Kota Bandung,0.2553016940513628
2015-01-09,Kota Bogor,0.4228591041234254
2015-01-09,Kota Cirebon,0.3453258089912845
2015-01-09,Kota Sukabumi,0.4951453675043355
2015-01-09,Kuningan,0.5532121089458248
2015-01-09,Majalengka,0.6797445160686163
2015-01-09,Purwakarta,0.5247825400710124
2015-01-09,Subang,0.4930423058797538
2015-01-09,Sukabumi,0.6052747052658416
2015-01-09,Sumedang,0.6017381142254669
2015-01-09,Kota Bekasi,0.34578873931525356
2015-01-09,Kota Depok,0.4315091957181928
2015-01-17,Bandung,0.4180163390932975
2015-01-17,Kota Cimahi,0.3328375375477955
2015-01-17,Kota Tasikmalaya,0.5445611119549474
2015-01-17,Tasikmalaya,0.6292658768262234
2015-01-17,Ciamis,0.6591793846122621
2015-01-17,Kota Banjar,0.6543332631972515
2015-01-17,Bekasi,0.2577366011189765
2015-01-17,Bogor,0.46324053300637225
2015-01-17,Cianjur,0.6536454389393501
2015-01-17,Cirebon,0.44287947112662585
2015-01-17,Garut,0.5889970836920421
2015-01-17,Indramayu,0.4194094776074227
2015-01-17,Karawang,0.28664078264369736
2015-01-17,Kota Bandung,0.24652331027463686
2015-01-17,Kota Bogor,0.3346170297488201
2015-01-17,Kota Cirebon,0.3478001435531505
2015-01-17,Kota Sukabumi,0.5671396428168515
2015-01-17,Kuningan,0.4417735455736388
2015-01-17,Majalengka,0.5356210214874144
2015-01-17,Purwakarta,0.4530432838500325
2015-01-17,Subang,0.4616866835699586
2015-01-17,Sukabumi,0.6465473049938483
2015-01-17,Sumedang,0.5477682151819748
2015-01-17,Kota Bekasi,0.17731816492763272
2015-01-17,Kota Depok,0.3777614378157718
2015-01-25,Bandung,0.5433137292773133
2015-01-25,Kota Cimahi,0.34931371291754665
2015-01-25,Kota Tasikmalaya,0.6523860839429876
2015-01-25,Tasikmalaya,0.6821410815620284
2015-01-25,Ciamis,0.66481766092369
2015-01-25,Kota Banjar,0.6924812014102485
2015-01-25,Bekasi,0.31149936969415726
2015-01-25,Bogor,0.5376869161563818
2015-01-25,Cianjur,0.5715264095814712
2015-01-25,Cirebon,0.52406261897671
2015-01-25,Garut,0.6107365852714061
2015-01-25,Indramayu,0.4040127766896574
2015-01-25,Karawang,0.36522577688106117
2015-01-25,Kota Bandung,0.35313352034333656
2015-01-25,Kota Bogor,0.47549043035274285
2015-01-25,Kota Cirebon,0.4521985200718704
2015-01-25,Kota Sukabumi,0.3757009907299992
2015-01-25,Kuningan,0.6302169650247502
2015-01-25,Majalengka,0.6651916891005871
2015-01-25,Purwakarta,0.543519611269206
2015-01-25,Subang,0.4613470857144951
2015-01-25,Sukabumi,0.5425400766064195
2015-01-25,Sumedang,0.6008127847927571
2015-01-25,Kota Bekasi,0.2857111200009407
2015-01-25,Kota Depok,0.4502868334746256
2015-02-33,Bandung,0.45142853325429905
2015-02-33,Kota Cimahi,0.3105323195685025
2015-02-33,Kota Tasikmalaya,0.617629857358491
2015-02-33,Tasikmalaya,0.672276007505843
2015-02-33,Ciamis,0.667474262653623
2015-02-33,Kota Banjar,0.7091200662834489
2015-02-33,Bekasi,0.22840188131463238
2015-02-33,Bogor,0.2967937049576711
2015-02-33,Cianjur,0.5759604549888409
2015-02-33,Cirebon,0.5456233298377623
2015-02-33,Garut,0.5856534193744134
2015-02-33,Indramayu,0.49630578625169364
2015-02-33,Karawang,0.3240092343768248
2015-02-33,Kota Bandung,0.3065651828127967
2015-02-33,Kota Bogor,0.24053055965701253
2015-02-33,Kota Cirebon,0.4799642584720341
2015-02-33,Kota Sukabumi,0.4817523776358527
2015-02-33,Kuningan,0.6462645546789991
2015-02-33,Majalengka,0.6446578711940923
2015-02-33,Purwakarta,0.41007231894142254
2015-02-33,Subang,0.47766943691033853
2015-02-33,Sukabumi,0.554613603295394
2015-02-33,Sumedang,0.5610614253778677
2015-02-33,Kota Bekasi,0.12609781654276844
2015-02-33,Kota Depok,0.1631876988511943
2015-02-41,Bandung,0.4263130267601909
2015-02-41,Kota Cimahi,0.2999199591363726
2015-02-41,Kota Tasikmalaya,0.6456155823427844
2015-02-41,Tasikmalaya,0.7064689591453083
2015-02-41,Ciamis,0.7067748328383333
2015-02-41,Kota Banjar,0.7079870969771331
2015-02-41,Bekasi,0.18759015841899618
2015-02-41,Bogor,0.36618152081410915
2015-02-41,Cianjur,0.635121798192416
2015-02-41,Cirebon,0.49864380720806945
2015-02-41,Garut,0.6539892550873987
2015-02-41,Indramayu,0.4365677277206709
2015-02-41,Karawang,0.24412680361008599
2015-02-41,Kota Bandung,0.26511814215118695
2015-02-41,Kota Bogor,0.2691336538490016
2015-02-41,Kota Cirebon,0.37673775541157983
2015-02-41,Kota Sukabumi,0.4064894239947028
2015-02-41,Kuningan,0.48162249894652437
2015-02-41,Majalengka,0.5435829018290813
2015-02-41,Purwakarta,0.33855648885274126
2015-02-41,Subang,0.39163098469484003
2015-02-41,Sukabumi,0.7006257401461128
2015-02-41,Sumedang,0.4629054349572052
2015-02-41,Kota Bekasi,0.14545170335345284
2015-02-41,Kota Depok,0.19715290055664453
2015-02-49,Bandung,0.6213970417726702
2015-02-49,Kota Cimahi,0.29787460434009627
2015-02-49,Kota Tasikmalaya,0.6598567399911944
2015-02-49,Tasikmalaya,0.798505655958621
2015-02-49,Ciamis,0.7448737611121703
2015-02-49,Kota Banjar,0.6860242412142719
2015-02-49,Bekasi,0.32343294594447725
2015-02-49,Bogor,0.6698273504540573
2015-02-49,Cianjur,0.6478056022886062
2015-02-49,Cirebon,0.637542699530145
2015-02-49,Garut,0.7915343629229119
2015-02-49,Indramayu,0.5658716634991807
2015-02-49,Karawang,0.3776359639328413
2015-02-49,Kota Bandung,0.340333225973528
2015-02-49,Kota Bogor,0.4725657689800476
2015-02-49,Kota Cirebon,0.5136101734375753
2015-02-49,Kota Sukabumi,0.459702255203271
2015-02-49,Kuningan,0.7287609849476022
2015-02-49,Majalengka,0.7553922862538195
2015-02-49,Purwakarta,0.5724414125264379
2015-02-49,Subang,0.6338866093015515
2015-02-49,Sukabumi,0.7363582693635248
2015-02-49,Sumedang,0.7024030346884285
2015-02-49,Kota Bekasi,0.33637305733137063
2015-02-49,Kota Depok,0.5206588843422876
2015-02-57,Bandung,0.444512122809036
2015-02-57,Kota Cimahi,0.282123648747213
2015-02-57,Kota Tasikmalaya,0.5600502036971878
2015-02-57,Tasikmalaya,0.6020491779993302
2015-02-57,Ciamis,0.6395929845751336
2015-02-57,Kota Banjar,0.7055532046198156
2015-02-57,Bekasi,0.34909128917433657
2015-02-57,Bogor,0.4475004461416884
2015-02-57,Cianjur,0.5269476601519246
2015-02-57,Cirebon,0.4246208644357131
2015-02-57,Garut,0.5575857880012409
2015-02-57,Indramayu,0.5541496748992922
2015-02-57,Karawang,0.40298252771015625
2015-02-57,Kota Bandung,0.28865129297475717
2015-02-57,Kota Bogor,0.36311311214965974
2015-02-57,Kota Cirebon,0.18735309212034562
2015-02-57,Kota Sukabumi,0.44880561032310384
2015-02-57,Kuningan,0.45090968618228744
2015-02-57,Majalengka,0.5492292906127608
2015-02-57,Purwakarta,0.5352330743450908
2015-02-57,Subang,0.45037920451821145
2015-02-57,Sukabumi,0.5370278364963608
2015-02-57,Sumedang,0.4361436062800601
2015-02-57,Kota Bekasi,0.24224379916621272
2015-02-57,Kota Depok,0.33423663250152574
2015-03-65,Bandung,0.664200748668519
2015-03-65,Kota Cimahi,0.33966590835630045
2015-03-65,Kota Tasikmalaya,0.6325241292615844
2015-03-65,Tasikmalaya,0.7610865244456447
2015-03-65,Ciamis,0.7492265045172363
2015-03-65,Kota Banjar,0.7140341495592473
2015-03-65,Bekasi,0.3175533476371676
2015-03-65,Bogor,0.5118137451226401
2015-03-65,Cianjur,0.7113673089734246
2015-03-65,Cirebon,0.5758389205035203
2015-03-65,Garut,0.7531353990081925
2015-03-65,Indramayu,0.527980631654645
2015-03-65,Karawang,0.44049311830649657
2015-03-65,Kota Bandung,0.364422580602212
2015-03-65,Kota Bogor,0.42129995078054805
2015-03-65,Kota Cirebon,0.35339039095759667
2015-03-65,Kota Sukabumi,0.5741546818789415
2015-03-65,Kuningan,0.598684600208075
2015-03-65,Majalengka,0.6238404062237721
2015-03-65,Purwakarta,0.5046373973368159
2015-03-65,Subang,0.5448277965404784
2015-03-65,Sukabumi,0.6763603416271243
2015-03-65,Sumedang,0.6008307749532547
2015-03-65,Kota Bekasi,0.21044823585918004
2015-03-65,Kota Depok,0.37894052557881913
2015-03-73,Bandung,0.5642728352421483
2015-03-73,Kota Cimahi,0.3380104225964888
2015-03-73,Kota Tasikmalaya,0.5761625040911753
2015-03-73,Tasikmalaya,0.6778516979339346
2015-03-73,Ciamis,0.6551376783091424
2015-03-73,Kota Banjar,0.6660204128155585
2015-03-73,Bekasi,0.4219763267767205
2015-03-73,Bogor,0.6455674462390536
2015-03-73,Cianjur,0.6687151479543111
2015-03-73,Cirebon,0.5765296570611578
2015-03-73,Garut,0.6381437151785008
2015-03-73,Indramayu,0.4519912509838906
2015-03-73,Karawang,0.503924722954169
2015-03-73,Kota Bandung,0.36013507784642595
2015-03-73,Kota Bogor,0.48314838919012226
2015-03-73,Kota Cirebon,0.4220568683974889
2015-03-73,Kota Sukabumi,0.5216600740144873
2015-03-73,Kuningan,0.5844719424038484
2015-03-73,Majalengka,0.4848468358458423
2015-03-73,Purwakarta,0.6622071488759229
2015-03-73,Subang,0.585176309251949
2015-03-73,Sukabumi,0.6280460786506252
2015-03-73,Sumedang,0.645745667325259
2015-03-73,Kota Bekasi,0.3600979036260748
2015-03-73,Kota Depok,0.4964690136006267
2015-03-81,Bandung,0.5930851545023308
2015-03-81,Kota Cimahi,0.31062815018551426
2015-03-81,Kota Tasikmalaya,0.6333980587599755
2015-03-81,Tasikmalaya,0.7764347702731319
2015-03-81,Ciamis,0.7378222146925015
2015-03-81,Kota Banjar,0.6913358933796587
2015-03-81,Bekasi,0.4588423586051999
2015-03-81,Bogor,0.6709084497979446
2015-03-81,Cianjur,0.7131053046189562
2015-03-81,Cirebon,0.6284882680195402
2015-03-81,Garut,0.6753980685198084
2015-03-81,Indramayu,0.5744965220762979
2015-03-81,Karawang,0.5518991835637418
2015-03-81,Kota Bandung,0.35959467898130226
2015-03-81,Kota Bogor,0.5231105793455143
2015-03-81,Kota Cirebon,0.3827058358230487
2015-03-81,Kota Sukabumi,0.5644275172507838
2015-03-81,Kuningan,0.6608191963019824
2015-03-81,Majalengka,0.5756679381489148
2015-03-81,Purwakarta,0.6526097989202125
2015-03-81,Subang,0.6294818505239231
2015-03-81,Sukabumi,0.7523023572117135
2015-03-81,Sumedang,0.6767036367030427
2015-03-81,Kota Bekasi,0.37872920445881597
2015-03-81,Kota Depok,0.507929334691332
2015-03-89,Bandung,0.4746752560905979
2015-03-89,Kota Cimahi,0.3070559882734496
2015-03-89,Kota Tasikmalaya,0.4352114600515279
2015-03-89,Tasikmalaya,0.4790646252596538
2015-03-89,Ciamis,0.5906446739940434
2015-03-89,Kota Banjar,0.5697228198423595
2015-03-89,Bekasi,0.4337006282368152
2015-03-89,Bogor,0.6334017146871194
2015-03-89,Cianjur,0.5785644539653768
2015-03-89,Cirebon,0.436733339683349
2015-03-89,Garut,0.5980407309915984
2015-03-89,Indramayu,0.5251148596158016
2015-03-89,Karawang,0.4801267075365983
2015-03-89,Kota Bandung,0.3905186475291562
2015-03-89,Kota Bogor,0.4808204502966935
2015-03-89,Kota Cirebon,0.25237525300887276
2015-03-89,Kota Sukabumi,0.5762432916631341
2015-03-89,Kuningan,0.47462214739097625
2015-03-89,Majalengka,0.3821451092149222
2015-03-89,Purwakarta,0.5943809438795938
2015-03-89,Subang,0.6100521153497067
2015-03-89,Sukabumi,0.6146135214822018
2015-03-89,Sumedang,0.5929358845295511
2015-03-89,Kota Bekasi,0.3014098900834528
2015-03-89,Kota Depok,0.4396078550536357
2015-04-97,Bandung,0.5911062101812853
2015-04-97,Kota Cimahi,0.2708212150987189
2015-04-97,Kota Tasikmalaya,0.6056895616076978
2015-04-97,Tasikmalaya,0.6967489587592443
2015-04-97,Ciamis,0.6847360149735798
2015-04-97,Kota Banjar,0.5940100472204756
2015-04-97,Bekasi,0.4810914104303307
2015-04-97,Bogor,0.6644996498314358
2015-04-97,Cianjur,0.7006389764681412
2015-04-97,Cirebon,0.5435009339399958
2015-04-97,Garut,0.6671399934847682
2015-04-97,Indramayu,0.5017766724415749
2015-04-97,Karawang,0.48350123897451225
2015-04-97,Kota Bandung,0.3850643084365738
2015-04-97,Kota Bogor,0.5062058487297314
2015-04-97,Kota Cirebon,0.45085549837561123
2015-04-97,Kota Sukabumi,0.5300940801579697
2015-04-97,Kuningan,0.6618703991850282
2015-04-97,Majalengka,0.5743883404406965
2015-04-97,Purwakarta,0.617977540224776
2015-04-97,Subang,0.6040160532388001
2015-04-97,Sukabumi,0.712749554869628
2015-04-97,Sumedang,0.6989878199000442
2015-04-97,Kota Bekasi,0.3511702376393778
2015-04-97,Kota Depok,0.4521188594306355
2015-04-105,Bandung,0.5889575028267826
2015-04-105,Kota Cimahi,0.3606254463393902
2015-04-105,Kota Tasikmalaya,0.625170285121943
2015-04-105,Tasikmalaya,0.7512127301199029
2015-04-105,Ciamis,0.7135576911780234
2015-04-105,Kota Banjar,0.6270990574639009
2015-04-105,Bekasi,0.5134411390440838
2015-04-105,Bogor,0.6722214101790767
2015-04-105,Cianjur,0.6738767500715668
2015-04-105,Cirebon,0.475803778595223
2015-04-105,Garut,0.6898605658917738
2015-04-105,Indramayu,0.36551094960895847
2015-04-105,Karawang,0.5132663458342108
2015-04-105,Kota Bandung,0.3445080240477905
2015-04-105,Kota Bogor,0.5275286759912984
2015-04-105,Kota Cirebon,0.3694666233878058
2015-04-105,Kota Sukabumi,0.5187517813774285
2015-04-105,Kuningan,0.5075493803447905
2015-04-105,Majalengka,0.5432365943063111
2015-04-105,Purwakarta,0.5959970099815924
2015-04-105,Subang,0.48042623428384945
2015-04-105,Sukabumi,0.701421975119496
2015-04-105,Sumedang,0.6085415566142182
2015-04-105,Kota Bekasi,0.3445459165681737
2015-04-105,Kota Depok,0.4953673180734489
2015-04-113,Bandung,0.668549885039793
2015-04-113,Kota Cimahi,0.32455842216337916
2015-04-113,Kota Tasikmalaya,0.6143694787597191
2015-04-113,Tasikmalaya,0.7304533153250625
2015-04-113,Ciamis,0.6962882496133241
2015-04-113,Kota Banjar,0.6331355325917926
2015-04-113,Bekasi,0.5088100718307669
2015-04-113,Bogor,0.6348728263809815
2015-04-113,Cianjur,0.7340367748344628
2015-04-113,Cirebon,0.4187040002351931
2015-04-113,Garut,0.7262152164249742
2015-04-113,Indramayu,0.4510054909079524
2015-04-113,Karawang,0.51081579457938
2015-04-113,Kota Bandung,0.35807876675196537
2015-04-113,Kota Bogor,0.46545441564863865
2015-04-113,Kota Cirebon,0.4204140957218406
2015-04-113,Kota Sukabumi,0.5370882536340554
2015-04-113,Kuningan,0.5955324480084468
2015-04-113,Majalengka,0.6102938175286903
2015-04-113,Purwakarta,0.6439308465721998
2015-04-113,Subang,0.5751260555055938
2015-04-113,Sukabumi,0.6649928886599321
2015-04-113,Sumedang,0.6937749252233915
2015-04-113,Kota Bekasi,0.3808453515780617
2015-04-113,Kota Depok,0.4983250954572853
2015-05-121,Bandung,0.6956424067992325
2015-05-121,Kota Cimahi,0.363387366538887
2015-05-121,Kota Tasikmalaya,0.5845457822300573
2015-05-121,Tasikmalaya,0.7347552459279011
2015-05-121,Ciamis,0.7079047883548647
2015-05-121,Kota Banjar,0.6151645741713605
2015-05-121,Bekasi,0.5367111425885447
2015-05-121,Bogor,0.681133891039009
2015-05-121,Cianjur,0.7638995893686128
2015-05-121,Cirebon,0.5380175857178172
2015-05-121,Garut,0.7776046179146535
2015-05-121,Indramayu,0.4440666610125402
2015-05-121,Karawang,0.4922411381724944
2015-05-121,Kota Bandung,0.371048377713501
2015-05-121,Kota Bogor,0.5189346014902727
2015-05-121,Kota Cirebon,0.48430659833396006
2015-05-121,Kota Sukabumi,0.5789017463388104
2015-05-121,Kuningan,0.747175149248605
2015-05-121,Majalengka,0.6059463196919991
2015-05-121,Purwakarta,0.57024733220108
2015-05-121,Subang,0.5585937874529352
2015-05-121,Sukabumi,0.7566063808423449
2015-05-121,Sumedang,0.7490050397804282
2015-05-121,Kota Bekasi,0.4050794655781174
2015-05-121,Kota Depok,0.5327142474517554
2015-05-129,Bandung,0.6706722171240038
2015-05-129,Kota Cimahi,0.3618719668160306
2015-05-129,Kota Tasikmalaya,0.6307706805105447
2015-05-129,Tasikmalaya,0.7216894592074885
2015-05-129,Ciamis,0.6874559777376966
2015-05-129,Kota Banjar,0.6049511442651337
2015-05-129,Bekasi,0.516479417148055
2015-05-129,Bogor,0.7073465305804304
2015-05-129,Cianjur,0.7589672208166635
2015-05-129,Cirebon,0.52652009546975
2015-05-129,Garut,0.7591151361014602
2015-05-129,Indramayu,0.43569097218720887
2015-05-129,Karawang,0.4819868919189085
2015-05-129,Kota Bandung,0.3663246619136956
2015-05-129,Kota Bogor,0.5160104130500028
2015-05-129,Kota Cirebon,0.4832772440770914
2015-05-129,Kota Sukabumi,0.5662162521382303
2015-05-129,Kuningan,0.7569931941263519
2015-05-129,Majalengka,0.6500527264562126
2015-05-129,Purwakarta,0.6568101195957482
2015-05-129,Subang,0.5804246097384176
2015-05-129,Sukabumi,0.7598753649169934
2015-05-129,Sumedang,0.7422393178563157
2015-05-129,Kota Bekasi,0.39227627875537446
2015-05-129,Kota Depok,0.5085011100447653
2015-05-137,Bandung,0.7084162022910255
2015-05-137,Kota Cimahi,0.3759238659702783
2015-05-137,Kota Tasikmalaya,0.636520839034399
2015-05-137,Tasikmalaya,0.7981213283668911
2015-05-137,Ciamis,0.7646626609673308
2015-05-137,Kota Banjar,0.6375133016601227
2015-05-137,Bekasi,0.5295806924261239
2015-05-137,Bogor,0.7159067637804504
2015-05-137,Cianjur,0.7794261533698005
2015-05-137,Cirebon,0.5372553267968848
2015-05-137,Garut,0.7949229952935277
2015-05-137,Indramayu,0.44941000910572165
2015-05-137,Karawang,0.48437333100863916
2015-05-137,Kota Bandung,0.3740563194062339
2015-05-137,Kota Bogor,0.5270324847373551
2015-05-137,Kota Cirebon,0.49092856204592833
2015-05-137,Kota Sukabumi,0.5895815746473487
2015-05-137,Kuningan,0.7791428268510485
2015-05-137,Majalengka,0.6903126491670514
2015-05-137,Purwakarta,0.6717343060831691
2015-05-137,Subang,0.5981386735655394
2015-05-137,Sukabumi,0.7835084074254747
2015-05-137,Sumedang,0.7702590483960071
2015-05-137,Kota Bekasi,0.39346947057294357
2015-05-137,Kota Depok,0.5085325516647139
2015-05-145,Bandung,0.7062953054825811
2015-05-145,Kota Cimahi,0.3430224601854863
2015-05-145,Kota Tasikmalaya,0.5020229062537893
2015-05-145,Tasikmalaya,0.5764209591555509
2015-05-145,Ciamis,0.5501219119371497
2015-05-145,Kota Banjar,0.5683311979865225
2015-05-145,Bekasi,0.5147469235687052
2015-05-145,Bogor,0.690398031980099
2015-05-145,Cianjur,0.7853077467154255
2015-05-145,Cirebon,0.5382758667788493
2015-05-145,Garut,0.7602596405025116
2015-05-145,Indramayu,0.45578809066072073
2015-05-145,Karawang,0.4725866344572456
2015-05-145,Kota Bandung,0.36251649588657714
2015-05-145,Kota Bogor,0.5228981129552455
2015-05-145,Kota Cirebon,0.47086348542772016
2015-05-145,Kota Sukabumi,0.5862535067216736
2015-05-145,Kuningan,0.7563359166270067
2015-05-145,Majalengka,0.7043302075653128
2015-05-145,Purwakarta,0.6831768553632663
2015-05-145,Subang,0.5882401594912897
2015-05-145,Sukabumi,0.7843391279728675
2015-05-145,Sumedang,0.7673574629546186
2015-05-145,Kota Bekasi,0.38800089608553134
2015-05-145,Kota Depok,0.5107723377887055
2015-06-153,Bandung,0.6494501090332728
2015-06-153,Kota Cimahi,0.3509276158263272
2015-06-153,Kota Tasikmalaya,0.5262297728213496
2015-06-153,Tasikmalaya,0.5527503025783348
2015-06-153,Ciamis,0.5589833445408567
2015-06-153,Kota Banjar,0.5254557536113896
2015-06-153,Bekasi,0.4864785991687234
2015-06-153,Bogor,0.6722172166812258
2015-06-153,Cianjur,0.7728945627893175
2015-06-153,Cirebon,0.5368249883480014
2015-06-153,Garut,0.7246206915219803
2015-06-153,Indramayu,0.4492828469044951
2015-06-153,Karawang,0.457548457658907
2015-06-153,Kota Bandung,0.3601660563395379
2015-06-153,Kota Bogor,0.5290007337829974
2015-06-153,Kota Cirebon,0.45098357311704657
2015-06-153,Kota Sukabumi,0.5784631984297169
2015-06-153,Kuningan,0.7008403598248001
2015-06-153,Majalengka,0.6808714762420751
2015-06-153,Purwakarta,0.6383279773671081
2015-06-153,Subang,0.562761088397076
2015-06-153,Sukabumi,0.7799034919108517
2015-06-153,Sumedang,0.7393836294816271
2015-06-153,Kota Bekasi,0.3554687944388508
2015-06-153,Kota Depok,0.48717495925454124
2015-06-161,Bandung,0.6968344238630706
2015-06-161,Kota Cimahi,0.34794076209521363
2015-06-161,Kota Tasikmalaya,0.5242945847060223
2015-06-161,Tasikmalaya,0.7205484476874247
2015-06-161,Ciamis,0.654764519449362
2015-06-161,Kota Banjar,0.6139421079109249
2015-06-161,Bekasi,0.48510110039743287
2015-06-161,Bogor,0.6914986139309094
2015-06-161,Cianjur,0.78077080016227
2015-06-161,Cirebon,0.5351078283747952
2015-06-161,Garut,0.7863315151058807
2015-06-161,Indramayu,0.4725860080707995
2015-06-161,Karawang,0.45878211124209595
2015-06-161,Kota Bandung,0.3549113762649424
2015-06-161,Kota Bogor,0.5296527938225076
2015-06-161,Kota Cirebon,0.4469469311733999
2015-06-161,Kota Sukabumi,0.606242009519056
2015-06-161,Kuningan,0.7650206769202528
2015-06-161,Majalengka,0.7275952573838241
2015-06-161,Purwakarta,0.6661259908195549
2015-06-161,Subang,0.5853683389466406
2015-06-161,Sukabumi,0.7879493101430255
2015-06-161,Sumedang,0.7701864153152123
2015-06-161,Kota Bekasi,0.3876307030834751
2015-06-161,Kota Depok,0.49834705560906234
2015-06-169,Bandung,0.7062478996530753
2015-06-169,Kota Cimahi,0.3382838357368144
2015-06-169,Kota Tasikmalaya,0.6556338937890758
2015-06-169,Tasikmalaya,0.6978808155183526
2015-06-169,Ciamis,0.7351359034155432
2015-06-169,Kota Banjar,0.6873028617655527
2015-06-169,Bekasi,0.46351345857724535
2015-06-169,Bogor,0.7292613524398527
2015-06-169,Cianjur,0.7845850520595038
2015-06-169,Cirebon,0.5471354169387916
2015-06-169,Garut,0.7841700562802368
2015-06-169,Indramayu,0.4955877183333484
2015-06-169,Karawang,0.46023705505394163
2015-06-169,Kota Bandung,0.34811825782664163
2015-06-169,Kota Bogor,0.5215035514836656
2015-06-169,Kota Cirebon,0.4348836004754059
2015-06-169,Kota Sukabumi,0.5748909704422097
2015-06-169,Kuningan,0.7709040517964403
2015-06-169,Majalengka,0.7255019692035894
2015-06-169,Purwakarta,0.6908520513806561
2015-06-169,Subang,0.5825571464772925
2015-06-169,Sukabumi,0.7955403856474685
2015-06-169,Sumedang,0.7553724895763204
2015-06-169,Kota Bekasi,0.37421801873163946
2015-06-169,Kota Depok,0.4899202653184767
2015-06-177,Bandung,0.6943609947418133
2015-06-177,Kota Cimahi,0.3348209254378047
2015-06-177,Kota Tasikmalaya,0.6563075588670017
2015-06-177,Tasikmalaya,0.7686121033388438
2015-06-177,Ciamis,0.7541540133129649
2015-06-177,Kota Banjar,0.6653823939578944
2015-06-177,Bekasi,0.44555814035566493
2015-06-177,Bogor,0.7126753551619244
2015-06-177,Cianjur,0.7724073203131321
2015-06-177,Cirebon,0.5506994818358177
2015-06-177,Garut,0.7737234838269317
2015-06-177,Indramayu,0.5157399312771982
2015-06-177,Karawang,0.4609605314882361
2015-06-177,Kota Bandung,0.3428627630653597
2015-06-177,Kota Bogor,0.503815617548171
2015-06-177,Kota Cirebon,0.4302224166368767
2015-06-177,Kota Sukabumi,0.566580734559115
2015-06-177,Kuningan,0.7429163150233037
2015-06-177,Majalengka,0.6923678489282556
2015-06-177,Purwakarta,0.6836034859495421
2015-06-177,Subang,0.591994334094849
2015-06-177,Sukabumi,0.7751492716385964
2015-06-177,Sumedang,0.7459738762222633
2015-06-177,Kota Bekasi,0.3820134774787197
2015-06-177,Kota Depok,0.4843151421983436
2015-07-185,Bandung,0.6886908037514372
2015-07-185,Kota Cimahi,0.32145543174143976
2015-07-185,Kota Tasikmalaya,0.6277177563723001
2015-07-185,Tasikmalaya,0.7096540447462986
2015-07-185,Ciamis,0.736378173255522
2015-07-185,Kota Banjar,0.6701958506542551
2015-07-185,Bekasi,0.41905904991738074
2015-07-185,Bogor,0.6928452735174087
2015-07-185,Cianjur,0.7543775220102157
2015-07-185,Cirebon,0.5411579580966469
2015-07-185,Garut,0.7634769349685978
2015-07-185,Indramayu,0.5072289874048972
2015-07-185,Karawang,0.44046833237412225
2015-07-185,Kota Bandung,0.3304536009155964
2015-07-185,Kota Bogor,0.5031820323819525
2015-07-185,Kota Cirebon,0.43023040521350286
2015-07-185,Kota Sukabumi,0.5460726516415013
2015-07-185,Kuningan,0.7334850322714315
2015-07-185,Majalengka,0.6657157298756193
2015-07-185,Purwakarta,0.6801024383391734
2015-07-185,Subang,0.5770333879654964
2015-07-185,Sukabumi,0.7583168925006311
2015-07-185,Sumedang,0.7289465779498747
2015-07-185,Kota Bekasi,0.3603991494587108
2015-07-185,Kota Depok,0.4610515422633848
2015-07-193,Bandung,0.6812624953223052
2015-07-193,Kota Cimahi,0.3213538862125812
2015-07-193,Kota Tasikmalaya,0.6762197437433666
2015-07-193,Tasikmalaya,0.7735548771326278
2015-07-193,Ciamis,0.7452352514002314
2015-07-193,Kota Banjar,0.7138664507514081
2015-07-193,Bekasi,0.4158388892527006
2015-07-193,Bogor,0.6793408880648174
2015-07-193,Cianjur,0.7325959024817446
2015-07-193,Cirebon,0.5599444479197311
2015-07-193,Garut,0.7576799770924463
2015-07-193,Indramayu,0.5240447247352646
2015-07-193,Karawang,0.44540822130559193
2015-07-193,Kota Bandung,0.3344696835411066
2015-07-193,Kota Bogor,0.4748469070637868
2015-07-193,Kota Cirebon,0.4361679119223149
2015-07-193,Kota Sukabumi,0.5584730634117987
2015-07-193,Kuningan,0.7264957440858476
2015-07-193,Majalengka,0.6542696444792322
2015-07-193,Purwakarta,0.6639421402846682
2015-07-193,Subang,0.5920312659016498
2015-07-193,Sukabumi,0.7204601025193733
2015-07-193,Sumedang,0.7197232909945046
2015-07-193,Kota Bekasi,0.36548756493564877
2015-07-193,Kota Depok,0.449287505150905
2015-07-201,Bandung,0.6683134024464744
2015-07-201,Kota Cimahi,0.3227654581831874
2015-07-201,Kota Tasikmalaya,0.6233391948338628
2015-07-201,Tasikmalaya,0.6059009067032554
2015-07-201,Ciamis,0.5577507517539385
2015-07-201,Kota Banjar,0.5857730665963463
2015-07-201,Bekasi,0.3972167610992113
2015-07-201,Bogor,0.6549313030008143
2015-07-201,Cianjur,0.7300177139299332
2015-07-201,Cirebon,0.5502902457195263
2015-07-201,Garut,0.7445317832958673
2015-07-201,Indramayu,0.5092676738634363
2015-07-201,Karawang,0.4381815117482427
2015-07-201,Kota Bandung,0.3391374310137332
2015-07-201,Kota Bogor,0.46888069879039806
2015-07-201,Kota Cirebon,0.4316367611413872
2015-07-201,Kota Sukabumi,0.5557439391375152
2015-07-201,Kuningan,0.6888202915048349
2015-07-201,Majalengka,0.601631679158133
2015-07-201,Purwakarta,0.6502336819350292
2015-07-201,Subang,0.5956768757775998
2015-07-201,Sukabumi,0.6976762772551581
2015-07-201,Sumedang,0.6992385087608594
2015-07-201,Kota Bekasi,0.35136452028278237
2015-07-201,Kota Depok,0.4387552555911202
2015-07-209,Bandung,0.6727367705563275
2015-07-209,Kota Cimahi,0.31616539574744623
2015-07-209,Kota Tasikmalaya,0.5115035538122185
2015-07-209,Tasikmalaya,0.6268786612984591
2015-07-209,Ciamis,0.6346401783782607
2015-07-209,Kota Banjar,0.5863016190416033
2015-07-209,Bekasi,0.3977391035211984
2015-07-209,Bogor,0.686061436749505
2015-07-209,Cianjur,0.7353920528121689
2015-07-209,Cirebon,0.5209295056599139
2015-07-209,Garut,0.7393757067535505
2015-07-209,Indramayu,0.48595855511521974
2015-07-209,Karawang,0.4407157905125374
2015-07-209,Kota Bandung,0.32963908615467996
2015-07-209,Kota Bogor,0.4770984155461144
2015-07-209,Kota Cirebon,0.3955747731774333
2015-07-209,Kota Sukabumi,0.5526537979082549
2015-07-209,Kuningan,0.6779085846968282
2015-07-209,Majalengka,0.5809860716993772
2015-07-209,Purwakarta,0.6478757815839278
2015-07-209,Subang,0.5923926680989352
2015-07-209,Sukabumi,0.7396545235309002
2015-07-209,Sumedang,0.6673167145404064
2015-07-209,Kota Bekasi,0.35473697282318556
2015-07-209,Kota Depok,0.44895597558481054
2015-08-217,Bandung,0.6518651587069554
2015-08-217,Kota Cimahi,0.3178221139725644
2015-08-217,Kota Tasikmalaya,0.47536526701440807
2015-08-217,Tasikmalaya,0.5680674083463312
2015-08-217,Ciamis,0.5776101223999253
2015-08-217,Kota Banjar,0.5918001608488126
2015-08-217,Bekasi,0.3626606563280207
2015-08-217,Bogor,0.6628925266808897
2015-08-217,Cianjur,0.698502734469162
2015-08-217,Cirebon,0.5060861240216459
2015-08-217,Garut,0.6996161411227034
2015-08-217,Indramayu,0.4785488837975258
2015-08-217,Karawang,0.43232073889451156
2015-08-217,Kota Bandung,0.3289759214070429
2015-08-217,Kota Bogor,0.45671075324475513
2015-08-217,Kota Cirebon,0.4148459372083222
2015-08-217,Kota Sukabumi,0.5096915544573423
2015-08-217,Kuningan,0.662232054848907
2015-08-217,Majalengka,0.5644214039129581
2015-08-217,Purwakarta,0.6355840796744071
2015-08-217,Subang,0.6004903753384067
2015-08-217,Sukabumi,0.6953847820430572
2015-08-217,Sumedang,0.6572051921332155
2015-08-217,Kota Bekasi,0.31740139764008435
2015-08-217,Kota Depok,0.42859894363076795
2015-08-225,Bandung,0.6303431972763414
2015-08-225,Kota Cimahi,0.2961342241708955
2015-08-225,Kota Tasikmalaya,0.5946099190749821
2015-08-225,Tasikmalaya,0.7511822095780419
2015-08-225,Ciamis,0.7395848721836598
2015-08-225,Kota Banjar,0.6541218056239015
2015-08-225,Bekasi,0.364360758684956
2015-08-225,Bogor,0.6258472204064717
2015-08-225,Cianjur,0.6872136218857574
2015-08-225,Cirebon,0.475136543934349
2015-08-225,Garut,0.696798722267434
2015-08-225,Indramayu,0.4154362125859176
2015-08-225,Karawang,0.4380061657681771
2015-08-225,Kota Bandung,0.3278673852658431
2015-08-225,Kota Bogor,0.47532866999368606
2015-08-225,Kota Cirebon,0.3985952419352465
2015-08-225,Kota Sukabumi,0.500787595330419
2015-08-225,Kuningan,0.662680328227185
2015-08-225,Majalengka,0.5353578076098996
2015-08-225,Purwakarta,0.5918728305458831
2015-08-225,Subang,0.5858805836953045
2015-08-225,Sukabumi,0.6918675857224426
2015-08-225,Sumedang,0.6310479537174447
2015-08-225,Kota Bekasi,0.32542669193975177
2015-08-225,Kota Depok,0.38864997949434804
2015-08-233,Bandung,0.6171930284388847
2015-08-233,Kota Cimahi,0.2944182221905825
2015-08-233,Kota Tasikmalaya,0.5101148631795661
2015-08-233,Tasikmalaya,0.608719413649249
2015-08-233,Ciamis,0.5622703612562093
2015-08-233,Kota Banjar,0.5791508949755674
2015-08-233,Bekasi,0.3521657085732041
2015-08-233,Bogor,0.6412722564814828
2015-08-233,Cianjur,0.6706253951443402
2015-08-233,Cirebon,0.44006768510053024
2015-08-233,Garut,0.6759855090890512
2015-08-233,Indramayu,0.37817439285833626
2015-08-233,Karawang,0.4446045375520508
2015-08-233,Kota Bandung,0.32573559446320216
2015-08-233,Kota Bogor,0.477887004904423
2015-08-233,Kota Cirebon,0.37865172851727996
2015-08-233,Kota Sukabumi,0.5026881756554709
2015-08-233,Kuningan,0.6221782959500827
2015-08-233,Majalengka,0.5100550212436731
2015-08-233,Purwakarta,0.5716536415608666
2015-08-233,Subang,0.5611362638446735
2015-08-233,Sukabumi,0.6834993070498844
2015-08-233,Sumedang,0.6036775719956656
2015-08-233,Kota Bekasi,0.31528290742041093
2015-08-233,Kota Depok,0.4270228652462236
2015-08-241,Bandung,0.6059258373960894
2015-08-241,Kota Cimahi,0.2744174076360557
2015-08-241,Kota Tasikmalaya,0.33606380547221554
2015-08-241,Tasikmalaya,0.4408890213581896
2015-08-241,Ciamis,0.3853803397248347
2015-08-241,Kota Banjar,0.45972583224335895
2015-08-241,Bekasi,0.34167092552861317
2015-08-241,Bogor,0.6249036787495272
2015-08-241,Cianjur,0.6533703842033106
2015-08-241,Cirebon,0.4183293567467353
2015-08-241,Garut,0.6694140814761917
2015-08-241,Indramayu,0.3475779917064483
2015-08-241,Karawang,0.4397429942896961
2015-08-241,Kota Bandung,0.3149868372175719
2015-08-241,Kota Bogor,0.4431366677687872
2015-08-241,Kota Cirebon,0.36855225871637265
2015-08-241,Kota Sukabumi,0.4921759922520812
2015-08-241,Kuningan,0.5848747388220362
2015-08-241,Majalengka,0.4818013399646441
2015-08-241,Purwakarta,0.524700310660384
2015-08-241,Subang,0.5473672288053185
2015-08-241,Sukabumi,0.6516283530831979
2015-08-241,Sumedang,0.5949811971293781
2015-08-241,Kota Bekasi,0.3044056265192598
2015-08-241,Kota Depok,0.39883612052358747
2015-09-249,Bandung,0.5871010451568784
2015-09-249,Kota Cimahi,0.27116563994317666
2015-09-249,Kota Tasikmalaya,0.37839339465991517
2015-09-249,Tasikmalaya,0.43420159549143067
2015-09-249,Ciamis,0.4143314417061193
2015-09-249,Kota Banjar,0.46633676201763175
2015-09-249,Bekasi,0.34588170073256197
2015-09-249,Bogor,0.5794163281674815
2015-09-249,Cianjur,0.6266667486068375
2015-09-249,Cirebon,0.41208502217411297
2015-09-249,Garut,0.6360547865070357
2015-09-249,Indramayu,0.3327327588197159
2015-09-249,Karawang,0.4544780901566562
2015-09-249,Kota Bandung,0.30863828268361426
2015-09-249,Kota Bogor,0.4372900906520109
2015-09-249,Kota Cirebon,0.3678516666749344
2015-09-249,Kota Sukabumi,0.4780264049894301
2015-09-249,Kuningan,0.5852383573993705
2015-09-249,Majalengka,0.4781410089343946
2015-09-249,Purwakarta,0.5216424786584248
2015-09-249,Subang,0.5398896421160695
2015-09-249,Sukabumi,0.6104282091072715
2015-09-249,Sumedang,0.583728880369769
2015-09-249,Kota Bekasi,0.29630087947826134
2015-09-249,Kota Depok,0.3887529772416893
2015-09-257,Bandung,0.5802572626625262
2015-09-257,Kota Cimahi,0.2641759282225061
2015-09-257,Kota Tasikmalaya,0.3465693458010377
2015-09-257,Tasikmalaya,0.47441354050975726
2015-09-257,Ciamis,0.4701716430630573
2015-09-257,Kota Banjar,0.3758422348001797
2015-09-257,Bekasi,0.3725015395636832
2015-09-257,Bogor,0.6028621407599208
2015-09-257,Cianjur,0.6403294262257834
2015-09-257,Cirebon,0.3856271007896586
2015-09-257,Garut,0.6445086456513512
2015-09-257,Indramayu,0.3166998192268433
2015-09-257,Karawang,0.49230307887376357
2015-09-257,Kota Bandung,0.30916403064535397
2015-09-257,Kota Bogor,0.44208006159802427
2015-09-257,Kota Cirebon,0.36157027264248714
2015-09-257,Kota Sukabumi,0.4750907217322412
2015-09-257,Kuningan,0.5665855840575591
2015-09-257,Majalengka,0.47140702588119776
2015-09-257,Purwakarta,0.5289080283329644
2015-09-257,Subang,0.5331499763041033
2015-09-257,Sukabumi,0.6175305067516166
2015-09-257,Sumedang,0.5657416855983127
2015-09-257,Kota Bekasi,0.31523396975059026
2015-09-257,Kota Depok,0.38819770666245795
2015-09-265,Bandung,0.5642045453238196
2015-09-265,Kota Cimahi,0.2750448194030555
2015-09-265,Kota Tasikmalaya,0.5105510085576698
2015-09-265,Tasikmalaya,0.6469519296989101
2015-09-265,Ciamis,0.579736331488751
2015-09-265,Kota Banjar,0.4910340816793809
2015-09-265,Bekasi,0.3676099088165367
2015-09-265,Bogor,0.5780181516381361
2015-09-265,Cianjur,0.5967967643473875
2015-09-265,Cirebon,0.38141245331394596
2015-09-265,Garut,0.6269332139785155
2015-09-265,Indramayu,0.296373736121367
2015-09-265,Karawang,0.4834626129970013
2015-09-265,Kota Bandung,0.31929760320765005
2015-09-265,Kota Bogor,0.4135994882036977
2015-09-265,Kota Cirebon,0.34075072666538336
2015-09-265,Kota Sukabumi,0.44055111640302
2015-09-265,Kuningan,0.5761287481168705
2015-09-265,Majalengka,0.4664388577987233
2015-09-265,Purwakarta,0.49616753691255344
2015-09-265,Subang,0.5194936794775422
2015-09-265,Sukabumi,0.5839949757001622
2015-09-265,Sumedang,0.5632616443795635
2015-09-265,Kota Bekasi,0.29845393255002206
2015-09-265,Kota Depok,0.3574884160218918
2015-09-273,Bandung,0.5590281964501523
2015-09-273,Kota Cimahi,0.2697147247946846
2015-09-273,Kota Tasikmalaya,0.521000572166556
2015-09-273,Tasikmalaya,0.6612831678241847
2015-09-273,Ciamis,0.6402359983186825
2015-09-273,Kota Banjar,0.5409473666091794
2015-09-273,Bekasi,0.4046412772652007
2015-09-273,Bogor,0.590073524369998
2015-09-273,Cianjur,0.6060740200660635
2015-09-273,Cirebon,0.3677718070116153
2015-09-273,Garut,0.6063543458927367
2015-09-273,Indramayu,0.2754584971748471
2015-09-273,Karawang,0.46927500718316073
2015-09-273,Kota Bandung,0.3141770882364669
2015-09-273,Kota Bogor,0.5041570107115495
2015-09-273,Kota Cirebon,0.35786824478943235
2015-09-273,Kota Sukabumi,0.45561758569199273
2015-09-273,Kuningan,0.5575521093974712
2015-09-273,Majalengka,0.45079120880857015
2015-09-273,Purwakarta,0.48005535680744
2015-09-273,Subang,0.4819615624107488
2015-09-273,Sukabumi,0.6095133168818482
2015-09-273,Sumedang,0.5410122771758515
2015-09-273,Kota Bekasi,0.3101345191632477
2015-09-273,Kota Depok,0.38323960392866907
2015-10-281,Bandung,0.5662471948576063
2015-10-281,Kota Cimahi,0.27612506184767754
2015-10-281,Kota Tasikmalaya,0.47832103616785826
2015-10-281,Tasikmalaya,0.6047332207144559
2015-10-281,Ciamis,0.6132663211807725
2015-10-281,Kota Banjar,0.5362536634723819
2015-10-281,Bekasi,0.38798823419745904
2015-10-281,Bogor,0.600969716259181
2015-10-281,Cianjur,0.595533639410307
2015-10-281,Cirebon,0.36432205802798023
2015-10-281,Garut,0.6170052887134265
2015-10-281,Indramayu,0.29508924245162615
2015-10-281,Karawang,0.46778740159690413
2015-10-281,Kota Bandung,0.3252218331122999
2015-10-281,Kota Bogor,0.47958758411927443
2015-10-281,Kota Cirebon,0.31788018360255066
2015-10-281,Kota Sukabumi,0.4635108056832388
2015-10-281,Kuningan,0.5594880004603802
2015-10-281,Majalengka,0.44814837682145153
2015-10-281,Purwakarta,0.511460262770729
2015-10-281,Subang,0.48428931000660635
2015-10-281,Sukabumi,0.5743875931444018
2015-10-281,Sumedang,0.5693312655754225
2015-10-281,Kota Bekasi,0.29742545859818714
2015-10-281,Kota Depok,0.38471854901693564
2015-10-289,Bandung,0.5561992026374967
2015-10-289,Kota Cimahi,0.2869559981456471
2015-10-289,Kota Tasikmalaya,0.5097076000380919
2015-10-289,Tasikmalaya,0.6048910690404189
2015-10-289,Ciamis,0.5882725869119921
2015-10-289,Kota Banjar,0.5211442409513869
2015-10-289,Bekasi,0.3886134694276683
2015-10-289,Bogor,0.5890263976529719
2015-10-289,Cianjur,0.5677890237886224
2015-10-289,Cirebon,0.3727707450058796
2015-10-289,Garut,0.5957060978883822
2015-10-289,Indramayu,0.2866663512116018
2015-10-289,Karawang,0.4563396011512171
2015-10-289,Kota Bandung,0.3106918484003654
2015-10-289,Kota Bogor,0.442466568892937
2015-10-289,Kota Cirebon,0.38891480774475734
2015-10-289,Kota Sukabumi,0.4391939173998775
2015-10-289,Kuningan,0.575344924709551
2015-10-289,Majalengka,0.45679162255784866
2015-10-289,Purwakarta,0.4939803672708473
2015-10-289,Subang,0.4664672491836992
2015-10-289,Sukabumi,0.5549880323244641
2015-10-289,Sumedang,0.5472761343130379
2015-10-289,Kota Bekasi,0.28078945057992566
2015-10-289,Kota Depok,0.3552024820565239
2015-10-297,Bandung,0.5383057363902463
2015-10-297,Kota Cimahi,0.28069312981240674
2015-10-297,Kota Tasikmalaya,0.4923240845504712
2015-10-297,Tasikmalaya,0.6173337350097621
2015-10-297,Ciamis,0.5288399574813313
2015-10-297,Kota Banjar,0.4425173056440605
2015-10-297,Bekasi,0.3694970614175332
2015-10-297,Bogor,0.5966197064204226
2015-10-297,Cianjur,0.5747842539281663
2015-10-297,Cirebon,0.3403519931254224
2015-10-297,Garut,0.5975956459559818
2015-10-297,Indramayu,0.30468792082445156
2015-10-297,Karawang,0.42797941131640144
2015-10-297,Kota Bandung,0.31879720879487716
2015-10-297,Kota Bogor,0.4465065119503998
2015-10-297,Kota Cirebon,0.3180738318387194
2015-10-297,Kota Sukabumi,0.4539246776152691
2015-10-297,Kuningan,0.5444764400703949
2015-10-297,Majalengka,0.43302130356908203
2015-10-297,Purwakarta,0.5172350557021358
2015-10-297,Subang,0.4653189175241349
2015-10-297,Sukabumi,0.5629432730265931
2015-10-297,Sumedang,0.5389454931245624
2015-10-297,Kota Bekasi,0.2803290076615838
2015-10-297,Kota Depok,0.36940498182147746
2015-11-305,Bandung,0.4768584207322614
2015-11-305,Kota Cimahi,0.2861634936551857
2015-11-305,Kota Tasikmalaya,0.36967194029628764
2015-11-305,Tasikmalaya,0.4889012201092824
2015-11-305,Ciamis,0.4749095420305735
2015-11-305,Kota Banjar,0.3765145221463439
2015-11-305,Bekasi,0.3144931046998028
2015-11-305,Bogor,0.4826813260980426
2015-11-305,Cianjur,0.5312192808086087
2015-11-305,Cirebon,0.32680494519899195
2015-11-305,Garut,0.5546149479854415
2015-11-305,Indramayu,0.26449773267965787
2015-11-305,Karawang,0.3819122033172596
2015-11-305,Kota Bandung,0.3029426124559995
2015-11-305,Kota Bogor,0.43135361128591365
2015-11-305,Kota Cirebon,0.30722535809178025
2015-11-305,Kota Sukabumi,0.46917205116026317
2015-11-305,Kuningan,0.5244639379901678
2015-11-305,Majalengka,0.3934286636533159
2015-11-305,Purwakarta,0.4738510388483911
2015-11-305,Subang,0.42913428838300366
2015-11-305,Sukabumi,0.5225213045051549
2015-11-305,Sumedang,0.5184758974084582
2015-11-305,Kota Bekasi,0.18099220100889055
2015-11-305,Kota Depok,0.27378328555898745
2015-11-313,Bandung,0.43992022853800455
2015-11-313,Kota Cimahi,0.2593903078750055
2015-11-313,Kota Tasikmalaya,0.3447012375106141
2015-11-313,Tasikmalaya,0.4789681296413706
2015-11-313,Ciamis,0.43663859072188277
2015-11-313,Kota Banjar,0.4454192727034064
2015-11-313,Bekasi,0.3176101013540502
2015-11-313,Bogor,0.5800008719601847
2015-11-313,Cianjur,0.49871033122813807
2015-11-313,Cirebon,0.3332673215620893
2015-11-313,Garut,0.5154126968808695
2015-11-313,Indramayu,0.26867192225399866
2015-11-313,Karawang,0.42875152298162855
2015-11-313,Kota Bandung,0.3313902842080453
2015-11-313,Kota Bogor,0.4199533313764834
2015-11-313,Kota Cirebon,0.27460859100726615
2015-11-313,Kota Sukabumi,0.47474928632660385
2015-11-313,Kuningan,0.5495541920988761
2015-11-313,Majalengka,0.38078481017367116
2015-11-313,Purwakarta,0.4986643117489219
2015-11-313,Subang,0.4443320164463632
2015-11-313,Sukabumi,0.5705594809377065
2015-11-313,Sumedang,0.5270523169375136
2015-11-313,Kota Bekasi,0.222456452557895
2015-11-313,Kota Depok,0.3823066508607561
2015-11-321,Bandung,0.4944041618843915
2015-11-321,Kota Cimahi,0.22717664181559913
2015-11-321,Kota Tasikmalaya,0.47146748600638266
2015-11-321,Tasikmalaya,0.43208107999595885
2015-11-321,Ciamis,0.4142669170516321
2015-11-321,Kota Banjar,0.46991049745298347
2015-11-321,Bekasi,0.34266302609352356
2015-11-321,Bogor,0.6077221706916385
2015-11-321,Cianjur,0.5813740771018826
2015-11-321,Cirebon,0.34104641997177054
2015-11-321,Garut,0.5161115716875344
2015-11-321,Indramayu,0.2685239805717019
2015-11-321,Karawang,0.3855761230046268
2015-11-321,Kota Bandung,0.32299880868064396
2015-11-321,Kota Bogor,0.4501263637199663
2015-11-321,Kota Cirebon,0.3488347717118755
2015-11-321,Kota Sukabumi,0.4586428640278082
2015-11-321,Kuningan,0.5633482598025195
2015-11-321,Majalengka,0.43505232804777516
2015-11-321,Purwakarta,0.5740177384150307
2015-11-321,Subang,0.4696944770706797
2015-11-321,Sukabumi,0.54685391492722
2015-11-321,Sumedang,0.539150086968242
2015-11-321,Kota Bekasi,0.20740047520773475
2015-11-321,Kota Depok,0.37485845965045766
2015-11-329,Bandung,0.4950734873918957
2015-11-329,Kota Cimahi,0.42365272553948574
2015-11-329,Kota Tasikmalaya,0.36325916627679977
2015-11-329,Tasikmalaya,0.37518052179679867
2015-11-329,Ciamis,0.4069257584997384
2015-11-329,Kota Banjar,0.4646352280391191
2015-11-329,Bekasi,0.32239219466905594
2015-11-329,Bogor,0.6026149783942578
2015-11-329,Cianjur,0.4662590920130626
2015-11-329,Cirebon,0.2125496826035492
2015-11-329,Garut,0.405229875854644
2015-11-329,Indramayu,0.17155153692678815
2015-11-329,Karawang,0.355350419482798
2015-11-329,Kota Bandung,0.342162946518684
2015-11-329,Kota Bogor,0.365437960726118
2015-11-329,Kota Cirebon,0.17163397390539223
2015-11-329,Kota Sukabumi,0.46594950035321886
2015-11-329,Kuningan,0.48053859311698427
2015-11-329,Majalengka,0.3801133121182428
2015-11-329,Purwakarta,0.5353422534560928
2015-11-329,Subang,0.39851573024813464
2015-11-329,Sukabumi,0.5457963076429084
2015-11-329,Sumedang,0.6066761491758578
2015-11-329,Kota Bekasi,0.20321381170702218
2015-11-329,Kota Depok,0.47464670798354064
2015-12-337,Bandung,0.4675516086293831
2015-12-337,Kota Cimahi,0.21160923719965496
2015-12-337,Kota Tasikmalaya,0.6158519487154409
2015-12-337,Tasikmalaya,0.6352209573595218
2015-12-337,Ciamis,0.572483954033427
2015-12-337,Kota Banjar,0.5328569158259511
2015-12-337,Bekasi,0.39215102903699756
2015-12-337,Bogor,0.6148054614856072
2015-12-337,Cianjur,0.6423235003603918
2015-12-337,Cirebon,0.3280012127079191
2015-12-337,Garut,0.5343860807021407
2015-12-337,Indramayu,0.3005651652125472
2015-12-337,Karawang,0.4209062584112304
2015-12-337,Kota Bandung,0.2730354087567325
2015-12-337,Kota Bogor,0.46944700169051434
2015-12-337,Kota Cirebon,0.19830028183463563
2015-12-337,Kota Sukabumi,0.5361054021688059
2015-12-337,Kuningan,0.6242667748722042
2015-12-337,Majalengka,0.49620983620541176
2015-12-337,Purwakarta,0.5657064387072425
2015-12-337,Subang,0.4694437069942466
2015-12-337,Sukabumi,0.654971181171881
2015-12-337,Sumedang,0.6387207435536414
2015-12-337,Kota Bekasi,0.3508812279727198
2015-12-337,Kota Depok,0.49561855575233893
2015-12-345,Bandung,0.3674631648830276
2015-12-345,Kota Cimahi,0.2781466449775086
2015-12-345,Kota Tasikmalaya,0.35230560629340657
2015-12-345,Tasikmalaya,0.37723143763896766
2015-12-345,Ciamis,0.2920678483314219
2015-12-345,Kota Banjar,0.25660575099928257
2015-12-345,Bekasi,0.27153795244443046
2015-12-345,Bogor,0.4063234384746976
2015-12-345,Cianjur,0.4715073327587764
2015-12-345,Cirebon,0.2858300042971773
2015-12-345,Garut,0.41805002546345416
2015-12-345,Indramayu,0.2645108831823787
2015-12-345,Karawang,0.33809278078036326
2015-12-345,Kota Bandung,0.24537856353230791
2015-12-345,Kota Bogor,0.46879190194370857
2015-12-345,Kota Cirebon,0.26480030094219054
2015-12-345,Kota Sukabumi,0.4580030690502787
2015-12-345,Kuningan,0.5122275918059536
2015-12-345,Majalengka,0.4168009656475056
2015-12-345,Purwakarta,0.4957049836730995
2015-12-345,Subang,0.341523114174352
2015-12-345,Sukabumi,0.5620915521710158
2015-12-345,Sumedang,0.534296061044787
2015-12-345,Kota Bekasi,0.16078418122292712
2015-12-345,Kota Depok,0.19362664286036577
2015-12-353,Bandung,0.5371639360505867
2015-12-353,Kota Cimahi,0.2932469483651543
2015-12-353,Kota Tasikmalaya,0.5350228112067823
2015-12-353,Tasikmalaya,0.6353779607818836
2015-12-353,Ciamis,0.566051977783347
2015-12-353,Kota Banjar,0.5903958022213566
2015-12-353,Bekasi,0.23063648806260256
2015-12-353,Bogor,0.5511174081811356
2015-12-353,Cianjur,0.5801970617162653
2015-12-353,Cirebon,0.3372109690647517
2015-12-353,Garut,0.626817768435414
2015-12-353,Indramayu,0.24734762696355317
2015-12-353,Karawang,0.18988455015972405
2015-12-353,Kota Bandung,0.26638486733436817
2015-12-353,Kota Bogor,0.4428943297145245
2015-12-353,Kota Cirebon,0.3194550598561858
2015-12-353,Kota Sukabumi,0.39224777453664433
2015-12-353,Kuningan,0.4451454353468305
2015-12-353,Majalengka,0.5079706250240996
2015-12-353,Purwakarta,0.39768475765084127
2015-12-353,Subang,0.2769926890278826
2015-12-353,Sukabumi,0.4954294220274744
2015-12-353,Sumedang,0.5034649329099614
2015-12-353,Kota Bekasi,0.2465635460881156
2015-12-353,Kota Depok,0.48472151083533166
2015-12-361,Bandung,0.5120912558380473
2015-12-361,Kota Cimahi,0.3219415984098801
2015-12-361,Kota Tasikmalaya,0.5355116884501958
2015-12-361,Tasikmalaya,0.5822437206425067
2015-12-361,Ciamis,0.5845273021193413
2015-12-361,Kota Banjar,0.5574244811801252
2015-12-361,Bekasi,0.3703390448808051
2015-12-361,Bogor,0.5649207330271683
2015-12-361,Cianjur,0.6681687900935478
2015-12-361,Cirebon,0.3663896917029794
2015-12-361,Garut,0.5473597874208214
2015-12-361,Indramayu,0.22929350431579915
2015-12-361,Karawang,0.36783248866246104
2015-12-361,Kota Bandung,0.3062788741467452
2015-12-361,Kota Bogor,0.3837467274489871
2015-12-361,Kota Cirebon,0.35124994489050543
2015-12-361,Kota Sukabumi,0.5190794782458917
2015-12-361,Kuningan,0.6045075597256693
2015-12-361,Majalengka,0.49193411908242124
2015-12-361,Purwakarta,0.496627123294712
2015-12-361,Subang,0.3700171806831901
2015-12-361,Sukabumi,0.6551198983599535
2015-12-361,Sumedang,0.5528773192018357
2015-12-361,Kota Bekasi,0.2595691090141002
2015-12-361,Kota Depok,0.4429304519520103
2016-01-01,Bandung,0.5947823256202803
2016-01-01,Kota Cimahi,0.3487765287744106
2016-01-01,Kota Tasikmalaya,0.5986474320091408
2016-01-01,Tasikmalaya,0.6649826732547095
2016-01-01,Ciamis,0.6117753255164358
2016-01-01,Kota Banjar,0.6046208744070617
2016-01-01,Bekasi,0.40267329988563044
2016-01-01,Bogor,0.6633751572236686
2016-01-01,Cianjur,0.7229996832012088
2016-01-01,Cirebon,0.4139341433872896
2016-01-01,Garut,0.6308347198056807
2016-01-01,Indramayu,0.30529602519886206
2016-01-01,Karawang,0.39720940710990826
2016-01-01,Kota Bandung,0.3637351803199055
2016-01-01,Kota Bogor,0.4461511098815839
2016-01-01,Kota Cirebon,0.42860577341348455
2016-01-01,Kota Sukabumi,0.5599390166686391
2016-01-01,Kuningan,0.6570686980863255
2016-01-01,Majalengka,0.5620662922941168
2016-01-01,Purwakarta,0.6089572502581493
2016-01-01,Subang,0.5056020988527022
2016-01-01,Sukabumi,0.6849078017316192
2016-01-01,Sumedang,0.6882425101174191
2016-01-01,Kota Bekasi,0.3242998119583372
2016-01-01,Kota Depok,0.47850210092772594
2016-01-09,Bandung,0.5226853688238382
2016-01-09,Kota Cimahi,0.2623861153191004
2016-01-09,Kota Tasikmalaya,0.6612418192769484
2016-01-09,Tasikmalaya,0.7463945584856071
2016-01-09,Ciamis,0.6762166140715189
2016-01-09,Kota Banjar,0.6564805912322538
2016-01-09,Bekasi,0.34746157655627175
2016-01-09,Bogor,0.6260337088877533
2016-01-09,Cianjur,0.6754367325979204
2016-01-09,Cirebon,0.4528527384529354
2016-01-09,Garut,0.6588251068039513
2016-01-09,Indramayu,0.33238167925340756
2016-01-09,Karawang,0.3581332920417086
2016-01-09,Kota Bandung,0.3095926658385852
2016-01-09,Kota Bogor,0.43566825945438387
2016-01-09,Kota Cirebon,0.40206762377483257
2016-01-09,Kota Sukabumi,0.5045285502624985
2016-01-09,Kuningan,0.6343820193343872
2016-01-09,Majalengka,0.5383820410210143
2016-01-09,Purwakarta,0.6178291830661597
2016-01-09,Subang,0.4948367000837755
2016-01-09,Sukabumi,0.6675417515932548
2016-01-09,Sumedang,0.6462489936664039
2016-01-09,Kota Bekasi,0.2787078842431486
2016-01-09,Kota Depok,0.4340199660782877
2016-01-17,Bandung,0.5375993441503372
2016-01-17,Kota Cimahi,0.2258213753183983
2016-01-17,Kota Tasikmalaya,0.6227627487248242
2016-01-17,Tasikmalaya,0.7238174615401015
2016-01-17,Ciamis,0.6957227525696812
2016-01-17,Kota Banjar,0.7456453579768504
2016-01-17,Bekasi,0.33558163322854967
2016-01-17,Bogor,0.5146208609853037
2016-01-17,Cianjur,0.6147398941897687
2016-01-17,Cirebon,0.423939619986129
2016-01-17,Garut,0.6467891317013357
2016-01-17,Indramayu,0.36850269909368993
2016-01-17,Karawang,0.337381543384323
2016-01-17,Kota Bandung,0.31665658486257764
2016-01-17,Kota Bogor,0.31788146652069177
2016-01-17,Kota Cirebon,0.36544350406276177
2016-01-17,Kota Sukabumi,0.5839826589802144
2016-01-17,Kuningan,0.6514840076541448
2016-01-17,Majalengka,0.6273094700762182
2016-01-17,Purwakarta,0.536109408044304
2016-01-17,Subang,0.5064458581549877
2016-01-17,Sukabumi,0.5563052496198826
2016-01-17,Sumedang,0.6934763654606384
2016-01-17,Kota Bekasi,0.14207671081665849
2016-01-17,Kota Depok,0.3109386359568022
2016-01-25,Bandung,0.5633301579185676
2016-01-25,Kota Cimahi,0.35487226812870887
2016-01-25,Kota Tasikmalaya,0.6444259484209635
2016-01-25,Tasikmalaya,0.7324073093569671
2016-01-25,Ciamis,0.6859375417962374
2016-01-25,Kota Banjar,0.7081292249088068
2016-01-25,Bekasi,0.1892349935167993
2016-01-25,Bogor,0.35775523078475824
2016-01-25,Cianjur,0.5688270673113329
2016-01-25,Cirebon,0.43995489846656044
2016-01-25,Garut,0.6273694702631489
2016-01-25,Indramayu,0.196721531899181
2016-01-25,Karawang,0.1573284347074021
2016-01-25,Kota Bandung,0.33727229554786564
2016-01-25,Kota Bogor,0.3148932156027051
2016-01-25,Kota Cirebon,0.43463933719200987
2016-01-25,Kota Sukabumi,0.49255564167226445
2016-01-25,Kuningan,0.49435348069557383
2016-01-25,Majalengka,0.5091374519871942
2016-01-25,Purwakarta,0.4642345878320288
2016-01-25,Subang,0.2359901313655463
2016-01-25,Sukabumi,0.5666118873062475
2016-01-25,Sumedang,0.5128717379224946
2016-01-25,Kota Bekasi,0.14700206637966523
2016-01-25,Kota Depok,0.28548872990513996
2016-02-33,Bandung,0.5287165245499644
2016-02-33,Kota Cimahi,0.2964403349894836
2016-02-33,Kota Tasikmalaya,0.5977527764291659
2016-02-33,Tasikmalaya,0.6381104190854096
2016-02-33,Ciamis,0.5649314093702352
2016-02-33,Kota Banjar,0.6344268850146296
2016-02-33,Bekasi,0.31641683182569186
2016-02-33,Bogor,0.5891978331585322
2016-02-33,Cianjur,0.5189477157552581
2016-02-33,Cirebon,0.37898767916239245
2016-02-33,Garut,0.5434780267733523
2016-02-33,Indramayu,0.2692583280249928
2016-02-33,Karawang,0.2812769460974167
2016-02-33,Kota Bandung,0.2712648841866157
2016-02-33,Kota Bogor,0.47336534912514333
2016-02-33,Kota Cirebon,0.31626576394945183
2016-02-33,Kota Sukabumi,0.3508818867497026
2016-02-33,Kuningan,0.4024914562180844
2016-02-33,Majalengka,0.5413448598571355
2016-02-33,Purwakarta,0.5675337500917457
2016-02-33,Subang,0.37967670436865114
2016-02-33,Sukabumi,0.3551273663380343
2016-02-33,Sumedang,0.47069117485272743
2016-02-33,Kota Bekasi,0.23039679795778104
2016-02-33,Kota Depok,0.4598339619879424
2016-02-41,Bandung,0.3910939373945537
2016-02-41,Kota Cimahi,0.12235888744646202
2016-02-41,Kota Tasikmalaya,0.5987553818803403
2016-02-41,Tasikmalaya,0.6270552594796063
2016-02-41,Ciamis,0.6521108069838869
2016-02-41,Kota Banjar,0.6940335647697728
2016-02-41,Bekasi,0.26760805209591254
2016-02-41,Bogor,0.5194729201929823
2016-02-41,Cianjur,0.664631119902901
2016-02-41,Cirebon,0.4149755857900498
2016-02-41,Garut,0.585456669853068
2016-02-41,Indramayu,0.41646968496207154
2016-02-41,Karawang,0.2958647132419643
2016-02-41,Kota Bandung,0.1144014749154292
2016-02-41,Kota Bogor,0.35225823200087614
2016-02-41,Kota Cirebon,0.27058810792376686
2016-02-41,Kota Sukabumi,0.316531593141905
2016-02-41,Kuningan,0.4322845593295157
2016-02-41,Majalengka,0.4100176545393492
2016-02-41,Purwakarta,0.5438748161950844
2016-02-41,Subang,0.3862917870314032
2016-02-41,Sukabumi,0.6131423583861414
2016-02-41,Sumedang,0.30698915686496003
2016-02-41,Kota Bekasi,0.21147103702427134
2016-02-41,Kota Depok,0.43184408236682004
2016-02-49,Bandung,0.26313890163604303
2016-02-49,Kota Cimahi,0.16137715943269001
2016-02-49,Kota Tasikmalaya,0.17388800986262334
2016-02-49,Tasikmalaya,0.2681637676309037
2016-02-49,Ciamis,0.2386376365746434
2016-02-49,Kota Banjar,0.3061980565834903
2016-02-49,Bekasi,0.3166322630357117
2016-02-49,Bogor,0.30938449039109833
2016-02-49,Cianjur,0.5688571829505016
2016-02-49,Cirebon,0.23931516050086193
2016-02-49,Garut,0.274747732304309
2016-02-49,Indramayu,0.34693297638702303
2016-02-49,Karawang,0.30584362119929925
2016-02-49,Kota Bandung,0.14076834488070725
2016-02-49,Kota Bogor,0.24832001957082536
2016-02-49,Kota Cirebon,0.05961460586843219
2016-02-49,Kota Sukabumi,0.4891912451370013
2016-02-49,Kuningan,0.20712072210727195
2016-02-49,Majalengka,0.31892563435224924
2016-02-49,Purwakarta,0.4553199606724143
2016-02-49,Subang,0.38322761201747874
2016-02-49,Sukabumi,0.5142850939725132
2016-02-49,Sumedang,0.2735981835656046
2016-02-49,Kota Bekasi,0.16011890363873774
2016-02-49,Kota Depok,0.3519253729727053
2016-02-57,Bandung,0.3800928715076984
2016-02-57,Kota Cimahi,0.13910748920923724
2016-02-57,Kota Tasikmalaya,0.45697184031915
2016-02-57,Tasikmalaya,0.6017067768838105
2016-02-57,Ciamis,0.6421860418359542
2016-02-57,Kota Banjar,0.6398490156903549
2016-02-57,Bekasi,0.12813503921970967
2016-02-57,Bogor,0.1608267360095334
2016-02-57,Cianjur,0.4983624050835042
2016-02-57,Cirebon,0.45263285031410116
2016-02-57,Garut,0.40628569548925025
2016-02-57,Indramayu,0.34343818663773007
2016-02-57,Karawang,0.15805620793467906
2016-02-57,Kota Bandung,0.3567176748540518
2016-02-57,Kota Bogor,0.14128271697326855
2016-02-57,Kota Cirebon,0.2998532052819174
2016-02-57,Kota Sukabumi,0.30238711920741573
2016-02-57,Kuningan,0.3483956558460853
2016-02-57,Majalengka,0.36407592441601266
2016-02-57,Purwakarta,0.307196505911789
2016-02-57,Subang,0.3029810291501282
2016-02-57,Sukabumi,0.5327825250142104
2016-02-57,Sumedang,0.39043252714371846
2016-02-57,Kota Bekasi,0.09312052596716879
2016-02-57,Kota Depok,0.09202278396089728
2016-03-65,Bandung,0.5842645518650453
2016-03-65,Kota Cimahi,0.26995745228503604
2016-03-65,Kota Tasikmalaya,0.6600629257751284
2016-03-65,Tasikmalaya,0.7022829863325118
2016-03-65,Ciamis,0.7428291514641009
2016-03-65,Kota Banjar,0.7538513726596998
2016-03-65,Bekasi,0.35064266535743005
2016-03-65,Bogor,0.5591113548415646
2016-03-65,Cianjur,0.7205695153313346
2016-03-65,Cirebon,0.6260898055619837
2016-03-65,Garut,0.6894392589588137
2016-03-65,Indramayu,0.6068409872106021
2016-03-65,Karawang,0.3568707220365677
2016-03-65,Kota Bandung,0.3130118564332824
2016-03-65,Kota Bogor,0.4346113106593294
2016-03-65,Kota Cirebon,0.45824748419523326
2016-03-65,Kota Sukabumi,0.5953500396988999
2016-03-65,Kuningan,0.658350291319405
2016-03-65,Majalengka,0.6166900685493832
2016-03-65,Purwakarta,0.5776565160354761
2016-03-65,Subang,0.5966087461237861
2016-03-65,Sukabumi,0.7263354564990392
2016-03-65,Sumedang,0.6265308207746363
2016-03-65,Kota Bekasi,0.24204285346144092
2016-03-65,Kota Depok,0.41846539988211234
2016-03-73,Bandung,0.6037966683171587
2016-03-73,Kota Cimahi,0.357320468937961
2016-03-73,Kota Tasikmalaya,0.6221508243698499
2016-03-73,Tasikmalaya,0.6885667417879651
2016-03-73,Ciamis,0.6675413091851687
2016-03-73,Kota Banjar,0.6445471836050533
2016-03-73,Bekasi,0.4120121842540671
2016-03-73,Bogor,0.7019755144299088
2016-03-73,Cianjur,0.7523860211177743
2016-03-73,Cirebon,0.6332786891135038
2016-03-73,Garut,0.7648004500565455
2016-03-73,Indramayu,0.5836716952736968
2016-03-73,Karawang,0.45109510498890026
2016-03-73,Kota Bandung,0.3781461996697819
2016-03-73,Kota Bogor,0.5176414362564913
2016-03-73,Kota Cirebon,0.4881453973956696
2016-03-73,Kota Sukabumi,0.5931635392557676
2016-03-73,Kuningan,0.7375029854351032
2016-03-73,Majalengka,0.695117166815637
2016-03-73,Purwakarta,0.652782496196196
2016-03-73,Subang,0.6603197963138361
2016-03-73,Sukabumi,0.7412279709075247
2016-03-73,Sumedang,0.7459716246888106
2016-03-73,Kota Bekasi,0.3365277217423187
2016-03-73,Kota Depok,0.4586823007062467
2016-03-81,Bandung,0.6188501410115398
2016-03-81,Kota Cimahi,0.31367542842664164
2016-03-81,Kota Tasikmalaya,0.6221834729745351
2016-03-81,Tasikmalaya,0.7349607451603016
2016-03-81,Ciamis,0.6863483422463996
2016-03-81,Kota Banjar,0.6534137726732061
2016-03-81,Bekasi,0.38640654621927273
2016-03-81,Bogor,0.5023826466194488
2016-03-81,Cianjur,0.6800418780267505
2016-03-81,Cirebon,0.6532997038771444
2016-03-81,Garut,0.680943851797061
2016-03-81,Indramayu,0.6390193160845463
2016-03-81,Karawang,0.4623473139319824
2016-03-81,Kota Bandung,0.3535299837944909
2016-03-81,Kota Bogor,0.3532226856399514
2016-03-81,Kota Cirebon,0.4931900758807266
2016-03-81,Kota Sukabumi,0.5537749935149828
2016-03-81,Kuningan,0.7287084689186409
2016-03-81,Majalengka,0.6093966469655697
2016-03-81,Purwakarta,0.6055232670302841
2016-03-81,Subang,0.670877541821609
2016-03-81,Sukabumi,0.6845318504103728
2016-03-81,Sumedang,0.6796219080060388
2016-03-81,Kota Bekasi,0.22354125564369076
2016-03-81,Kota Depok,0.3583915186578865
2016-03-89,Bandung,0.5561240142501359
2016-03-89,Kota Cimahi,0.28995253374252106
2016-03-89,Kota Tasikmalaya,0.61498630836838
2016-03-89,Tasikmalaya,0.7541775978587048
2016-03-89,Ciamis,0.7171241622670188
2016-03-89,Kota Banjar,0.7002796617188445
2016-03-89,Bekasi,0.4333001150124291
2016-03-89,Bogor,0.6005995373971182
2016-03-89,Cianjur,0.6354111613881052
2016-03-89,Cirebon,0.5349358506093472
2016-03-89,Garut,0.6263975522269383
2016-03-89,Indramayu,0.5405150129155746
2016-03-89,Karawang,0.4861577200398582
2016-03-89,Kota Bandung,0.35526062353843646
2016-03-89,Kota Bogor,0.40737854582789834
2016-03-89,Kota Cirebon,0.412448574424648
2016-03-89,Kota Sukabumi,0.528982390318795
2016-03-89,Kuningan,0.545839661989686
2016-03-89,Majalengka,0.5062924034763365
2016-03-89,Purwakarta,0.6366601532731475
2016-03-89,Subang,0.6276121841442175
2016-03-89,Sukabumi,0.6736713327474839
2016-03-89,Sumedang,0.6775311134006016
2016-03-89,Kota Bekasi,0.30198624495716275
2016-03-89,Kota Depok,0.4473257786898679
2016-04-97,Bandung,0.5626051452371821
2016-04-97,Kota Cimahi,0.30925405269721723
2016-04-97,Kota Tasikmalaya,0.581011060020619
2016-04-97,Tasikmalaya,0.7016794322255561
2016-04-97,Ciamis,0.7097294269664903
2016-04-97,Kota Banjar,0.6627308782317005
2016-04-97,Bekasi,0.47236466631365037
2016-04-97,Bogor,0.570381615778695
2016-04-97,Cianjur,0.6539126314835587
2016-04-97,Cirebon,0.5533334338749666
2016-04-97,Garut,0.6473352047456917
2016-04-97,Indramayu,0.5545443603860267
2016-04-97,Karawang,0.5235497745969672
2016-04-97,Kota Bandung,0.3538395044967748
2016-04-97,Kota Bogor,0.42632819347221546
2016-04-97,Kota Cirebon,0.48225578745245046
2016-04-97,Kota Sukabumi,0.5186007264361786
2016-04-97,Kuningan,0.47901261593493605
2016-04-97,Majalengka,0.5602155167225065
2016-04-97,Purwakarta,0.605423153028023
2016-04-97,Subang,0.6423693968590523
2016-04-97,Sukabumi,0.6733017050273211
2016-04-97,Sumedang,0.6202352561794183
2016-04-97,Kota Bekasi,0.3276630910544387
2016-04-97,Kota Depok,0.47253189428597836
2016-04-105,Bandung,0.5183500080047713
2016-04-105,Kota Cimahi,0.22159832301401022
2016-04-105,Kota Tasikmalaya,0.5779198121973829
2016-04-105,Tasikmalaya,0.6827214710612964
2016-04-105,Ciamis,0.6376230736880731
2016-04-105,Kota Banjar,0.6490001409915301
2016-04-105,Bekasi,0.48758632230862936
2016-04-105,Bogor,0.6018381361730528
2016-04-105,Cianjur,0.605217977341486
2016-04-105,Cirebon,0.4983175466710763
2016-04-105,Garut,0.6465519050806509
2016-04-105,Indramayu,0.5391118778967204
2016-04-105,Karawang,0.48195980572960784
2016-04-105,Kota Bandung,0.30031140420480507
2016-04-105,Kota Bogor,0.4744620511703632
2016-04-105,Kota Cirebon,0.31535485350819137
2016-04-105,Kota Sukabumi,0.4573331410439687
2016-04-105,Kuningan,0.46368546399388294
2016-04-105,Majalengka,0.5057205834372336
2016-04-105,Purwakarta,0.5421203257090587
2016-04-105,Subang,0.544205433507364
2016-04-105,Sukabumi,0.6678389811128324
2016-04-105,Sumedang,0.5879261258659364
2016-04-105,Kota Bekasi,0.31436968281683997
2016-04-105,Kota Depok,0.4863468813114971
2016-04-113,Bandung,0.5107648996779715
2016-04-113,Kota Cimahi,0.22496586179283548
2016-04-113,Kota Tasikmalaya,0.5292521227289031
2016-04-113,Tasikmalaya,0.5802073923794221
2016-04-113,Ciamis,0.6255497914598898
2016-04-113,Kota Banjar,0.678160769017872
2016-04-113,Bekasi,0.4792723949945379
2016-04-113,Bogor,0.5810577373777391
2016-04-113,Cianjur,0.6534853049860659
2016-04-113,Cirebon,0.5478006571563058
2016-04-113,Garut,0.5904170135959157
2016-04-113,Indramayu,0.5242918863501538
2016-04-113,Karawang,0.5204271216455267
2016-04-113,Kota Bandung,0.3264008856582808
2016-04-113,Kota Bogor,0.5319761292307393
2016-04-113,Kota Cirebon,0.4517384159890476
2016-04-113,Kota Sukabumi,0.4185673555861042
2016-04-113,Kuningan,0.4334426305548727
2016-04-113,Majalengka,0.5226183833370678
2016-04-113,Purwakarta,0.6268217830968624
2016-04-113,Subang,0.6128780707365753
2016-04-113,Sukabumi,0.6446568555531128
2016-04-113,Sumedang,0.6064378692377654
2016-04-113,Kota Bekasi,0.29141349340809963
2016-04-113,Kota Depok,0.43440797379049567
2016-04-121,Bandung,0.47617154850991894
2016-04-121,Kota Cimahi,0.1728830722623911
2016-04-121,Kota Tasikmalaya,0.5446389156973195
2016-04-121,Tasikmalaya,0.6064071616348201
2016-04-121,Ciamis,0.6250603758129987
2016-04-121,Kota Banjar,0.5926966629769653
2016-04-121,Bekasi,0.4823221520824911
2016-04-121,Bogor,0.48053786972193974
2016-04-121,Cianjur,0.6600454732674249
2016-04-121,Cirebon,0.6196270972841469
2016-04-121,Garut,0.6123746382885593
2016-04-121,Indramayu,0.48857171186848897
2016-04-121,Karawang,0.5311021012141219
2016-04-121,Kota Bandung,0.33826642216041597
2016-04-121,Kota Bogor,0.3572388925263411
2016-04-121,Kota Cirebon,0.4947342555266111
2016-04-121,Kota Sukabumi,0.5033948063761156
2016-04-121,Kuningan,0.5569601126259834
2016-04-121,Majalengka,0.5303508782193938
2016-04-121,Purwakarta,0.5498842874840051
2016-04-121,Subang,0.5811743794062153
2016-04-121,Sukabumi,0.6772453264595371
2016-04-121,Sumedang,0.6483717742668993
2016-04-121,Kota Bekasi,0.30628439530402307
2016-04-121,Kota Depok,0.33611554339900684
2016-05-129,Bandung,0.6049752422582821
2016-05-129,Kota Cimahi,0.24721827773580182
2016-05-129,Kota Tasikmalaya,0.6034027742103499
2016-05-129,Tasikmalaya,0.7494007351855647
2016-05-129,Ciamis,0.6844870445635945
2016-05-129,Kota Banjar,0.6378048601687978
2016-05-129,Bekasi,0.5052581617710086
2016-05-129,Bogor,0.6078204714376245
2016-05-129,Cianjur,0.6964513135981755
2016-05-129,Cirebon,0.5669857354850131
2016-05-129,Garut,0.7221018636619575
2016-05-129,Indramayu,0.4874355934439767
2016-05-129,Karawang,0.5109277929067332
2016-05-129,Kota Bandung,0.3143448546448698
2016-05-129,Kota Bogor,0.44099808646067334
2016-05-129,Kota Cirebon,0.40869945835839083
2016-05-129,Kota Sukabumi,0.46751044887934196
2016-05-129,Kuningan,0.5965976896248173
2016-05-129,Majalengka,0.5654298660964916
2016-05-129,Purwakarta,0.5903673717160927
2016-05-129,Subang,0.5834060138143939
2016-05-129,Sukabumi,0.7033823785209851
2016-05-129,Sumedang,0.6490858690186221
2016-05-129,Kota Bekasi,0.2967203093216283
2016-05-129,Kota Depok,0.4570389641437255
2016-05-137,Bandung,0.6064453953525047
2016-05-137,Kota Cimahi,0.38630791547088733
2016-05-137,Kota Tasikmalaya,0.47204546653937973
2016-05-137,Tasikmalaya,0.4853527461501154
2016-05-137,Ciamis,0.48636725523375224
2016-05-137,Kota Banjar,0.48372537379806
2016-05-137,Bekasi,0.5184719391486534
2016-05-137,Bogor,0.6058711271059262
2016-05-137,Cianjur,0.7291736920734402
2016-05-137,Cirebon,0.601152214775679
2016-05-137,Garut,0.6941063672141478
2016-05-137,Indramayu,0.4970945143671737
2016-05-137,Karawang,0.5459779125909704
2016-05-137,Kota Bandung,0.38577262975434645
2016-05-137,Kota Bogor,0.4471690083241538
2016-05-137,Kota Cirebon,0.49534131212062393
2016-05-137,Kota Sukabumi,0.5592555755381798
2016-05-137,Kuningan,0.6843204960969618
2016-05-137,Majalengka,0.6447119945107602
2016-05-137,Purwakarta,0.6610346267317906
2016-05-137,Subang,0.6070224334439678
2016-05-137,Sukabumi,0.7350649072987929
2016-05-137,Sumedang,0.7490359658725055
2016-05-137,Kota Bekasi,0.3289122185161512
2016-05-137,Kota Depok,0.4536883703910819
2016-05-145,Bandung,0.4799049902388802
2016-05-145,Kota Cimahi,0.15534326303007465
2016-05-145,Kota Tasikmalaya,0.5389465663758247
2016-05-145,Tasikmalaya,0.5771757617430517
2016-05-145,Ciamis,0.6142752793304268
2016-05-145,Kota Banjar,0.5679608167584994
2016-05-145,Bekasi,0.4825227248441962
2016-05-145,Bogor,0.5809878690784284
2016-05-145,Cianjur,0.7080253937825466
2016-05-145,Cirebon,0.5368544845374573
2016-05-145,Garut,0.680520519606917
2016-05-145,Indramayu,0.4449761502603441
2016-05-145,Karawang,0.5119676041543708
2016-05-145,Kota Bandung,0.31055413237900165
2016-05-145,Kota Bogor,0.4202566999907463
2016-05-145,Kota Cirebon,0.42201867904750173
2016-05-145,Kota Sukabumi,0.5286972094255655
2016-05-145,Kuningan,0.7339937279759876
2016-05-145,Majalengka,0.6801779709557922
2016-05-145,Purwakarta,0.6008453051364605
2016-05-145,Subang,0.5471360452330272
2016-05-145,Sukabumi,0.726944630346883
2016-05-145,Sumedang,0.6879594187987697
2016-05-145,Kota Bekasi,0.3004169331535516
2016-05-145,Kota Depok,0.3756413001938611
2016-06-153,Bandung,0.6949569052842032
2016-06-153,Kota Cimahi,0.3646212500319601
2016-06-153,Kota Tasikmalaya,0.6249371829539814
2016-06-153,Tasikmalaya,0.7866780476939345
2016-06-153,Ciamis,0.7384129887398815
2016-06-153,Kota Banjar,0.6351203730663906
2016-06-153,Bekasi,0.5242279478545449
2016-06-153,Bogor,0.7157593131290793
2016-06-153,Cianjur,0.8080277587337723
2016-06-153,Cirebon,0.5927471288455236
2016-06-153,Garut,0.7864747171494567
2016-06-153,Indramayu,0.4699084816856418
2016-06-153,Karawang,0.5050390715086908
2016-06-153,Kota Bandung,0.37394080799546264
2016-06-153,Kota Bogor,0.5344315989225157
2016-06-153,Kota Cirebon,0.5019531243293102
2016-06-153,Kota Sukabumi,0.5878753069659535
2016-06-153,Kuningan,0.7837170813962391
2016-06-153,Majalengka,0.7335245395303295
2016-06-153,Purwakarta,0.6570319793961122
2016-06-153,Subang,0.59316515371386
2016-06-153,Sukabumi,0.8036723685150504
2016-06-153,Sumedang,0.7833493532556453
2016-06-153,Kota Bekasi,0.36222513102885945
2016-06-153,Kota Depok,0.5154029446256789
2016-06-161,Bandung,0.6638003415145269
2016-06-161,Kota Cimahi,0.3773088887962177
2016-06-161,Kota Tasikmalaya,0.6613871591891403
2016-06-161,Tasikmalaya,0.7801989515549383
2016-06-161,Ciamis,0.7554161999447999
2016-06-161,Kota Banjar,0.6755131865710519
2016-06-161,Bekasi,0.4778922577217863
2016-06-161,Bogor,0.6859769260267854
2016-06-161,Cianjur,0.7626593212757353
2016-06-161,Cirebon,0.6127140460872993
2016-06-161,Garut,0.6971789555466698
2016-06-161,Indramayu,0.5029891038805279
2016-06-161,Karawang,0.48124799207879587
2016-06-161,Kota Bandung,0.36931699617087765
2016-06-161,Kota Bogor,0.5348235668681606
2016-06-161,Kota Cirebon,0.5258546963517137
2016-06-161,Kota Sukabumi,0.6065955330457096
2016-06-161,Kuningan,0.7709941290373307
2016-06-161,Majalengka,0.7196092084022602
2016-06-161,Purwakarta,0.7217064719135852
2016-06-161,Subang,0.6379953038293652
2016-06-161,Sukabumi,0.7447780062928812
2016-06-161,Sumedang,0.7606208710593465
2016-06-161,Kota Bekasi,0.3290358879062124
2016-06-161,Kota Depok,0.4621196573175778
2016-06-169,Bandung,0.6175710442461488
2016-06-169,Kota Cimahi,0.36012907667192134
2016-06-169,Kota Tasikmalaya,0.6775423552629419
2016-06-169,Tasikmalaya,0.7635137082703285
2016-06-169,Ciamis,0.7070151316975077
2016-06-169,Kota Banjar,0.6531855562050577
2016-06-169,Bekasi,0.39683948366574334
2016-06-169,Bogor,0.6351568814498024
2016-06-169,Cianjur,0.6664673477692836
2016-06-169,Cirebon,0.5768549126177532
2016-06-169,Garut,0.802990464764945
2016-06-169,Indramayu,0.49844313917497834
2016-06-169,Karawang,0.37592656526200036
2016-06-169,Kota Bandung,0.3371228769416377
2016-06-169,Kota Bogor,0.5316433245199471
2016-06-169,Kota Cirebon,0.47275454427276326
2016-06-169,Kota Sukabumi,0.36817371400472687
2016-06-169,Kuningan,0.7968866074219215
2016-06-169,Majalengka,0.7569727426672014
2016-06-169,Purwakarta,0.39042784491463717
2016-06-169,Subang,0.4453673873194717
2016-06-169,Sukabumi,0.7108373357917893
2016-06-169,Sumedang,0.7822458638569145
2016-06-169,Kota Bekasi,0.31544000565219443
2016-06-169,Kota Depok,0.4508672925978141
2016-06-177,Bandung,0.6737415098277102
2016-06-177,Kota Cimahi,0.37582078029986926
2016-06-177,Kota Tasikmalaya,0.4612988412081335
2016-06-177,Tasikmalaya,0.5208321876953071
2016-06-177,Ciamis,0.6817992145721015
2016-06-177,Kota Banjar,0.7092454095976012
2016-06-177,Bekasi,0.4866886502439934
2016-06-177,Bogor,0.7310971180228751
2016-06-177,Cianjur,0.7595660899543274
2016-06-177,Cirebon,0.5830072444408522
2016-06-177,Garut,0.6553519714930786
2016-06-177,Indramayu,0.5016639694814649
2016-06-177,Karawang,0.49895019023910187
2016-06-177,Kota Bandung,0.372985409247473
2016-06-177,Kota Bogor,0.5336198148973488
2016-06-177,Kota Cirebon,0.459577655789136
2016-06-177,Kota Sukabumi,0.6361695668153248
2016-06-177,Kuningan,0.7445604406175297
2016-06-177,Majalengka,0.7477507252590677
2016-06-177,Purwakarta,0.6805686155463516
2016-06-177,Subang,0.6000488201642864
2016-06-177,Sukabumi,0.7795970655153779
2016-06-177,Sumedang,0.7888961935405667
2016-06-177,Kota Bekasi,0.4194310237324845
2016-06-177,Kota Depok,0.5459719007980626
2016-07-185,Bandung,0.7428190379424318
2016-07-185,Kota Cimahi,0.3820525324183127
2016-07-185,Kota Tasikmalaya,0.6849683223296755
2016-07-185,Tasikmalaya,0.7241851710773435
2016-07-185,Ciamis,0.7725141125299411
2016-07-185,Kota Banjar,0.7525482614487582
2016-07-185,Bekasi,0.47698197621142346
2016-07-185,Bogor,0.7388370114587653
2016-07-185,Cianjur,0.8007549535522059
2016-07-185,Cirebon,0.5806243243644367
2016-07-185,Garut,0.8091203383317509
2016-07-185,Indramayu,0.5502266231541546
2016-07-185,Karawang,0.49345171147369304
2016-07-185,Kota Bandung,0.3810430018562338
2016-07-185,Kota Bogor,0.553818203482904
2016-07-185,Kota Cirebon,0.49806322606953457
2016-07-185,Kota Sukabumi,0.6254852784753593
2016-07-185,Kuningan,0.7849295320257054
2016-07-185,Majalengka,0.7186095745415074
2016-07-185,Purwakarta,0.7099872595589304
2016-07-185,Subang,0.6366822256473388
2016-07-185,Sukabumi,0.7951154129995953
2016-07-185,Sumedang,0.7904117303217416
2016-07-185,Kota Bekasi,0.4147710182489716
2016-07-185,Kota Depok,0.5218078390092968
2016-07-193,Bandung,0.45797616636307936
2016-07-193,Kota Cimahi,0.24806183848805907
2016-07-193,Kota Tasikmalaya,0.7114314994533641
2016-07-193,Tasikmalaya,0.7785149280792466
2016-07-193,Ciamis,0.743502299990565
2016-07-193,Kota Banjar,0.7416103634716458
2016-07-193,Bekasi,0.41057278775221157
2016-07-193,Bogor,0.6615366520492065
2016-07-193,Cianjur,0.6493154071850394
2016-07-193,Cirebon,0.5031124134014604
2016-07-193,Garut,0.686864866626729
2016-07-193,Indramayu,0.5061776405696561
2016-07-193,Karawang,0.44691850904048175
2016-07-193,Kota Bandung,0.28523307720552754
2016-07-193,Kota Bogor,0.5152250472739517
2016-07-193,Kota Cirebon,0.4425417948157075
2016-07-193,Kota Sukabumi,0.5867030717977519
2016-07-193,Kuningan,0.5044039153655264
2016-07-193,Majalengka,0.5691476816419009
2016-07-193,Purwakarta,0.5727759228501896
2016-07-193,Subang,0.5594828001018667
2016-07-193,Sukabumi,0.7101367204126101
2016-07-193,Sumedang,0.6421445478088501
2016-07-193,Kota Bekasi,0.3207528369271715
2016-07-193,Kota Depok,0.48141882951228165
2016-07-201,Bandung,0.6815599889545878
2016-07-201,Kota Cimahi,0.35100170987436724
2016-07-201,Kota Tasikmalaya,0.5398686491148785
2016-07-201,Tasikmalaya,0.5955671088481859
2016-07-201,Ciamis,0.6573024601306335
2016-07-201,Kota Banjar,0.660703761418082
2016-07-201,Bekasi,0.482921092221936
2016-07-201,Bogor,0.6860911661841856
2016-07-201,Cianjur,0.7511194175349832
2016-07-201,Cirebon,0.5556978725426245
2016-07-201,Garut,0.7121495676996611
2016-07-201,Indramayu,0.5887013691128131
2016-07-201,Karawang,0.510087664487041
2016-07-201,Kota Bandung,0.37973407783442165
2016-07-201,Kota Bogor,0.5251940368638267
2016-07-201,Kota Cirebon,0.46219227491097475
2016-07-201,Kota Sukabumi,0.5790160201173724
2016-07-201,Kuningan,0.7247513694127644
2016-07-201,Majalengka,0.65394518170663
2016-07-201,Purwakarta,0.6776734351719891
2016-07-201,Subang,0.598226062787623
2016-07-201,Sukabumi,0.7497730622241776
2016-07-201,Sumedang,0.7534681012677344
2016-07-201,Kota Bekasi,0.38940569009161274
2016-07-201,Kota Depok,0.5106795403820457
2016-07-209,Bandung,0.6970462301228848
2016-07-209,Kota Cimahi,0.3361771940001989
2016-07-209,Kota Tasikmalaya,0.5314031723454233
2016-07-209,Tasikmalaya,0.6289669358685308
2016-07-209,Ciamis,0.6598548717187244
2016-07-209,Kota Banjar,0.6662294188190365
2016-07-209,Bekasi,0.4408810138174097
2016-07-209,Bogor,0.7260433213585902
2016-07-209,Cianjur,0.7334792209888469
2016-07-209,Cirebon,0.5539548245351581
2016-07-209,Garut,0.7486144646367473
2016-07-209,Indramayu,0.5632484653613061
2016-07-209,Karawang,0.4597218289160027
2016-07-209,Kota Bandung,0.3752000185773265
2016-07-209,Kota Bogor,0.5210695484922734
2016-07-209,Kota Cirebon,0.460188934071961
2016-07-209,Kota Sukabumi,0.5784919758251553
2016-07-209,Kuningan,0.7166050740498564
2016-07-209,Majalengka,0.6437398325593027
2016-07-209,Purwakarta,0.6830565297727023
2016-07-209,Subang,0.6254520993215668
2016-07-209,Sukabumi,0.7550816412372616
2016-07-209,Sumedang,0.7359697962176864
2016-07-209,Kota Bekasi,0.38182131560026483
2016-07-209,Kota Depok,0.5056481312971317
2016-08-217,Bandung,0.6809761653341833
2016-08-217,Kota Cimahi,0.34128885495306116
2016-08-217,Kota Tasikmalaya,0.6868358797078743
2016-08-217,Tasikmalaya,0.75632934360109
2016-08-217,Ciamis,0.741283999361887
2016-08-217,Kota Banjar,0.7418055115154019
2016-08-217,Bekasi,0.4302932010615379
2016-08-217,Bogor,0.7049029945613179
2016-08-217,Cianjur,0.7416648989083592
2016-08-217,Cirebon,0.5612661448884183
2016-08-217,Garut,0.7652970992719624
2016-08-217,Indramayu,0.5748935794183666
2016-08-217,Karawang,0.45331918923652703
2016-08-217,Kota Bandung,0.3628704595231605
2016-08-217,Kota Bogor,0.5165866708297234
2016-08-217,Kota Cirebon,0.42335410232205045
2016-08-217,Kota Sukabumi,0.5749093721155079
2016-08-217,Kuningan,0.7208024128410955
2016-08-217,Majalengka,0.6281180896272528
2016-08-217,Purwakarta,0.6657695953330389
2016-08-217,Subang,0.6361373999643628
2016-08-217,Sukabumi,0.7562355802394849
2016-08-217,Sumedang,0.727433541225714
2016-08-217,Kota Bekasi,0.3254937225968568
2016-08-217,Kota Depok,0.5176937486332835
2016-08-225,Bandung,0.39662541181261063
2016-08-225,Kota Cimahi,0.3424573077877116
2016-08-225,Kota Tasikmalaya,0.4524542636022069
2016-08-225,Tasikmalaya,0.4972000760523712
2016-08-225,Ciamis,0.5608593182038174
2016-08-225,Kota Banjar,0.5817953169722456
2016-08-225,Bekasi,0.4070481673297355
2016-08-225,Bogor,0.5847398051573509
2016-08-225,Cianjur,0.5639694089983085
2016-08-225,Cirebon,0.47849613862849444
2016-08-225,Garut,0.5601869475222898
2016-08-225,Indramayu,0.5370872789358311
2016-08-225,Karawang,0.42426169082618104
2016-08-225,Kota Bandung,0.3558739792921527
2016-08-225,Kota Bogor,0.44213150418243313
2016-08-225,Kota Cirebon,0.338051544765902
2016-08-225,Kota Sukabumi,0.3988199674462309
2016-08-225,Kuningan,0.6234690479201317
2016-08-225,Majalengka,0.5019229758394579
2016-08-225,Purwakarta,0.5838295291636398
2016-08-225,Subang,0.5741472812664465
2016-08-225,Sukabumi,0.5967528323892826
2016-08-225,Sumedang,0.5889924919437634
2016-08-225,Kota Bekasi,0.3338043732871165
2016-08-225,Kota Depok,0.48994134372602643
2016-08-233,Bandung,0.6402749300249767
2016-08-233,Kota Cimahi,0.34340543301704923
2016-08-233,Kota Tasikmalaya,0.5264004319473627
2016-08-233,Tasikmalaya,0.6436894381323967
2016-08-233,Ciamis,0.6678959513959163
2016-08-233,Kota Banjar,0.6350241001862273
2016-08-233,Bekasi,0.4085402344303459
2016-08-233,Bogor,0.6168384341345097
2016-08-233,Cianjur,0.7113352495056794
2016-08-233,Cirebon,0.5847868357491133
2016-08-233,Garut,0.7015263013060598
2016-08-233,Indramayu,0.5378596613004478
2016-08-233,Karawang,0.4104235372747506
2016-08-233,Kota Bandung,0.37124203538630657
2016-08-233,Kota Bogor,0.4953732200612058
2016-08-233,Kota Cirebon,0.449974650854421
2016-08-233,Kota Sukabumi,0.5266136516795834
2016-08-233,Kuningan,0.6833620080927544
2016-08-233,Majalengka,0.6206422674600368
2016-08-233,Purwakarta,0.5544087322571879
2016-08-233,Subang,0.5716014368960138
2016-08-233,Sukabumi,0.7240996121381119
2016-08-233,Sumedang,0.6947291908954951
2016-08-233,Kota Bekasi,0.2917459749253706
2016-08-233,Kota Depok,0.46195970548207993
2016-08-241,Bandung,0.6052657655075767
2016-08-241,Kota Cimahi,0.32849953922391883
2016-08-241,Kota Tasikmalaya,0.5732497110207271
2016-08-241,Tasikmalaya,0.6248339687115414
2016-08-241,Ciamis,0.6114739511064472
2016-08-241,Kota Banjar,0.6057449756549498
2016-08-241,Bekasi,0.3705970434690457
2016-08-241,Bogor,0.6244632399667853
2016-08-241,Cianjur,0.7093909635204736
2016-08-241,Cirebon,0.5517517567615721
2016-08-241,Garut,0.7064856199550499
2016-08-241,Indramayu,0.48963212871446776
2016-08-241,Karawang,0.3694312180471353
2016-08-241,Kota Bandung,0.370011984954206
2016-08-241,Kota Bogor,0.5110723838181682
2016-08-241,Kota Cirebon,0.41329640303859916
2016-08-241,Kota Sukabumi,0.49255301352018016
2016-08-241,Kuningan,0.6662403672631159
2016-08-241,Majalengka,0.5790247812016066
2016-08-241,Purwakarta,0.5223176092201892
2016-08-241,Subang,0.5815450904455685
2016-08-241,Sukabumi,0.7266628639730807
2016-08-241,Sumedang,0.6975115534307114
2016-08-241,Kota Bekasi,0.299509896673856
2016-08-241,Kota Depok,0.48935873812277514
2016-09-249,Bandung,0.5852274980326191
2016-09-249,Kota Cimahi,0.3355612473265566
2016-09-249,Kota Tasikmalaya,0.4144610640516778
2016-09-249,Tasikmalaya,0.5848210587718476
2016-09-249,Ciamis,0.6288203134742569
2016-09-249,Kota Banjar,0.5956264047205968
2016-09-249,Bekasi,0.44389037887950894
2016-09-249,Bogor,0.6569224589633463
2016-09-249,Cianjur,0.6796912205159062
2016-09-249,Cirebon,0.5663694962484533
2016-09-249,Garut,0.6488713581469242
2016-09-249,Indramayu,0.46623044612004794
2016-09-249,Karawang,0.45335434418039766
2016-09-249,Kota Bandung,0.35256345730200495
2016-09-249,Kota Bogor,0.4953555869617468
2016-09-249,Kota Cirebon,0.43075519493362385
2016-09-249,Kota Sukabumi,0.5233505001597306
2016-09-249,Kuningan,0.6630175198090102
2016-09-249,Majalengka,0.6045901283332783
2016-09-249,Purwakarta,0.6631767280170939
2016-09-249,Subang,0.6325807520759192
2016-09-249,Sukabumi,0.7008289963387965
2016-09-249,Sumedang,0.6976645228845361
2016-09-249,Kota Bekasi,0.35142333878485066
2016-09-249,Kota Depok,0.44592699022145654
2016-09-257,Bandung,0.503784589567655
2016-09-257,Kota Cimahi,0.2660518012880046
2016-09-257,Kota Tasikmalaya,0.3753737301768761
2016-09-257,Tasikmalaya,0.4375524820972065
2016-09-257,Ciamis,0.40455079148669576
2016-09-257,Kota Banjar,0.45679486831138216
2016-09-257,Bekasi,0.43726769251803904
2016-09-257,Bogor,0.5273227077692586
2016-09-257,Cianjur,0.5330301976724274
2016-09-257,Cirebon,0.47586693045161327
2016-09-257,Garut,0.4454714743378328
2016-09-257,Indramayu,0.4743914873617666
2016-09-257,Karawang,0.4319808485851296
2016-09-257,Kota Bandung,0.2682067977368124
2016-09-257,Kota Bogor,0.38102474381359736
2016-09-257,Kota Cirebon,0.3841602918007207
2016-09-257,Kota Sukabumi,0.4801531180255346
2016-09-257,Kuningan,0.491095229978283
2016-09-257,Majalengka,0.5838935684265857
2016-09-257,Purwakarta,0.5852531118004352
2016-09-257,Subang,0.565345581502258
2016-09-257,Sukabumi,0.514177526787121
2016-09-257,Sumedang,0.6070888256078245
2016-09-257,Kota Bekasi,0.3132063046037135
2016-09-257,Kota Depok,0.3315743884791472
2016-09-265,Bandung,0.30957975837460544
2016-09-265,Kota Cimahi,0.15059729371240616
2016-09-265,Kota Tasikmalaya,0.5207037463025805
2016-09-265,Tasikmalaya,0.5405065938996246
2016-09-265,Ciamis,0.5652332769099232
2016-09-265,Kota Banjar,0.5238636042358348
2016-09-265,Bekasi,0.392711527175166
2016-09-265,Bogor,0.4513641243867808
2016-09-265,Cianjur,0.39044937198332685
2016-09-265,Cirebon,0.3394459883121443
2016-09-265,Garut,0.39722756127404596
2016-09-265,Indramayu,0.31252034236605647
2016-09-265,Karawang,0.40920592247967646
2016-09-265,Kota Bandung,0.21712913786867785
2016-09-265,Kota Bogor,0.3197652305975388
2016-09-265,Kota Cirebon,0.21896730824359853
2016-09-265,Kota Sukabumi,0.28096126337144284
2016-09-265,Kuningan,0.3576975377630861
2016-09-265,Majalengka,0.3698622756111367
2016-09-265,Purwakarta,0.42501016721208584
2016-09-265,Subang,0.3733866338799419
2016-09-265,Sukabumi,0.4334167018574914
2016-09-265,Sumedang,0.36858741873356504
2016-09-265,Kota Bekasi,0.3363608191328381
2016-09-265,Kota Depok,0.33493055147760853
2016-09-273,Bandung,0.43023131168249956
2016-09-273,Kota Cimahi,0.2369236801536464
2016-09-273,Kota Tasikmalaya,0.5113622743808979
2016-09-273,Tasikmalaya,0.5691777020291179
2016-09-273,Ciamis,0.5184493900271288
2016-09-273,Kota Banjar,0.5015567372469373
2016-09-273,Bekasi,0.402994619812305
2016-09-273,Bogor,0.5199263318165785
2016-09-273,Cianjur,0.5231609764482964
2016-09-273,Cirebon,0.41414923394774683
2016-09-273,Garut,0.4945652036005149
2016-09-273,Indramayu,0.4175766600967502
2016-09-273,Karawang,0.46946835555997407
2016-09-273,Kota Bandung,0.23753485090828289
2016-09-273,Kota Bogor,0.40145061366518536
2016-09-273,Kota Cirebon,0.3113653786916466
2016-09-273,Kota Sukabumi,0.4077891747009201
2016-09-273,Kuningan,0.44014054906758815
2016-09-273,Majalengka,0.584042375342142
2016-09-273,Purwakarta,0.5338333571808006
2016-09-273,Subang,0.5929180790571333
2016-09-273,Sukabumi,0.538643528405893
2016-09-273,Sumedang,0.6090031126712526
2016-09-273,Kota Bekasi,0.22506942700453797
2016-09-273,Kota Depok,0.31763522009850254
2016-10-281,Bandung,0.544740450382975
2016-10-281,Kota Cimahi,0.2909581983497008
2016-10-281,Kota Tasikmalaya,0.39889884439626677
2016-10-281,Tasikmalaya,0.5878651302440532
2016-10-281,Ciamis,0.5486653590231485
2016-10-281,Kota Banjar,0.4144956656463093
2016-10-281,Bekasi,0.4674715978477671
2016-10-281,Bogor,0.5836115632186292
2016-10-281,Cianjur,0.5488136152156682
2016-10-281,Cirebon,0.42718365491010796
2016-10-281,Garut,0.5301693501932744
2016-10-281,Indramayu,0.36416384901096704
2016-10-281,Karawang,0.5199297987209284
2016-10-281,Kota Bandung,0.31972634543304074
2016-10-281,Kota Bogor,0.4678691874901126
2016-10-281,Kota Cirebon,0.36994579629977004
2016-10-281,Kota Sukabumi,0.5370063565219768
2016-10-281,Kuningan,0.5501155415320207
2016-10-281,Majalengka,0.5199952371234535
2016-10-281,Purwakarta,0.6469647143235787
2016-10-281,Subang,0.6116071055316049
2016-10-281,Sukabumi,0.554259273440747
2016-10-281,Sumedang,0.6938559708724397
2016-10-281,Kota Bekasi,0.29535832975536225
2016-10-281,Kota Depok,0.4301067236856167
2016-10-289,Bandung,0.6059435794695807
2016-10-289,Kota Cimahi,0.26275520617285136
2016-10-289,Kota Tasikmalaya,0.3989348972685401
2016-10-289,Tasikmalaya,0.5404209231803906
2016-10-289,Ciamis,0.47551229126897304
2016-10-289,Kota Banjar,0.4291897267864802
2016-10-289,Bekasi,0.42048654652390205
2016-10-289,Bogor,0.6396338280026186
2016-10-289,Cianjur,0.6427690564889823
2016-10-289,Cirebon,0.5273671273960318
2016-10-289,Garut,0.6907179001768339
2016-10-289,Indramayu,0.4169066485597734
2016-10-289,Karawang,0.4475496598808614
2016-10-289,Kota Bandung,0.29681101792265274
2016-10-289,Kota Bogor,0.4258503867114742
2016-10-289,Kota Cirebon,0.4654320095629092
2016-10-289,Kota Sukabumi,0.48843790544206467
2016-10-289,Kuningan,0.6757911118481986
2016-10-289,Majalengka,0.5500582184299022
2016-10-289,Purwakarta,0.5591485956862999
2016-10-289,Subang,0.5543725951228923
2016-10-289,Sukabumi,0.6813572702646528
2016-10-289,Sumedang,0.714517274964067
2016-10-289,Kota Bekasi,0.3201245825667958
2016-10-289,Kota Depok,0.4830927818625269
2016-10-297,Bandung,0.4210357837224868
2016-10-297,Kota Cimahi,0.17152997011518747
2016-10-297,Kota Tasikmalaya,0.5057956352414837
2016-10-297,Tasikmalaya,0.5825347279987599
2016-10-297,Ciamis,0.654891249281804
2016-10-297,Kota Banjar,0.5734638620098446
2016-10-297,Bekasi,0.35743396798697313
2016-10-297,Bogor,0.3687101257042046
2016-10-297,Cianjur,0.48556833522470755
2016-10-297,Cirebon,0.4260199647393216
2016-10-297,Garut,0.43835081934077147
2016-10-297,Indramayu,0.3290483750129201
2016-10-297,Karawang,0.38306822912183447
2016-10-297,Kota Bandung,0.17245962147544594
2016-10-297,Kota Bogor,0.2970204688344598
2016-10-297,Kota Cirebon,0.4348402133787089
2016-10-297,Kota Sukabumi,0.4338772516276947
2016-10-297,Kuningan,0.47260785976501213
2016-10-297,Majalengka,0.42616299451781087
2016-10-297,Purwakarta,0.4827324506221193
2016-10-297,Subang,0.427496226859021
2016-10-297,Sukabumi,0.45963324005023287
2016-10-297,Sumedang,0.5810133207895362
2016-10-297,Kota Bekasi,0.20752965289718717
2016-10-297,Kota Depok,0.3182073094568237
2016-10-305,Bandung,0.385638697265335
2016-10-305,Kota Cimahi,0.25855512338514425
2016-10-305,Kota Tasikmalaya,0.253977396905397
2016-10-305,Tasikmalaya,0.30292573886851093
2016-10-305,Ciamis,0.2926212884932472
2016-10-305,Kota Banjar,0.30539799406755697
2016-10-305,Bekasi,0.3544359286622617
2016-10-305,Bogor,0.4527493818574313
2016-10-305,Cianjur,0.543221669639272
2016-10-305,Cirebon,0.2937788455317613
2016-10-305,Garut,0.3261711603701564
2016-10-305,Indramayu,0.14675045186721863
2016-10-305,Karawang,0.38509762666845365
2016-10-305,Kota Bandung,0.183375162038714
2016-10-305,Kota Bogor,0.35164923520671654
2016-10-305,Kota Cirebon,0.19952326001170834
2016-10-305,Kota Sukabumi,0.43141027016096
2016-10-305,Kuningan,0.4911402593331987
2016-10-305,Majalengka,0.1828874053675408
2016-10-305,Purwakarta,0.45596271825634793
2016-10-305,Subang,0.3512386657698948
2016-10-305,Sukabumi,0.5302988560848291
2016-10-305,Sumedang,0.34449088537278527
2016-10-305,Kota Bekasi,0.23412450936490836
2016-10-305,Kota Depok,0.28862885117039644
2016-11-313,Bandung,0.524872747906254
2016-11-313,Kota Cimahi,0.3571678167985322
2016-11-313,Kota Tasikmalaya,0.31632581546765787
2016-11-313,Tasikmalaya,0.4872093763135392
2016-11-313,Ciamis,0.45039012164647424
2016-11-313,Kota Banjar,0.4002966070151965
2016-11-313,Bekasi,0.4703809254811315
2016-11-313,Bogor,0.5411537607457798
2016-11-313,Cianjur,0.532068900806058
2016-11-313,Cirebon,0.3840939941628647
2016-11-313,Garut,0.5441176467208206
2016-11-313,Indramayu,0.28676221236001215
2016-11-313,Karawang,0.47109547350394343
2016-11-313,Kota Bandung,0.3545607410616897
2016-11-313,Kota Bogor,0.3593578535269311
2016-11-313,Kota Cirebon,0.2412532510283937
2016-11-313,Kota Sukabumi,0.5370041886930018
2016-11-313,Kuningan,0.4812510434809521
2016-11-313,Majalengka,0.4680805219416167
2016-11-313,Purwakarta,0.5648596712859134
2016-11-313,Subang,0.46762115415531624
2016-11-313,Sukabumi,0.5182655238917755
2016-11-313,Sumedang,0.6055561239415347
2016-11-313,Kota Bekasi,0.319078944291965
2016-11-313,Kota Depok,0.41154000142847
2016-11-321,Bandung,0.4707532184906125
2016-11-321,Kota Cimahi,0.37380720835875636
2016-11-321,Kota Tasikmalaya,0.6317853656233638
2016-11-321,Tasikmalaya,0.5653620600846734
2016-11-321,Ciamis,0.4624844656291363
2016-11-321,Kota Banjar,0.43388884146190815
2016-11-321,Bekasi,0.32811431854985845
2016-11-321,Bogor,0.4951872464328371
2016-11-321,Cianjur,0.5813103231256411
2016-11-321,Cirebon,0.4473146014871931
2016-11-321,Garut,0.525333232057274
2016-11-321,Indramayu,0.36402671892888333
2016-11-321,Karawang,0.3771915346799058
2016-11-321,Kota Bandung,0.3045882399486789
2016-11-321,Kota Bogor,0.31087114281724976
2016-11-321,Kota Cirebon,0.36912665148742707
2016-11-321,Kota Sukabumi,0.4737061479198127
2016-11-321,Kuningan,0.5338609498057626
2016-11-321,Majalengka,0.4857725860107129
2016-11-321,Purwakarta,0.5141775174096379
2016-11-321,Subang,0.479898426300579
2016-11-321,Sukabumi,0.571565287841993
2016-11-321,Sumedang,0.6490855773229237
2016-11-321,Kota Bekasi,0.23588461050657128
2016-11-321,Kota Depok,0.25160300133453684
2016-11-329,Bandung,0.3561702638912675
2016-11-329,Kota Cimahi,0.18198825763284185
2016-11-329,Kota Tasikmalaya,0.4521449872428286
2016-11-329,Tasikmalaya,0.5704865818614374
2016-11-329,Ciamis,0.5917371699772549
2016-11-329,Kota Banjar,0.4917718744878634
2016-11-329,Bekasi,0.3337776510168581
2016-11-329,Bogor,0.49762284403761
2016-11-329,Cianjur,0.3923623375175213
2016-11-329,Cirebon,0.49842219040979036
2016-11-329,Garut,0.42966272669830397
2016-11-329,Indramayu,0.3884263071269387
2016-11-329,Karawang,0.3133331664973171
2016-11-329,Kota Bandung,0.21532314806332348
2016-11-329,Kota Bogor,0.4490493357132392
2016-11-329,Kota Cirebon,0.4702771294120037
2016-11-329,Kota Sukabumi,0.28690026709184907
2016-11-329,Kuningan,0.6304953717362742
2016-11-329,Majalengka,0.5168486140868728
2016-11-329,Purwakarta,0.46321873788337453
2016-11-329,Subang,0.4254604193832736
2016-11-329,Sukabumi,0.4159054654703249
2016-11-329,Sumedang,0.5613924508029019
2016-11-329,Kota Bekasi,0.1786488111809871
2016-11-329,Kota Depok,0.2766254955571522
2016-12-337,Bandung,0.3600414445283024
2016-12-337,Kota Cimahi,0.22898860013948363
2016-12-337,Kota Tasikmalaya,0.4735604815992193
2016-12-337,Tasikmalaya,0.43449044988682634
2016-12-337,Ciamis,0.4648217566120538
2016-12-337,Kota Banjar,0.5238744967466806
2016-12-337,Bekasi,0.38596932564574976
2016-12-337,Bogor,0.3660510082874529
2016-12-337,Cianjur,0.42524473068870927
2016-12-337,Cirebon,0.3414536579854691
2016-12-337,Garut,0.3623918867723968
2016-12-337,Indramayu,0.32693462966261205
2016-12-337,Karawang,0.4155793087378562
2016-12-337,Kota Bandung,0.13072623408544878
2016-12-337,Kota Bogor,0.25199079861590207
2016-12-337,Kota Cirebon,0.29595667620047167
2016-12-337,Kota Sukabumi,0.3181516296542013
2016-12-337,Kuningan,0.4348527622026444
2016-12-337,Majalengka,0.31687124026424063
2016-12-337,Purwakarta,0.6504347321207707
2016-12-337,Subang,0.513064598923992
2016-12-337,Sukabumi,0.4913675056208956
2016-12-337,Sumedang,0.3608690858710121
2016-12-337,Kota Bekasi,0.308619944208216
2016-12-337,Kota Depok,0.19270711376605462
2016-12-345,Bandung,0.5434002344647033
2016-12-345,Kota Cimahi,0.2652648214014216
2016-12-345,Kota Tasikmalaya,0.5607208001226195
2016-12-345,Tasikmalaya,0.5702734698669333
2016-12-345,Ciamis,0.6197958171731552
2016-12-345,Kota Banjar,0.574661921045113
2016-12-345,Bekasi,0.34059820718599687
2016-12-345,Bogor,0.4801861859654369
2016-12-345,Cianjur,0.4855208843005544
2016-12-345,Cirebon,0.3669379343233674
2016-12-345,Garut,0.46558681659342155
2016-12-345,Indramayu,0.28360337527407503
2016-12-345,Karawang,0.3282358676040102
2016-12-345,Kota Bandung,0.2669138585958303
2016-12-345,Kota Bogor,0.4044113240464619
2016-12-345,Kota Cirebon,0.43394982170656277
2016-12-345,Kota Sukabumi,0.3314667512096824
2016-12-345,Kuningan,0.527946077408229
2016-12-345,Majalengka,0.5582699831929583
2016-12-345,Purwakarta,0.5552329200751774
2016-12-345,Subang,0.47412084199582144
2016-12-345,Sukabumi,0.4750781802258843
2016-12-345,Sumedang,0.6339376512826481
2016-12-345,Kota Bekasi,0.24563672995995872
2016-12-345,Kota Depok,0.3545940703313448
2016-12-353,Bandung,0.5957592622282533
2016-12-353,Kota Cimahi,0.37376402197586384
2016-12-353,Kota Tasikmalaya,0.6507870223661649
2016-12-353,Tasikmalaya,0.756914008385482
2016-12-353,Ciamis,0.7511278117140106
2016-12-353,Kota Banjar,0.7308132445938933
2016-12-353,Bekasi,0.3979309713087271
2016-12-353,Bogor,0.6232478142846223
2016-12-353,Cianjur,0.5778154695977604
2016-12-353,Cirebon,0.42077521585281463
2016-12-353,Garut,0.7023298163025037
2016-12-353,Indramayu,0.4301871133340541
2016-12-353,Karawang,0.3751928439002089
2016-12-353,Kota Bandung,0.3608047880599703
2016-12-353,Kota Bogor,0.40462308795544966
2016-12-353,Kota Cirebon,0.33971972711820364
2016-12-353,Kota Sukabumi,0.17718839359313124
2016-12-353,Kuningan,0.7107648250759735
2016-12-353,Majalengka,0.6134202080919439
2016-12-353,Purwakarta,0.6313294137792231
2016-12-353,Subang,0.5436143197457768
2016-12-353,Sukabumi,0.5305717200753552
2016-12-353,Sumedang,0.6691609175692371
2016-12-353,Kota Bekasi,0.3345689979804761
2016-12-353,Kota Depok,0.38335425838672055
2016-12-361,Bandung,0.638277856449018
2016-12-361,Kota Cimahi,0.33100270490302347
2016-12-361,Kota Tasikmalaya,0.5106596108862009
2016-12-361,Tasikmalaya,0.5975586505611382
2016-12-361,Ciamis,0.608885916188216
2016-12-361,Kota Banjar,0.5649364611311766
2016-12-361,Bekasi,0.4216000760795681
2016-12-361,Bogor,0.6051913852920312
2016-12-361,Cianjur,0.7108088040100048
2016-12-361,Cirebon,0.32305987484112725
2016-12-361,Garut,0.6319364224197096
2016-12-361,Indramayu,0.41264636303777275
2016-12-361,Karawang,0.4323986941048429
2016-12-361,Kota Bandung,0.3212087381811898
2016-12-361,Kota Bogor,0.5045027633662297
2016-12-361,Kota Cirebon,0.3233784731999752
2016-12-361,Kota Sukabumi,0.551464331476543
2016-12-361,Kuningan,0.5601886101927959
2016-12-361,Majalengka,0.5551300067671654
2016-12-361,Purwakarta,0.6158240885919372
2016-12-361,Subang,0.5238269662783597
2016-12-361,Sukabumi,0.7069414205296843
2016-12-361,Sumedang,0.5892642506207514
2016-12-361,Kota Bekasi,0.3722889709272179
2016-12-361,Kota Depok,0.45622733055229714
2017-01-01,Bandung,0.5120097813123505
2017-01-01,Kota Cimahi,0.30332504291623985
2017-01-01,Kota Tasikmalaya,0.46043567767353016
2017-01-01,Tasikmalaya,0.5161197480791784
2017-01-01,Ciamis,0.5252135664400188
2017-01-01,Kota Banjar,0.6819460037773986
2017-01-01,Bekasi,0.40378546216099026
2017-01-01,Bogor,0.5663849226479246
2017-01-01,Cianjur,0.6308465572048847
2017-01-01,Cirebon,0.31113379727718593
2017-01-01,Garut,0.6658649267158666
2017-01-01,Indramayu,0.36960390794716996
2017-01-01,Karawang,0.4117358324410716
2017-01-01,Kota Bandung,0.29296270231884974
2017-01-01,Kota Bogor,0.3986547484487069
2017-01-01,Kota Cirebon,0.31347790509726225
2017-01-01,Kota Sukabumi,0.37816169195067645
2017-01-01,Kuningan,0.5164582508774739
2017-01-01,Majalengka,0.5537227516635874
2017-01-01,Purwakarta,0.5631409468964408
2017-01-01,Subang,0.4784246351168795
2017-01-01,Sukabumi,0.6302143720805878
2017-01-01,Sumedang,0.5401930341795225
2017-01-01,Kota Bekasi,0.36951977371447187
2017-01-01,Kota Depok,0.45535668092907416
2017-01-09,Bandung,0.3763661760383623
2017-01-09,Kota Cimahi,0.2785994825053187
2017-01-09,Kota Tasikmalaya,0.46183419554091854
2017-01-09,Tasikmalaya,0.5262273300667994
2017-01-09,Ciamis,0.5562802384695695
2017-01-09,Kota Banjar,0.5041744843249436
2017-01-09,Bekasi,0.27678386059109983
2017-01-09,Bogor,0.41422539675348635
2017-01-09,Cianjur,0.5334086914835813
2017-01-09,Cirebon,0.4443716034185215
2017-01-09,Garut,0.40414193556439165
2017-01-09,Indramayu,0.4967351092333597
2017-01-09,Karawang,0.33190416364153
2017-01-09,Kota Bandung,0.2639187484921345
2017-01-09,Kota Bogor,0.3434296043272688
2017-01-09,Kota Cirebon,0.32079007755149486
2017-01-09,Kota Sukabumi,0.3480757039419452
2017-01-09,Kuningan,0.4834509993537846
2017-01-09,Majalengka,0.49365174296517983
2017-01-09,Purwakarta,0.5424328103301788
2017-01-09,Subang,0.49352764371006613
2017-01-09,Sukabumi,0.5867687038760591
2017-01-09,Sumedang,0.36386922324981597
2017-01-09,Kota Bekasi,0.20818924222880222
2017-01-09,Kota Depok,0.19437047569552618
2017-01-17,Bandung,0.4483668823684114
2017-01-17,Kota Cimahi,0.234747896903203
2017-01-17,Kota Tasikmalaya,0.5565695242163946
2017-01-17,Tasikmalaya,0.663733156429682
2017-01-17,Ciamis,0.6183752632119834
2017-01-17,Kota Banjar,0.7529359984526403
2017-01-17,Bekasi,0.41963846959704915
2017-01-17,Bogor,0.6355060268829325
2017-01-17,Cianjur,0.5006840466155326
2017-01-17,Cirebon,0.4408658950924143
2017-01-17,Garut,0.6034694067053571
2017-01-17,Indramayu,0.5425998455305286
2017-01-17,Karawang,0.42312580293680535
2017-01-17,Kota Bandung,0.2823253340204413
2017-01-17,Kota Bogor,0.4899223155615152
2017-01-17,Kota Cirebon,0.31107266972944414
2017-01-17,Kota Sukabumi,0.30862928968616354
2017-01-17,Kuningan,0.5569377167568883
2017-01-17,Majalengka,0.673465099396792
2017-01-17,Purwakarta,0.5882816004985517
2017-01-17,Subang,0.5154433180192299
2017-01-17,Sukabumi,0.5541819261555955
2017-01-17,Sumedang,0.5928774719079397
2017-01-17,Kota Bekasi,0.344997813808715
2017-01-17,Kota Depok,0.48067238398757545
2017-01-25,Bandung,0.33456200482672177
2017-01-25,Kota Cimahi,0.21199793952911225
2017-01-25,Kota Tasikmalaya,0.33774766958218
2017-01-25,Tasikmalaya,0.4475039887137145
2017-01-25,Ciamis,0.5870018034932072
2017-01-25,Kota Banjar,0.6886002598199115
2017-01-25,Bekasi,0.17993099829604084
2017-01-25,Bogor,0.27459813792818855
2017-01-25,Cianjur,0.33395463452882446
2017-01-25,Cirebon,0.28980071292476406
2017-01-25,Garut,0.5185824784724268
2017-01-25,Indramayu,0.3265512825967665
2017-01-25,Karawang,0.2247617830607426
2017-01-25,Kota Bandung,0.25418904750147125
2017-01-25,Kota Bogor,0.15531046416734068
2017-01-25,Kota Cirebon,0.29424210912080073
2017-01-25,Kota Sukabumi,0.12965374983582478
2017-01-25,Kuningan,0.4772704876852512
2017-01-25,Majalengka,0.39819502351101826
2017-01-25,Purwakarta,0.3868566659881195
2017-01-25,Subang,0.3559853517285313
2017-01-25,Sukabumi,0.4153160299029748
2017-01-25,Sumedang,0.3841210339813253
2017-01-25,Kota Bekasi,0.1337652538556714
2017-01-25,Kota Depok,0.22552798160427281
2017-02-33,Bandung,0.3358348755852041
2017-02-33,Kota Cimahi,0.3312031548025424
2017-02-33,Kota Tasikmalaya,0.580184871965811
2017-02-33,Tasikmalaya,0.6583999659610161
2017-02-33,Ciamis,0.6427815417073042
2017-02-33,Kota Banjar,0.504207253267974
2017-02-33,Bekasi,0.40905843247575024
2017-02-33,Bogor,0.4699046608940957
2017-02-33,Cianjur,0.26366001036715386
2017-02-33,Cirebon,0.3855292507201174
2017-02-33,Garut,0.519547254974387
2017-02-33,Indramayu,0.5541280613546616
2017-02-33,Karawang,0.3658279006987057
2017-02-33,Kota Bandung,0.3042397663480311
2017-02-33,Kota Bogor,0.40532109244595477
2017-02-33,Kota Cirebon,0.33184962043470295
2017-02-33,Kota Sukabumi,0.1335110270185195
2017-02-33,Kuningan,0.6114665064467827
2017-02-33,Majalengka,0.5019523825478159
2017-02-33,Purwakarta,0.2802933496431037
2017-02-33,Subang,0.4322109647249346
2017-02-33,Sukabumi,0.2936986913091412
2017-02-33,Sumedang,0.5446352205202658
2017-02-33,Kota Bekasi,0.3335100381222413
2017-02-33,Kota Depok,0.47495985179638817
2017-02-41,Bandung,0.42593932147716473
2017-02-41,Kota Cimahi,0.34675758492760256
2017-02-41,Kota Tasikmalaya,0.5494494110672746
2017-02-41,Tasikmalaya,0.5430532847314741
2017-02-41,Ciamis,0.5661178127911309
2017-02-41,Kota Banjar,0.6321082200411309
2017-02-41,Bekasi,0.1410080019268239
2017-02-41,Bogor,0.2800000040887315
2017-02-41,Cianjur,0.49254985486808495
2017-02-41,Cirebon,0.45969642313899467
2017-02-41,Garut,0.5233214563092787
2017-02-41,Indramayu,0.5124033098033538
2017-02-41,Karawang,0.22924594515551797
2017-02-41,Kota Bandung,0.3223490293993559
2017-02-41,Kota Bogor,0.30197337347930003
2017-02-41,Kota Cirebon,0.2869371811411795
2017-02-41,Kota Sukabumi,0.3229123283194644
2017-02-41,Kuningan,0.4904166546919029
2017-02-41,Majalengka,0.5802607569375902
2017-02-41,Purwakarta,0.5258286952417573
2017-02-41,Subang,0.5311118948959704
2017-02-41,Sukabumi,0.5367559492567796
2017-02-41,Sumedang,0.4959502693061574
2017-02-41,Kota Bekasi,0.0798963433991906
2017-02-41,Kota Depok,0.15500610526860803
2017-02-49,Bandung,0.4757260356176569
2017-02-49,Kota Cimahi,0.3342253683594695
2017-02-49,Kota Tasikmalaya,0.41980529662270827
2017-02-49,Tasikmalaya,0.3850584217825592
2017-02-49,Ciamis,0.4414533189879497
2017-02-49,Kota Banjar,0.5529534475501455
2017-02-49,Bekasi,0.2695335333942626
2017-02-49,Bogor,0.3825693207560692
2017-02-49,Cianjur,0.5028761278718367
2017-02-49,Cirebon,0.5861936007327649
2017-02-49,Garut,0.348382417845515
2017-02-49,Indramayu,0.6059133416049814
2017-02-49,Karawang,0.2819434469446976
2017-02-49,Kota Bandung,0.36001288720666874
2017-02-49,Kota Bogor,0.3523600548816466
2017-02-49,Kota Cirebon,0.43408888677015367
2017-02-49,Kota Sukabumi,0.31508352888575286
2017-02-49,Kuningan,0.5363233126261141
2017-02-49,Majalengka,0.5839140905920627
2017-02-49,Purwakarta,0.516369501163554
2017-02-49,Subang,0.6464721027465437
2017-02-49,Sukabumi,0.47365117601289364
2017-02-49,Sumedang,0.7458386333477578
2017-02-49,Kota Bekasi,0.2556702274439829
2017-02-49,Kota Depok,0.3623708309532824
2017-02-57,Bandung,0.5778882427023574
2017-02-57,Kota Cimahi,0.2642846981013673
2017-02-57,Kota Tasikmalaya,0.576625977296924
2017-02-57,Tasikmalaya,0.7340376214085108
2017-02-57,Ciamis,0.6679308424603145
2017-02-57,Kota Banjar,0.5979766633973711
2017-02-57,Bekasi,0.3344557696965208
2017-02-57,Bogor,0.5704119002225223
2017-02-57,Cianjur,0.6934887179514874
2017-02-57,Cirebon,0.5678120773805155
2017-02-57,Garut,0.7478694039579
2017-02-57,Indramayu,0.5217344252769459
2017-02-57,Karawang,0.3479310268148725
2017-02-57,Kota Bandung,0.34911938191862435
2017-02-57,Kota Bogor,0.417310033072084
2017-02-57,Kota Cirebon,0.451208065110555
2017-02-57,Kota Sukabumi,0.47740179443589154
2017-02-57,Kuningan,0.679478260067853
2017-02-57,Majalengka,0.6043298694376829
2017-02-57,Purwakarta,0.5457765866399272
2017-02-57,Subang,0.5678643155603617
2017-02-57,Sukabumi,0.7297028566503554
2017-02-57,Sumedang,0.6882831950981125
2017-02-57,Kota Bekasi,0.30236201262283835
2017-02-57,Kota Depok,0.34057291516724786
2017-03-65,Bandung,0.6144103792412116
2017-03-65,Kota Cimahi,0.33686669221618115
2017-03-65,Kota Tasikmalaya,0.6566503441544284
2017-03-65,Tasikmalaya,0.7438521803030393
2017-03-65,Ciamis,0.704368612679427
2017-03-65,Kota Banjar,0.6728401150181683
2017-03-65,Bekasi,0.3524811415369909
2017-03-65,Bogor,0.6170270046383551
2017-03-65,Cianjur,0.7109277919871534
2017-03-65,Cirebon,0.4539403693150332
2017-03-65,Garut,0.7326646568510617
2017-03-65,Indramayu,0.4320087114891879
2017-03-65,Karawang,0.36865846246014283
2017-03-65,Kota Bandung,0.3564364025370062
2017-03-65,Kota Bogor,0.4201252888207399
2017-03-65,Kota Cirebon,0.25586952120298934
2017-03-65,Kota Sukabumi,0.5972294145609734
2017-03-65,Kuningan,0.6293844530831503
2017-03-65,Majalengka,0.503623996090678
2017-03-65,Purwakarta,0.5620407183559177
2017-03-65,Subang,0.5675219783563273
2017-03-65,Sukabumi,0.7321800435852615
2017-03-65,Sumedang,0.5895120054296061
2017-03-65,Kota Bekasi,0.32729013837146287
2017-03-65,Kota Depok,0.4638696679720792
2017-03-73,Bandung,0.5528012819137164
2017-03-73,Kota Cimahi,0.2645382068438702
2017-03-73,Kota Tasikmalaya,0.549763451251378
2017-03-73,Tasikmalaya,0.7058268275535152
2017-03-73,Ciamis,0.7191046823845563
2017-03-73,Kota Banjar,0.6288699141418869
2017-03-73,Bekasi,0.27990770943544374
2017-03-73,Bogor,0.6038480000294942
2017-03-73,Cianjur,0.6658247637135971
2017-03-73,Cirebon,0.5473671082581321
2017-03-73,Garut,0.7034675541272529
2017-03-73,Indramayu,0.4464738376812644
2017-03-73,Karawang,0.34848032856184297
2017-03-73,Kota Bandung,0.283873604123737
2017-03-73,Kota Bogor,0.5098566344742501
2017-03-73,Kota Cirebon,0.4022185657397336
2017-03-73,Kota Sukabumi,0.5420500762740288
2017-03-73,Kuningan,0.6134869877088662
2017-03-73,Majalengka,0.5934071898272923
2017-03-73,Purwakarta,0.49427404241426415
2017-03-73,Subang,0.496688186750645
2017-03-73,Sukabumi,0.726912708010608
2017-03-73,Sumedang,0.6956869428840127
2017-03-73,Kota Bekasi,0.17147358032710844
2017-03-73,Kota Depok,0.3957378768286341
2017-03-81,Bandung,0.6757637913454637
2017-03-81,Kota Cimahi,0.35652272341940344
2017-03-81,Kota Tasikmalaya,0.6353362044586197
2017-03-81,Tasikmalaya,0.7500488800443976
2017-03-81,Ciamis,0.7044048406823329
2017-03-81,Kota Banjar,0.613514064692938
2017-03-81,Bekasi,0.38434191258227945
2017-03-81,Bogor,0.597168608377011
2017-03-81,Cianjur,0.6217361287024971
2017-03-81,Cirebon,0.5751834832508335
2017-03-81,Garut,0.7419728730342278
2017-03-81,Indramayu,0.44921186744747554
2017-03-81,Karawang,0.41554790430170546
2017-03-81,Kota Bandung,0.38948090593524193
2017-03-81,Kota Bogor,0.48057510292482364
2017-03-81,Kota Cirebon,0.5309661663109819
2017-03-81,Kota Sukabumi,0.5053087296457776
2017-03-81,Kuningan,0.7120383354431851
2017-03-81,Majalengka,0.6262753703501602
2017-03-81,Purwakarta,0.6482381237197671
2017-03-81,Subang,0.6610992147712474
2017-03-81,Sukabumi,0.6981165327051494
2017-03-81,Sumedang,0.6866852052954203
2017-03-81,Kota Bekasi,0.29136716909187066
2017-03-81,Kota Depok,0.46413914872187256
2017-03-89,Bandung,0.4572577105681306
2017-03-89,Kota Cimahi,0.22659319100688682
2017-03-89,Kota Tasikmalaya,0.5366587568280592
2017-03-89,Tasikmalaya,0.6460587813491371
2017-03-89,Ciamis,0.6047267584575438
2017-03-89,Kota Banjar,0.6033300032050126
2017-03-89,Bekasi,0.3553439817747815
2017-03-89,Bogor,0.47199825276705254
2017-03-89,Cianjur,0.5383775111691512
2017-03-89,Cirebon,0.3355982475363503
2017-03-89,Garut,0.5413968577440985
2017-03-89,Indramayu,0.41594583013444947
2017-03-89,Karawang,0.41675856939107236
2017-03-89,Kota Bandung,0.28946070607543306
2017-03-89,Kota Bogor,0.41489928987891883
2017-03-89,Kota Cirebon,0.37319248753661194
2017-03-89,Kota Sukabumi,0.3738583515524407
2017-03-89,Kuningan,0.44886562113078016
2017-03-89,Majalengka,0.42039595898660365
2017-03-89,Purwakarta,0.6160090571764859
2017-03-89,Subang,0.5753925447700219
2017-03-89,Sukabumi,0.5605945160482133
2017-03-89,Sumedang,0.5527856591605256
2017-03-89,Kota Bekasi,0.25489814744756406
2017-03-89,Kota Depok,0.3932465872222122
2017-04-97,Bandung,0.5246221996340522
2017-04-97,Kota Cimahi,0.18832932269066296
2017-04-97,Kota Tasikmalaya,0.46701982514727736
2017-04-97,Tasikmalaya,0.5306178613320615
2017-04-97,Ciamis,0.42523862880443525
2017-04-97,Kota Banjar,0.4886009026674755
2017-04-97,Bekasi,0.45948440744146657
2017-04-97,Bogor,0.6583067409594958
2017-04-97,Cianjur,0.6639432444998422
2017-04-97,Cirebon,0.5385719670932028
2017-04-97,Garut,0.5722533255347226
2017-04-97,Indramayu,0.4402914219664662
2017-04-97,Karawang,0.5114931254328209
2017-04-97,Kota Bandung,0.35928981329531
2017-04-97,Kota Bogor,0.5266599941633466
2017-04-97,Kota Cirebon,0.4177402269356577
2017-04-97,Kota Sukabumi,0.5238328612295531
2017-04-97,Kuningan,0.632327275234857
2017-04-97,Majalengka,0.47478148737500864
2017-04-97,Purwakarta,0.6326284555372321
2017-04-97,Subang,0.6061096835322093
2017-04-97,Sukabumi,0.6765204166037919
2017-04-97,Sumedang,0.66696392317686
2017-04-97,Kota Bekasi,0.34601980662414944
2017-04-97,Kota Depok,0.5148512145001195
2017-04-105,Bandung,0.5342853476235885
2017-04-105,Kota Cimahi,0.2011576068895828
2017-04-105,Kota Tasikmalaya,0.5824389749466194
2017-04-105,Tasikmalaya,0.6589982898181836
2017-04-105,Ciamis,0.6718823941363075
2017-04-105,Kota Banjar,0.6202016650059617
2017-04-105,Bekasi,0.491463500131621
2017-04-105,Bogor,0.6585578352374811
2017-04-105,Cianjur,0.6753534397900275
2017-04-105,Cirebon,0.5652825953208525
2017-04-105,Garut,0.6791087675106214
2017-04-105,Indramayu,0.4709811066555625
2017-04-105,Karawang,0.5137915569713593
2017-04-105,Kota Bandung,0.3275341032157472
2017-04-105,Kota Bogor,0.5232758760799875
2017-04-105,Kota Cirebon,0.48992992682089487
2017-04-105,Kota Sukabumi,0.5852879266298535
2017-04-105,Kuningan,0.730571427969671
2017-04-105,Majalengka,0.6156988132431971
2017-04-105,Purwakarta,0.6240597672586028
2017-04-105,Subang,0.624265728618423
2017-04-105,Sukabumi,0.7146426327172455
2017-04-105,Sumedang,0.6818004970749684
2017-04-105,Kota Bekasi,0.33578388575429696
2017-04-105,Kota Depok,0.4648353260212655
2017-04-113,Bandung,0.5699533112169467
2017-04-113,Kota Cimahi,0.38219097935040586
2017-04-113,Kota Tasikmalaya,0.6720376341627896
2017-04-113,Tasikmalaya,0.7034899514157478
2017-04-113,Ciamis,0.7254234702472907
2017-04-113,Kota Banjar,0.6755895328322374
2017-04-113,Bekasi,0.4671723706521526
2017-04-113,Bogor,0.5594570934073451
2017-04-113,Cianjur,0.6925122646888981
2017-04-113,Cirebon,0.5681785121198492
2017-04-113,Garut,0.6643930783479687
2017-04-113,Indramayu,0.45582910930763465
2017-04-113,Karawang,0.44155431232179376
2017-04-113,Kota Bandung,0.3804823104783823
2017-04-113,Kota Bogor,0.2882430721426761
2017-04-113,Kota Cirebon,0.4744085205827634
2017-04-113,Kota Sukabumi,0.45314145341474926
2017-04-113,Kuningan,0.7089418329946539
2017-04-113,Majalengka,0.6572592720960593
2017-04-113,Purwakarta,0.6571699518503774
2017-04-113,Subang,0.5957199124615317
2017-04-113,Sukabumi,0.644844173942276
2017-04-113,Sumedang,0.7268260395842014
2017-04-113,Kota Bekasi,0.3325256575057129
2017-04-113,Kota Depok,0.4365887184071644
2017-05-121,Bandung,0.5881966065235879
2017-05-121,Kota Cimahi,0.36492909918274674
2017-05-121,Kota Tasikmalaya,0.5701381545909577
2017-05-121,Tasikmalaya,0.6737275261502481
2017-05-121,Ciamis,0.6176075468110112
2017-05-121,Kota Banjar,0.6377866712110444
2017-05-121,Bekasi,0.554994038905068
2017-05-121,Bogor,0.6355644424691006
2017-05-121,Cianjur,0.7040122551649357
2017-05-121,Cirebon,0.5625879068901056
2017-05-121,Garut,0.7621938721244785
2017-05-121,Indramayu,0.47314432656843475
2017-05-121,Karawang,0.54098567304313
2017-05-121,Kota Bandung,0.3781178643052706
2017-05-121,Kota Bogor,0.5130704914406796
2017-05-121,Kota Cirebon,0.4815783927085542
2017-05-121,Kota Sukabumi,0.5642232019478355
2017-05-121,Kuningan,0.7417844061788154
2017-05-121,Majalengka,0.6439486007199258
2017-05-121,Purwakarta,0.6141134030468404
2017-05-121,Subang,0.6027265161335578
2017-05-121,Sukabumi,0.7485800475805294
2017-05-121,Sumedang,0.7416876967903641
2017-05-121,Kota Bekasi,0.3748286868134776
2017-05-121,Kota Depok,0.5040203052482295
2017-05-129,Bandung,0.7010846330879724
2017-05-129,Kota Cimahi,0.37192293910081076
2017-05-129,Kota Tasikmalaya,0.6710327439816178
2017-05-129,Tasikmalaya,0.7855015676813574
2017-05-129,Ciamis,0.7057409958395353
2017-05-129,Kota Banjar,0.5888523686142699
2017-05-129,Bekasi,0.5563191979626331
2017-05-129,Bogor,0.6419408120479253
2017-05-129,Cianjur,0.775912586946211
2017-05-129,Cirebon,0.5870383115234509
2017-05-129,Garut,0.8090953393163397
2017-05-129,Indramayu,0.5083614712089981
2017-05-129,Karawang,0.5791445132213949
2017-05-129,Kota Bandung,0.38004071430912384
2017-05-129,Kota Bogor,0.49793833395448056
2017-05-129,Kota Cirebon,0.5013035363779732
2017-05-129,Kota Sukabumi,0.6183140437077609
2017-05-129,Kuningan,0.7907313403122622
2017-05-129,Majalengka,0.7416269652591143
2017-05-129,Purwakarta,0.7010835198867035
2017-05-129,Subang,0.6226921024035018
2017-05-129,Sukabumi,0.7629643474315714
2017-05-129,Sumedang,0.7904745834450365
2017-05-129,Kota Bekasi,0.35278308558841154
2017-05-129,Kota Depok,0.49784690080325544
2017-05-137,Bandung,0.6846236573595514
2017-05-137,Kota Cimahi,0.3687181807709471
2017-05-137,Kota Tasikmalaya,0.649595766694538
2017-05-137,Tasikmalaya,0.7763327118566759
2017-05-137,Ciamis,0.7755761958012717
2017-05-137,Kota Banjar,0.6675864708583422
2017-05-137,Bekasi,0.5442504262322659
2017-05-137,Bogor,0.6695323445400774
2017-05-137,Cianjur,0.7622566423918506
2017-05-137,Cirebon,0.5696029175252965
2017-05-137,Garut,0.7964377657541974
2017-05-137,Indramayu,0.5112578489476309
2017-05-137,Karawang,0.5792857229412873
2017-05-137,Kota Bandung,0.3728267333707424
2017-05-137,Kota Bogor,0.5322424468986934
2017-05-137,Kota Cirebon,0.47199477936964407
2017-05-137,Kota Sukabumi,0.5999130013297652
2017-05-137,Kuningan,0.7904447588145735
2017-05-137,Majalengka,0.7289358249263009
2017-05-137,Purwakarta,0.6941656994842934
2017-05-137,Subang,0.6170956517078093
2017-05-137,Sukabumi,0.7790361232567715
2017-05-137,Sumedang,0.77746280959156
2017-05-137,Kota Bekasi,0.3879026897469209
2017-05-137,Kota Depok,0.5003401058132274
2017-05-145,Bandung,0.7095158903604952
2017-05-145,Kota Cimahi,0.35632073471376063
2017-05-145,Kota Tasikmalaya,0.38386325229578155
2017-05-145,Tasikmalaya,0.3933454278407194
2017-05-145,Ciamis,0.4479224240726638
2017-05-145,Kota Banjar,0.4980055716615146
2017-05-145,Bekasi,0.5281212178478841
2017-05-145,Bogor,0.7149149675643388
2017-05-145,Cianjur,0.7779408906280009
2017-05-145,Cirebon,0.5615885378505403
2017-05-145,Garut,0.7241122577338907
2017-05-145,Indramayu,0.5274861892633547
2017-05-145,Karawang,0.5600059190640873
2017-05-145,Kota Bandung,0.3681974515719157
2017-05-145,Kota Bogor,0.5308342574254499
2017-05-145,Kota Cirebon,0.4511288416081854
2017-05-145,Kota Sukabumi,0.5916377795367244
2017-05-145,Kuningan,0.7201181344826973
2017-05-145,Majalengka,0.7135260956573432
2017-05-145,Purwakarta,0.6974312497213361
2017-05-145,Subang,0.6096635539635229
2017-05-145,Sukabumi,0.7566043297400868
2017-05-145,Sumedang,0.7677051242912417
2017-05-145,Kota Bekasi,0.37276441389746245
2017-05-145,Kota Depok,0.5067616953552423
2017-06-153,Bandung,0.6422793272507572
2017-06-153,Kota Cimahi,0.3349378799458429
2017-06-153,Kota Tasikmalaya,0.5484342922289032
2017-06-153,Tasikmalaya,0.6076030338195154
2017-06-153,Ciamis,0.6420560321096103
2017-06-153,Kota Banjar,0.675463487421315
2017-06-153,Bekasi,0.4833658128642008
2017-06-153,Bogor,0.7125326704193841
2017-06-153,Cianjur,0.7517460933653117
2017-06-153,Cirebon,0.5966669253108796
2017-06-153,Garut,0.743583318896323
2017-06-153,Indramayu,0.5830262099956597
2017-06-153,Karawang,0.5448628797261579
2017-06-153,Kota Bandung,0.38611874321976886
2017-06-153,Kota Bogor,0.523324943692548
2017-06-153,Kota Cirebon,0.48185225732312625
2017-06-153,Kota Sukabumi,0.5712862390888915
2017-06-153,Kuningan,0.6969055013969233
2017-06-153,Majalengka,0.7011438348988063
2017-06-153,Purwakarta,0.6534131837380831
2017-06-153,Subang,0.5921470465774612
2017-06-153,Sukabumi,0.7533557003228337
2017-06-153,Sumedang,0.7425951853301032
2017-06-153,Kota Bekasi,0.3516641851638497
2017-06-153,Kota Depok,0.4992723985953262
2017-06-161,Bandung,0.7165421752416467
2017-06-161,Kota Cimahi,0.35581106050114125
2017-06-161,Kota Tasikmalaya,0.6537168699336415
2017-06-161,Tasikmalaya,0.7125047660585004
2017-06-161,Ciamis,0.67720417547395
2017-06-161,Kota Banjar,0.6185553401904631
2017-06-161,Bekasi,0.4426799704782021
2017-06-161,Bogor,0.6397082759578049
2017-06-161,Cianjur,0.7617552095635344
2017-06-161,Cirebon,0.5367268863554924
2017-06-161,Garut,0.7891651789105429
2017-06-161,Indramayu,0.558627695963275
2017-06-161,Karawang,0.5169345760089776
2017-06-161,Kota Bandung,0.37104588333615485
2017-06-161,Kota Bogor,0.5342460409542172
2017-06-161,Kota Cirebon,0.40433420478563176
2017-06-161,Kota Sukabumi,0.5541493346969285
2017-06-161,Kuningan,0.6419329515538994
2017-06-161,Majalengka,0.6801869510168811
2017-06-161,Purwakarta,0.7064746733590981
2017-06-161,Subang,0.6090541316822302
2017-06-161,Sukabumi,0.769580299807507
2017-06-161,Sumedang,0.723132773376321
2017-06-161,Kota Bekasi,0.2994572683204051
2017-06-161,Kota Depok,0.4399722803842496
2017-06-169,Bandung,0.7028752348476969
2017-06-169,Kota Cimahi,0.3422241324892569
2017-06-169,Kota Tasikmalaya,0.4675492075232194
2017-06-169,Tasikmalaya,0.5624436973325133
2017-06-169,Ciamis,0.5637232171642408
2017-06-169,Kota Banjar,0.5234121612940431
2017-06-169,Bekasi,0.479162761231589
2017-06-169,Bogor,0.7267202215158776
2017-06-169,Cianjur,0.7811696498645793
2017-06-169,Cirebon,0.5704232500495804
2017-06-169,Garut,0.6430683206716565
2017-06-169,Indramayu,0.5617592372551424
2017-06-169,Karawang,0.5167979764788053
2017-06-169,Kota Bandung,0.3656620965182963
2017-06-169,Kota Bogor,0.5393336613043669
2017-06-169,Kota Cirebon,0.4811065416605359
2017-06-169,Kota Sukabumi,0.5721766270269442
2017-06-169,Kuningan,0.7284192177493073
2017-06-169,Majalengka,0.6858529519341116
2017-06-169,Purwakarta,0.7049759448073107
2017-06-169,Subang,0.610709011317446
2017-06-169,Sukabumi,0.7665219159156135
2017-06-169,Sumedang,0.7518954670225103
2017-06-169,Kota Bekasi,0.39361181209844315
2017-06-169,Kota Depok,0.5037575785549628
2017-06-177,Bandung,0.7407238048770254
2017-06-177,Kota Cimahi,0.38781120664147367
2017-06-177,Kota Tasikmalaya,0.6510695110009231
2017-06-177,Tasikmalaya,0.7213023349549365
2017-06-177,Ciamis,0.5922565433589112
2017-06-177,Kota Banjar,0.5179330924974305
2017-06-177,Bekasi,0.4860675018220082
2017-06-177,Bogor,0.6755758617140035
2017-06-177,Cianjur,0.7534959897031881
2017-06-177,Cirebon,0.5830402746665057
2017-06-177,Garut,0.803840499289755
2017-06-177,Indramayu,0.5848269941854718
2017-06-177,Karawang,0.5111653770913278
2017-06-177,Kota Bandung,0.38946853270032794
2017-06-177,Kota Bogor,0.5293791832893843
2017-06-177,Kota Cirebon,0.4916874795244401
2017-06-177,Kota Sukabumi,0.5579609250135925
2017-06-177,Kuningan,0.749604058169743
2017-06-177,Majalengka,0.7102518662984648
2017-06-177,Purwakarta,0.7232428919893757
2017-06-177,Subang,0.6266689974054243
2017-06-177,Sukabumi,0.747361259254508
2017-06-177,Sumedang,0.7787419386960448
2017-06-177,Kota Bekasi,0.4173761885200804
2017-06-177,Kota Depok,0.5411121184689885
2017-07-185,Bandung,0.7129610843783736
2017-07-185,Kota Cimahi,0.36667582015104566
2017-07-185,Kota Tasikmalaya,0.2043280496956238
2017-07-185,Tasikmalaya,0.32109204822043247
2017-07-185,Ciamis,0.32033917905069864
2017-07-185,Kota Banjar,0.3450297947301043
2017-07-185,Bekasi,0.46734076183514284
2017-07-185,Bogor,0.7098950103500694
2017-07-185,Cianjur,0.7422127046824899
2017-07-185,Cirebon,0.5776354176182671
2017-07-185,Garut,0.7280158556555746
2017-07-185,Indramayu,0.5614471047747236
2017-07-185,Karawang,0.4968789751840386
2017-07-185,Kota Bandung,0.38674797205175915
2017-07-185,Kota Bogor,0.531459492227678
2017-07-185,Kota Cirebon,0.5019005014474616
2017-07-185,Kota Sukabumi,0.5824698216166677
2017-07-185,Kuningan,0.671217536047768
2017-07-185,Majalengka,0.6001405719570487
2017-07-185,Purwakarta,0.6858966676045273
2017-07-185,Subang,0.6098688635061096
2017-07-185,Sukabumi,0.6865174887415536
2017-07-185,Sumedang,0.7525580895875408
2017-07-185,Kota Bekasi,0.40018780849862245
2017-07-185,Kota Depok,0.5349633828715175
2017-07-193,Bandung,0.7242019377155244
2017-07-193,Kota Cimahi,0.349534358925122
2017-07-193,Kota Tasikmalaya,0.4312986201410328
2017-07-193,Tasikmalaya,0.5456522748689653
2017-07-193,Ciamis,0.5226513209415165
2017-07-193,Kota Banjar,0.6016193210372174
2017-07-193,Bekasi,0.29120307712375665
2017-07-193,Bogor,0.529464331433666
2017-07-193,Cianjur,0.7061784738161042
2017-07-193,Cirebon,0.5885220166158659
2017-07-193,Garut,0.7357824624745996
2017-07-193,Indramayu,0.5322115296861647
2017-07-193,Karawang,0.40114786619820486
2017-07-193,Kota Bandung,0.38205988153907955
2017-07-193,Kota Bogor,0.3286349887640762
2017-07-193,Kota Cirebon,0.49654314575402897
2017-07-193,Kota Sukabumi,0.5462419512928631
2017-07-193,Kuningan,0.7192031898627482
2017-07-193,Majalengka,0.6177213354910703
2017-07-193,Purwakarta,0.6913461094039172
2017-07-193,Subang,0.6254155076042518
2017-07-193,Sukabumi,0.5901222796158188
2017-07-193,Sumedang,0.7625181264918192
2017-07-193,Kota Bekasi,0.24485572683421739
2017-07-193,Kota Depok,0.3131726374074591
2017-07-201,Bandung,0.7239380091994185
2017-07-201,Kota Cimahi,0.34226880589134334
2017-07-201,Kota Tasikmalaya,0.3699732139303703
2017-07-201,Tasikmalaya,0.6304471145338346
2017-07-201,Ciamis,0.6064264815749776
2017-07-201,Kota Banjar,0.6703186409221196
2017-07-201,Bekasi,0.45675885799769506
2017-07-201,Bogor,0.7085713953838046
2017-07-201,Cianjur,0.7752207289645496
2017-07-201,Cirebon,0.5595697519608296
2017-07-201,Garut,0.7626624232832677
2017-07-201,Indramayu,0.5061894365749767
2017-07-201,Karawang,0.4478424461161671
2017-07-201,Kota Bandung,0.3819838614321807
2017-07-201,Kota Bogor,0.5216217570652681
2017-07-201,Kota Cirebon,0.47257974206354314
2017-07-201,Kota Sukabumi,0.5565410005977969
2017-07-201,Kuningan,0.7286997268209867
2017-07-201,Majalengka,0.6354245673150024
2017-07-201,Purwakarta,0.6641633665842647
2017-07-201,Subang,0.6088431526526424
2017-07-201,Sukabumi,0.7781741770301017
2017-07-201,Sumedang,0.7576204414939289
2017-07-201,Kota Bekasi,0.38118119842538833
2017-07-201,Kota Depok,0.4972755395435362
2017-07-209,Bandung,0.6942795075204344
2017-07-209,Kota Cimahi,0.3384246453135811
2017-07-209,Kota Tasikmalaya,0.229205119668547
2017-07-209,Tasikmalaya,0.2145809879642303
2017-07-209,Ciamis,0.3825277473043578
2017-07-209,Kota Banjar,0.529163267596418
2017-07-209,Bekasi,0.44080105032909117
2017-07-209,Bogor,0.7018871145895849
2017-07-209,Cianjur,0.7537768116759065
2017-07-209,Cirebon,0.5358353267933296
2017-07-209,Garut,0.4783501632091197
2017-07-209,Indramayu,0.4560716467176901
2017-07-209,Karawang,0.4367915653262057
2017-07-209,Kota Bandung,0.358775239855506
2017-07-209,Kota Bogor,0.48715367039065
2017-07-209,Kota Cirebon,0.44807051182306423
2017-07-209,Kota Sukabumi,0.559129623442058
2017-07-209,Kuningan,0.636502867352001
2017-07-209,Majalengka,0.5110084787126501
2017-07-209,Purwakarta,0.684561642017255
2017-07-209,Subang,0.6133569864282051
2017-07-209,Sukabumi,0.7692682869729734
2017-07-209,Sumedang,0.7080258534180017
2017-07-209,Kota Bekasi,0.3597501758762924
2017-07-209,Kota Depok,0.47346001832469303
2017-08-217,Bandung,0.6772766847266682
2017-08-217,Kota Cimahi,0.32755376713206596
2017-08-217,Kota Tasikmalaya,0.3989695279145469
2017-08-217,Tasikmalaya,0.5696585047211757
2017-08-217,Ciamis,0.49597475497410665
2017-08-217,Kota Banjar,0.41232882326444165
2017-08-217,Bekasi,0.4356381571202335
2017-08-217,Bogor,0.6779280979440159
2017-08-217,Cianjur,0.7480971479953633
2017-08-217,Cirebon,0.5263646727554079
2017-08-217,Garut,0.7416419381464617
2017-08-217,Indramayu,0.4409871023723597
2017-08-217,Karawang,0.42858197905107437
2017-08-217,Kota Bandung,0.3594277243990119
2017-08-217,Kota Bogor,0.49586923973876107
2017-08-217,Kota Cirebon,0.46559093165997517
2017-08-217,Kota Sukabumi,0.5516783894194268
2017-08-217,Kuningan,0.6721693565798281
2017-08-217,Majalengka,0.5547055670904986
2017-08-217,Purwakarta,0.6657686463962208
2017-08-217,Subang,0.6135708874909236
2017-08-217,Sukabumi,0.7434002533231355
2017-08-217,Sumedang,0.6999692954750836
2017-08-217,Kota Bekasi,0.3505091374213526
2017-08-217,Kota Depok,0.4791918603013148
2017-08-225,Bandung,0.6959591786230318
2017-08-225,Kota Cimahi,0.37922928625819746
2017-08-225,Kota Tasikmalaya,0.3045933765162453
2017-08-225,Tasikmalaya,0.3993313522512463
2017-08-225,Ciamis,0.3484823329799991
2017-08-225,Kota Banjar,0.36493019580840325
2017-08-225,Bekasi,0.4226715300754738
2017-08-225,Bogor,0.6350114774414248
2017-08-225,Cianjur,0.7068367993497747
2017-08-225,Cirebon,0.5193407065464539
2017-08-225,Garut,0.6183557698203115
2017-08-225,Indramayu,0.4305338206831929
2017-08-225,Karawang,0.41788421662775305
2017-08-225,Kota Bandung,0.3769251549611328
2017-08-225,Kota Bogor,0.49822841866888945
2017-08-225,Kota Cirebon,0.4104023885946071
2017-08-225,Kota Sukabumi,0.5542289198450187
2017-08-225,Kuningan,0.6086768606128096
2017-08-225,Majalengka,0.4913558630247082
2017-08-225,Purwakarta,0.6344674337717693
2017-08-225,Subang,0.5381271516964831
2017-08-225,Sukabumi,0.7397253080460926
2017-08-225,Sumedang,0.706030075007877
2017-08-225,Kota Bekasi,0.3414482745875833
2017-08-225,Kota Depok,0.44775421619774697
2017-08-233,Bandung,0.6542196588045853
2017-08-233,Kota Cimahi,0.31150353410476733
2017-08-233,Kota Tasikmalaya,0.6264339330750912
2017-08-233,Tasikmalaya,0.6432814398804927
2017-08-233,Ciamis,0.5839810556978497
2017-08-233,Kota Banjar,0.5842716320904564
2017-08-233,Bekasi,0.41548063913576877
2017-08-233,Bogor,0.6476728511242702
2017-08-233,Cianjur,0.7265885953806821
2017-08-233,Cirebon,0.49857195989861597
2017-08-233,Garut,0.7334870516149009
2017-08-233,Indramayu,0.3997524631092167
2017-08-233,Karawang,0.41907922260291763
2017-08-233,Kota Bandung,0.32635638497648095
2017-08-233,Kota Bogor,0.4257347690885953
2017-08-233,Kota Cirebon,0.3842738823910616
2017-08-233,Kota Sukabumi,0.5219107119096243
2017-08-233,Kuningan,0.6664032662575212
2017-08-233,Majalengka,0.5473065491351178
2017-08-233,Purwakarta,0.6120108645760232
2017-08-233,Subang,0.5834302365105432
2017-08-233,Sukabumi,0.6956227577634841
2017-08-233,Sumedang,0.6598346348435369
2017-08-233,Kota Bekasi,0.3361941173820038
2017-08-233,Kota Depok,0.48005891382195115
2017-08-241,Bandung,0.6185677544356237
2017-08-241,Kota Cimahi,0.3105290326376141
2017-08-241,Kota Tasikmalaya,0.5244632145903779
2017-08-241,Tasikmalaya,0.5313227127019158
2017-08-241,Ciamis,0.4515303854766353
2017-08-241,Kota Banjar,0.4983369173337587
2017-08-241,Bekasi,0.39522112400396125
2017-08-241,Bogor,0.6259511608208724
2017-08-241,Cianjur,0.6746088774244247
2017-08-241,Cirebon,0.4989812439672752
2017-08-241,Garut,0.7002797804062143
2017-08-241,Indramayu,0.42521981160346384
2017-08-241,Karawang,0.43878372842068025
2017-08-241,Kota Bandung,0.3429196167113771
2017-08-241,Kota Bogor,0.44498003746875975
2017-08-241,Kota Cirebon,0.41969625416692635
2017-08-241,Kota Sukabumi,0.5602869404267322
2017-08-241,Kuningan,0.651593947793224
2017-08-241,Majalengka,0.5170856815314262
2017-08-241,Purwakarta,0.5889944817554169
2017-08-241,Subang,0.6006953077691358
2017-08-241,Sukabumi,0.6830526062295934
2017-08-241,Sumedang,0.652116770393666
2017-08-241,Kota Bekasi,0.2945762261092494
2017-08-241,Kota Depok,0.43637268597438705
2017-09-249,Bandung,0.6288209771221046
2017-09-249,Kota Cimahi,0.2847295780393561
2017-09-249,Kota Tasikmalaya,0.3330941183199355
2017-09-249,Tasikmalaya,0.38039379837074766
2017-09-249,Ciamis,0.46073189365392486
2017-09-249,Kota Banjar,0.36025816867717675
2017-09-249,Bekasi,0.40175992477529654
2017-09-249,Bogor,0.6690458205954177
2017-09-249,Cianjur,0.6835353762661205
2017-09-249,Cirebon,0.482885283509587
2017-09-249,Garut,0.6928634303828975
2017-09-249,Indramayu,0.39481652113304244
2017-09-249,Karawang,0.4417557940976139
2017-09-249,Kota Bandung,0.33160669108942614
2017-09-249,Kota Bogor,0.469060366273868
2017-09-249,Kota Cirebon,0.40678702330730127
2017-09-249,Kota Sukabumi,0.5088309622141692
2017-09-249,Kuningan,0.6348237291258045
2017-09-249,Majalengka,0.48664759871073904
2017-09-249,Purwakarta,0.6100315506713123
2017-09-249,Subang,0.5753079119837884
2017-09-249,Sukabumi,0.6711325093347511
2017-09-249,Sumedang,0.6324932824963521
2017-09-249,Kota Bekasi,0.3093376529909092
2017-09-249,Kota Depok,0.45478642339526043
2017-09-257,Bandung,0.6197509982198496
2017-09-257,Kota Cimahi,0.2922380132343332
2017-09-257,Kota Tasikmalaya,0.6028794388294653
2017-09-257,Tasikmalaya,0.6648089779076524
2017-09-257,Ciamis,0.5195120215572516
2017-09-257,Kota Banjar,0.4435716145657724
2017-09-257,Bekasi,0.40898901807100146
2017-09-257,Bogor,0.6626494924478417
2017-09-257,Cianjur,0.6782433706542765
2017-09-257,Cirebon,0.47349222685098763
2017-09-257,Garut,0.6991948793812973
2017-09-257,Indramayu,0.391765182851476
2017-09-257,Karawang,0.46989999783221686
2017-09-257,Kota Bandung,0.31580687703254373
2017-09-257,Kota Bogor,0.4698978194140406
2017-09-257,Kota Cirebon,0.3885047869705399
2017-09-257,Kota Sukabumi,0.5250893014611684
2017-09-257,Kuningan,0.6201404340176728
2017-09-257,Majalengka,0.5215186230510965
2017-09-257,Purwakarta,0.6138225940193496
2017-09-257,Subang,0.5796057364664348
2017-09-257,Sukabumi,0.6679728228550497
2017-09-257,Sumedang,0.6306505733577795
2017-09-257,Kota Bekasi,0.32743327555711405
2017-09-257,Kota Depok,0.45383976997840125
2017-09-265,Bandung,0.5805198718716036
2017-09-265,Kota Cimahi,0.29236128862962146
2017-09-265,Kota Tasikmalaya,0.46350168959950544
2017-09-265,Tasikmalaya,0.3941712031269183
2017-09-265,Ciamis,0.41327955654949633
2017-09-265,Kota Banjar,0.45740003626123893
2017-09-265,Bekasi,0.4043020048642019
2017-09-265,Bogor,0.6537682798388305
2017-09-265,Cianjur,0.43066060475393714
2017-09-265,Cirebon,0.45204766095965404
2017-09-265,Garut,0.5290757944465553
2017-09-265,Indramayu,0.38081029610782424
2017-09-265,Karawang,0.4783265029768087
2017-09-265,Kota Bandung,0.32133858313040775
2017-09-265,Kota Bogor,0.4350393708282785
2017-09-265,Kota Cirebon,0.3647816515416856
2017-09-265,Kota Sukabumi,0.4580470857768115
2017-09-265,Kuningan,0.6163860337802083
2017-09-265,Majalengka,0.5042808986806774
2017-09-265,Purwakarta,0.5792755095983665
2017-09-265,Subang,0.5693580065805365
2017-09-265,Sukabumi,0.5270010861599429
2017-09-265,Sumedang,0.6139799082612529
2017-09-265,Kota Bekasi,0.30406985172031414
2017-09-265,Kota Depok,0.4388547775128543
2017-09-273,Bandung,0.4339447462626098
2017-09-273,Kota Cimahi,0.1582197015004171
2017-09-273,Kota Tasikmalaya,0.4103834948723737
2017-09-273,Tasikmalaya,0.31385011401616203
2017-09-273,Ciamis,0.33810766633623623
2017-09-273,Kota Banjar,0.37356778248573924
2017-09-273,Bekasi,0.38929033823875003
2017-09-273,Bogor,0.5060862472978291
2017-09-273,Cianjur,0.3842331766453219
2017-09-273,Cirebon,0.4444033297613057
2017-09-273,Garut,0.47125723728243035
2017-09-273,Indramayu,0.39919147347976397
2017-09-273,Karawang,0.46337377086951487
2017-09-273,Kota Bandung,0.24953327969172961
2017-09-273,Kota Bogor,0.35639359238027585
2017-09-273,Kota Cirebon,0.3731601057604435
2017-09-273,Kota Sukabumi,0.3946513804829013
2017-09-273,Kuningan,0.5316211354130143
2017-09-273,Majalengka,0.4100477164545559
2017-09-273,Purwakarta,0.5169526141394147
2017-09-273,Subang,0.48649014205321434
2017-09-273,Sukabumi,0.3429535367248488
2017-09-273,Sumedang,0.5020590834792681
2017-09-273,Kota Bekasi,0.2417683438329656
2017-09-273,Kota Depok,0.4300473431066893
2017-10-281,Bandung,0.45527019321448525
2017-10-281,Kota Cimahi,0.19338611913520018
2017-10-281,Kota Tasikmalaya,0.4662573042739529
2017-10-281,Tasikmalaya,0.459954846130693
2017-10-281,Ciamis,0.3907418054077518
2017-10-281,Kota Banjar,0.46293688274327066
2017-10-281,Bekasi,0.3794106963132343
2017-10-281,Bogor,0.5637508027199362
2017-10-281,Cianjur,0.4300806967130269
2017-10-281,Cirebon,0.4507117036334123
2017-10-281,Garut,0.44672731252252945
2017-10-281,Indramayu,0.3544824445637345
2017-10-281,Karawang,0.4642744537327301
2017-10-281,Kota Bandung,0.27347461461958056
2017-10-281,Kota Bogor,0.4124129313601375
2017-10-281,Kota Cirebon,0.4067095697879314
2017-10-281,Kota Sukabumi,0.44020454948251053
2017-10-281,Kuningan,0.5118307282789748
2017-10-281,Majalengka,0.4362817289557042
2017-10-281,Purwakarta,0.5441875763602128
2017-10-281,Subang,0.534258846528548
2017-10-281,Sukabumi,0.4542468504558768
2017-10-281,Sumedang,0.5499385577579803
2017-10-281,Kota Bekasi,0.2767127737703564
2017-10-281,Kota Depok,0.37354070748008306
2017-10-289,Bandung,0.5754406440402968
2017-10-289,Kota Cimahi,0.30564905570296347
2017-10-289,Kota Tasikmalaya,0.33173817345138423
2017-10-289,Tasikmalaya,0.43226716701801127
2017-10-289,Ciamis,0.39205080000001674
2017-10-289,Kota Banjar,0.41848174952374945
2017-10-289,Bekasi,0.43569051125604724
2017-10-289,Bogor,0.4819767616797126
2017-10-289,Cianjur,0.42641632331428436
2017-10-289,Cirebon,0.4757343609983534
2017-10-289,Garut,0.5682994514402963
2017-10-289,Indramayu,0.3997618300487761
2017-10-289,Karawang,0.49377944477145597
2017-10-289,Kota Bandung,0.32875501071037244
2017-10-289,Kota Bogor,0.41633511236706516
2017-10-289,Kota Cirebon,0.412618886951051
2017-10-289,Kota Sukabumi,0.3481210520959401
2017-10-289,Kuningan,0.5768864770762508
2017-10-289,Majalengka,0.550974281567138
2017-10-289,Purwakarta,0.5181868488171193
2017-10-289,Subang,0.5783172449057153
2017-10-289,Sukabumi,0.4780040310860994
2017-10-289,Sumedang,0.6606509363970212
2017-10-289,Kota Bekasi,0.23807131518480015
2017-10-289,Kota Depok,0.40477191152031555
2017-10-297,Bandung,0.6120025100029202
2017-10-297,Kota Cimahi,0.32539321694172585
2017-10-297,Kota Tasikmalaya,0.5232131688305515
2017-10-297,Tasikmalaya,0.5849702610568505
2017-10-297,Ciamis,0.4794538122375574
2017-10-297,Kota Banjar,0.47490335060277716
2017-10-297,Bekasi,0.4367591616429841
2017-10-297,Bogor,0.613045047421913
2017-10-297,Cianjur,0.563694161173333
2017-10-297,Cirebon,0.47422297212355047
2017-10-297,Garut,0.6429219829879107
2017-10-297,Indramayu,0.41380391644802395
2017-10-297,Karawang,0.5002327240136918
2017-10-297,Kota Bandung,0.33955990115873813
2017-10-297,Kota Bogor,0.4634473660127925
2017-10-297,Kota Cirebon,0.3868361978132932
2017-10-297,Kota Sukabumi,0.4245195787593563
2017-10-297,Kuningan,0.6381297270492428
2017-10-297,Majalengka,0.5190288671667455
2017-10-297,Purwakarta,0.6190222382006408
2017-10-297,Subang,0.5683268882649405
2017-10-297,Sukabumi,0.589574065285599
2017-10-297,Sumedang,0.6569391211832994
2017-10-297,Kota Bekasi,0.31915947934693845
2017-10-297,Kota Depok,0.43001732490969646
2017-11-305,Bandung,0.6101915712445375
2017-11-305,Kota Cimahi,0.31802271048621134
2017-11-305,Kota Tasikmalaya,0.5689180412936086
2017-11-305,Tasikmalaya,0.5624254725133971
2017-11-305,Ciamis,0.5432073619465305
2017-11-305,Kota Banjar,0.6490806102617382
2017-11-305,Bekasi,0.4505300873261197
2017-11-305,Bogor,0.5363840169124215
2017-11-305,Cianjur,0.5498018316015238
2017-11-305,Cirebon,0.4687380412939975
2017-11-305,Garut,0.5473891947103542
2017-11-305,Indramayu,0.3937643913840183
2017-11-305,Karawang,0.49329143090794597
2017-11-305,Kota Bandung,0.3429497747088799
2017-11-305,Kota Bogor,0.3774067509512129
2017-11-305,Kota Cirebon,0.41799455627850446
2017-11-305,Kota Sukabumi,0.41110148613905995
2017-11-305,Kuningan,0.6520920841521891
2017-11-305,Majalengka,0.4676684292318161
2017-11-305,Purwakarta,0.6245882813601296
2017-11-305,Subang,0.5830567171314054
2017-11-305,Sukabumi,0.458009039745373
2017-11-305,Sumedang,0.6733019504990964
2017-11-305,Kota Bekasi,0.32334350541787266
2017-11-305,Kota Depok,0.3821317409527953
2017-11-313,Bandung,0.566071833769365
2017-11-313,Kota Cimahi,0.3714046252681877
2017-11-313,Kota Tasikmalaya,0.39650995232533537
2017-11-313,Tasikmalaya,0.4846464462575167
2017-11-313,Ciamis,0.4797893093795489
2017-11-313,Kota Banjar,0.4961425000987228
2017-11-313,Bekasi,0.29895547388073096
2017-11-313,Bogor,0.46867225539934637
2017-11-313,Cianjur,0.7045461805651696
2017-11-313,Cirebon,0.47470078975211016
2017-11-313,Garut,0.5535699726507864
2017-11-313,Indramayu,0.35294026733262807
2017-11-313,Karawang,0.33422426524934734
2017-11-313,Kota Bandung,0.36511007570888365
2017-11-313,Kota Bogor,0.37630311431649166
2017-11-313,Kota Cirebon,0.3119109743115709
2017-11-313,Kota Sukabumi,0.5326893002555024
2017-11-313,Kuningan,0.6081108957231331
2017-11-313,Majalengka,0.5327672864098048
2017-11-313,Purwakarta,0.5382743788040649
2017-11-313,Subang,0.41173221993701486
2017-11-313,Sukabumi,0.6821722303087718
2017-11-313,Sumedang,0.6052468806193181
2017-11-313,Kota Bekasi,0.21612107076111667
2017-11-313,Kota Depok,0.2892722000275698
2017-11-321,Bandung,0.498432533128231
2017-11-321,Kota Cimahi,0.32174343118879223
2017-11-321,Kota Tasikmalaya,0.3029532965303581
2017-11-321,Tasikmalaya,0.3889493571652528
2017-11-321,Ciamis,0.3363893609225523
2017-11-321,Kota Banjar,0.2037007967076382
2017-11-321,Bekasi,0.3935643072638423
2017-11-321,Bogor,0.6529020198613997
2017-11-321,Cianjur,0.5697875028417608
2017-11-321,Cirebon,0.4443199773993738
2017-11-321,Garut,0.4584048845470731
2017-11-321,Indramayu,0.31791909553583053
2017-11-321,Karawang,0.4161761727431951
2017-11-321,Kota Bandung,0.3365456726397476
2017-11-321,Kota Bogor,0.4695326387514936
2017-11-321,Kota Cirebon,0.42634704701624
2017-11-321,Kota Sukabumi,0.5007792176923006
2017-11-321,Kuningan,0.5198578634766123
2017-11-321,Majalengka,0.46891052296059876
2017-11-321,Purwakarta,0.6382656697660983
2017-11-321,Subang,0.4877845658701985
2017-11-321,Sukabumi,0.5614582563244879
2017-11-321,Sumedang,0.6420615402166553
2017-11-321,Kota Bekasi,0.37760731914845325
2017-11-321,Kota Depok,0.42842068758621493
2017-11-329,Bandung,0.13900458938578555
2017-11-329,Kota Cimahi,0.09233940013278194
2017-11-329,Kota Tasikmalaya,0.26717574925574294
2017-11-329,Tasikmalaya,0.4791777449738673
2017-11-329,Ciamis,0.281114742375405
2017-11-329,Kota Banjar,0.2043270515415737
2017-11-329,Bekasi,0.29502351400563487
2017-11-329,Bogor,0.23872489613743197
2017-11-329,Cianjur,0.20860806794177783
2017-11-329,Cirebon,0.06512801996797306
2017-11-329,Garut,0.39101308687830727
2017-11-329,Indramayu,0.16178590099636955
2017-11-329,Karawang,0.34479461229418173
2017-11-329,Kota Bandung,0.07171436621480956
2017-11-329,Kota Bogor,0.197596840392084
2017-11-329,Kota Cirebon,0.047174409671877374
2017-11-329,Kota Sukabumi,0.1398123813166557
2017-11-329,Kuningan,0.12017373628019433
2017-11-329,Majalengka,0.25934997332455245
2017-11-329,Purwakarta,0.39591742724220086
2017-11-329,Subang,0.24532619421198149
2017-11-329,Sukabumi,0.24845399584902927
2017-11-329,Sumedang,0.3583573478800141
2017-11-329,Kota Bekasi,0.21246324323761287
2017-11-329,Kota Depok,0.1788749799646882
2017-12-337,Bandung,0.542867059749074
2017-12-337,Kota Cimahi,0.30993813636187945
2017-12-337,Kota Tasikmalaya,0.5970152228963655
2017-12-337,Tasikmalaya,0.7158308539285748
2017-12-337,Ciamis,0.6500800068494074
2017-12-337,Kota Banjar,0.5723790485700805
2017-12-337,Bekasi,0.424157711010286
2017-12-337,Bogor,0.6335716554326577
2017-12-337,Cianjur,0.6818659792315515
2017-12-337,Cirebon,0.44739029398738855
2017-12-337,Garut,0.6653557985971954
2017-12-337,Indramayu,0.35151851721805366
2017-12-337,Karawang,0.4371031323549718
2017-12-337,Kota Bandung,0.27585522081046004
2017-12-337,Kota Bogor,0.47559689992385823
2017-12-337,Kota Cirebon,0.3316414862193224
2017-12-337,Kota Sukabumi,0.5675636365598675
2017-12-337,Kuningan,0.6086924325769407
2017-12-337,Majalengka,0.5757354439014198
2017-12-337,Purwakarta,0.6243340925850758
2017-12-337,Subang,0.4490625585414448
2017-12-337,Sukabumi,0.6261862266464991
2017-12-337,Sumedang,0.5950618582303602
2017-12-337,Kota Bekasi,0.35709437113768094
2017-12-337,Kota Depok,0.4645241926514537
2017-12-345,Bandung,0.3700778326049421
2017-12-345,Kota Cimahi,0.36112449158755716
2017-12-345,Kota Tasikmalaya,0.5443453529098241
2017-12-345,Tasikmalaya,0.588998621349424
2017-12-345,Ciamis,0.5322303283859047
2017-12-345,Kota Banjar,0.6188224429520451
2017-12-345,Bekasi,0.28966209919842484
2017-12-345,Bogor,0.47941823416160356
2017-12-345,Cianjur,0.502917001964031
2017-12-345,Cirebon,0.3346229386692824
2017-12-345,Garut,0.4374828560206216
2017-12-345,Indramayu,0.2756829684407486
2017-12-345,Karawang,0.2501550268255072
2017-12-345,Kota Bandung,0.3583588656181552
2017-12-345,Kota Bogor,0.3732409690415834
2017-12-345,Kota Cirebon,0.35856285523148274
2017-12-345,Kota Sukabumi,0.4995201579980604
2017-12-345,Kuningan,0.37218412373009213
2017-12-345,Majalengka,0.4479919808162743
2017-12-345,Purwakarta,0.5269568003408371
2017-12-345,Subang,0.3444231030118903
2017-12-345,Sukabumi,0.5967907869860726
2017-12-345,Sumedang,0.5132275827944545
2017-12-345,Kota Bekasi,0.2311630193203317
2017-12-345,Kota Depok,0.3335261605992187
2017-12-353,Bandung,0.7177333965223999
2017-12-353,Kota Cimahi,0.367447400886029
2017-12-353,Kota Tasikmalaya,0.6028831100127688
2017-12-353,Tasikmalaya,0.7593472482041715
2017-12-353,Ciamis,0.6241489340221592
2017-12-353,Kota Banjar,0.661613788654966
2017-12-353,Bekasi,0.41765662875528564
2017-12-353,Bogor,0.6835126782158025
2017-12-353,Cianjur,0.6641201368199208
2017-12-353,Cirebon,0.3878770750940902
2017-12-353,Garut,0.7618066097508855
2017-12-353,Indramayu,0.35915908168993926
2017-12-353,Karawang,0.39088480715200624
2017-12-353,Kota Bandung,0.36847735692930783
2017-12-353,Kota Bogor,0.4927785300169524
2017-12-353,Kota Cirebon,0.345407148688602
2017-12-353,Kota Sukabumi,0.5172537183643807
2017-12-353,Kuningan,0.5999566227882119
2017-12-353,Majalengka,0.6576834326200857
2017-12-353,Purwakarta,0.6870427710951733
2017-12-353,Subang,0.4576305302017608
2017-12-353,Sukabumi,0.5928443141593214
2017-12-353,Sumedang,0.6653725974761631
2017-12-353,Kota Bekasi,0.3515626693257603
2017-12-353,Kota Depok,0.46746582045432994
2017-12-361,Bandung,0.536364832630795
2017-12-361,Kota Cimahi,0.28511575165648995
2017-12-361,Kota Tasikmalaya,0.5449201772843274
2017-12-361,Tasikmalaya,0.595847873296262
2017-12-361,Ciamis,0.5054060705998056
2017-12-361,Kota Banjar,0.6557107088922379
2017-12-361,Bekasi,0.3882015197115488
2017-12-361,Bogor,0.6171832532909028
2017-12-361,Cianjur,0.581101915707077
2017-12-361,Cirebon,0.3655922577274315
2017-12-361,Garut,0.5856991710901975
2017-12-361,Indramayu,0.3529305745029511
2017-12-361,Karawang,0.322298445883732
2017-12-361,Kota Bandung,0.26032246528517283
2017-12-361,Kota Bogor,0.47938802811502834
2017-12-361,Kota Cirebon,0.32928819472889415
2017-12-361,Kota Sukabumi,0.39279960890672033
2017-12-361,Kuningan,0.561565695647049
2017-12-361,Majalengka,0.5615909905390387
2017-12-361,Purwakarta,0.47564471269084835
2017-12-361,Subang,0.41520099994811216
2017-12-361,Sukabumi,0.5651723455186535
2017-12-361,Sumedang,0.5051623430142131
2017-12-361,Kota Bekasi,0.2976429073638833
2017-12-361,Kota Depok,0.4432611825414407
2018-01-01,Bandung,0.5269517583783349
2018-01-01,Kota Cimahi,0.2859302388708838
2018-01-01,Kota Tasikmalaya,0.6160487480260954
2018-01-01,Tasikmalaya,0.6146510654395693
2018-01-01,Ciamis,0.5827078856259819
2018-01-01,Kota Banjar,0.790658377627785
2018-01-01,Bekasi,0.32708250038948666
2018-01-01,Bogor,0.5082150313942777
2018-01-01,Cianjur,0.5837593562683385
2018-01-01,Cirebon,0.3571182326160102
2018-01-01,Garut,0.578302038464234
2018-01-01,Indramayu,0.2626924587627999
2018-01-01,Karawang,0.2846589824192794
2018-01-01,Kota Bandung,0.2714164963014348
2018-01-01,Kota Bogor,0.3477834504862282
2018-01-01,Kota Cirebon,0.32928819472889415
2018-01-01,Kota Sukabumi,0.4184931190231971
2018-01-01,Kuningan,0.46532141498095436
2018-01-01,Majalengka,0.48868567384029254
2018-01-01,Purwakarta,0.46684497091610244
2018-01-01,Subang,0.3948116697123547
2018-01-01,Sukabumi,0.6105988950815883
2018-01-01,Sumedang,0.5261196084726617
2018-01-01,Kota Bekasi,0.2429718985315827
2018-01-01,Kota Depok,0.3394421608164233
2018-01-09,Bandung,0.4895863721354183
2018-01-09,Kota Cimahi,0.2854029881070781
2018-01-09,Kota Tasikmalaya,0.5724413843259607
2018-01-09,Tasikmalaya,0.5886060012749386
2018-01-09,Ciamis,0.5950629976605333
2018-01-09,Kota Banjar,0.7142716224645824
2018-01-09,Bekasi,0.2709040171331518
2018-01-09,Bogor,0.3174315871867643
2018-01-09,Cianjur,0.4195372622697384
2018-01-09,Cirebon,0.3078090066678499
2018-01-09,Garut,0.497743602401589
2018-01-09,Indramayu,0.34924706456067967
2018-01-09,Karawang,0.27065329524337883
2018-01-09,Kota Bandung,0.3307667698879401
2018-01-09,Kota Bogor,0.2347311379558436
2018-01-09,Kota Cirebon,0.22072333037152164
2018-01-09,Kota Sukabumi,0.23838453912315147
2018-01-09,Kuningan,0.39509768509279963
2018-01-09,Majalengka,0.48121810206400867
2018-01-09,Purwakarta,0.5102515159597538
2018-01-09,Subang,0.45537982366038565
2018-01-09,Sukabumi,0.455645846767585
2018-01-09,Sumedang,0.47981564731064735
2018-01-09,Kota Bekasi,0.19091411769845293
2018-01-09,Kota Depok,0.21432531874484753
2018-01-17,Bandung,0.47370885079583197
2018-01-17,Kota Cimahi,0.31640608229115075
2018-01-17,Kota Tasikmalaya,0.2793209744901224
2018-01-17,Tasikmalaya,0.371156548137462
2018-01-17,Ciamis,0.39905449292589684
2018-01-17,Kota Banjar,0.24164263381672468
2018-01-17,Bekasi,0.3528852689328509
2018-01-17,Bogor,0.3017020598161727
2018-01-17,Cianjur,0.5422520014220108
2018-01-17,Cirebon,0.4691202103638076
2018-01-17,Garut,0.48729647634403445
2018-01-17,Indramayu,0.5174534676857622
2018-01-17,Karawang,0.3146329903380805
2018-01-17,Kota Bandung,0.32701228511059127
2018-01-17,Kota Bogor,0.16879338948677347
2018-01-17,Kota Cirebon,0.4359407519129366
2018-01-17,Kota Sukabumi,0.4600665084243707
2018-01-17,Kuningan,0.5125440741355143
2018-01-17,Majalengka,0.6618817767221429
2018-01-17,Purwakarta,0.48891359783486155
2018-01-17,Subang,0.4832305374796125
2018-01-17,Sukabumi,0.2902769151609002
2018-01-17,Sumedang,0.4504078625305207
2018-01-17,Kota Bekasi,0.27266124081824294
2018-01-17,Kota Depok,0.2846713247617615
2018-01-25,Bandung,0.3993828245502541
2018-01-25,Kota Cimahi,0.1885902336558407
2018-01-25,Kota Tasikmalaya,0.613935355055407
2018-01-25,Tasikmalaya,0.5908968892578581
2018-01-25,Ciamis,0.6978780751923814
2018-01-25,Kota Banjar,0.7230131835597259
2018-01-25,Bekasi,0.2500067001430301
2018-01-25,Bogor,0.1256546763498062
2018-01-25,Cianjur,0.42909921200509643
2018-01-25,Cirebon,0.4677844566333003
2018-01-25,Garut,0.5014224495381964
2018-01-25,Indramayu,0.4344758707896225
2018-01-25,Karawang,0.19850675117432418
2018-01-25,Kota Bandung,0.2415552580112528
2018-01-25,Kota Bogor,0.12634238436292594
2018-01-25,Kota Cirebon,0.28478121829213787
2018-01-25,Kota Sukabumi,0.26883320470378735
2018-01-25,Kuningan,0.47724794175947316
2018-01-25,Majalengka,0.499928298877135
2018-01-25,Purwakarta,0.3443376141769646
2018-01-25,Subang,0.26459173736380154
2018-01-25,Sukabumi,0.41635059399883245
2018-01-25,Sumedang,0.30689136729207583
2018-01-25,Kota Bekasi,0.16622151682229158
2018-01-25,Kota Depok,0.10138276465827109
2018-02-33,Bandung,0.5631835692862829
2018-02-33,Kota Cimahi,0.3425740563287984
2018-02-33,Kota Tasikmalaya,0.5253950116066668
2018-02-33,Tasikmalaya,0.6729649435355414
2018-02-33,Ciamis,0.6008463623640086
2018-02-33,Kota Banjar,0.7265565127475773
2018-02-33,Bekasi,0.263976996077768
2018-02-33,Bogor,0.45612079723099275
2018-02-33,Cianjur,0.6621299477949711
2018-02-33,Cirebon,0.46711219924723296
2018-02-33,Garut,0.7116486430181238
2018-02-33,Indramayu,0.4045468822953007
2018-02-33,Karawang,0.26044794737148597
2018-02-33,Kota Bandung,0.3425332872938808
2018-02-33,Kota Bogor,0.32166531760997846
2018-02-33,Kota Cirebon,0.3080748684500303
2018-02-33,Kota Sukabumi,0.539660899521715
2018-02-33,Kuningan,0.4847056865030435
2018-02-33,Majalengka,0.600011845277916
2018-02-33,Purwakarta,0.5711233568557647
2018-02-33,Subang,0.5122373062542374
2018-02-33,Sukabumi,0.6433138488018006
2018-02-33,Sumedang,0.6012336071977001
2018-02-33,Kota Bekasi,0.15658912278393033
2018-02-33,Kota Depok,0.3601094762088821
2018-02-41,Bandung,0.663404061482049
2018-02-41,Kota Cimahi,0.33039373128668187
2018-02-41,Kota Tasikmalaya,0.6584066028437915
2018-02-41,Tasikmalaya,0.7541453219918318
2018-02-41,Ciamis,0.7454184307174156
2018-02-41,Kota Banjar,0.7454692244449481
2018-02-41,Bekasi,0.166137013935088
2018-02-41,Bogor,0.3575383968959479
2018-02-41,Cianjur,0.6310402836576109
2018-02-41,Cirebon,0.4975504588317018
2018-02-41,Garut,0.777825013036705
2018-02-41,Indramayu,0.5297139049231656
2018-02-41,Karawang,0.2343114632005123
2018-02-41,Kota Bandung,0.3442527487705844
2018-02-41,Kota Bogor,0.4002522333723692
2018-02-41,Kota Cirebon,0.3481657029405685
2018-02-41,Kota Sukabumi,0.4847970453194866
2018-02-41,Kuningan,0.6639558136400768
2018-02-41,Majalengka,0.6970288608541524
2018-02-41,Purwakarta,0.6045809019233385
2018-02-41,Subang,0.5657508650000218
2018-02-41,Sukabumi,0.5091928557219845
2018-02-41,Sumedang,0.7094951357157251
2018-02-41,Kota Bekasi,0.15819360957708692
2018-02-41,Kota Depok,0.3072311662238119
2018-02-49,Bandung,0.6011275715798429
2018-02-49,Kota Cimahi,0.3452066442136877
2018-02-49,Kota Tasikmalaya,0.576446159974842
2018-02-49,Tasikmalaya,0.6822818079803155
2018-02-49,Ciamis,0.6924464371184892
2018-02-49,Kota Banjar,0.7289659497407432
2018-02-49,Bekasi,0.3707117247896875
2018-02-49,Bogor,0.6208362502507639
2018-02-49,Cianjur,0.6829293394245733
2018-02-49,Cirebon,0.5284337340269734
2018-02-49,Garut,0.671891059767118
2018-02-49,Indramayu,0.5230328726619609
2018-02-49,Karawang,0.400172050235168
2018-02-49,Kota Bandung,0.3519461530951849
2018-02-49,Kota Bogor,0.48958450599361125
2018-02-49,Kota Cirebon,0.3470141960224979
2018-02-49,Kota Sukabumi,0.5897793242865661
2018-02-49,Kuningan,0.5980094497531748
2018-02-49,Majalengka,0.6215419103195848
2018-02-49,Purwakarta,0.6592584588103926
2018-02-49,Subang,0.6361271426167372
2018-02-49,Sukabumi,0.6952189251012242
2018-02-49,Sumedang,0.7215057442288674
2018-02-49,Kota Bekasi,0.2811553703384871
2018-02-49,Kota Depok,0.43374467291064
2018-02-57,Bandung,0.44695142187469145
2018-02-57,Kota Cimahi,0.2251980624744648
2018-02-57,Kota Tasikmalaya,0.4425478587882056
2018-02-57,Tasikmalaya,0.572182822902275
2018-02-57,Ciamis,0.6408384658138625
2018-02-57,Kota Banjar,0.6764538130544644
2018-02-57,Bekasi,0.262929358895021
2018-02-57,Bogor,0.601567876662904
2018-02-57,Cianjur,0.5310663053103875
2018-02-57,Cirebon,0.6075722054672327
2018-02-57,Garut,0.5099403439497445
2018-02-57,Indramayu,0.4216273907296229
2018-02-57,Karawang,0.28216509580878035
2018-02-57,Kota Bandung,0.27727821712490386
2018-02-57,Kota Bogor,0.5969903490416346
2018-02-57,Kota Cirebon,0.4222098833945167
2018-02-57,Kota Sukabumi,0.4865234379484144
2018-02-57,Kuningan,0.6370769352583316
2018-02-57,Majalengka,0.49558064118485184
2018-02-57,Purwakarta,0.428095853847528
2018-02-57,Subang,0.4408235643637824
2018-02-57,Sukabumi,0.6803598153108921
2018-02-57,Sumedang,0.505258651632975
2018-02-57,Kota Bekasi,0.21515555727392344
2018-02-57,Kota Depok,0.5464357869298136
2018-03-65,Bandung,0.43676530694443333
2018-03-65,Kota Cimahi,0.23268055918099737
2018-03-65,Kota Tasikmalaya,0.5156629554335324
2018-03-65,Tasikmalaya,0.5911953339275778
2018-03-65,Ciamis,0.6472168692494775
2018-03-65,Kota Banjar,0.6516317491534903
2018-03-65,Bekasi,0.2392516905229966
2018-03-65,Bogor,0.3935705784873178
2018-03-65,Cianjur,0.516724124749576
2018-03-65,Cirebon,0.3023402582795917
2018-03-65,Garut,0.4889240849637961
2018-03-65,Indramayu,0.3397371865622452
2018-03-65,Karawang,0.21396147547215572
2018-03-65,Kota Bandung,0.35649727874378634
2018-03-65,Kota Bogor,0.30299574172534904
2018-03-65,Kota Cirebon,0.24831044578657294
2018-03-65,Kota Sukabumi,0.5414688389820994
2018-03-65,Kuningan,0.36740167318583966
2018-03-65,Majalengka,0.3496757907023522
2018-03-65,Purwakarta,0.35911384920174505
2018-03-65,Subang,0.3515063136024588
2018-03-65,Sukabumi,0.5944327014025343
2018-03-65,Sumedang,0.37050734432191507
2018-03-65,Kota Bekasi,0.1528864465241426
2018-03-65,Kota Depok,0.26334972483401065
2018-03-73,Bandung,0.6773813899354744
2018-03-73,Kota Cimahi,0.32458479147496017
2018-03-73,Kota Tasikmalaya,0.6454012515009905
2018-03-73,Tasikmalaya,0.7685554153306704
2018-03-73,Ciamis,0.7355972662721175
2018-03-73,Kota Banjar,0.6411897933656511
2018-03-73,Bekasi,0.42753605819515755
2018-03-73,Bogor,0.7086705010376538
2018-03-73,Cianjur,0.7393194634395477
2018-03-73,Cirebon,0.6574602535395808
2018-03-73,Garut,0.7514684400241126
2018-03-73,Indramayu,0.5615877616241484
2018-03-73,Karawang,0.4746575758914726
2018-03-73,Kota Bandung,0.3530389101932004
2018-03-73,Kota Bogor,0.5173642539726914
2018-03-73,Kota Cirebon,0.46986742011480515
2018-03-73,Kota Sukabumi,0.57339565380053
2018-03-73,Kuningan,0.7037533147850233
2018-03-73,Majalengka,0.6118878312760068
2018-03-73,Purwakarta,0.6360390966618884
2018-03-73,Subang,0.6523188561738846
2018-03-73,Sukabumi,0.7500478635486395
2018-03-73,Sumedang,0.6693787732883828
2018-03-73,Kota Bekasi,0.3772983600478331
2018-03-73,Kota Depok,0.48540908531378224
2018-03-81,Bandung,0.6231012512896481
2018-03-81,Kota Cimahi,0.32382351482637894
2018-03-81,Kota Tasikmalaya,0.5699787789638904
2018-03-81,Tasikmalaya,0.6695919055334796
2018-03-81,Ciamis,0.6507907961004403
2018-03-81,Kota Banjar,0.6318696785476722
2018-03-81,Bekasi,0.46930786218979514
2018-03-81,Bogor,0.6913717441617895
2018-03-81,Cianjur,0.6857679258626664
2018-03-81,Cirebon,0.6228290300345577
2018-03-81,Garut,0.6175978506779806
2018-03-81,Indramayu,0.5516507864861452
2018-03-81,Karawang,0.5407479471381851
2018-03-81,Kota Bandung,0.3618935910358342
2018-03-81,Kota Bogor,0.5345704362891803
2018-03-81,Kota Cirebon,0.4332699161922286
2018-03-81,Kota Sukabumi,0.563833491833651
2018-03-81,Kuningan,0.6958294304950163
2018-03-81,Majalengka,0.5965966671592436
2018-03-81,Purwakarta,0.5933926819142575
2018-03-81,Subang,0.5919407155222249
2018-03-81,Sukabumi,0.649455881711613
2018-03-81,Sumedang,0.6697834295534293
2018-03-81,Kota Bekasi,0.38161514463078006
2018-03-81,Kota Depok,0.4920641907838011
2018-03-89,Bandung,0.6868840079479934
2018-03-89,Kota Cimahi,0.3725319782041785
2018-03-89,Kota Tasikmalaya,0.6402755211043839
2018-03-89,Tasikmalaya,0.7960705300205583
2018-03-89,Ciamis,0.7511413220539785
2018-03-89,Kota Banjar,0.6443969668365889
2018-03-89,Bekasi,0.471062958936561
2018-03-89,Bogor,0.6928057379943966
2018-03-89,Cianjur,0.7324156638552479
2018-03-89,Cirebon,0.5849751110054148
2018-03-89,Garut,0.7684915204375184
2018-03-89,Indramayu,0.5248897550864019
2018-03-89,Karawang,0.5433355803074411
2018-03-89,Kota Bandung,0.38746343412373957
2018-03-89,Kota Bogor,0.5138390166011089
2018-03-89,Kota Cirebon,0.44875620939293004
2018-03-89,Kota Sukabumi,0.5359064589633078
2018-03-89,Kuningan,0.722944698996284
2018-03-89,Majalengka,0.5937033047421678
2018-03-89,Purwakarta,0.6335566819519067
2018-03-89,Subang,0.6251735442913491
2018-03-89,Sukabumi,0.7187937238073846
2018-03-89,Sumedang,0.7172089283745396
2018-03-89,Kota Bekasi,0.3694849042123134
2018-03-89,Kota Depok,0.4591344407695918
2018-04-97,Bandung,0.5821383225179738
2018-04-97,Kota Cimahi,0.2095834782014703
2018-04-97,Kota Tasikmalaya,0.5266632511501383
2018-04-97,Tasikmalaya,0.5757800994052419
2018-04-97,Ciamis,0.5684805176438689
2018-04-97,Kota Banjar,0.45887083770184245
2018-04-97,Bekasi,0.5142309152329125
2018-04-97,Bogor,0.6455208343917784
2018-04-97,Cianjur,0.7074803962083416
2018-04-97,Cirebon,0.5164420009875161
2018-04-97,Garut,0.6826294120395976
2018-04-97,Indramayu,0.4732598228535972
2018-04-97,Karawang,0.566102893173347
2018-04-97,Kota Bandung,0.3307781040732544
2018-04-97,Kota Bogor,0.45314927817453415
2018-04-97,Kota Cirebon,0.43363913136067167
2018-04-97,Kota Sukabumi,0.5764410469291686
2018-04-97,Kuningan,0.564943227665355
2018-04-97,Majalengka,0.5403479012904076
2018-04-97,Purwakarta,0.6374921944841463
2018-04-97,Subang,0.6345593105919708
2018-04-97,Sukabumi,0.7432134130632054
2018-04-97,Sumedang,0.6691939028528804
2018-04-97,Kota Bekasi,0.37596263501734045
2018-04-97,Kota Depok,0.5002731530435546
2018-04-105,Bandung,0.5029622975731293
2018-04-105,Kota Cimahi,0.19878558157724066
2018-04-105,Kota Tasikmalaya,0.49194914457713995
2018-04-105,Tasikmalaya,0.5908302599778283
2018-04-105,Ciamis,0.5846179300752851
2018-04-105,Kota Banjar,0.5051881911532412
2018-04-105,Bekasi,0.3190184843789707
2018-04-105,Bogor,0.5177250067862431
2018-04-105,Cianjur,0.5815236929914299
2018-04-105,Cirebon,0.43127373890263726
2018-04-105,Garut,0.6144567240844742
2018-04-105,Indramayu,0.42597320487912965
2018-04-105,Karawang,0.3517443461330668
2018-04-105,Kota Bandung,0.26389784616025724
2018-04-105,Kota Bogor,0.4244893094471734
2018-04-105,Kota Cirebon,0.34407346938723743
2018-04-105,Kota Sukabumi,0.4381980586561069
2018-04-105,Kuningan,0.5140822352610391
2018-04-105,Majalengka,0.4383546912414173
2018-04-105,Purwakarta,0.4347495571673499
2018-04-105,Subang,0.431077125145813
2018-04-105,Sukabumi,0.6313477512857872
2018-04-105,Sumedang,0.5310152586291426
2018-04-105,Kota Bekasi,0.18948860176116264
2018-04-105,Kota Depok,0.27145319938212586
2018-04-113,Bandung,0.7305970461551978
2018-04-113,Kota Cimahi,0.3532780988675018
2018-04-113,Kota Tasikmalaya,0.5995474032998007
2018-04-113,Tasikmalaya,0.7681747959714951
2018-04-113,Ciamis,0.6987595621503206
2018-04-113,Kota Banjar,0.6138291714086405
2018-04-113,Bekasi,0.557602056638117
2018-04-113,Bogor,0.6770782948441179
2018-04-113,Cianjur,0.7863734747540785
2018-04-113,Cirebon,0.565228271062742
2018-04-113,Garut,0.791392064727537
2018-04-113,Indramayu,0.502259549468928
2018-04-113,Karawang,0.574008667656363
2018-04-113,Kota Bandung,0.37283864051881205
2018-04-113,Kota Bogor,0.5017629730392631
2018-04-113,Kota Cirebon,0.506595165375724
2018-04-113,Kota Sukabumi,0.5867915147370378
2018-04-113,Kuningan,0.7260610972690442
2018-04-113,Majalengka,0.6600789092864712
2018-04-113,Purwakarta,0.693688424215664
2018-04-113,Subang,0.6401121196423665
2018-04-113,Sukabumi,0.7705521615588066
2018-04-113,Sumedang,0.7615798313131461
2018-04-113,Kota Bekasi,0.38132941055895975
2018-04-113,Kota Depok,0.49929001434246767
2018-05-121,Bandung,0.6962005980129216
2018-05-121,Kota Cimahi,0.3587281008560512
2018-05-121,Kota Tasikmalaya,0.64211455722602
2018-05-121,Tasikmalaya,0.7996439793722159
2018-05-121,Ciamis,0.7445385302214578
2018-05-121,Kota Banjar,0.6382324207766941
2018-05-121,Bekasi,0.5531073093290877
2018-05-121,Bogor,0.7133391232802279
2018-05-121,Cianjur,0.7822113930334152
2018-05-121,Cirebon,0.5350044484593414
2018-05-121,Garut,0.7863315666145735
2018-05-121,Indramayu,0.488764533184844
2018-05-121,Karawang,0.5632383966478888
2018-05-121,Kota Bandung,0.3687366578143741
2018-05-121,Kota Bogor,0.526259697327156
2018-05-121,Kota Cirebon,0.48382242602209097
2018-05-121,Kota Sukabumi,0.5710768851171448
2018-05-121,Kuningan,0.7612480391737482
2018-05-121,Majalengka,0.6724857423295104
2018-05-121,Purwakarta,0.695045756661908
2018-05-121,Subang,0.6260052542156324
2018-05-121,Sukabumi,0.7698567179151358
2018-05-121,Sumedang,0.7628081176651441
2018-05-121,Kota Bekasi,0.3685945841997048
2018-05-121,Kota Depok,0.5077040797602018
2018-05-129,Bandung,0.702774708502349
2018-05-129,Kota Cimahi,0.34504346075954834
2018-05-129,Kota Tasikmalaya,0.6636520554631984
2018-05-129,Tasikmalaya,0.7745856034100503
2018-05-129,Ciamis,0.7638777789268167
2018-05-129,Kota Banjar,0.6581276750765326
2018-05-129,Bekasi,0.5425248082084945
2018-05-129,Bogor,0.7036266148924226
2018-05-129,Cianjur,0.775846204553245
2018-05-129,Cirebon,0.538163802686203
2018-05-129,Garut,0.7900072959681147
2018-05-129,Indramayu,0.4865398252244823
2018-05-129,Karawang,0.5572524371876646
2018-05-129,Kota Bandung,0.3554288025816603
2018-05-129,Kota Bogor,0.5036631575662109
2018-05-129,Kota Cirebon,0.48016892089027546
2018-05-129,Kota Sukabumi,0.5568917748618047
2018-05-129,Kuningan,0.7741674594497692
2018-05-129,Majalengka,0.7025723687976245
2018-05-129,Purwakarta,0.6861647100859521
2018-05-129,Subang,0.6231950131764413
2018-05-129,Sukabumi,0.7818237655023613
2018-05-129,Sumedang,0.7741156258536469
2018-05-129,Kota Bekasi,0.3710279743859465
2018-05-129,Kota Depok,0.4835817191541029
2018-05-137,Bandung,0.6086577563757335
2018-05-137,Kota Cimahi,0.3585543353930897
2018-05-137,Kota Tasikmalaya,0.6185314719706322
2018-05-137,Tasikmalaya,0.6488757783978405
2018-05-137,Ciamis,0.5651914440123111
2018-05-137,Kota Banjar,0.5857430987798415
2018-05-137,Bekasi,0.5135401242906467
2018-05-137,Bogor,0.6743657487579844
2018-05-137,Cianjur,0.7111625077718968
2018-05-137,Cirebon,0.4111638035738766
2018-05-137,Garut,0.6994875092769761
2018-05-137,Indramayu,0.37002523858941516
2018-05-137,Karawang,0.5316756983534697
2018-05-137,Kota Bandung,0.3504963092871272
2018-05-137,Kota Bogor,0.5220562416366269
2018-05-137,Kota Cirebon,0.3158701484331459
2018-05-137,Kota Sukabumi,0.576111104799785
2018-05-137,Kuningan,0.6419467119488882
2018-05-137,Majalengka,0.6204134532461146
2018-05-137,Purwakarta,0.6457855219427245
2018-05-137,Subang,0.5892620799209326
2018-05-137,Sukabumi,0.6594230822824623
2018-05-137,Sumedang,0.6485531170853029
2018-05-137,Kota Bekasi,0.38545352149613304
2018-05-137,Kota Depok,0.48642067662695304
2018-05-145,Bandung,0.7213316513967333
2018-05-145,Kota Cimahi,0.3456230787103535
2018-05-145,Kota Tasikmalaya,0.5226191767531975
2018-05-145,Tasikmalaya,0.4943132394903226
2018-05-145,Ciamis,0.44963351479446206
2018-05-145,Kota Banjar,0.48711266760948124
2018-05-145,Bekasi,0.5119593616666033
2018-05-145,Bogor,0.7195875362273564
2018-05-145,Cianjur,0.7799668811310511
2018-05-145,Cirebon,0.5474657642279507
2018-05-145,Garut,0.7549162477661141
2018-05-145,Indramayu,0.47784413468598885
2018-05-145,Karawang,0.5021917418821296
2018-05-145,Kota Bandung,0.36324094459015766
2018-05-145,Kota Bogor,0.5213028229917609
2018-05-145,Kota Cirebon,0.46275695156338015
2018-05-145,Kota Sukabumi,0.596083801340738
2018-05-145,Kuningan,0.7362517447030653
2018-05-145,Majalengka,0.697478652333309
2018-05-145,Purwakarta,0.6943511064948846
2018-05-145,Subang,0.6214584029626908
2018-05-145,Sukabumi,0.7646860256986212
2018-05-145,Sumedang,0.7670704573231526
2018-05-145,Kota Bekasi,0.39229570324891055
2018-05-145,Kota Depok,0.5021792075033659
2018-06-153,Bandung,0.6908072129684871
2018-06-153,Kota Cimahi,0.36125893393249936
2018-06-153,Kota Tasikmalaya,0.6737236158218187
2018-06-153,Tasikmalaya,0.8160888680845511
2018-06-153,Ciamis,0.7908922443722404
2018-06-153,Kota Banjar,0.697320857222378
2018-06-153,Bekasi,0.4129161966397912
2018-06-153,Bogor,0.6603068556877613
2018-06-153,Cianjur,0.7790160549110153
2018-06-153,Cirebon,0.5608090260114126
2018-06-153,Garut,0.7957270471220984
2018-06-153,Indramayu,0.5061229401470886
2018-06-153,Karawang,0.4470859737140184
2018-06-153,Kota Bandung,0.3722156427877127
2018-06-153,Kota Bogor,0.5065260812821952
2018-06-153,Kota Cirebon,0.4733092406523229
2018-06-153,Kota Sukabumi,0.5849754506966762
2018-06-153,Kuningan,0.7884438087976345
2018-06-153,Majalengka,0.7335283480758814
2018-06-153,Purwakarta,0.5955000162439057
2018-06-153,Subang,0.6092862055017512
2018-06-153,Sukabumi,0.777909196577562
2018-06-153,Sumedang,0.7578898074555949
2018-06-153,Kota Bekasi,0.2839728731459652
2018-06-153,Kota Depok,0.4648663007016309
2018-06-161,Bandung,0.6891648664775051
2018-06-161,Kota Cimahi,0.3421952862267008
2018-06-161,Kota Tasikmalaya,0.5599448490129366
2018-06-161,Tasikmalaya,0.6998963902061514
2018-06-161,Ciamis,0.6686622414245585
2018-06-161,Kota Banjar,0.6104881911683764
2018-06-161,Bekasi,0.47961984960152715
2018-06-161,Bogor,0.6969529337840457
2018-06-161,Cianjur,0.781734944723223
2018-06-161,Cirebon,0.5793331894284053
2018-06-161,Garut,0.789808097004792
2018-06-161,Indramayu,0.5180225472990803
2018-06-161,Karawang,0.4925430793724716
2018-06-161,Kota Bandung,0.3564308884180386
2018-06-161,Kota Bogor,0.5249414363821258
2018-06-161,Kota Cirebon,0.48231250505690826
2018-06-161,Kota Sukabumi,0.5819217923275558
2018-06-161,Kuningan,0.7508320473104693
2018-06-161,Majalengka,0.7031242496073661
2018-06-161,Purwakarta,0.7053761643119546
2018-06-161,Subang,0.6090436207785369
2018-06-161,Sukabumi,0.7449910203255203
2018-06-161,Sumedang,0.7605654293916686
2018-06-161,Kota Bekasi,0.39633814117080973
2018-06-161,Kota Depok,0.5054922511974193
2018-06-169,Bandung,0.6872836901244875
2018-06-169,Kota Cimahi,0.33231882192565526
2018-06-169,Kota Tasikmalaya,0.49467120433739326
2018-06-169,Tasikmalaya,0.6479232742139502
2018-06-169,Ciamis,0.5926631728388719
2018-06-169,Kota Banjar,0.5465117592702841
2018-06-169,Bekasi,0.46806005569731407
2018-06-169,Bogor,0.6996783309164898
2018-06-169,Cianjur,0.7754068177455374
2018-06-169,Cirebon,0.5864904577047618
2018-06-169,Garut,0.7213627244753522
2018-06-169,Indramayu,0.5521739170514963
2018-06-169,Karawang,0.4900635100560006
2018-06-169,Kota Bandung,0.35088618743517375
2018-06-169,Kota Bogor,0.5105626553970806
2018-06-169,Kota Cirebon,0.47039883020114964
2018-06-169,Kota Sukabumi,0.5874723086383925
2018-06-169,Kuningan,0.77347269024408
2018-06-169,Majalengka,0.678652286394708
2018-06-169,Purwakarta,0.7152642152319413
2018-06-169,Subang,0.614622768045187
2018-06-169,Sukabumi,0.7154244388772495
2018-06-169,Sumedang,0.737330120697105
2018-06-169,Kota Bekasi,0.3844236605397287
2018-06-169,Kota Depok,0.49595594434838836
2018-06-177,Bandung,0.7177129675998467
2018-06-177,Kota Cimahi,0.334245705790355
2018-06-177,Kota Tasikmalaya,0.43898292457333704
2018-06-177,Tasikmalaya,0.55311836227106
2018-06-177,Ciamis,0.5456507060224561
2018-06-177,Kota Banjar,0.5809087223122521
2018-06-177,Bekasi,0.4269731559721452
2018-06-177,Bogor,0.7049942790673394
2018-06-177,Cianjur,0.772134604794446
2018-06-177,Cirebon,0.5474730214519263
2018-06-177,Garut,0.7818149468561987
2018-06-177,Indramayu,0.543364582199045
2018-06-177,Karawang,0.47256261756018164
2018-06-177,Kota Bandung,0.3522589694066013
2018-06-177,Kota Bogor,0.533521709999437
2018-06-177,Kota Cirebon,0.4094418740533094
2018-06-177,Kota Sukabumi,0.5845792544727288
2018-06-177,Kuningan,0.7099606799993766
2018-06-177,Majalengka,0.6662712097914073
2018-06-177,Purwakarta,0.7081403541562172
2018-06-177,Subang,0.6173050117656178
2018-06-177,Sukabumi,0.7554623781201941
2018-06-177,Sumedang,0.7409086956702544
2018-06-177,Kota Bekasi,0.3344981362900902
2018-06-177,Kota Depok,0.5184345854986848
2018-07-185,Bandung,0.6892740607023023
2018-07-185,Kota Cimahi,0.3182435070839765
2018-07-185,Kota Tasikmalaya,0.3189946999544494
2018-07-185,Tasikmalaya,0.5040396818302477
2018-07-185,Ciamis,0.49987765873359963
2018-07-185,Kota Banjar,0.4606656199237354
2018-07-185,Bekasi,0.43077681843728477
2018-07-185,Bogor,0.7133419948536333
2018-07-185,Cianjur,0.748664362511629
2018-07-185,Cirebon,0.5273144157320145
2018-07-185,Garut,0.7460746614313221
2018-07-185,Indramayu,0.5197726404725609
2018-07-185,Karawang,0.46361701422582885
2018-07-185,Kota Bandung,0.34339552720124406
2018-07-185,Kota Bogor,0.5235736256918299
2018-07-185,Kota Cirebon,0.41900721641305205
2018-07-185,Kota Sukabumi,0.5543485607630122
2018-07-185,Kuningan,0.6871011764304997
2018-07-185,Majalengka,0.6216797562156651
2018-07-185,Purwakarta,0.6816935628328036
2018-07-185,Subang,0.6000401633645319
2018-07-185,Sukabumi,0.7508207592958425
2018-07-185,Sumedang,0.721960170127143
2018-07-185,Kota Bekasi,0.3714152184863614
2018-07-185,Kota Depok,0.4945828065410318
2018-07-193,Bandung,0.6643821277369032
2018-07-193,Kota Cimahi,0.30735312663807207
2018-07-193,Kota Tasikmalaya,0.538509565944884
2018-07-193,Tasikmalaya,0.7197540336423512
2018-07-193,Ciamis,0.7079159748822206
2018-07-193,Kota Banjar,0.6614910402897383
2018-07-193,Bekasi,0.42604674735339665
2018-07-193,Bogor,0.6583995664625225
2018-07-193,Cianjur,0.7241807086809664
2018-07-193,Cirebon,0.5120667259452122
2018-07-193,Garut,0.7514765776963643
2018-07-193,Indramayu,0.5228117659095978
2018-07-193,Karawang,0.4542792676131073
2018-07-193,Kota Bandung,0.3295158183741106
2018-07-193,Kota Bogor,0.4849431937184183
2018-07-193,Kota Cirebon,0.39860140034397495
2018-07-193,Kota Sukabumi,0.5462660228698687
2018-07-193,Kuningan,0.7086871534440345
2018-07-193,Majalengka,0.6134710201782662
2018-07-193,Purwakarta,0.663892461954363
2018-07-193,Subang,0.5883825813759274
2018-07-193,Sukabumi,0.7347279071517061
2018-07-193,Sumedang,0.7074616021623747
2018-07-193,Kota Bekasi,0.3750985426189866
2018-07-193,Kota Depok,0.48165282946301624
2018-07-201,Bandung,0.676495506116402
2018-07-201,Kota Cimahi,0.29354326528464586
2018-07-201,Kota Tasikmalaya,0.6361571624143741
2018-07-201,Tasikmalaya,0.758031604654292
2018-07-201,Ciamis,0.6303609980419285
2018-07-201,Kota Banjar,0.5024959711403025
2018-07-201,Bekasi,0.4248148831229
2018-07-201,Bogor,0.6919375750787777
2018-07-201,Cianjur,0.7267795478632206
2018-07-201,Cirebon,0.5084596842239615
2018-07-201,Garut,0.7429751212470692
2018-07-201,Indramayu,0.5065351554668999
2018-07-201,Karawang,0.46921215549912754
2018-07-201,Kota Bandung,0.3329016563511508
2018-07-201,Kota Bogor,0.4884498405244237
2018-07-201,Kota Cirebon,0.37783279851256957
2018-07-201,Kota Sukabumi,0.533948177242339
2018-07-201,Kuningan,0.7030910824118488
2018-07-201,Majalengka,0.5749725748839113
2018-07-201,Purwakarta,0.6797186921664427
2018-07-201,Subang,0.5971386340733078
2018-07-201,Sukabumi,0.7277129583628917
2018-07-201,Sumedang,0.6859565072168304
2018-07-201,Kota Bekasi,0.355632242486086
2018-07-201,Kota Depok,0.47391109864168235
2018-07-209,Bandung,0.6668750774391774
2018-07-209,Kota Cimahi,0.2898214306912188
2018-07-209,Kota Tasikmalaya,0.3923991698551851
2018-07-209,Tasikmalaya,0.529456540701654
2018-07-209,Ciamis,0.49888397409343155
2018-07-209,Kota Banjar,0.5352325389891381
2018-07-209,Bekasi,0.3978126654456628
2018-07-209,Bogor,0.6764315520172135
2018-07-209,Cianjur,0.7152156836504971
2018-07-209,Cirebon,0.5075619632185946
2018-07-209,Garut,0.7159743471951654
2018-07-209,Indramayu,0.49560052893494844
2018-07-209,Karawang,0.43599897748349303
2018-07-209,Kota Bandung,0.3227643936396408
2018-07-209,Kota Bogor,0.4767341680615088
2018-07-209,Kota Cirebon,0.37631237287339514
2018-07-209,Kota Sukabumi,0.5092463963014277
2018-07-209,Kuningan,0.6508041705296396
2018-07-209,Majalengka,0.5456512097293255
2018-07-209,Purwakarta,0.6502156919966194
2018-07-209,Subang,0.5863951957434487
2018-07-209,Sukabumi,0.7221871364729384
2018-07-209,Sumedang,0.6742658949314502
2018-07-209,Kota Bekasi,0.337020023572001
2018-07-209,Kota Depok,0.4520023908522589
2018-08-217,Bandung,0.6492969300101666
2018-08-217,Kota Cimahi,0.2864674768756165
2018-08-217,Kota Tasikmalaya,0.5058343290966107
2018-08-217,Tasikmalaya,0.64980712069971
2018-08-217,Ciamis,0.6387642875396564
2018-08-217,Kota Banjar,0.5621118341356941
2018-08-217,Bekasi,0.3923691186627714
2018-08-217,Bogor,0.6442893673211806
2018-08-217,Cianjur,0.6975736177867684
2018-08-217,Cirebon,0.4906133003420395
2018-08-217,Garut,0.7208962640385337
2018-08-217,Indramayu,0.46054216977141965
2018-08-217,Karawang,0.43358466274221796
2018-08-217,Kota Bandung,0.3210930996989759
2018-08-217,Kota Bogor,0.4653918073317937
2018-08-217,Kota Cirebon,0.38738079226677774
2018-08-217,Kota Sukabumi,0.5014301929389899
2018-08-217,Kuningan,0.6508961613156314
2018-08-217,Majalengka,0.533897858645814
2018-08-217,Purwakarta,0.6377975126763044
2018-08-217,Subang,0.5547330563030813
2018-08-217,Sukabumi,0.6997841193908854
2018-08-217,Sumedang,0.6443066681580458
2018-08-217,Kota Bekasi,0.3278115700605446
2018-08-217,Kota Depok,0.43792155324745263
2018-08-225,Bandung,0.6400051364346283
2018-08-225,Kota Cimahi,0.2754621551311734
2018-08-225,Kota Tasikmalaya,0.47011195885527135
2018-08-225,Tasikmalaya,0.5765981293205705
2018-08-225,Ciamis,0.5673208268861668
2018-08-225,Kota Banjar,0.4794938178494007
2018-08-225,Bekasi,0.39475721709137757
2018-08-225,Bogor,0.6641148205620147
2018-08-225,Cianjur,0.6827564271151244
2018-08-225,Cirebon,0.47466472141612065
2018-08-225,Garut,0.7034957906524097
2018-08-225,Indramayu,0.4323243668224152
2018-08-225,Karawang,0.43511397019329323
2018-08-225,Kota Bandung,0.31326106637247614
2018-08-225,Kota Bogor,0.4625874401954244
2018-08-225,Kota Cirebon,0.34522830412344907
2018-08-225,Kota Sukabumi,0.4943249645190945
2018-08-225,Kuningan,0.6172887443633126
2018-08-225,Majalengka,0.5139788825390529
2018-08-225,Purwakarta,0.6105277626459326
2018-08-225,Subang,0.5853147306291031
2018-08-225,Sukabumi,0.6791556179559157
2018-08-225,Sumedang,0.638216427615555
2018-08-225,Kota Bekasi,0.32829964105933007
2018-08-225,Kota Depok,0.43896853750272136
2018-08-233,Bandung,0.5927056195180438
2018-08-233,Kota Cimahi,0.2789619575679864
2018-08-233,Kota Tasikmalaya,0.6153817265979489
2018-08-233,Tasikmalaya,0.7689464329684236
2018-08-233,Ciamis,0.7333970428104597
2018-08-233,Kota Banjar,0.59490351815606
2018-08-233,Bekasi,0.39571928476174045
2018-08-233,Bogor,0.5873543650335449
2018-08-233,Cianjur,0.6433602026309315
2018-08-233,Cirebon,0.4640980049208945
2018-08-233,Garut,0.679422208975259
2018-08-233,Indramayu,0.40594609256831227
2018-08-233,Karawang,0.4409110123267446
2018-08-233,Kota Bandung,0.31143461800638955
2018-08-233,Kota Bogor,0.45683351019532725
2018-08-233,Kota Cirebon,0.3282611312413688
2018-08-233,Kota Sukabumi,0.46660385524435494
2018-08-233,Kuningan,0.6169185060320093
2018-08-233,Majalengka,0.4963583318883637
2018-08-233,Purwakarta,0.5670461246911392
2018-08-233,Subang,0.5610063353835248
2018-08-233,Sukabumi,0.6471271411703662
2018-08-233,Sumedang,0.6008156400463647
2018-08-233,Kota Bekasi,0.3223906813590793
2018-08-233,Kota Depok,0.44700534437025047
2018-08-241,Bandung,0.6290851264587956
2018-08-241,Kota Cimahi,0.28526333880971866
2018-08-241,Kota Tasikmalaya,0.3062158577150518
2018-08-241,Tasikmalaya,0.3696522775619576
2018-08-241,Ciamis,0.40966212602691854
2018-08-241,Kota Banjar,0.38659618644831467
2018-08-241,Bekasi,0.40441717794206333
2018-08-241,Bogor,0.6612784350918617
2018-08-241,Cianjur,0.5747097649549843
2018-08-241,Cirebon,0.4683611413299829
2018-08-241,Garut,0.5527421444075112
2018-08-241,Indramayu,0.3992401688588285
2018-08-241,Karawang,0.456968824662939
2018-08-241,Kota Bandung,0.3313367189982595
2018-08-241,Kota Bogor,0.5018336059347446
2018-08-241,Kota Cirebon,0.35412602889785183
2018-08-241,Kota Sukabumi,0.5476236817792719
2018-08-241,Kuningan,0.5817397143364678
2018-08-241,Majalengka,0.47883780522187347
2018-08-241,Purwakarta,0.5887615176191737
2018-08-241,Subang,0.591649493493891
2018-08-241,Sukabumi,0.6225711972887624
2018-08-241,Sumedang,0.6210781209094207
2018-08-241,Kota Bekasi,0.34063474535599686
2018-08-241,Kota Depok,0.45194574566119156
2018-09-249,Bandung,0.62042694187771
2018-09-249,Kota Cimahi,0.2871270808996022
2018-09-249,Kota Tasikmalaya,0.4342431881727899
2018-09-249,Tasikmalaya,0.4377165350959834
2018-09-249,Ciamis,0.3888515892340927
2018-09-249,Kota Banjar,0.3263246239553233
2018-09-249,Bekasi,0.39262666733766016
2018-09-249,Bogor,0.6615782901947118
2018-09-249,Cianjur,0.6070089172654876
2018-09-249,Cirebon,0.44003130748457525
2018-09-249,Garut,0.6528572326902553
2018-09-249,Indramayu,0.3713891252404012
2018-09-249,Karawang,0.4567793265732888
2018-09-249,Kota Bandung,0.3208080253933426
2018-09-249,Kota Bogor,0.463661039432386
2018-09-249,Kota Cirebon,0.3296245639774754
2018-09-249,Kota Sukabumi,0.49483916489876084
2018-09-249,Kuningan,0.5938071788568448
2018-09-249,Majalengka,0.492217289496358
2018-09-249,Purwakarta,0.5864852494745084
2018-09-249,Subang,0.5723194755995581
2018-09-249,Sukabumi,0.5651889628523333
2018-09-249,Sumedang,0.5988593160296716
2018-09-249,Kota Bekasi,0.326243499511586
2018-09-249,Kota Depok,0.4306926300604511
2018-09-257,Bandung,0.5532660866830036
2018-09-257,Kota Cimahi,0.25876173894369503
2018-09-257,Kota Tasikmalaya,0.4627112032038906
2018-09-257,Tasikmalaya,0.5191484308691163
2018-09-257,Ciamis,0.46159141207289395
2018-09-257,Kota Banjar,0.3769232959820875
2018-09-257,Bekasi,0.3764722993250209
2018-09-257,Bogor,0.5871067848614948
2018-09-257,Cianjur,0.48594263733796444
2018-09-257,Cirebon,0.4140637661306532
2018-09-257,Garut,0.6229530467871438
2018-09-257,Indramayu,0.3478361439889817
2018-09-257,Karawang,0.441647636966821
2018-09-257,Kota Bandung,0.3033409183754526
2018-09-257,Kota Bogor,0.4267843826116063
2018-09-257,Kota Cirebon,0.32045106153456393
2018-09-257,Kota Sukabumi,0.4850420638753964
2018-09-257,Kuningan,0.5680341271188347
2018-09-257,Majalengka,0.47120207236098527
2018-09-257,Purwakarta,0.5446124608081873
2018-09-257,Subang,0.5505628462981914
2018-09-257,Sukabumi,0.44342455482262927
2018-09-257,Sumedang,0.5497297304378167
2018-09-257,Kota Bekasi,0.2850937130503036
2018-09-257,Kota Depok,0.4100004925143058
2018-09-265,Bandung,0.6209053791855152
2018-09-265,Kota Cimahi,0.27846502760018343
2018-09-265,Kota Tasikmalaya,0.5873142871784915
2018-09-265,Tasikmalaya,0.6554279090429683
2018-09-265,Ciamis,0.6242227554670512
2018-09-265,Kota Banjar,0.48837327313284506
2018-09-265,Bekasi,0.40319099644925765
2018-09-265,Bogor,0.6155861100403395
2018-09-265,Cianjur,0.6836803758614127
2018-09-265,Cirebon,0.4120733030274323
2018-09-265,Garut,0.6911638932681301
2018-09-265,Indramayu,0.36190816077714577
2018-09-265,Karawang,0.48714973843952386
2018-09-265,Kota Bandung,0.3096355451710521
2018-09-265,Kota Bogor,0.46418704351429874
2018-09-265,Kota Cirebon,0.3438331619891847
2018-09-265,Kota Sukabumi,0.5137021186484599
2018-09-265,Kuningan,0.5884884689574241
2018-09-265,Majalengka,0.4873142974672403
2018-09-265,Purwakarta,0.5598919880825095
2018-09-265,Subang,0.5630447187092883
2018-09-265,Sukabumi,0.6724256871807456
2018-09-265,Sumedang,0.5976442833714878
2018-09-265,Kota Bekasi,0.3323302202955707
2018-09-265,Kota Depok,0.4370695599373847
2018-09-273,Bandung,0.5748406246233188
2018-09-273,Kota Cimahi,0.27706918339932596
2018-09-273,Kota Tasikmalaya,0.4480975099597828
2018-09-273,Tasikmalaya,0.5930662123783893
2018-09-273,Ciamis,0.5046868043880312
2018-09-273,Kota Banjar,0.4144378013520404
2018-09-273,Bekasi,0.37660371756973193
2018-09-273,Bogor,0.5768093446515218
2018-09-273,Cianjur,0.5959380707039038
2018-09-273,Cirebon,0.4137754978474803
2018-09-273,Garut,0.6564844693213662
2018-09-273,Indramayu,0.35192039678707243
2018-09-273,Karawang,0.4826016821818308
2018-09-273,Kota Bandung,0.30128178677250755
2018-09-273,Kota Bogor,0.39841363614184777
2018-09-273,Kota Cirebon,0.34578378669051785
2018-09-273,Kota Sukabumi,0.4753460460044376
2018-09-273,Kuningan,0.5408247855547131
2018-09-273,Majalengka,0.44195685429607345
2018-09-273,Purwakarta,0.5344017814317463
2018-09-273,Subang,0.5544251729992788
2018-09-273,Sukabumi,0.6017711946833493
2018-09-273,Sumedang,0.5847578534242871
2018-09-273,Kota Bekasi,0.27761752464322625
2018-09-273,Kota Depok,0.3920735167575835
2018-10-281,Bandung,0.5496592477164883
2018-10-281,Kota Cimahi,0.24838885742637354
2018-10-281,Kota Tasikmalaya,0.42652297126677846
2018-10-281,Tasikmalaya,0.5384112503949133
2018-10-281,Ciamis,0.47813196359969834
2018-10-281,Kota Banjar,0.4389015782582786
2018-10-281,Bekasi,0.36807179251946387
2018-10-281,Bogor,0.5803626005512033
2018-10-281,Cianjur,0.5874536130866232
2018-10-281,Cirebon,0.3849357829587517
2018-10-281,Garut,0.6382169451558306
2018-10-281,Indramayu,0.3385949931047471
2018-10-281,Karawang,0.46487063522709715
2018-10-281,Kota Bandung,0.31043041316670467
2018-10-281,Kota Bogor,0.43602349315678246
2018-10-281,Kota Cirebon,0.3347948265638109
2018-10-281,Kota Sukabumi,0.4621386543369308
2018-10-281,Kuningan,0.5600053158439254
2018-10-281,Majalengka,0.4611005465012051
2018-10-281,Purwakarta,0.5309611028115533
2018-10-281,Subang,0.528195101210935
2018-10-281,Sukabumi,0.5883118375728787
2018-10-281,Sumedang,0.57494668739955
2018-10-281,Kota Bekasi,0.2958313121625486
2018-10-281,Kota Depok,0.3786499735835979
2018-10-289,Bandung,0.5878406878281868
2018-10-289,Kota Cimahi,0.2763453096658492
2018-10-289,Kota Tasikmalaya,0.2976892605309361
2018-10-289,Tasikmalaya,0.41629688209990323
2018-10-289,Ciamis,0.3664990250987192
2018-10-289,Kota Banjar,0.36472234595980707
2018-10-289,Bekasi,0.3844452733137889
2018-10-289,Bogor,0.5942188702989228
2018-10-289,Cianjur,0.642827185617736
2018-10-289,Cirebon,0.3611275425380087
2018-10-289,Garut,0.5414594648605142
2018-10-289,Indramayu,0.3377113362214327
2018-10-289,Karawang,0.4893062417332456
2018-10-289,Kota Bandung,0.30642959153073124
2018-10-289,Kota Bogor,0.48372510679165315
2018-10-289,Kota Cirebon,0.30377290989452554
2018-10-289,Kota Sukabumi,0.5482773692392543
2018-10-289,Kuningan,0.4847446254262872
2018-10-289,Majalengka,0.40614392826772244
2018-10-289,Purwakarta,0.5596537811695115
2018-10-289,Subang,0.5304473175092975
2018-10-289,Sukabumi,0.6217733288134465
2018-10-289,Sumedang,0.5592220988527827
2018-10-289,Kota Bekasi,0.27236290994388307
2018-10-289,Kota Depok,0.41961754328641876
2018-10-297,Bandung,0.39827957374100886
2018-10-297,Kota Cimahi,0.21115914540136752
2018-10-297,Kota Tasikmalaya,0.2720362198897535
2018-10-297,Tasikmalaya,0.2089162898963992
2018-10-297,Ciamis,0.24743945497902073
2018-10-297,Kota Banjar,0.38538178501175024
2018-10-297,Bekasi,0.3024291490512067
2018-10-297,Bogor,0.5197405784569062
2018-10-297,Cianjur,0.3466743266730599
2018-10-297,Cirebon,0.3303237382514681
2018-10-297,Garut,0.3287609752326181
2018-10-297,Indramayu,0.2843177905026432
2018-10-297,Karawang,0.4016080746431007
2018-10-297,Kota Bandung,0.2700605756851201
2018-10-297,Kota Bogor,0.37313222392317485
2018-10-297,Kota Cirebon,0.3341000871175551
2018-10-297,Kota Sukabumi,0.32754375665767244
2018-10-297,Kuningan,0.4727484415262799
2018-10-297,Majalengka,0.3552575935740039
2018-10-297,Purwakarta,0.4337968951266083
2018-10-297,Subang,0.46148724499614335
2018-10-297,Sukabumi,0.40955667033104454
2018-10-297,Sumedang,0.48733780256744125
2018-10-297,Kota Bekasi,0.19124367095152328
2018-10-297,Kota Depok,0.26648559307558023
2018-11-305,Bandung,0.2796750554731027
2018-11-305,Kota Cimahi,0.10396288847773925
2018-11-305,Kota Tasikmalaya,0.35191381593922877
2018-11-305,Tasikmalaya,0.24307704731538687
2018-11-305,Ciamis,0.2818488960249303
2018-11-305,Kota Banjar,0.32086062735771864
2018-11-305,Bekasi,0.27685819391659955
2018-11-305,Bogor,0.3800920470541701
2018-11-305,Cianjur,0.3539673281553356
2018-11-305,Cirebon,0.3103274553766444
2018-11-305,Garut,0.24018107513203604
2018-11-305,Indramayu,0.23838745902499633
2018-11-305,Karawang,0.4110089938436263
2018-11-305,Kota Bandung,0.16324111578948602
2018-11-305,Kota Bogor,0.27560577508150025
2018-11-305,Kota Cirebon,0.2448936952981184
2018-11-305,Kota Sukabumi,0.3984178038498221
2018-11-305,Kuningan,0.40756997362792674
2018-11-305,Majalengka,0.2797927393804768
2018-11-305,Purwakarta,0.33201004063718365
2018-11-305,Subang,0.42587952469100604
2018-11-305,Sukabumi,0.3935228699962755
2018-11-305,Sumedang,0.43668218430668465
2018-11-305,Kota Bekasi,0.1406265591373163
2018-11-305,Kota Depok,0.24494845388553366
2018-11-313,Bandung,0.5781909674578241
2018-11-313,Kota Cimahi,0.32560667891391337
2018-11-313,Kota Tasikmalaya,0.5903177682021804
2018-11-313,Tasikmalaya,0.6322294068102001
2018-11-313,Ciamis,0.5638501172054979
2018-11-313,Kota Banjar,0.5462309034437308
2018-11-313,Bekasi,0.4278786699103983
2018-11-313,Bogor,0.6595046095492654
2018-11-313,Cianjur,0.6753268744900968
2018-11-313,Cirebon,0.41649287964136195
2018-11-313,Garut,0.6551137938449112
2018-11-313,Indramayu,0.35208784999062953
2018-11-313,Karawang,0.4904564680439023
2018-11-313,Kota Bandung,0.33787728576906984
2018-11-313,Kota Bogor,0.4602266796452043
2018-11-313,Kota Cirebon,0.3766172438516195
2018-11-313,Kota Sukabumi,0.532268674882044
2018-11-313,Kuningan,0.613223331615129
2018-11-313,Majalengka,0.4857577647026121
2018-11-313,Purwakarta,0.6049475434459126
2018-11-313,Subang,0.5351557120756557
2018-11-313,Sukabumi,0.6694750215530421
2018-11-313,Sumedang,0.6597832628798173
2018-11-313,Kota Bekasi,0.3505923635206296
2018-11-313,Kota Depok,0.4639756078168183
2018-11-321,Bandung,0.5770814540030382
2018-11-321,Kota Cimahi,0.23757153449236262
2018-11-321,Kota Tasikmalaya,0.4865383443897545
2018-11-321,Tasikmalaya,0.6132279305936237
2018-11-321,Ciamis,0.6049533618704043
2018-11-321,Kota Banjar,0.5884556516227704
2018-11-321,Bekasi,0.4152632989740957
2018-11-321,Bogor,0.6020026718600823
2018-11-321,Cianjur,0.5447841296474034
2018-11-321,Cirebon,0.43267365013193376
2018-11-321,Garut,0.5319992351431575
2018-11-321,Indramayu,0.36262563665626846
2018-11-321,Karawang,0.4828944972052205
2018-11-321,Kota Bandung,0.2729061750854432
2018-11-321,Kota Bogor,0.45217421886163345
2018-11-321,Kota Cirebon,0.355414592437559
2018-11-321,Kota Sukabumi,0.4158943710354449
2018-11-321,Kuningan,0.6282855743711426
2018-11-321,Majalengka,0.48164404374928405
2018-11-321,Purwakarta,0.6185310280330306
2018-11-321,Subang,0.5517669847133113
2018-11-321,Sukabumi,0.4955613426676171
2018-11-321,Sumedang,0.61554011082206
2018-11-321,Kota Bekasi,0.334365181344586
2018-11-321,Kota Depok,0.38944678706702207
2018-11-329,Bandung,0.46296651639488845
2018-11-329,Kota Cimahi,0.2376650796255529
2018-11-329,Kota Tasikmalaya,0.31651711341391164
2018-11-329,Tasikmalaya,0.3215633397608303
2018-11-329,Ciamis,0.3932529903298848
2018-11-329,Kota Banjar,0.4344038268337494
2018-11-329,Bekasi,0.2421067860319432
2018-11-329,Bogor,0.42471328220946275
2018-11-329,Cianjur,0.4413310059689254
2018-11-329,Cirebon,0.3635527161510315
2018-11-329,Garut,0.4327446675304332
2018-11-329,Indramayu,0.3655386808652848
2018-11-329,Karawang,0.25931711910898003
2018-11-329,Kota Bandung,0.197165544585915
2018-11-329,Kota Bogor,0.27845087337071583
2018-11-329,Kota Cirebon,0.3195104274386055
2018-11-329,Kota Sukabumi,0.4587279870110009
2018-11-329,Kuningan,0.5133784969271782
2018-11-329,Majalengka,0.3383402456015281
2018-11-329,Purwakarta,0.42096325053420347
2018-11-329,Subang,0.5002100064089704
2018-11-329,Sukabumi,0.5341375628284277
2018-11-329,Sumedang,0.5397353787400259
2018-11-329,Kota Bekasi,0.22464208094756075
2018-11-329,Kota Depok,0.287639521462262
2018-12-337,Bandung,0.36949770026838724
2018-12-337,Kota Cimahi,0.08977458446324628
2018-12-337,Kota Tasikmalaya,0.4340498897216353
2018-12-337,Tasikmalaya,0.46141075371190016
2018-12-337,Ciamis,0.4944959683023914
2018-12-337,Kota Banjar,0.5370375513299517
2018-12-337,Bekasi,0.26043460521335876
2018-12-337,Bogor,0.37921700430389976
2018-12-337,Cianjur,0.48350022629423606
2018-12-337,Cirebon,0.3983191480330775
2018-12-337,Garut,0.42900640950632296
2018-12-337,Indramayu,0.27213946189728794
2018-12-337,Karawang,0.28332609322927776
2018-12-337,Kota Bandung,0.1619953679054294
2018-12-337,Kota Bogor,0.29570523582098274
2018-12-337,Kota Cirebon,0.33324306465609876
2018-12-337,Kota Sukabumi,0.3822958972202746
2018-12-337,Kuningan,0.5716501863965596
2018-12-337,Majalengka,0.3651758988008588
2018-12-337,Purwakarta,0.4497394739018957
2018-12-337,Subang,0.3538911265953139
2018-12-337,Sukabumi,0.46280603665960984
2018-12-337,Sumedang,0.4985055261000885
2018-12-337,Kota Bekasi,0.24868193635241903
2018-12-337,Kota Depok,0.3254894501993524
2018-12-345,Bandung,0.4766347351594427
2018-12-345,Kota Cimahi,0.1664521598451824
2018-12-345,Kota Tasikmalaya,0.39330467100017624
2018-12-345,Tasikmalaya,0.4549641040942761
2018-12-345,Ciamis,0.42475109106862774
2018-12-345,Kota Banjar,0.38741639178012827
2018-12-345,Bekasi,0.42260539317943047
2018-12-345,Bogor,0.6671929752068622
2018-12-345,Cianjur,0.4906927024231272
2018-12-345,Cirebon,0.39904211473016127
2018-12-345,Garut,0.4711662660077798
2018-12-345,Indramayu,0.2970154992914385
2018-12-345,Karawang,0.4158117825654956
2018-12-345,Kota Bandung,0.2614482506215912
2018-12-345,Kota Bogor,0.5044560648115531
2018-12-345,Kota Cirebon,0.31525529425795473
2018-12-345,Kota Sukabumi,0.33327704196810315
2018-12-345,Kuningan,0.5816110010961102
2018-12-345,Majalengka,0.4677932642650883
2018-12-345,Purwakarta,0.4853922474804188
2018-12-345,Subang,0.36755152977937394
2018-12-345,Sukabumi,0.5380048264001176
2018-12-345,Sumedang,0.5218328003589793
2018-12-345,Kota Bekasi,0.332749241031345
2018-12-345,Kota Depok,0.4578516884626821
2018-12-353,Bandung,0.5157416382402433
2018-12-353,Kota Cimahi,0.29355595010573593
2018-12-353,Kota Tasikmalaya,0.3191362067047399
2018-12-353,Tasikmalaya,0.4193787497617829
2018-12-353,Ciamis,0.40667736441460733
2018-12-353,Kota Banjar,0.4518827176425285
2018-12-353,Bekasi,0.33314303705187326
2018-12-353,Bogor,0.5669574830593179
2018-12-353,Cianjur,0.49806841668509344
2018-12-353,Cirebon,0.31878973688255363
2018-12-353,Garut,0.42495335289037084
2018-12-353,Indramayu,0.25321649429893806
2018-12-353,Karawang,0.32881492446928784
2018-12-353,Kota Bandung,0.3160787887576774
2018-12-353,Kota Bogor,0.4590038465615187
2018-12-353,Kota Cirebon,0.2504506082421628
2018-12-353,Kota Sukabumi,0.3796988053675844
2018-12-353,Kuningan,0.5235934900940052
2018-12-353,Majalengka,0.4562505856929847
2018-12-353,Purwakarta,0.5091802988972012
2018-12-353,Subang,0.38796973977874993
2018-12-353,Sukabumi,0.48892589053921637
2018-12-353,Sumedang,0.510684908541674
2018-12-353,Kota Bekasi,0.3013070434133785
2018-12-353,Kota Depok,0.41891686682308465
2018-12-361,Bandung,0.6064921191824251
2018-12-361,Kota Cimahi,0.2501661754236775
2018-12-361,Kota Tasikmalaya,0.4896086598885575
2018-12-361,Tasikmalaya,0.7127045874737097
2018-12-361,Ciamis,0.5702836605067073
2018-12-361,Kota Banjar,0.5943002655400421
2018-12-361,Bekasi,0.39676889413100735
2018-12-361,Bogor,0.5752573266901213
2018-12-361,Cianjur,0.5491075787395713
2018-12-361,Cirebon,0.40676733202606535
2018-12-361,Garut,0.6722727216257328
2018-12-361,Indramayu,0.3386664952784767
2018-12-361,Karawang,0.3766891761710409
2018-12-361,Kota Bandung,0.2973598923856351
2018-12-361,Kota Bogor,0.3844540700371508
2018-12-361,Kota Cirebon,0.2867098791504892
2018-12-361,Kota Sukabumi,0.20124821979059238
2018-12-361,Kuningan,0.5786021292652963
2018-12-361,Majalengka,0.5317905067871554
2018-12-361,Purwakarta,0.6162320458548199
2018-12-361,Subang,0.5015585352618294
2018-12-361,Sukabumi,0.39653319348329885
2018-12-361,Sumedang,0.6665823527778172
2018-12-361,Kota Bekasi,0.33756324884973293
2018-12-361,Kota Depok,0.428724792582413
2019-01-01,Bandung,0.6604856421095134
2019-01-01,Kota Cimahi,0.3180822953267086
2019-01-01,Kota Tasikmalaya,0.5913998376844696
2019-01-01,Tasikmalaya,0.6900516552098069
2019-01-01,Ciamis,0.6448568391961742
2019-01-01,Kota Banjar,0.6731430649902792
2019-01-01,Bekasi,0.4205097841605607
2019-01-01,Bogor,0.6422784240964837
2019-01-01,Cianjur,0.6096106044837961
2019-01-01,Cirebon,0.41535300566334626
2019-01-01,Garut,0.6802334738535099
2019-01-01,Indramayu,0.3770059598343882
2019-01-01,Karawang,0.3789677317828859
2019-01-01,Kota Bandung,0.3213704643281411
2019-01-01,Kota Bogor,0.40437940971417624
2019-01-01,Kota Cirebon,0.3303526558012295
2019-01-01,Kota Sukabumi,0.46116346271933045
2019-01-01,Kuningan,0.594724532491411
2019-01-01,Majalengka,0.6285446294260858
2019-01-01,Purwakarta,0.6497121457545074
2019-01-01,Subang,0.5311045036825409
2019-01-01,Sukabumi,0.6238575839713918
2019-01-01,Sumedang,0.6836387956122435
2019-01-01,Kota Bekasi,0.33989914868758775
2019-01-01,Kota Depok,0.4408629174747978
2019-01-09,Bandung,0.5585450928604998
2019-01-09,Kota Cimahi,0.29103276596507194
2019-01-09,Kota Tasikmalaya,0.6188869428357342
2019-01-09,Tasikmalaya,0.6663810181244857
2019-01-09,Ciamis,0.6262709036890464
2019-01-09,Kota Banjar,0.6630830771434368
2019-01-09,Bekasi,0.2782622099882224
2019-01-09,Bogor,0.42065654075829384
2019-01-09,Cianjur,0.6211105108324201
2019-01-09,Cirebon,0.34600762760881315
2019-01-09,Garut,0.6160048656424701
2019-01-09,Indramayu,0.289312612490964
2019-01-09,Karawang,0.24893099373107405
2019-01-09,Kota Bandung,0.2843978190138328
2019-01-09,Kota Bogor,0.3309668548419984
2019-01-09,Kota Cirebon,0.26430658315154426
2019-01-09,Kota Sukabumi,0.5491866437188936
2019-01-09,Kuningan,0.49153627432738733
2019-01-09,Majalengka,0.5773681752075377
2019-01-09,Purwakarta,0.4768665687924678
2019-01-09,Subang,0.39548371959831136
2019-01-09,Sukabumi,0.6131725101223736
2019-01-09,Sumedang,0.5863046024541666
2019-01-09,Kota Bekasi,0.1828924769539032
2019-01-09,Kota Depok,0.2120017069529734
2019-01-17,Bandung,0.34593917062155327
2019-01-17,Kota Cimahi,0.2007591992673529
2019-01-17,Kota Tasikmalaya,0.5467977513933292
2019-01-17,Tasikmalaya,0.5515559974675973
2019-01-17,Ciamis,0.5818563679673641
2019-01-17,Kota Banjar,0.6259328158914267
2019-01-17,Bekasi,0.19445480579493654
2019-01-17,Bogor,0.17438982009899082
2019-01-17,Cianjur,0.4642992218472864
2019-01-17,Cirebon,0.333694278737096
2019-01-17,Garut,0.5098300617997794
2019-01-17,Indramayu,0.2518345674547457
2019-01-17,Karawang,0.21672862335537463
2019-01-17,Kota Bandung,0.18368509817395606
2019-01-17,Kota Bogor,0.096297152990283
2019-01-17,Kota Cirebon,0.27337314662852064
2019-01-17,Kota Sukabumi,0.26649157817693725
2019-01-17,Kuningan,0.4438788230034994
2019-01-17,Majalengka,0.49461042980534775
2019-01-17,Purwakarta,0.41202441004523
2019-01-17,Subang,0.34264885130587036
2019-01-17,Sukabumi,0.5527311946385461
2019-01-17,Sumedang,0.3587921572338469
2019-01-17,Kota Bekasi,0.21101446650280992
2019-01-17,Kota Depok,0.13415412143825445
2019-01-25,Bandung,0.4824093099768119
2019-01-25,Kota Cimahi,0.1885581745884424
2019-01-25,Kota Tasikmalaya,0.5767146091461803
2019-01-25,Tasikmalaya,0.7480244977366043
2019-01-25,Ciamis,0.7284676022381161
2019-01-25,Kota Banjar,0.5898090885462786
2019-01-25,Bekasi,0.26916864517015665
2019-01-25,Bogor,0.33008651397522354
2019-01-25,Cianjur,0.5899712233140453
2019-01-25,Cirebon,0.3941388998271226
2019-01-25,Garut,0.7072254958731825
2019-01-25,Indramayu,0.4431411344730974
2019-01-25,Karawang,0.24143898388329
2019-01-25,Kota Bandung,0.23199359864184332
2019-01-25,Kota Bogor,0.31447438557013146
2019-01-25,Kota Cirebon,0.32077332624437394
2019-01-25,Kota Sukabumi,0.48617537048040216
2019-01-25,Kuningan,0.6014811928371547
2019-01-25,Majalengka,0.6682191370932858
2019-01-25,Purwakarta,0.3896347442902182
2019-01-25,Subang,0.5281937515107905
2019-01-25,Sukabumi,0.6862114219247477
2019-01-25,Sumedang,0.69039713386854
2019-01-25,Kota Bekasi,0.258050199759605
2019-01-25,Kota Depok,0.2245839559426186
2019-02-33,Bandung,0.6126195117224115
2019-02-33,Kota Cimahi,0.3186233430649351
2019-02-33,Kota Tasikmalaya,0.6280794072174184
2019-02-33,Tasikmalaya,0.7359960110280284
2019-02-33,Ciamis,0.729503934742808
2019-02-33,Kota Banjar,0.7176110313336341
2019-02-33,Bekasi,0.2992602214925504
2019-02-33,Bogor,0.6126172240979237
2019-02-33,Cianjur,0.6879303689594928
2019-02-33,Cirebon,0.45953476298790713
2019-02-33,Garut,0.717019814668192
2019-02-33,Indramayu,0.37415941409859915
2019-02-33,Karawang,0.3131490378305424
2019-02-33,Kota Bandung,0.32757564729834776
2019-02-33,Kota Bogor,0.4984448000202955
2019-02-33,Kota Cirebon,0.3051521909508578
2019-02-33,Kota Sukabumi,0.5474655921665378
2019-02-33,Kuningan,0.6199819014203358
2019-02-33,Majalengka,0.5795212684281834
2019-02-33,Purwakarta,0.6629500111925373
2019-02-33,Subang,0.531320338019017
2019-02-33,Sukabumi,0.6630227223481355
2019-02-33,Sumedang,0.5466249651264963
2019-02-33,Kota Bekasi,0.2047187698510783
2019-02-33,Kota Depok,0.4477194111118326
2019-02-41,Bandung,0.6277240306245274
2019-02-41,Kota Cimahi,0.2802110082814235
2019-02-41,Kota Tasikmalaya,0.518583423296729
2019-02-41,Tasikmalaya,0.6201481074576832
2019-02-41,Ciamis,0.5067095897794223
2019-02-41,Kota Banjar,0.5383807111507213
2019-02-41,Bekasi,0.36495461678589697
2019-02-41,Bogor,0.5286082010507264
2019-02-41,Cianjur,0.6473858870423926
2019-02-41,Cirebon,0.5799425764177402
2019-02-41,Garut,0.6474677667176308
2019-02-41,Indramayu,0.6269178193828979
2019-02-41,Karawang,0.3911982613036116
2019-02-41,Kota Bandung,0.347833742888395
2019-02-41,Kota Bogor,0.43488959833578783
2019-02-41,Kota Cirebon,0.37557811929391854
2019-02-41,Kota Sukabumi,0.5050834154493891
2019-02-41,Kuningan,0.591063296401831
2019-02-41,Majalengka,0.7176677403877394
2019-02-41,Purwakarta,0.5778003504786354
2019-02-41,Subang,0.6063979289867816
2019-02-41,Sukabumi,0.6968620266619634
2019-02-41,Sumedang,0.6766958939236889
2019-02-41,Kota Bekasi,0.19077179519808024
2019-02-41,Kota Depok,0.27452452759371176
2019-02-49,Bandung,0.5964624254472745
2019-02-49,Kota Cimahi,0.3121326840477807
2019-02-49,Kota Tasikmalaya,0.6596726928728619
2019-02-49,Tasikmalaya,0.7455055088788406
2019-02-49,Ciamis,0.7636414618326934
2019-02-49,Kota Banjar,0.7581225100407849
2019-02-49,Bekasi,0.40976823536817186
2019-02-49,Bogor,0.5982434862410305
2019-02-49,Cianjur,0.6762687862744929
2019-02-49,Cirebon,0.6670420475999326
2019-02-49,Garut,0.6162466149199823
2019-02-49,Indramayu,0.6722062521358705
2019-02-49,Karawang,0.44569475797561203
2019-02-49,Kota Bandung,0.36524511391515296
2019-02-49,Kota Bogor,0.4733520287352556
2019-02-49,Kota Cirebon,0.4724558787563101
2019-02-49,Kota Sukabumi,0.5384249295085942
2019-02-49,Kuningan,0.7123498617290694
2019-02-49,Majalengka,0.6834045912432762
2019-02-49,Purwakarta,0.6454243284938119
2019-02-49,Subang,0.6665156162726168
2019-02-49,Sukabumi,0.6724584220973829
2019-02-49,Sumedang,0.7079316418327084
2019-02-49,Kota Bekasi,0.25153932083335406
2019-02-49,Kota Depok,0.36925651904315143
2019-02-57,Bandung,0.5411956129566938
2019-02-57,Kota Cimahi,0.26042215343625275
2019-02-57,Kota Tasikmalaya,0.6397171385301506
2019-02-57,Tasikmalaya,0.6468773162195671
2019-02-57,Ciamis,0.689031438034816
2019-02-57,Kota Banjar,0.712396462803007
2019-02-57,Bekasi,0.37997370372858097
2019-02-57,Bogor,0.5383731770156778
2019-02-57,Cianjur,0.6587553091773161
2019-02-57,Cirebon,0.5725388349208973
2019-02-57,Garut,0.700700337513833
2019-02-57,Indramayu,0.5498442137942375
2019-02-57,Karawang,0.43159907534207476
2019-02-57,Kota Bandung,0.3459432488221913
2019-02-57,Kota Bogor,0.3878185412474189
2019-02-57,Kota Cirebon,0.4209039147370842
2019-02-57,Kota Sukabumi,0.44472173512222807
2019-02-57,Kuningan,0.530176888119446
2019-02-57,Majalengka,0.4843594865255799
2019-02-57,Purwakarta,0.501440459436411
2019-02-57,Subang,0.5407346810890802
2019-02-57,Sukabumi,0.6519959166377173
2019-02-57,Sumedang,0.4964255092145797
2019-02-57,Kota Bekasi,0.2933869618214206
2019-02-57,Kota Depok,0.3992577590004214
2019-03-65,Bandung,0.5427227419385814
2019-03-65,Kota Cimahi,0.3445423606611169
2019-03-65,Kota Tasikmalaya,0.6213752079532919
2019-03-65,Tasikmalaya,0.6627792066083429
2019-03-65,Ciamis,0.6851346837793154
2019-03-65,Kota Banjar,0.7276360581524437
2019-03-65,Bekasi,0.36441428038289203
2019-03-65,Bogor,0.6034291125822117
2019-03-65,Cianjur,0.49028056461731545
2019-03-65,Cirebon,0.5529817814592278
2019-03-65,Garut,0.5821995336735185
2019-03-65,Indramayu,0.5027431919636691
2019-03-65,Karawang,0.4379222346248444
2019-03-65,Kota Bandung,0.2858939500796724
2019-03-65,Kota Bogor,0.41602091968082083
2019-03-65,Kota Cirebon,0.3576917688846796
2019-03-65,Kota Sukabumi,0.517213172747912
2019-03-65,Kuningan,0.6480723684725165
2019-03-65,Majalengka,0.6515687580718859
2019-03-65,Purwakarta,0.6215667052381477
2019-03-65,Subang,0.6688357583841991
2019-03-65,Sukabumi,0.4879820817815007
2019-03-65,Sumedang,0.6366295134933168
2019-03-65,Kota Bekasi,0.24021403866517738
2019-03-65,Kota Depok,0.33564523347771236
2019-03-73,Bandung,0.5999179512089468
2019-03-73,Kota Cimahi,0.3075677196242831
2019-03-73,Kota Tasikmalaya,0.6248205222073793
2019-03-73,Tasikmalaya,0.7253625849049489
2019-03-73,Ciamis,0.6654965261586143
2019-03-73,Kota Banjar,0.7230117935708663
2019-03-73,Bekasi,0.4483933414108164
2019-03-73,Bogor,0.6463066369301742
2019-03-73,Cianjur,0.6701749657077659
2019-03-73,Cirebon,0.6308399883496943
2019-03-73,Garut,0.6602303751940213
2019-03-73,Indramayu,0.6079281613122417
2019-03-73,Karawang,0.5044012001773994
2019-03-73,Kota Bandung,0.3536667226867144
2019-03-73,Kota Bogor,0.481520781509718
2019-03-73,Kota Cirebon,0.4538653169763208
2019-03-73,Kota Sukabumi,0.5572763405613406
2019-03-73,Kuningan,0.5555324731816287
2019-03-73,Majalengka,0.6138455037211427
2019-03-73,Purwakarta,0.6764284101547482
2019-03-73,Subang,0.661939573313381
2019-03-73,Sukabumi,0.5902443038336432
2019-03-73,Sumedang,0.633566885261767
2019-03-73,Kota Bekasi,0.3588551151453129
2019-03-73,Kota Depok,0.5145974982652508
2019-03-81,Bandung,0.6867952236500591
2019-03-81,Kota Cimahi,0.3355277087286054
2019-03-81,Kota Tasikmalaya,0.6112663523461074
2019-03-81,Tasikmalaya,0.7144437184639586
2019-03-81,Ciamis,0.7199219255337939
2019-03-81,Kota Banjar,0.651290486064384
2019-03-81,Bekasi,0.46894684965536737
2019-03-81,Bogor,0.7111952927270561
2019-03-81,Cianjur,0.75180266069811
2019-03-81,Cirebon,0.6356991288177263
2019-03-81,Garut,0.739967853347034
2019-03-81,Indramayu,0.5883748627977776
2019-03-81,Karawang,0.5575262538220802
2019-03-81,Kota Bandung,0.36089652171579933
2019-03-81,Kota Bogor,0.5157164781409009
2019-03-81,Kota Cirebon,0.44742578734826777
2019-03-81,Kota Sukabumi,0.5575354092092242
2019-03-81,Kuningan,0.7177210993664392
2019-03-81,Majalengka,0.6274836004417716
2019-03-81,Purwakarta,0.6743158618148722
2019-03-81,Subang,0.6718749346032807
2019-03-81,Sukabumi,0.7530671333767738
2019-03-81,Sumedang,0.7197399614885914
2019-03-81,Kota Bekasi,0.3827821755114319
2019-03-81,Kota Depok,0.47659701487978556
2019-03-89,Bandung,0.5982513535866313
2019-03-89,Kota Cimahi,0.3002928672413286
2019-03-89,Kota Tasikmalaya,0.5748213671538394
2019-03-89,Tasikmalaya,0.6676546211731432
2019-03-89,Ciamis,0.6229303416641329
2019-03-89,Kota Banjar,0.6098309223145494
2019-03-89,Bekasi,0.4418751796586983
2019-03-89,Bogor,0.6257027459245117
2019-03-89,Cianjur,0.6980118819834175
2019-03-89,Cirebon,0.5949203430619827
2019-03-89,Garut,0.709322928950409
2019-03-89,Indramayu,0.5109919492794164
2019-03-89,Karawang,0.46873088345516445
2019-03-89,Kota Bandung,0.3568172596177334
2019-03-89,Kota Bogor,0.4818130335243825
2019-03-89,Kota Cirebon,0.3619561830398888
2019-03-89,Kota Sukabumi,0.588225666207356
2019-03-89,Kuningan,0.6468037322298452
2019-03-89,Majalengka,0.5995615416922601
2019-03-89,Purwakarta,0.5493465904457733
2019-03-89,Subang,0.5576158845888535
2019-03-89,Sukabumi,0.7140627354478591
2019-03-89,Sumedang,0.691240931419638
2019-03-89,Kota Bekasi,0.3306567148040708
2019-03-89,Kota Depok,0.46370879320069097
2019-04-97,Bandung,0.5876475728350518
2019-04-97,Kota Cimahi,0.3057888728520849
2019-04-97,Kota Tasikmalaya,0.6108269553323735
2019-04-97,Tasikmalaya,0.723302747696972
2019-04-97,Ciamis,0.6412741939692903
2019-04-97,Kota Banjar,0.599207992449409
2019-04-97,Bekasi,0.4636594491995155
2019-04-97,Bogor,0.6842583430117675
2019-04-97,Cianjur,0.7069232538635783
2019-04-97,Cirebon,0.5971684734592886
2019-04-97,Garut,0.66990862951164
2019-04-97,Indramayu,0.5110144069250583
2019-04-97,Karawang,0.51703229965129
2019-04-97,Kota Bandung,0.3633143153774796
2019-04-97,Kota Bogor,0.5229855992109541
2019-04-97,Kota Cirebon,0.46734521539034735
2019-04-97,Kota Sukabumi,0.5454563764033765
2019-04-97,Kuningan,0.6334521634833972
2019-04-97,Majalengka,0.5488164986304246
2019-04-97,Purwakarta,0.5859945376714738
2019-04-97,Subang,0.5968505269925402
2019-04-97,Sukabumi,0.7108154716220709
2019-04-97,Sumedang,0.6312667545034358
2019-04-97,Kota Bekasi,0.38100837588114633
2019-04-97,Kota Depok,0.4869094737776257
2019-04-105,Bandung,0.5492596487900395
2019-04-105,Kota Cimahi,0.2855808997273293
2019-04-105,Kota Tasikmalaya,0.5362061838857428
2019-04-105,Tasikmalaya,0.6287823254055023
2019-04-105,Ciamis,0.6202035214966897
2019-04-105,Kota Banjar,0.612476517047245
2019-04-105,Bekasi,0.44082463664660815
2019-04-105,Bogor,0.6220115423724765
2019-04-105,Cianjur,0.6622868838214152
2019-04-105,Cirebon,0.4632305547764296
2019-04-105,Garut,0.7117243675505749
2019-04-105,Indramayu,0.4290967354914655
2019-04-105,Karawang,0.5266315144808407
2019-04-105,Kota Bandung,0.33673438332690425
2019-04-105,Kota Bogor,0.47015941294466007
2019-04-105,Kota Cirebon,0.32132230419449853
2019-04-105,Kota Sukabumi,0.4147060630177681
2019-04-105,Kuningan,0.47989118422776694
2019-04-105,Majalengka,0.522375636492032
2019-04-105,Purwakarta,0.5532242468138643
2019-04-105,Subang,0.5873716759377424
2019-04-105,Sukabumi,0.7129244750275979
2019-04-105,Sumedang,0.5787044590381211
2019-04-105,Kota Bekasi,0.24225499784746912
2019-04-105,Kota Depok,0.4692981429097286
2019-04-113,Bandung,0.6217085801012593
2019-04-113,Kota Cimahi,0.31950661558612553
2019-04-113,Kota Tasikmalaya,0.5346054086363733
2019-04-113,Tasikmalaya,0.6392500611345553
2019-04-113,Ciamis,0.5760085370234647
2019-04-113,Kota Banjar,0.5477000314779978
2019-04-113,Bekasi,0.5229220018961871
2019-04-113,Bogor,0.6551876144477847
2019-04-113,Cianjur,0.7241784171659208
2019-04-113,Cirebon,0.5883140517495078
2019-04-113,Garut,0.6928380344811814
2019-04-113,Indramayu,0.4569715028494291
2019-04-113,Karawang,0.5684883476720562
2019-04-113,Kota Bandung,0.3576624428531698
2019-04-113,Kota Bogor,0.4808923289801568
2019-04-113,Kota Cirebon,0.47720651207353126
2019-04-113,Kota Sukabumi,0.564132446622004
2019-04-113,Kuningan,0.6116630383678406
2019-04-113,Majalengka,0.5318400706205311
2019-04-113,Purwakarta,0.640070813167289
2019-04-113,Subang,0.625340259358895
2019-04-113,Sukabumi,0.73170123803809
2019-04-113,Sumedang,0.7204405387526279
2019-04-113,Kota Bekasi,0.34977442343019066
2019-04-113,Kota Depok,0.4813059813693151
2019-05-121,Bandung,0.6026546232246877
2019-05-121,Kota Cimahi,0.25244185516376116
2019-05-121,Kota Tasikmalaya,0.5051609575117508
2019-05-121,Tasikmalaya,0.6049813265529833
2019-05-121,Ciamis,0.6178418527839059
2019-05-121,Kota Banjar,0.6619171639955765
2019-05-121,Bekasi,0.542544716725003
2019-05-121,Bogor,0.6704071135302317
2019-05-121,Cianjur,0.6992597855477662
2019-05-121,Cirebon,0.5540844923383004
2019-05-121,Garut,0.6393532585799087
2019-05-121,Indramayu,0.45678776914688113
2019-05-121,Karawang,0.5821571529260178
2019-05-121,Kota Bandung,0.36047176105517237
2019-05-121,Kota Bogor,0.5371920948494371
2019-05-121,Kota Cirebon,0.47813700380613167
2019-05-121,Kota Sukabumi,0.5460314766766469
2019-05-121,Kuningan,0.7237053872021102
2019-05-121,Majalengka,0.6238708551276503
2019-05-121,Purwakarta,0.6326375056773758
2019-05-121,Subang,0.6177523766616264
2019-05-121,Sukabumi,0.6908902875351263
2019-05-121,Sumedang,0.7179660014692478
2019-05-121,Kota Bekasi,0.396191513272843
2019-05-121,Kota Depok,0.4990700315356947
2019-05-129,Bandung,0.6585021246785563
2019-05-129,Kota Cimahi,0.3637411707953908
2019-05-129,Kota Tasikmalaya,0.4270595484715662
2019-05-129,Tasikmalaya,0.6244093200045974
2019-05-129,Ciamis,0.5724866313688701
2019-05-129,Kota Banjar,0.5483127386624369
2019-05-129,Bekasi,0.5164344922489656
2019-05-129,Bogor,0.6323952331876656
2019-05-129,Cianjur,0.7357973819098116
2019-05-129,Cirebon,0.5478193753951532
2019-05-129,Garut,0.7669481697401515
2019-05-129,Indramayu,0.4632713697798168
2019-05-129,Karawang,0.5398581550223931
2019-05-129,Kota Bandung,0.3709194114045139
2019-05-129,Kota Bogor,0.4193967850630195
2019-05-129,Kota Cirebon,0.5032265198569158
2019-05-129,Kota Sukabumi,0.5402029970005039
2019-05-129,Kuningan,0.7149625154415677
2019-05-129,Majalengka,0.6505350032313968
2019-05-129,Purwakarta,0.661000287807103
2019-05-129,Subang,0.6114823705163859
2019-05-129,Sukabumi,0.7606142335062929
2019-05-129,Sumedang,0.747493554073854
2019-05-129,Kota Bekasi,0.3662723406942382
2019-05-129,Kota Depok,0.496219676048098
2019-05-137,Bandung,0.7078307205797051
2019-05-137,Kota Cimahi,0.35753353465981436
2019-05-137,Kota Tasikmalaya,0.6181361991600042
2019-05-137,Tasikmalaya,0.787486705213757
2019-05-137,Ciamis,0.6845749816940918
2019-05-137,Kota Banjar,0.569849124840641
2019-05-137,Bekasi,0.5119944377468955
2019-05-137,Bogor,0.6911685344315163
2019-05-137,Cianjur,0.7887044937401326
2019-05-137,Cirebon,0.5371570595000644
2019-05-137,Garut,0.7797026226206385
2019-05-137,Indramayu,0.4504199348653328
2019-05-137,Karawang,0.5227402332410266
2019-05-137,Kota Bandung,0.3603218156440238
2019-05-137,Kota Bogor,0.5194962762038225
2019-05-137,Kota Cirebon,0.47928142722651995
2019-05-137,Kota Sukabumi,0.5805519776001393
2019-05-137,Kuningan,0.7634516155524457
2019-05-137,Majalengka,0.7058574718808124
2019-05-137,Purwakarta,0.680130461350405
2019-05-137,Subang,0.6100721062407315
2019-05-137,Sukabumi,0.786154342681752
2019-05-137,Sumedang,0.760232790662443
2019-05-137,Kota Bekasi,0.37066485809114813
2019-05-137,Kota Depok,0.4625228700973576
2019-05-145,Bandung,0.7041923261535118
2019-05-145,Kota Cimahi,0.3400392472945208
2019-05-145,Kota Tasikmalaya,0.4598479641803248
2019-05-145,Tasikmalaya,0.5547143209729056
2019-05-145,Ciamis,0.54995846395541
2019-05-145,Kota Banjar,0.5312854202235944
2019-05-145,Bekasi,0.5005629408298484
2019-05-145,Bogor,0.6592276296732197
2019-05-145,Cianjur,0.7795229568499162
2019-05-145,Cirebon,0.537455749622484
2019-05-145,Garut,0.7796897461856347
2019-05-145,Indramayu,0.4641605771215472
2019-05-145,Karawang,0.5023214000555702
2019-05-145,Kota Bandung,0.353089933527429
2019-05-145,Kota Bogor,0.5025083049732907
2019-05-145,Kota Cirebon,0.4605068765314437
2019-05-145,Kota Sukabumi,0.5915241925491516
2019-05-145,Kuningan,0.7431310604068426
2019-05-145,Majalengka,0.7079935226775294
2019-05-145,Purwakarta,0.6817295303634833
2019-05-145,Subang,0.6114224986317411
2019-05-145,Sukabumi,0.7666567918092083
2019-05-145,Sumedang,0.7667469364784012
2019-05-145,Kota Bekasi,0.37373960738820544
2019-05-145,Kota Depok,0.4751935063881445
2019-06-153,Bandung,0.6517108298835972
2019-06-153,Kota Cimahi,0.3641382213541957
2019-06-153,Kota Tasikmalaya,0.3451508039364741
2019-06-153,Tasikmalaya,0.5441854986826683
2019-06-153,Ciamis,0.49777822204026695
2019-06-153,Kota Banjar,0.4524756748824424
2019-06-153,Bekasi,0.40434834013599663
2019-06-153,Bogor,0.6463334310921526
2019-06-153,Cianjur,0.7300639013389608
2019-06-153,Cirebon,0.5691799050201486
2019-06-153,Garut,0.7442886047811345
2019-06-153,Indramayu,0.5168865283153313
2019-06-153,Karawang,0.4301527927198888
2019-06-153,Kota Bandung,0.3766683451882358
2019-06-153,Kota Bogor,0.516871781463604
2019-06-153,Kota Cirebon,0.49743732166314353
2019-06-153,Kota Sukabumi,0.5794747288807165
2019-06-153,Kuningan,0.7142535466492684
2019-06-153,Majalengka,0.7119722508013657
2019-06-153,Purwakarta,0.6236872001814046
2019-06-153,Subang,0.6154056236291267
2019-06-153,Sukabumi,0.7641540880209472
2019-06-153,Sumedang,0.7305531088334013
2019-06-153,Kota Bekasi,0.29456490144215103
2019-06-153,Kota Depok,0.45158086783385865
2019-06-161,Bandung,0.7123479050411722
2019-06-161,Kota Cimahi,0.3161767610072187
2019-06-161,Kota Tasikmalaya,0.5375943266497336
2019-06-161,Tasikmalaya,0.6105549985939401
2019-06-161,Ciamis,0.5966205985745677
2019-06-161,Kota Banjar,0.5182546393030094
2019-06-161,Bekasi,0.4748292476338
2019-06-161,Bogor,0.7274967915713639
2019-06-161,Cianjur,0.7821308861590438
2019-06-161,Cirebon,0.5499328077050167
2019-06-161,Garut,0.7676573569526299
2019-06-161,Indramayu,0.5230032494165417
2019-06-161,Karawang,0.48923170040120045
2019-06-161,Kota Bandung,0.35201162865938407
2019-06-161,Kota Bogor,0.5283053756441568
2019-06-161,Kota Cirebon,0.4538214691087857
2019-06-161,Kota Sukabumi,0.5932891075898538
2019-06-161,Kuningan,0.733358565503409
2019-06-161,Majalengka,0.70127220363581
2019-06-161,Purwakarta,0.7033984823395459
2019-06-161,Subang,0.623807729109588
2019-06-161,Sukabumi,0.7748461558521766
2019-06-161,Sumedang,0.7493549788244565
2019-06-161,Kota Bekasi,0.3850340397371192
2019-06-161,Kota Depok,0.5030149533465025
2019-06-169,Bandung,0.6946134287020351
2019-06-169,Kota Cimahi,0.3136832049865862
2019-06-169,Kota Tasikmalaya,0.6692141251071904
2019-06-169,Tasikmalaya,0.8113165149641266
2019-06-169,Ciamis,0.7904673771398874
2019-06-169,Kota Banjar,0.6633203085029076
2019-06-169,Bekasi,0.4317255664857155
2019-06-169,Bogor,0.7216597713256663
2019-06-169,Cianjur,0.7652069627076006
2019-06-169,Cirebon,0.5426953810482545
2019-06-169,Garut,0.763708621076563
2019-06-169,Indramayu,0.5305810940061094
2019-06-169,Karawang,0.4574357203842373
2019-06-169,Kota Bandung,0.34511724977400404
2019-06-169,Kota Bogor,0.5114824558024099
2019-06-169,Kota Cirebon,0.44530127492843347
2019-06-169,Kota Sukabumi,0.5590197543755778
2019-06-169,Kuningan,0.7535502063865224
2019-06-169,Majalengka,0.6921643366777466
2019-06-169,Purwakarta,0.6906753749529209
2019-06-169,Subang,0.610162407357802
2019-06-169,Sukabumi,0.7495510597725407
2019-06-169,Sumedang,0.7325621099434122
2019-06-169,Kota Bekasi,0.3634753595398571
2019-06-169,Kota Depok,0.4831790296868578
2019-06-177,Bandung,0.6839769162922601
2019-06-177,Kota Cimahi,0.29384592942826726
2019-06-177,Kota Tasikmalaya,0.5893995404117588
2019-06-177,Tasikmalaya,0.7141577407469387
2019-06-177,Ciamis,0.6947213968963476
2019-06-177,Kota Banjar,0.6443459006152779
2019-06-177,Bekasi,0.4076278135526598
2019-06-177,Bogor,0.7084419245550576
2019-06-177,Cianjur,0.7488141119883012
2019-06-177,Cirebon,0.5241762585558142
2019-06-177,Garut,0.7504341605020798
2019-06-177,Indramayu,0.5459613569360829
2019-06-177,Karawang,0.43102689906053376
2019-06-177,Kota Bandung,0.3284781815623705
2019-06-177,Kota Bogor,0.49546545666819924
2019-06-177,Kota Cirebon,0.42455436689709986
2019-06-177,Kota Sukabumi,0.5452948917882562
2019-06-177,Kuningan,0.7323527151194841
2019-06-177,Majalengka,0.6610004616239481
2019-06-177,Purwakarta,0.6810057126504167
2019-06-177,Subang,0.5988111858658219
2019-06-177,Sukabumi,0.7392464255372622
2019-06-177,Sumedang,0.7180136318796893
2019-06-177,Kota Bekasi,0.3467015047586121
2019-06-177,Kota Depok,0.4607057892758118
2019-07-185,Bandung,0.6782011882983894
2019-07-185,Kota Cimahi,0.31458639873315286
2019-07-185,Kota Tasikmalaya,0.5936405356436371
2019-07-185,Tasikmalaya,0.6250510650213627
2019-07-185,Ciamis,0.6783917033762132
2019-07-185,Kota Banjar,0.6430806337141044
2019-07-185,Bekasi,0.39403177064705613
2019-07-185,Bogor,0.6761874407518426
2019-07-185,Cianjur,0.7143650533699274
2019-07-185,Cirebon,0.5183423649149679
2019-07-185,Garut,0.7290367714414638
2019-07-185,Indramayu,0.538190907440154
2019-07-185,Karawang,0.4214935500216279
2019-07-185,Kota Bandung,0.33855210701652755
2019-07-185,Kota Bogor,0.48446212409185563
2019-07-185,Kota Cirebon,0.40495897094182753
2019-07-185,Kota Sukabumi,0.5627197795995381
2019-07-185,Kuningan,0.7136640938791527
2019-07-185,Majalengka,0.6185743630763693
2019-07-185,Purwakarta,0.6694134631918497
2019-07-185,Subang,0.5931719146409612
2019-07-185,Sukabumi,0.6994228551339939
2019-07-185,Sumedang,0.6924053697128831
2019-07-185,Kota Bekasi,0.3432200867661234
2019-07-185,Kota Depok,0.4708155691905653
2019-07-193,Bandung,0.6624145067363562
2019-07-193,Kota Cimahi,0.29277203388527767
2019-07-193,Kota Tasikmalaya,0.4730544732364829
2019-07-193,Tasikmalaya,0.5759217902148787
2019-07-193,Ciamis,0.6148254083481357
2019-07-193,Kota Banjar,0.5692105951429662
2019-07-193,Bekasi,0.37312460065083014
2019-07-193,Bogor,0.6800642030176828
2019-07-193,Cianjur,0.7164197377386876
2019-07-193,Cirebon,0.5009367142085791
2019-07-193,Garut,0.7054897400507376
2019-07-193,Indramayu,0.5201255376907403
2019-07-193,Karawang,0.39376482824954184
2019-07-193,Kota Bandung,0.3209226323840927
2019-07-193,Kota Bogor,0.47705918865193236
2019-07-193,Kota Cirebon,0.3881632809525467
2019-07-193,Kota Sukabumi,0.5282754013456805
2019-07-193,Kuningan,0.6717074694379439
2019-07-193,Majalengka,0.5793076918636367
2019-07-193,Purwakarta,0.6433084739476259
2019-07-193,Subang,0.5719023164395622
2019-07-193,Sukabumi,0.708614120491176
2019-07-193,Sumedang,0.6695933466785937
2019-07-193,Kota Bekasi,0.32898384670868613
2019-07-193,Kota Depok,0.4405909745794633
2019-07-201,Bandung,0.6513953614181233
2019-07-201,Kota Cimahi,0.288349558703567
2019-07-201,Kota Tasikmalaya,0.5539816610130026
2019-07-201,Tasikmalaya,0.6003316636517222
2019-07-201,Ciamis,0.48180283774760646
2019-07-201,Kota Banjar,0.46278001061730845
2019-07-201,Bekasi,0.3600779950629109
2019-07-201,Bogor,0.6649714555307605
2019-07-201,Cianjur,0.6997766307422014
2019-07-201,Cirebon,0.5095763287291926
2019-07-201,Garut,0.7025033158325733
2019-07-201,Indramayu,0.5007643865160277
2019-07-201,Karawang,0.3942967247823917
2019-07-201,Kota Bandung,0.31568576742753934
2019-07-201,Kota Bogor,0.45435499721995265
2019-07-201,Kota Cirebon,0.39626302915214223
2019-07-201,Kota Sukabumi,0.5306801585982376
2019-07-201,Kuningan,0.6755085315588059
2019-07-201,Majalengka,0.544933761965828
2019-07-201,Purwakarta,0.62293826245005
2019-07-201,Subang,0.5591863874918763
2019-07-201,Sukabumi,0.6997098385208219
2019-07-201,Sumedang,0.642788213939316
2019-07-201,Kota Bekasi,0.3207091968518837
2019-07-201,Kota Depok,0.42362979350708224
2019-07-209,Bandung,0.637821900101926
2019-07-209,Kota Cimahi,0.27732759414599295
2019-07-209,Kota Tasikmalaya,0.6513754962482574
2019-07-209,Tasikmalaya,0.7548137997575746
2019-07-209,Ciamis,0.7016605739881878
2019-07-209,Kota Banjar,0.6088544098090152
2019-07-209,Bekasi,0.3571481577432553
2019-07-209,Bogor,0.6570625142209199
2019-07-209,Cianjur,0.6825866534748286
2019-07-209,Cirebon,0.4865444910679291
2019-07-209,Garut,0.6945076601246848
2019-07-209,Indramayu,0.4788975845603146
2019-07-209,Karawang,0.3889555874150595
2019-07-209,Kota Bandung,0.3096976195159786
2019-07-209,Kota Bogor,0.44067698066013866
2019-07-209,Kota Cirebon,0.37909991739173177
2019-07-209,Kota Sukabumi,0.518051518529179
2019-07-209,Kuningan,0.6538585684221189
2019-07-209,Majalengka,0.5250461562527052
2019-07-209,Purwakarta,0.6108925640701398
2019-07-209,Subang,0.5553238096659447
2019-07-209,Sukabumi,0.681832833407933
2019-07-209,Sumedang,0.6321970918521691
2019-07-209,Kota Bekasi,0.3104032125203633
2019-07-209,Kota Depok,0.40963455375710006
2019-08-217,Bandung,0.6220033989290844
2019-08-217,Kota Cimahi,0.2803391295908083
2019-08-217,Kota Tasikmalaya,0.568050661572296
2019-08-217,Tasikmalaya,0.6781942084845818
2019-08-217,Ciamis,0.7074963070567867
2019-08-217,Kota Banjar,0.6511322079525276
2019-08-217,Bekasi,0.35403370383261007
2019-08-217,Bogor,0.609957412813328
2019-08-217,Cianjur,0.6591769908506201
2019-08-217,Cirebon,0.47986525704888866
2019-08-217,Garut,0.6804480826520781
2019-08-217,Indramayu,0.4527158779113918
2019-08-217,Karawang,0.3869839911077925
2019-08-217,Kota Bandung,0.3108499330799778
2019-08-217,Kota Bogor,0.4351943572564211
2019-08-217,Kota Cirebon,0.35399302762661744
2019-08-217,Kota Sukabumi,0.5092799138949107
2019-08-217,Kuningan,0.6424041956260417
2019-08-217,Majalengka,0.5068965318558634
2019-08-217,Purwakarta,0.569789456796857
2019-08-217,Subang,0.5426415405914264
2019-08-217,Sukabumi,0.6537088799075134
2019-08-217,Sumedang,0.6122920098182917
2019-08-217,Kota Bekasi,0.3100982127381104
2019-08-217,Kota Depok,0.3987979808446375
2019-08-225,Bandung,0.615819939531876
2019-08-225,Kota Cimahi,0.2737375062976274
2019-08-225,Kota Tasikmalaya,0.5024988534852233
2019-08-225,Tasikmalaya,0.5535888825774282
2019-08-225,Ciamis,0.5900022000974154
2019-08-225,Kota Banjar,0.5629260510239537
2019-08-225,Bekasi,0.35032677595519085
2019-08-225,Bogor,0.6243469043672186
2019-08-225,Cianjur,0.6506902083095454
2019-08-225,Cirebon,0.47059490099038453
2019-08-225,Garut,0.6617102522600123
2019-08-225,Indramayu,0.4212574460405885
2019-08-225,Karawang,0.3838357895568353
2019-08-225,Kota Bandung,0.3003950256807164
2019-08-225,Kota Bogor,0.43412208508741834
2019-08-225,Kota Cirebon,0.3476480510889926
2019-08-225,Kota Sukabumi,0.4794349528318004
2019-08-225,Kuningan,0.6032726309258403
2019-08-225,Majalengka,0.47915858487146223
2019-08-225,Purwakarta,0.5680829592229762
2019-08-225,Subang,0.5311199651675035
2019-08-225,Sukabumi,0.6332303599277477
2019-08-225,Sumedang,0.5949451922323393
2019-08-225,Kota Bekasi,0.29829409127137646
2019-08-225,Kota Depok,0.39074486344187737
2019-08-233,Bandung,0.6114724027711524
2019-08-233,Kota Cimahi,0.2765082393470431
2019-08-233,Kota Tasikmalaya,0.6247536389342391
2019-08-233,Tasikmalaya,0.5860793027727039
2019-08-233,Ciamis,0.3818091436111641
2019-08-233,Kota Banjar,0.3440608094195402
2019-08-233,Bekasi,0.35750808631600933
2019-08-233,Bogor,0.6141014945670439
2019-08-233,Cianjur,0.6417043679930456
2019-08-233,Cirebon,0.4644859444964072
2019-08-233,Garut,0.6681191945421845
2019-08-233,Indramayu,0.39372389852019424
2019-08-233,Karawang,0.38628376521031843
2019-08-233,Kota Bandung,0.30119444616996527
2019-08-233,Kota Bogor,0.4436812140518187
2019-08-233,Kota Cirebon,0.34094173184092974
2019-08-233,Kota Sukabumi,0.4934206733807468
2019-08-233,Kuningan,0.5531514989070362
2019-08-233,Majalengka,0.4793920897077095
2019-08-233,Purwakarta,0.5543322180280782
2019-08-233,Subang,0.53706633991156
2019-08-233,Sukabumi,0.6124521068316775
2019-08-233,Sumedang,0.5857043946885744
2019-08-233,Kota Bekasi,0.3095220978445578
2019-08-233,Kota Depok,0.38431588815843615
2019-08-241,Bandung,0.6065437214251026
2019-08-241,Kota Cimahi,0.28939163050026045
2019-08-241,Kota Tasikmalaya,0.5284154465503853
2019-08-241,Tasikmalaya,0.6291906688225245
2019-08-241,Ciamis,0.5209516737157611
2019-08-241,Kota Banjar,0.46787542359799206
2019-08-241,Bekasi,0.3655796677039699
2019-08-241,Bogor,0.6367013927375367
2019-08-241,Cianjur,0.6492674128507203
2019-08-241,Cirebon,0.4401225484130974
2019-08-241,Garut,0.6321537545512541
2019-08-241,Indramayu,0.36098703537264376
2019-08-241,Karawang,0.40249088855242526
2019-08-241,Kota Bandung,0.3177974150471311
2019-08-241,Kota Bogor,0.44669817631681086
2019-08-241,Kota Cirebon,0.3368793380589221
2019-08-241,Kota Sukabumi,0.4957861085321543
2019-08-241,Kuningan,0.5761596815847031
2019-08-241,Majalengka,0.4605538557356052
2019-08-241,Purwakarta,0.5485733138338014
2019-08-241,Subang,0.5282551382485441
2019-08-241,Sukabumi,0.6240430955719244
2019-08-241,Sumedang,0.5584810219981909
2019-08-241,Kota Bekasi,0.3048185705041484
2019-08-241,Kota Depok,0.390538998731296
2019-09-249,Bandung,0.5624804493837696
2019-09-249,Kota Cimahi,0.2558031804977895
2019-09-249,Kota Tasikmalaya,0.5666484506208705
2019-09-249,Tasikmalaya,0.6445727844099478
2019-09-249,Ciamis,0.5557595569441837
2019-09-249,Kota Banjar,0.4834429646876059
2019-09-249,Bekasi,0.35176685954296716
2019-09-249,Bogor,0.6263311991673016
2019-09-249,Cianjur,0.6072085959314
2019-09-249,Cirebon,0.41491161953943423
2019-09-249,Garut,0.6071427312775272
2019-09-249,Indramayu,0.32419884960219747
2019-09-249,Karawang,0.40088501789960934
2019-09-249,Kota Bandung,0.2965569070136965
2019-09-249,Kota Bogor,0.44432691616090675
2019-09-249,Kota Cirebon,0.316700938553554
2019-09-249,Kota Sukabumi,0.46059610702421216
2019-09-249,Kuningan,0.5585426848691876
2019-09-249,Majalengka,0.44472351720569575
2019-09-249,Purwakarta,0.48450713223017833
2019-09-249,Subang,0.49782029252718485
2019-09-249,Sukabumi,0.586918939241363
2019-09-249,Sumedang,0.5317935028494477
2019-09-249,Kota Bekasi,0.27826278104860064
2019-09-249,Kota Depok,0.3808714307074455
2019-09-257,Bandung,0.5668255714665662
2019-09-257,Kota Cimahi,0.26509105835694124
2019-09-257,Kota Tasikmalaya,0.4888273374646826
2019-09-257,Tasikmalaya,0.5345372903378816
2019-09-257,Ciamis,0.48945911150024196
2019-09-257,Kota Banjar,0.468220991126725
2019-09-257,Bekasi,0.3599988675086954
2019-09-257,Bogor,0.5849298801618193
2019-09-257,Cianjur,0.6025251485980408
2019-09-257,Cirebon,0.4108080592360295
2019-09-257,Garut,0.5993284123889597
2019-09-257,Indramayu,0.3297529485129736
2019-09-257,Karawang,0.41711903262092415
2019-09-257,Kota Bandung,0.2987488512473129
2019-09-257,Kota Bogor,0.45678638780144293
2019-09-257,Kota Cirebon,0.3465937974412273
2019-09-257,Kota Sukabumi,0.4638969457501863
2019-09-257,Kuningan,0.5390655665984952
2019-09-257,Majalengka,0.42064241624234405
2019-09-257,Purwakarta,0.4734423249174069
2019-09-257,Subang,0.4968492096034782
2019-09-257,Sukabumi,0.5716998974800257
2019-09-257,Sumedang,0.550420907309947
2019-09-257,Kota Bekasi,0.2656001207007869
2019-09-257,Kota Depok,0.4072798344867331
2019-09-265,Bandung,0.5760696438539127
2019-09-265,Kota Cimahi,0.2632825462336865
2019-09-265,Kota Tasikmalaya,0.296106030647116
2019-09-265,Tasikmalaya,0.40866150310083604
2019-09-265,Ciamis,0.3303298009036636
2019-09-265,Kota Banjar,0.3457037742205559
2019-09-265,Bekasi,0.395043197315305
2019-09-265,Bogor,0.6139403021081637
2019-09-265,Cianjur,0.6010267183540763
2019-09-265,Cirebon,0.4144567742726837
2019-09-265,Garut,0.6162796013555096
2019-09-265,Indramayu,0.328107909051209
2019-09-265,Karawang,0.4486984530671811
2019-09-265,Kota Bandung,0.29505556856840026
2019-09-265,Kota Bogor,0.4478565989016384
2019-09-265,Kota Cirebon,0.34316709349892804
2019-09-265,Kota Sukabumi,0.4895516328291323
2019-09-265,Kuningan,0.5299578867817599
2019-09-265,Majalengka,0.4635941487183765
2019-09-265,Purwakarta,0.5064608077600417
2019-09-265,Subang,0.5273313546676123
2019-09-265,Sukabumi,0.565267058853941
2019-09-265,Sumedang,0.5566647133173673
2019-09-265,Kota Bekasi,0.2954489011274494
2019-09-265,Kota Depok,0.38331400642086555
2019-09-273,Bandung,0.5462190845172123
2019-09-273,Kota Cimahi,0.250054238371427
2019-09-273,Kota Tasikmalaya,0.45233127623277614
2019-09-273,Tasikmalaya,0.603621016838431
2019-09-273,Ciamis,0.4829502347183088
2019-09-273,Kota Banjar,0.5091171879222092
2019-09-273,Bekasi,0.3595856534253305
2019-09-273,Bogor,0.5869967335829431
2019-09-273,Cianjur,0.575452006715757
2019-09-273,Cirebon,0.3878831863344678
2019-09-273,Garut,0.6005379704491756
2019-09-273,Indramayu,0.3044719208848721
2019-09-273,Karawang,0.43519979828847877
2019-09-273,Kota Bandung,0.2861885163144594
2019-09-273,Kota Bogor,0.43010684478694006
2019-09-273,Kota Cirebon,0.3239464485764451
2019-09-273,Kota Sukabumi,0.45254779058334027
2019-09-273,Kuningan,0.5400484168357037
2019-09-273,Majalengka,0.430530224194684
2019-09-273,Purwakarta,0.45953922657388807
2019-09-273,Subang,0.480728056312619
2019-09-273,Sukabumi,0.5581590528277934
2019-09-273,Sumedang,0.5253779746557266
2019-09-273,Kota Bekasi,0.2558315316548799
2019-09-273,Kota Depok,0.34588003051591915
2019-10-281,Bandung,0.5378742279756065
2019-10-281,Kota Cimahi,0.2546798425389385
2019-10-281,Kota Tasikmalaya,0.3256303448897881
2019-10-281,Tasikmalaya,0.3451305064595727
2019-10-281,Ciamis,0.3259940883673911
2019-10-281,Kota Banjar,0.2537966127625557
2019-10-281,Bekasi,0.36898344484107876
2019-10-281,Bogor,0.5745203412195145
2019-10-281,Cianjur,0.5495767875898001
2019-10-281,Cirebon,0.3714572305506358
2019-10-281,Garut,0.5631268338799812
2019-10-281,Indramayu,0.30620904261689436
2019-10-281,Karawang,0.47141140930205666
2019-10-281,Kota Bandung,0.28582991344078806
2019-10-281,Kota Bogor,0.43635939007022156
2019-10-281,Kota Cirebon,0.3059346539279883
2019-10-281,Kota Sukabumi,0.459088864869029
2019-10-281,Kuningan,0.504811757949212
2019-10-281,Majalengka,0.40329394091471765
2019-10-281,Purwakarta,0.4426821554296046
2019-10-281,Subang,0.47965862899095035
2019-10-281,Sukabumi,0.5276550755778662
2019-10-281,Sumedang,0.5191344740789988
2019-10-281,Kota Bekasi,0.2581382201080524
2019-10-281,Kota Depok,0.3859083908444461
2019-10-289,Bandung,0.523505773696769
2019-10-289,Kota Cimahi,0.24197256968033087
2019-10-289,Kota Tasikmalaya,0.4561978624711616
2019-10-289,Tasikmalaya,0.5475099969247398
2019-10-289,Ciamis,0.4928629532727087
2019-10-289,Kota Banjar,0.4384772156684323
2019-10-289,Bekasi,0.3533816606966335
2019-10-289,Bogor,0.5354394563150857
2019-10-289,Cianjur,0.5479154704202261
2019-10-289,Cirebon,0.34873741992027213
2019-10-289,Garut,0.5573983058283339
2019-10-289,Indramayu,0.28593928221537546
2019-10-289,Karawang,0.46995362593291773
2019-10-289,Kota Bandung,0.27377610624899196
2019-10-289,Kota Bogor,0.4171933224109297
2019-10-289,Kota Cirebon,0.3195489174429638
2019-10-289,Kota Sukabumi,0.4472550757210631
2019-10-289,Kuningan,0.5192057968414399
2019-10-289,Majalengka,0.4109173430401483
2019-10-289,Purwakarta,0.44292565529552164
2019-10-289,Subang,0.4774175941574827
2019-10-289,Sukabumi,0.5029048854920554
2019-10-289,Sumedang,0.5045311935036652
2019-10-289,Kota Bekasi,0.22881011617261132
2019-10-289,Kota Depok,0.3525337504947192
2019-10-297,Bandung,0.5591029685222999
2019-10-297,Kota Cimahi,0.2907713879063649
2019-10-297,Kota Tasikmalaya,0.4923539475673936
2019-10-297,Tasikmalaya,0.6359996527040936
2019-10-297,Ciamis,0.560559310007604
2019-10-297,Kota Banjar,0.4547756315221919
2019-10-297,Bekasi,0.40559444760810687
2019-10-297,Bogor,0.6155411645536979
2019-10-297,Cianjur,0.590637515902369
2019-10-297,Cirebon,0.3509486951424069
2019-10-297,Garut,0.5741218057884487
2019-10-297,Indramayu,0.3019587401498673
2019-10-297,Karawang,0.4892654472795303
2019-10-297,Kota Bandung,0.29069356019694015
2019-10-297,Kota Bogor,0.46173674912769064
2019-10-297,Kota Cirebon,0.3142489157306395
2019-10-297,Kota Sukabumi,0.49294996751468106
2019-10-297,Kuningan,0.5375392472680272
2019-10-297,Majalengka,0.40858233703430363
2019-10-297,Purwakarta,0.49410709671170605
2019-10-297,Subang,0.4876194856639468
2019-10-297,Sukabumi,0.572156762174584
2019-10-297,Sumedang,0.5164885953575878
2019-10-297,Kota Bekasi,0.28983582395808666
2019-10-297,Kota Depok,0.39115625058978615
2019-11-305,Bandung,0.5538520098687567
2019-11-305,Kota Cimahi,0.27201488062104273
2019-11-305,Kota Tasikmalaya,0.5317344972112539
2019-11-305,Tasikmalaya,0.6689796174584657
2019-11-305,Ciamis,0.6254564519452734
2019-11-305,Kota Banjar,0.49705018636428605
2019-11-305,Bekasi,0.3720973766435526
2019-11-305,Bogor,0.6188006419582682
2019-11-305,Cianjur,0.6032368638177711
2019-11-305,Cirebon,0.3548270211663365
2019-11-305,Garut,0.5969292294001466
2019-11-305,Indramayu,0.2878707710489158
2019-11-305,Karawang,0.46545674855619973
2019-11-305,Kota Bandung,0.2882346024669415
2019-11-305,Kota Bogor,0.4562773630093985
2019-11-305,Kota Cirebon,0.3145508874050378
2019-11-305,Kota Sukabumi,0.4589715671626383
2019-11-305,Kuningan,0.5432198925047514
2019-11-305,Majalengka,0.4142167477225207
2019-11-305,Purwakarta,0.4667720043600642
2019-11-305,Subang,0.49807113962676075
2019-11-305,Sukabumi,0.5627799386717275
2019-11-305,Sumedang,0.539404081123335
2019-11-305,Kota Bekasi,0.2692896619291416
2019-11-305,Kota Depok,0.401717224181233
2019-11-313,Bandung,0.558293779022545
2019-11-313,Kota Cimahi,0.2835859536415285
2019-11-313,Kota Tasikmalaya,0.5926646073624312
2019-11-313,Tasikmalaya,0.6564338920962005
2019-11-313,Ciamis,0.4912019493975433
2019-11-313,Kota Banjar,0.4086968796802863
2019-11-313,Bekasi,0.41327038890260615
2019-11-313,Bogor,0.6514668994449255
2019-11-313,Cianjur,0.6111594796961047
2019-11-313,Cirebon,0.3512072228563637
2019-11-313,Garut,0.6019312641275735
2019-11-313,Indramayu,0.2903991143871474
2019-11-313,Karawang,0.48394434492415606
2019-11-313,Kota Bandung,0.31564140514080247
2019-11-313,Kota Bogor,0.462002059823505
2019-11-313,Kota Cirebon,0.32388987647450457
2019-11-313,Kota Sukabumi,0.4837235148259971
2019-11-313,Kuningan,0.5331778110597313
2019-11-313,Majalengka,0.4136710869638527
2019-11-313,Purwakarta,0.5210168219516447
2019-11-313,Subang,0.5125854613892155
2019-11-313,Sukabumi,0.6005269104506703
2019-11-313,Sumedang,0.5497021745659589
2019-11-313,Kota Bekasi,0.29900838378464206
2019-11-313,Kota Depok,0.40824840728219675
2019-11-321,Bandung,0.5915941916108989
2019-11-321,Kota Cimahi,0.28585346750086305
2019-11-321,Kota Tasikmalaya,0.4083022707586617
2019-11-321,Tasikmalaya,0.4567678083730322
2019-11-321,Ciamis,0.4455015801897396
2019-11-321,Kota Banjar,0.3778087273187615
2019-11-321,Bekasi,0.36502093933858587
2019-11-321,Bogor,0.6630168811864768
2019-11-321,Cianjur,0.5772770559851442
2019-11-321,Cirebon,0.3313967194648535
2019-11-321,Garut,0.5910015711741293
2019-11-321,Indramayu,0.2898558580547688
2019-11-321,Karawang,0.46580344620392833
2019-11-321,Kota Bandung,0.3137829057241482
2019-11-321,Kota Bogor,0.4516886831041612
2019-11-321,Kota Cirebon,0.31036045924849814
2019-11-321,Kota Sukabumi,0.48555935718544574
2019-11-321,Kuningan,0.5311412962638238
2019-11-321,Majalengka,0.41518612321443377
2019-11-321,Purwakarta,0.5572449116306303
2019-11-321,Subang,0.4883083601617824
2019-11-321,Sukabumi,0.5560413863839528
2019-11-321,Sumedang,0.5075872505311027
2019-11-321,Kota Bekasi,0.2724760248414893
2019-11-321,Kota Depok,0.3885934713548233
2019-11-329,Bandung,0.4232183597460546
2019-11-329,Kota Cimahi,0.26500225774252906
2019-11-329,Kota Tasikmalaya,0.4142153103621798
2019-11-329,Tasikmalaya,0.4439020841077082
2019-11-329,Ciamis,0.41241795628426786
2019-11-329,Kota Banjar,0.360960083451473
2019-11-329,Bekasi,0.25015373825726267
2019-11-329,Bogor,0.46081452972028325
2019-11-329,Cianjur,0.5044111690407552
2019-11-329,Cirebon,0.29863381571536557
2019-11-329,Garut,0.5033234835981086
2019-11-329,Indramayu,0.23419692748465096
2019-11-329,Karawang,0.3724438379422265
2019-11-329,Kota Bandung,0.31254555909327747
2019-11-329,Kota Bogor,0.3237964343998794
2019-11-329,Kota Cirebon,0.2807007834143064
2019-11-329,Kota Sukabumi,0.47919194558235095
2019-11-329,Kuningan,0.4901546887694757
2019-11-329,Majalengka,0.30645377454436384
2019-11-329,Purwakarta,0.4219985860464417
2019-11-329,Subang,0.41025774548514804
2019-11-329,Sukabumi,0.45505475061817796
2019-11-329,Sumedang,0.5169481176401844
2019-11-329,Kota Bekasi,0.233645804778394
2019-11-329,Kota Depok,0.35306920168163103
2019-12-337,Bandung,0.41471964067261324
2019-12-337,Kota Cimahi,0.1426983939436487
2019-12-337,Kota Tasikmalaya,0.3453596572457516
2019-12-337,Tasikmalaya,0.48954458763930075
2019-12-337,Ciamis,0.5016263054017358
2019-12-337,Kota Banjar,0.4857580929350535
2019-12-337,Bekasi,0.3195857514186221
2019-12-337,Bogor,0.5104124104717055
2019-12-337,Cianjur,0.500729303249157
2019-12-337,Cirebon,0.295229481298951
2019-12-337,Garut,0.42192056497806313
2019-12-337,Indramayu,0.25502697074121367
2019-12-337,Karawang,0.369530350587959
2019-12-337,Kota Bandung,0.2450632974481042
2019-12-337,Kota Bogor,0.40103015740293413
2019-12-337,Kota Cirebon,0.2651499403040608
2019-12-337,Kota Sukabumi,0.4867674765751974
2019-12-337,Kuningan,0.470257848849991
2019-12-337,Majalengka,0.3240711297410953
2019-12-337,Purwakarta,0.5220885568733997
2019-12-337,Subang,0.4261685649174319
2019-12-337,Sukabumi,0.49231191211096864
2019-12-337,Sumedang,0.4963912224391093
2019-12-337,Kota Bekasi,0.24865704209241987
2019-12-337,Kota Depok,0.35849513811408057
2019-12-345,Bandung,0.3722729130633241
2019-12-345,Kota Cimahi,0.1883105499976034
2019-12-345,Kota Tasikmalaya,0.43966813972964786
2019-12-345,Tasikmalaya,0.3947209638153892
2019-12-345,Ciamis,0.44035151557907004
2019-12-345,Kota Banjar,0.4492524061885663
2019-12-345,Bekasi,0.22697202798417485
2019-12-345,Bogor,0.504807522729019
2019-12-345,Cianjur,0.49362208876676156
2019-12-345,Cirebon,0.2231368026528591
2019-12-345,Garut,0.297803091282027
2019-12-345,Indramayu,0.22516677069560484
2019-12-345,Karawang,0.3283034507784502
2019-12-345,Kota Bandung,0.26278783200336636
2019-12-345,Kota Bogor,0.30467833859639104
2019-12-345,Kota Cirebon,0.1787022248039473
2019-12-345,Kota Sukabumi,0.45674927195632326
2019-12-345,Kuningan,0.260198554958693
2019-12-345,Majalengka,0.3811792577770953
2019-12-345,Purwakarta,0.5030586277801885
2019-12-345,Subang,0.45880202191274644
2019-12-345,Sukabumi,0.5360393015092858
2019-12-345,Sumedang,0.5251344531644522
2019-12-345,Kota Bekasi,0.2542582851774634
2019-12-345,Kota Depok,0.3263081916230917
2019-12-353,Bandung,0.5178130560431741
2019-12-353,Kota Cimahi,0.2240098290923361
2019-12-353,Kota Tasikmalaya,0.5227676209102459
2019-12-353,Tasikmalaya,0.6918140032387016
2019-12-353,Ciamis,0.5888164594851376
2019-12-353,Kota Banjar,0.5305445618469081
2019-12-353,Bekasi,0.25478805111448943
2019-12-353,Bogor,0.5607248689220626
2019-12-353,Cianjur,0.5726084520281007
2019-12-353,Cirebon,0.402107125091896
2019-12-353,Garut,0.5727384524551793
2019-12-353,Indramayu,0.2842185108007628
2019-12-353,Karawang,0.284926767793851
2019-12-353,Kota Bandung,0.2795523199573377
2019-12-353,Kota Bogor,0.4040699576450196
2019-12-353,Kota Cirebon,0.2612812185945239
2019-12-353,Kota Sukabumi,0.4956623470933843
2019-12-353,Kuningan,0.5741857200106808
2019-12-353,Majalengka,0.4411524962000248
2019-12-353,Purwakarta,0.4719729643724219
2019-12-353,Subang,0.441440020175266
2019-12-353,Sukabumi,0.5391942291188535
2019-12-353,Sumedang,0.5857130045709804
2019-12-353,Kota Bekasi,0.22123376284079105
2019-12-353,Kota Depok,0.37629608315042073
2019-12-361,Bandung,0.37066114871237166
2019-12-361,Kota Cimahi,0.1737808449702874
2019-12-361,Kota Tasikmalaya,0.5776176423835587
2019-12-361,Tasikmalaya,0.6416267990091941
2019-12-361,Ciamis,0.6538813393904379
2019-12-361,Kota Banjar,0.5888249394475592
2019-12-361,Bekasi,0.18961253517893023
2019-12-361,Bogor,0.2669709436650497
2019-12-361,Cianjur,0.45540653337077086
2019-12-361,Cirebon,0.3694283564118358
2019-12-361,Garut,0.6037654720722128
2019-12-361,Indramayu,0.2759835624278698
2019-12-361,Karawang,0.2114696826472359
2019-12-361,Kota Bandung,0.17390454497114724
2019-12-361,Kota Bogor,0.2221503323544821
2019-12-361,Kota Cirebon,0.30375765288335177
2019-12-361,Kota Sukabumi,0.45783229503338757
2019-12-361,Kuningan,0.4852222396330347
2019-12-361,Majalengka,0.4253571035287239
2019-12-361,Purwakarta,0.338643066908419
2019-12-361,Subang,0.45430222573288814
2019-12-361,Sukabumi,0.5643763777637056
2019-12-361,Sumedang,0.48361463311578123
2019-12-361,Kota Bekasi,0.09553465638573827
2019-12-361,Kota Depok,0.10604579652242423
2020-01-01,Bandung,0.22787492168124374
2020-01-01,Kota Cimahi,0.07725152830109622
2020-01-01,Kota Tasikmalaya,0.4322327403875845
2020-01-01,Tasikmalaya,0.5048866722218456
2020-01-01,Ciamis,0.5263672677395637
2020-01-01,Kota Banjar,0.4937874690013502
2020-01-01,Bekasi,0.23570962259196232
2020-01-01,Bogor,0.20763315382520608
2020-01-01,Cianjur,0.38425462515590403
2020-01-01,Cirebon,0.21701470460593306
2020-01-01,Garut,0.510730261347234
2020-01-01,Indramayu,0.2278570349030117
2020-01-01,Karawang,0.20510082266393198
2020-01-01,Kota Bandung,0.12514337316284233
2020-01-01,Kota Bogor,0.11809537164534317
2020-01-01,Kota Cirebon,0.25844355835681987
2020-01-01,Kota Sukabumi,0.4061326132550379
2020-01-01,Kuningan,0.29915017257308174
2020-01-01,Majalengka,0.21117502827683535
2020-01-01,Purwakarta,0.21843465946560037
2020-01-01,Subang,0.29922978098627023
2020-01-01,Sukabumi,0.5262717854806258
2020-01-01,Sumedang,0.2836182463534081
2020-01-01,Kota Bekasi,0.12865196603628612
2020-01-01,Kota Depok,0.21142942496360595
2020-01-09,Bandung,0.6667034014949625
2020-01-09,Kota Cimahi,0.30837219494622226
2020-01-09,Kota Tasikmalaya,0.5956355887518388
2020-01-09,Tasikmalaya,0.7206366328642446
2020-01-09,Ciamis,0.643031086710118
2020-01-09,Kota Banjar,0.6012373258443682
2020-01-09,Bekasi,0.2976116865874629
2020-01-09,Bogor,0.4506367497042724
2020-01-09,Cianjur,0.6649762700547759
2020-01-09,Cirebon,0.3252568078762586
2020-01-09,Garut,0.7613099610665947
2020-01-09,Indramayu,0.32071464672839106
2020-01-09,Karawang,0.32981981807975735
2020-01-09,Kota Bandung,0.3253302566091576
2020-01-09,Kota Bogor,0.3634526690136937
2020-01-09,Kota Cirebon,0.2542904212023583
2020-01-09,Kota Sukabumi,0.45468228936417376
2020-01-09,Kuningan,0.49961405584067875
2020-01-09,Majalengka,0.5865114910291073
2020-01-09,Purwakarta,0.5213058136729634
2020-01-09,Subang,0.4688989774228095
2020-01-09,Sukabumi,0.6208254678898698
2020-01-09,Sumedang,0.6132755498667624
2020-01-09,Kota Bekasi,0.15265612461579264
2020-01-09,Kota Depok,0.32821762563172957
2020-01-17,Bandung,0.48350614076032056
2020-01-17,Kota Cimahi,0.1882536061572841
2020-01-17,Kota Tasikmalaya,0.5935893599165332
2020-01-17,Tasikmalaya,0.7147125049154208
2020-01-17,Ciamis,0.663920182021068
2020-01-17,Kota Banjar,0.5711684291790341
2020-01-17,Bekasi,0.2023716281366851
2020-01-17,Bogor,0.3952738684404647
2020-01-17,Cianjur,0.6086581240639826
2020-01-17,Cirebon,0.3893066551995589
2020-01-17,Garut,0.6660630855005818
2020-01-17,Indramayu,0.2904135760451509
2020-01-17,Karawang,0.2695805280617874
2020-01-17,Kota Bandung,0.25878192747672923
2020-01-17,Kota Bogor,0.33654585586798474
2020-01-17,Kota Cirebon,0.33763274484545597
2020-01-17,Kota Sukabumi,0.4392863667403042
2020-01-17,Kuningan,0.5602727962206243
2020-01-17,Majalengka,0.555476443659792
2020-01-17,Purwakarta,0.48904562418262626
2020-01-17,Subang,0.4587415711158518
2020-01-17,Sukabumi,0.6406908658822361
2020-01-17,Sumedang,0.6193027646015105
2020-01-17,Kota Bekasi,0.09334261547150972
2020-01-17,Kota Depok,0.2047023749121387
2020-01-25,Bandung,0.4648436060477562
2020-01-25,Kota Cimahi,0.15740355489717814
2020-01-25,Kota Tasikmalaya,0.554797106373209
2020-01-25,Tasikmalaya,0.6498736194867522
2020-01-25,Ciamis,0.6771335768729334
2020-01-25,Kota Banjar,0.597498832840615
2020-01-25,Bekasi,0.29259927991061707
2020-01-25,Bogor,0.49641499684249607
2020-01-25,Cianjur,0.5783400752165968
2020-01-25,Cirebon,0.43968370482651803
2020-01-25,Garut,0.5365823136258557
2020-01-25,Indramayu,0.30855962630876077
2020-01-25,Karawang,0.35987018497141776
2020-01-25,Kota Bandung,0.18931728744215717
2020-01-25,Kota Bogor,0.3738390129726061
2020-01-25,Kota Cirebon,0.3997058022542008
2020-01-25,Kota Sukabumi,0.40413277042006635
2020-01-25,Kuningan,0.4454877565652738
2020-01-25,Majalengka,0.6676767179303493
2020-01-25,Purwakarta,0.5227335205922792
2020-01-25,Subang,0.41471868408106005
2020-01-25,Sukabumi,0.5947538573905937
2020-01-25,Sumedang,0.5433871649497056
2020-01-25,Kota Bekasi,0.16353063154869135
2020-01-25,Kota Depok,0.310433931362216
2020-02-33,Bandung,0.3857188391839331
2020-02-33,Kota Cimahi,0.22471662038724463
2020-02-33,Kota Tasikmalaya,0.574098483722413
2020-02-33,Tasikmalaya,0.6533618028019891
2020-02-33,Ciamis,0.6756155108110434
2020-02-33,Kota Banjar,0.5873930320762762
2020-02-33,Bekasi,0.14196197159815202
2020-02-33,Bogor,0.29437485360747495
2020-02-33,Cianjur,0.5417261452729208
2020-02-33,Cirebon,0.3996298277128542
2020-02-33,Garut,0.5794126584024921
2020-02-33,Indramayu,0.27865009778793287
2020-02-33,Karawang,0.17918886862940758
2020-02-33,Kota Bandung,0.2150956277992306
2020-02-33,Kota Bogor,0.1776620028553274
2020-02-33,Kota Cirebon,0.4167586846682166
2020-02-33,Kota Sukabumi,0.4238803323233953
2020-02-33,Kuningan,0.5379631853315173
2020-02-33,Majalengka,0.5682949899021229
2020-02-33,Purwakarta,0.3627141472663498
2020-02-33,Subang,0.33651579799515285
2020-02-33,Sukabumi,0.6318052156871814
2020-02-33,Sumedang,0.5734799924408068
2020-02-33,Kota Bekasi,0.08794451012462613
2020-02-33,Kota Depok,0.23806695312690762
2020-02-41,Bandung,0.5398312584697998
2020-02-41,Kota Cimahi,0.31850368722038513
2020-02-41,Kota Tasikmalaya,0.6227859842241698
2020-02-41,Tasikmalaya,0.7340120978717722
2020-02-41,Ciamis,0.7144688630572249
2020-02-41,Kota Banjar,0.6432779181616763
2020-02-41,Bekasi,0.29458048583371965
2020-02-41,Bogor,0.5743000002143139
2020-02-41,Cianjur,0.6450909248854103
2020-02-41,Cirebon,0.4957943973484741
2020-02-41,Garut,0.632844503355469
2020-02-41,Indramayu,0.42588858378721106
2020-02-41,Karawang,0.3562844711097543
2020-02-41,Kota Bandung,0.3304547556484539
2020-02-41,Kota Bogor,0.4442968420387896
2020-02-41,Kota Cirebon,0.41475248978791895
2020-02-41,Kota Sukabumi,0.3925319463302858
2020-02-41,Kuningan,0.7107626636152523
2020-02-41,Majalengka,0.691865139707487
2020-02-41,Purwakarta,0.5967476366258629
2020-02-41,Subang,0.5190017330622757
2020-02-41,Sukabumi,0.640127576483794
2020-02-41,Sumedang,0.6738458051693532
2020-02-41,Kota Bekasi,0.2516703413239962
2020-02-41,Kota Depok,0.385518947209512
2020-02-49,Bandung,0.28184434339685915
2020-02-49,Kota Cimahi,0.19922189503256726
2020-02-49,Kota Tasikmalaya,0.542030290315921
2020-02-49,Tasikmalaya,0.637389954841444
2020-02-49,Ciamis,0.6758067628499984
2020-02-49,Kota Banjar,0.7119702212458394
2020-02-49,Bekasi,0.04895631944387114
2020-02-49,Bogor,0.1709193586818572
2020-02-49,Cianjur,0.5803388630311149
2020-02-49,Cirebon,0.3129819579566653
2020-02-49,Garut,0.5444996066775728
2020-02-49,Indramayu,0.20316092829672364
2020-02-49,Karawang,0.042325623393934385
2020-02-49,Kota Bandung,0.19021629872716486
2020-02-49,Kota Bogor,0.09343174138172
2020-02-49,Kota Cirebon,0.31713281969043133
2020-02-49,Kota Sukabumi,0.5234731438161668
2020-02-49,Kuningan,0.4322487785982133
2020-02-49,Majalengka,0.2438798026740611
2020-02-49,Purwakarta,0.18263608163060005
2020-02-49,Subang,0.17491743727019896
2020-02-49,Sukabumi,0.7111715822464922
2020-02-49,Sumedang,0.22100545530925217
2020-02-49,Kota Bekasi,0.0336373869209709
2020-02-49,Kota Depok,0.10219487286173036
2020-02-57,Bandung,0.48598055232561144
2020-02-57,Kota Cimahi,0.29001668237551076
2020-02-57,Kota Tasikmalaya,0.5833490344288476
2020-02-57,Tasikmalaya,0.5791305417007538
2020-02-57,Ciamis,0.6005088829990456
2020-02-57,Kota Banjar,0.6283784797616607
2020-02-57,Bekasi,0.1834274219466309
2020-02-57,Bogor,0.2676314674356468
2020-02-57,Cianjur,0.5585967975175259
2020-02-57,Cirebon,0.44204621464835153
2020-02-57,Garut,0.5921957088035462
2020-02-57,Indramayu,0.3979296228234394
2020-02-57,Karawang,0.23674714042052306
2020-02-57,Kota Bandung,0.2797424267237872
2020-02-57,Kota Bogor,0.22037752155461143
2020-02-57,Kota Cirebon,0.33990121329209405
2020-02-57,Kota Sukabumi,0.46353296112109593
2020-02-57,Kuningan,0.4516715557087626
2020-02-57,Majalengka,0.5618506340327286
2020-02-57,Purwakarta,0.4691763589866336
2020-02-57,Subang,0.3994765084602605
2020-02-57,Sukabumi,0.6598428968813801
2020-02-57,Sumedang,0.559824056830982
2020-02-57,Kota Bekasi,0.1584249550032979
2020-02-57,Kota Depok,0.22617234719619136
2020-03-65,Bandung,0.6014315895781241
2020-03-65,Kota Cimahi,0.3207543389994386
2020-03-65,Kota Tasikmalaya,0.6458888065577032
2020-03-65,Tasikmalaya,0.771377186414169
2020-03-65,Ciamis,0.7534586698545669
2020-03-65,Kota Banjar,0.7358054873656514
2020-03-65,Bekasi,0.4343924519278673
2020-03-65,Bogor,0.66565601526575
2020-03-65,Cianjur,0.6790612106337108
2020-03-65,Cirebon,0.5898680699442859
2020-03-65,Garut,0.7028252189249021
2020-03-65,Indramayu,0.6203352811813924
2020-03-65,Karawang,0.41548540524779004
2020-03-65,Kota Bandung,0.34388930297068604
2020-03-65,Kota Bogor,0.47919053984581794
2020-03-65,Kota Cirebon,0.44676979476155854
2020-03-65,Kota Sukabumi,0.5609535450367605
2020-03-65,Kuningan,0.6589037344867699
2020-03-65,Majalengka,0.7089337812463713
2020-03-65,Purwakarta,0.6855322857167783
2020-03-65,Subang,0.6276117266528832
2020-03-65,Sukabumi,0.7172856283240421
2020-03-65,Sumedang,0.70505225101655
2020-03-65,Kota Bekasi,0.33620167947665924
2020-03-65,Kota Depok,0.47060687597516354
2020-03-73,Bandung,0.5989878946075667
2020-03-73,Kota Cimahi,0.3484152097054073
2020-03-73,Kota Tasikmalaya,0.6488249724695171
2020-03-73,Tasikmalaya,0.6874321264439248
2020-03-73,Ciamis,0.6082681094482565
2020-03-73,Kota Banjar,0.682724629686971
2020-03-73,Bekasi,0.43155930579340057
2020-03-73,Bogor,0.6236902807553435
2020-03-73,Cianjur,0.7511746915294197
2020-03-73,Cirebon,0.4092954767523076
2020-03-73,Garut,0.692839893283244
2020-03-73,Indramayu,0.6090526494369549
2020-03-73,Karawang,0.4315113294801494
2020-03-73,Kota Bandung,0.37615909514244744
2020-03-73,Kota Bogor,0.47079543034835136
2020-03-73,Kota Cirebon,0.21369806162411586
2020-03-73,Kota Sukabumi,0.5340115949290646
2020-03-73,Kuningan,0.5803950609762993
2020-03-73,Majalengka,0.598513467085243
2020-03-73,Purwakarta,0.653066429925893
2020-03-73,Subang,0.6448720641856968
2020-03-73,Sukabumi,0.7589712385708972
2020-03-73,Sumedang,0.7080635582964855
2020-03-73,Kota Bekasi,0.27652316527523235
2020-03-73,Kota Depok,0.3738916626165399
2020-03-81,Bandung,0.4975552029524913
2020-03-81,Kota Cimahi,0.2751985839421774
2020-03-81,Kota Tasikmalaya,0.631327898171955
2020-03-81,Tasikmalaya,0.6584042158526514
2020-03-81,Ciamis,0.6659016117215103
2020-03-81,Kota Banjar,0.7497369194479773
2020-03-81,Bekasi,0.3102974796291997
2020-03-81,Bogor,0.44144752892346417
2020-03-81,Cianjur,0.6461969659548585
2020-03-81,Cirebon,0.5629191363462273
2020-03-81,Garut,0.6370116315360214
2020-03-81,Indramayu,0.6046664678511972
2020-03-81,Karawang,0.32912660418697415
2020-03-81,Kota Bandung,0.33953439124886853
2020-03-81,Kota Bogor,0.25563843769507466
2020-03-81,Kota Cirebon,0.3214408716768966
2020-03-81,Kota Sukabumi,0.5205963458334883
2020-03-81,Kuningan,0.6166967567890229
2020-03-81,Majalengka,0.5607809936292955
2020-03-81,Purwakarta,0.4913267885588257
2020-03-81,Subang,0.5718262679469306
2020-03-81,Sukabumi,0.6899086570096006
2020-03-81,Sumedang,0.5750930998756995
2020-03-81,Kota Bekasi,0.1950674655391329
2020-03-81,Kota Depok,0.34953948453875056
2020-03-89,Bandung,0.6122886939741392
2020-03-89,Kota Cimahi,0.3375800147598868
2020-03-89,Kota Tasikmalaya,0.6450088249130422
2020-03-89,Tasikmalaya,0.6461955815960869
2020-03-89,Ciamis,0.6768109130180954
2020-03-89,Kota Banjar,0.7339398919253242
2020-03-89,Bekasi,0.48653619909155044
2020-03-89,Bogor,0.6906716387586501
2020-03-89,Cianjur,0.7313105269634601
2020-03-89,Cirebon,0.6136375745266553
2020-03-89,Garut,0.6349988102119418
2020-03-89,Indramayu,0.6750108838894386
2020-03-89,Karawang,0.4760535607200279
2020-03-89,Kota Bandung,0.35639155728085525
2020-03-89,Kota Bogor,0.5099227070784461
2020-03-89,Kota Cirebon,0.438866087061947
2020-03-89,Kota Sukabumi,0.5707518334980503
2020-03-89,Kuningan,0.6440648888568061
2020-03-89,Majalengka,0.6233220577427797
2020-03-89,Purwakarta,0.6772569036129924
2020-03-89,Subang,0.6809204417699487
2020-03-89,Sukabumi,0.7168829770540042
2020-03-89,Sumedang,0.6955985427642597
2020-03-89,Kota Bekasi,0.37992613550954785
2020-03-89,Kota Depok,0.47665862551446936
2020-04-97,Bandung,0.6335658022557171
2020-04-97,Kota Cimahi,0.3248033788272299
2020-04-97,Kota Tasikmalaya,0.654318436955559
2020-04-97,Tasikmalaya,0.7454894602717307
2020-04-97,Ciamis,0.7474901368414277
2020-04-97,Kota Banjar,0.6966936261472702
2020-04-97,Bekasi,0.4466550482765402
2020-04-97,Bogor,0.6113419193506141
2020-04-97,Cianjur,0.6804894306662919
2020-04-97,Cirebon,0.6498043399578343
2020-04-97,Garut,0.7497657890542017
2020-04-97,Indramayu,0.6466324300412823
2020-04-97,Karawang,0.468841808777258
2020-04-97,Kota Bandung,0.3700269799417201
2020-04-97,Kota Bogor,0.4511680934794583
2020-04-97,Kota Cirebon,0.48066962450669226
2020-04-97,Kota Sukabumi,0.5519257350248158
2020-04-97,Kuningan,0.7152269797931945
2020-04-97,Majalengka,0.629416373604067
2020-04-97,Purwakarta,0.6338151576539817
2020-04-97,Subang,0.6359086692479154
2020-04-97,Sukabumi,0.7128144439880902
2020-04-97,Sumedang,0.6998081039938266
2020-04-97,Kota Bekasi,0.3315693084823048
2020-04-97,Kota Depok,0.4550070163385213
2020-04-105,Bandung,0.5577577679300544
2020-04-105,Kota Cimahi,0.26813756828050944
2020-04-105,Kota Tasikmalaya,0.6126903813216337
2020-04-105,Tasikmalaya,0.7083548930848018
2020-04-105,Ciamis,0.7319859457762342
2020-04-105,Kota Banjar,0.7058555139165175
2020-04-105,Bekasi,0.4696559546830795
2020-04-105,Bogor,0.6204974631685378
2020-04-105,Cianjur,0.6943366272571485
2020-04-105,Cirebon,0.6135285895829014
2020-04-105,Garut,0.679629438254232
2020-04-105,Indramayu,0.5885687351171328
2020-04-105,Karawang,0.48886913470392496
2020-04-105,Kota Bandung,0.33625602488537804
2020-04-105,Kota Bogor,0.4199120564646394
2020-04-105,Kota Cirebon,0.49048009481391625
2020-04-105,Kota Sukabumi,0.5551788936870021
2020-04-105,Kuningan,0.5436666388475823
2020-04-105,Majalengka,0.5085577564490338
2020-04-105,Purwakarta,0.614481578737966
2020-04-105,Subang,0.5997546726567681
2020-04-105,Sukabumi,0.7002205510296575
2020-04-105,Sumedang,0.5963236428392288
2020-04-105,Kota Bekasi,0.2977646756075043
2020-04-105,Kota Depok,0.33160347409409596
2020-04-113,Bandung,0.5501605732374268
2020-04-113,Kota Cimahi,0.3218305602322935
2020-04-113,Kota Tasikmalaya,0.567929984752713
2020-04-113,Tasikmalaya,0.6036592850652032
2020-04-113,Ciamis,0.6517945737219126
2020-04-113,Kota Banjar,0.654560654888277
2020-04-113,Bekasi,0.42663444784926546
2020-04-113,Bogor,0.5329549530055027
2020-04-113,Cianjur,0.7206695592064866
2020-04-113,Cirebon,0.4905567249910218
2020-04-113,Garut,0.6049703780270818
2020-04-113,Indramayu,0.3626177664274272
2020-04-113,Karawang,0.49229121454107116
2020-04-113,Kota Bandung,0.37074139306254883
2020-04-113,Kota Bogor,0.41671617994138277
2020-04-113,Kota Cirebon,0.40492350000193533
2020-04-113,Kota Sukabumi,0.4828610597646046
2020-04-113,Kuningan,0.6054487635734227
2020-04-113,Majalengka,0.477374513478957
2020-04-113,Purwakarta,0.5754562853373096
2020-04-113,Subang,0.5348508216864768
2020-04-113,Sukabumi,0.6717382063119873
2020-04-113,Sumedang,0.5647919794425811
2020-04-113,Kota Bekasi,0.23701081205871796
2020-04-113,Kota Depok,0.3522659995790806
2020-04-121,Bandung,0.5905681628402161
2020-04-121,Kota Cimahi,0.3450784988746396
2020-04-121,Kota Tasikmalaya,0.5757575890626778
2020-04-121,Tasikmalaya,0.6931956784416008
2020-04-121,Ciamis,0.6309664648951222
2020-04-121,Kota Banjar,0.5051657820981568
2020-04-121,Bekasi,0.5020841817199776
2020-04-121,Bogor,0.6577297732986824
2020-04-121,Cianjur,0.7394917028939435
2020-04-121,Cirebon,0.5509249071495101
2020-04-121,Garut,0.7138131107173018
2020-04-121,Indramayu,0.47611293595110643
2020-04-121,Karawang,0.5956280985865641
2020-04-121,Kota Bandung,0.3468268913834926
2020-04-121,Kota Bogor,0.45367124403001374
2020-04-121,Kota Cirebon,0.4591209020879767
2020-04-121,Kota Sukabumi,0.5418694093334389
2020-04-121,Kuningan,0.5842829611076602
2020-04-121,Majalengka,0.5570592485735198
2020-04-121,Purwakarta,0.6515983118531186
2020-04-121,Subang,0.6351468885902516
2020-04-121,Sukabumi,0.7243448383170931
2020-04-121,Sumedang,0.6401686413183741
2020-04-121,Kota Bekasi,0.2701132576831044
2020-04-121,Kota Depok,0.47598965815280014
2020-05-129,Bandung,0.5453317595125187
2020-05-129,Kota Cimahi,0.32214816318957756
2020-05-129,Kota Tasikmalaya,0.4635418514505657
2020-05-129,Tasikmalaya,0.44775956436728337
2020-05-129,Ciamis,0.5338261823653538
2020-05-129,Kota Banjar,0.6205206662102017
2020-05-129,Bekasi,0.5126453866574174
2020-05-129,Bogor,0.6506058220741173
2020-05-129,Cianjur,0.6381161930808436
2020-05-129,Cirebon,0.5614777413267258
2020-05-129,Garut,0.6000322825067378
2020-05-129,Indramayu,0.4586735409041323
2020-05-129,Karawang,0.5869735073010811
2020-05-129,Kota Bandung,0.35258863257550177
2020-05-129,Kota Bogor,0.48561890867199425
2020-05-129,Kota Cirebon,0.4537859742063674
2020-05-129,Kota Sukabumi,0.540384069247061
2020-05-129,Kuningan,0.6117168114629229
2020-05-129,Majalengka,0.5840766163585362
2020-05-129,Purwakarta,0.5732900515563033
2020-05-129,Subang,0.5420937682266626
2020-05-129,Sukabumi,0.630022759273302
2020-05-129,Sumedang,0.626139225635211
2020-05-129,Kota Bekasi,0.37278696648480497
2020-05-129,Kota Depok,0.4713356440036131
2020-05-137,Bandung,0.6800912730215187
2020-05-137,Kota Cimahi,0.3417552027593459
2020-05-137,Kota Tasikmalaya,0.6109359454599363
2020-05-137,Tasikmalaya,0.7673872174582608
2020-05-137,Ciamis,0.7115571084525156
2020-05-137,Kota Banjar,0.6317749647188741
2020-05-137,Bekasi,0.51690142476038
2020-05-137,Bogor,0.701088511572858
2020-05-137,Cianjur,0.7734281164273236
2020-05-137,Cirebon,0.5596932150977354
2020-05-137,Garut,0.7559956459790383
2020-05-137,Indramayu,0.4467584281995165
2020-05-137,Karawang,0.5970981435661966
2020-05-137,Kota Bandung,0.35946402764217755
2020-05-137,Kota Bogor,0.4996689248609753
2020-05-137,Kota Cirebon,0.4785359342989956
2020-05-137,Kota Sukabumi,0.5509365517821675
2020-05-137,Kuningan,0.6902483017733057
2020-05-137,Majalengka,0.6193342362434385
2020-05-137,Purwakarta,0.6774977027963341
2020-05-137,Subang,0.6172801437483751
2020-05-137,Sukabumi,0.7722147829966072
2020-05-137,Sumedang,0.7152349491511618
2020-05-137,Kota Bekasi,0.3764594775040437
2020-05-137,Kota Depok,0.48107612307982084
2020-05-145,Bandung,0.5861809545226042
2020-05-145,Kota Cimahi,0.3054069916055856
2020-05-145,Kota Tasikmalaya,0.39979724576259795
2020-05-145,Tasikmalaya,0.4473839295647129
2020-05-145,Ciamis,0.5401637958646484
2020-05-145,Kota Banjar,0.6196201412951192
2020-05-145,Bekasi,0.5120947868335571
2020-05-145,Bogor,0.6700911668680025
2020-05-145,Cianjur,0.6831137146786156
2020-05-145,Cirebon,0.5400830721628124
2020-05-145,Garut,0.5108898996569204
2020-05-145,Indramayu,0.4286536290041193
2020-05-145,Karawang,0.5903010255891213
2020-05-145,Kota Bandung,0.33914278412042104
2020-05-145,Kota Bogor,0.5165832091902186
2020-05-145,Kota Cirebon,0.4677587334188615
2020-05-145,Kota Sukabumi,0.580430352366036
2020-05-145,Kuningan,0.6128886910690684
2020-05-145,Majalengka,0.6307219699418606
2020-05-145,Purwakarta,0.6724398165099441
2020-05-145,Subang,0.6101126024833098
2020-05-145,Sukabumi,0.6753343799198102
2020-05-145,Sumedang,0.7005706086519838
2020-05-145,Kota Bekasi,0.3725300536479775
2020-05-145,Kota Depok,0.48591347913982075
2020-06-153,Bandung,0.6764836635959713
2020-06-153,Kota Cimahi,0.37512201109967824
2020-06-153,Kota Tasikmalaya,0.4942853914159752
2020-06-153,Tasikmalaya,0.5883981588106578
2020-06-153,Ciamis,0.5576975530633648
2020-06-153,Kota Banjar,0.5358784056356742
2020-06-153,Bekasi,0.5230090870538335
2020-06-153,Bogor,0.65479518409151
2020-06-153,Cianjur,0.6915919062255448
2020-06-153,Cirebon,0.5455213825768283
2020-06-153,Garut,0.7136277746646177
2020-06-153,Indramayu,0.44171304764472463
2020-06-153,Karawang,0.5776617792259328
2020-06-153,Kota Bandung,0.3708706711429313
2020-06-153,Kota Bogor,0.5064490020394938
2020-06-153,Kota Cirebon,0.4474043322447425
2020-06-153,Kota Sukabumi,0.5803973843963424
2020-06-153,Kuningan,0.5918709225330483
2020-06-153,Majalengka,0.691841690124451
2020-06-153,Purwakarta,0.6605925728800676
2020-06-153,Subang,0.6097925248183831
2020-06-153,Sukabumi,0.7442123790037123
2020-06-153,Sumedang,0.7221473608856047
2020-06-153,Kota Bekasi,0.39920468207232707
2020-06-153,Kota Depok,0.5068631998389002
2020-06-161,Bandung,0.7287491908906668
2020-06-161,Kota Cimahi,0.36469295362694043
2020-06-161,Kota Tasikmalaya,0.644494727418996
2020-06-161,Tasikmalaya,0.7947257766096384
2020-06-161,Ciamis,0.757380582688951
2020-06-161,Kota Banjar,0.6654481265269926
2020-06-161,Bekasi,0.5139637126894656
2020-06-161,Bogor,0.7075288042225151
2020-06-161,Cianjur,0.7994469107896209
2020-06-161,Cirebon,0.5628294387912764
2020-06-161,Garut,0.803026401806249
2020-06-161,Indramayu,0.45735277331504015
2020-06-161,Karawang,0.556978511509121
2020-06-161,Kota Bandung,0.3782657008781252
2020-06-161,Kota Bogor,0.5240687004296781
2020-06-161,Kota Cirebon,0.47562439224749464
2020-06-161,Kota Sukabumi,0.5909792245719978
2020-06-161,Kuningan,0.7780858496783251
2020-06-161,Majalengka,0.7345743896194675
2020-06-161,Purwakarta,0.7227022930356161
2020-06-161,Subang,0.6380504180035843
2020-06-161,Sukabumi,0.775680547031778
2020-06-161,Sumedang,0.7789257840500605
2020-06-161,Kota Bekasi,0.4049451555188445
2020-06-161,Kota Depok,0.5049209017251924
2020-06-169,Bandung,0.6801688072211511
2020-06-169,Kota Cimahi,0.3370022203313294
2020-06-169,Kota Tasikmalaya,0.4081680533724434
2020-06-169,Tasikmalaya,0.4240304835253008
2020-06-169,Ciamis,0.4969183199129194
2020-06-169,Kota Banjar,0.4002640765961602
2020-06-169,Bekasi,0.4710517323209516
2020-06-169,Bogor,0.6826485285858404
2020-06-169,Cianjur,0.7416958820496276
2020-06-169,Cirebon,0.5538946194145358
2020-06-169,Garut,0.6682428486683216
2020-06-169,Indramayu,0.4528603492436168
2020-06-169,Karawang,0.519166385550326
2020-06-169,Kota Bandung,0.3597725172158177
2020-06-169,Kota Bogor,0.4991083964454976
2020-06-169,Kota Cirebon,0.46065257846735996
2020-06-169,Kota Sukabumi,0.5781956731370325
2020-06-169,Kuningan,0.7133517864954035
2020-06-169,Majalengka,0.701947632169153
2020-06-169,Purwakarta,0.6666305740205443
2020-06-169,Subang,0.6165192375115741
2020-06-169,Sukabumi,0.6340489754090904
2020-06-169,Sumedang,0.7544410096549768
2020-06-169,Kota Bekasi,0.3628190116839307
2020-06-169,Kota Depok,0.48012224494251227
2020-06-177,Bandung,0.7098236900108066
2020-06-177,Kota Cimahi,0.37190701287540595
2020-06-177,Kota Tasikmalaya,0.5546197590451146
2020-06-177,Tasikmalaya,0.6068752762389493
2020-06-177,Ciamis,0.6474264709306691
2020-06-177,Kota Banjar,0.5969423627108031
2020-06-177,Bekasi,0.4676332237267401
2020-06-177,Bogor,0.6914323516503786
2020-06-177,Cianjur,0.7927414888684289
2020-06-177,Cirebon,0.5485050523991573
2020-06-177,Garut,0.7410878177868859
2020-06-177,Indramayu,0.49753899215418734
2020-06-177,Karawang,0.5070332069416305
2020-06-177,Kota Bandung,0.3755950590375245
2020-06-177,Kota Bogor,0.5116103111703448
2020-06-177,Kota Cirebon,0.4754391748874151
2020-06-177,Kota Sukabumi,0.5200464245179154
2020-06-177,Kuningan,0.7706765279692737
2020-06-177,Majalengka,0.7201191528118561
2020-06-177,Purwakarta,0.7159335581568941
2020-06-177,Subang,0.6270576125238705
2020-06-177,Sukabumi,0.7269008675798799
2020-06-177,Sumedang,0.7721009813028289
2020-06-177,Kota Bekasi,0.39310372721595155
2020-06-177,Kota Depok,0.4849480821629349
2020-07-185,Bandung,0.6709219127695075
2020-07-185,Kota Cimahi,0.3212149587858869
2020-07-185,Kota Tasikmalaya,0.6002972221397421
2020-07-185,Tasikmalaya,0.6293919125949845
2020-07-185,Ciamis,0.5211367550360322
2020-07-185,Kota Banjar,0.46315537292887593
2020-07-185,Bekasi,0.4572389557912228
2020-07-185,Bogor,0.7065096068988242
2020-07-185,Cianjur,0.7857886090039633
2020-07-185,Cirebon,0.5518236739699799
2020-07-185,Garut,0.7052214723742494
2020-07-185,Indramayu,0.530196090832651
2020-07-185,Karawang,0.47836604979140324
2020-07-185,Kota Bandung,0.3681522046242609
2020-07-185,Kota Bogor,0.5079807404865896
2020-07-185,Kota Cirebon,0.4716648719873164
2020-07-185,Kota Sukabumi,0.5773276672323872
2020-07-185,Kuningan,0.7153382497620545
2020-07-185,Majalengka,0.6773985743836551
2020-07-185,Purwakarta,0.6492800091708594
2020-07-185,Subang,0.5988858877155123
2020-07-185,Sukabumi,0.7811110967191816
2020-07-185,Sumedang,0.751855550043889
2020-07-185,Kota Bekasi,0.3328848303337395
2020-07-185,Kota Depok,0.4870979483059798
2020-07-193,Bandung,0.6627473957935741
2020-07-193,Kota Cimahi,0.3322956381743791
2020-07-193,Kota Tasikmalaya,0.4299094587510193
2020-07-193,Tasikmalaya,0.5855831439899405
2020-07-193,Ciamis,0.46799466093251074
2020-07-193,Kota Banjar,0.5982620857664582
2020-07-193,Bekasi,0.39428067011485796
2020-07-193,Bogor,0.6921633866390603
2020-07-193,Cianjur,0.7721771378269839
2020-07-193,Cirebon,0.575115858594137
2020-07-193,Garut,0.7355844670947054
2020-07-193,Indramayu,0.5570855698281898
2020-07-193,Karawang,0.45349469472420156
2020-07-193,Kota Bandung,0.36047541406787814
2020-07-193,Kota Bogor,0.5121394795230261
2020-07-193,Kota Cirebon,0.4794411084045285
2020-07-193,Kota Sukabumi,0.5839002176949091
2020-07-193,Kuningan,0.7179824366171356
2020-07-193,Majalengka,0.6211852570975369
2020-07-193,Purwakarta,0.6933404919754478
2020-07-193,Subang,0.5809641011148999
2020-07-193,Sukabumi,0.7705187160971316
2020-07-193,Sumedang,0.7203975855090738
2020-07-193,Kota Bekasi,0.3016736011837978
2020-07-193,Kota Depok,0.4851376741064995
2020-07-201,Bandung,0.7076416500407681
2020-07-201,Kota Cimahi,0.34781360644118553
2020-07-201,Kota Tasikmalaya,0.42684405813587367
2020-07-201,Tasikmalaya,0.5396243149729562
2020-07-201,Ciamis,0.5641408683668757
2020-07-201,Kota Banjar,0.5809487826298263
2020-07-201,Bekasi,0.41814122090151107
2020-07-201,Bogor,0.71404393526979
2020-07-201,Cianjur,0.7654688484916071
2020-07-201,Cirebon,0.5676050551037117
2020-07-201,Garut,0.7828115921561186
2020-07-201,Indramayu,0.6064152579043128
2020-07-201,Karawang,0.43715686697425443
2020-07-201,Kota Bandung,0.35276122252293557
2020-07-201,Kota Bogor,0.47588850862297843
2020-07-201,Kota Cirebon,0.4761629416244159
2020-07-201,Kota Sukabumi,0.5880374535786848
2020-07-201,Kuningan,0.7504643815396106
2020-07-201,Majalengka,0.699796030520867
2020-07-201,Purwakarta,0.698117279257291
2020-07-201,Subang,0.603105007450168
2020-07-201,Sukabumi,0.7653847382739896
2020-07-201,Sumedang,0.7607106722377953
2020-07-201,Kota Bekasi,0.34633265285496045
2020-07-201,Kota Depok,0.4538190243168091
2020-07-209,Bandung,0.691787821469481
2020-07-209,Kota Cimahi,0.32005093424381564
2020-07-209,Kota Tasikmalaya,0.5472627860304656
2020-07-209,Tasikmalaya,0.7392387101880042
2020-07-209,Ciamis,0.706096778156913
2020-07-209,Kota Banjar,0.670850968213459
2020-07-209,Bekasi,0.41680949488621094
2020-07-209,Bogor,0.7019385337780039
2020-07-209,Cianjur,0.7594622287314126
2020-07-209,Cirebon,0.5448454943051089
2020-07-209,Garut,0.7634367285603307
2020-07-209,Indramayu,0.5841918385953982
2020-07-209,Karawang,0.4381190825106361
2020-07-209,Kota Bandung,0.34113238397642637
2020-07-209,Kota Bogor,0.49897302172020835
2020-07-209,Kota Cirebon,0.4552512998800868
2020-07-209,Kota Sukabumi,0.5658712037103246
2020-07-209,Kuningan,0.699378821800292
2020-07-209,Majalengka,0.6359426059440249
2020-07-209,Purwakarta,0.6789049780222239
2020-07-209,Subang,0.5848672972606342
2020-07-209,Sukabumi,0.7657640805201019
2020-07-209,Sumedang,0.7202379250864835
2020-07-209,Kota Bekasi,0.358953041239069
2020-07-209,Kota Depok,0.457761541068711
2020-08-217,Bandung,0.6180932604851079
2020-08-217,Kota Cimahi,0.3310969330867445
2020-08-217,Kota Tasikmalaya,0.6500540696147238
2020-08-217,Tasikmalaya,0.6107965070160111
2020-08-217,Ciamis,0.6337459009966072
2020-08-217,Kota Banjar,0.7123348837044965
2020-08-217,Bekasi,0.41061612470190456
2020-08-217,Bogor,0.5777926576964878
2020-08-217,Cianjur,0.7226953403735717
2020-08-217,Cirebon,0.5272832234405102
2020-08-217,Garut,0.74748809417693
2020-08-217,Indramayu,0.5737282762036209
2020-08-217,Karawang,0.4309734586693478
2020-08-217,Kota Bandung,0.35657980499305203
2020-08-217,Kota Bogor,0.46151050003961847
2020-08-217,Kota Cirebon,0.44632214281602717
2020-08-217,Kota Sukabumi,0.5738532324474931
2020-08-217,Kuningan,0.6090370718448742
2020-08-217,Majalengka,0.5524414090393308
2020-08-217,Purwakarta,0.5855805935952156
2020-08-217,Subang,0.568677287092801
2020-08-217,Sukabumi,0.7483744775522614
2020-08-217,Sumedang,0.6806742420972366
2020-08-217,Kota Bekasi,0.36035695948578794
2020-08-217,Kota Depok,0.38489710160975266
2020-08-225,Bandung,0.6613558135812461
2020-08-225,Kota Cimahi,0.3807436750818245
2020-08-225,Kota Tasikmalaya,0.38932616654533103
2020-08-225,Tasikmalaya,0.41630376861289387
2020-08-225,Ciamis,0.37001184308086865
2020-08-225,Kota Banjar,0.4161088666474823
2020-08-225,Bekasi,0.39531138068221044
2020-08-225,Bogor,0.5813157665807549
2020-08-225,Cianjur,0.6709972082857738
2020-08-225,Cirebon,0.48290232222674884
2020-08-225,Garut,0.6437712862165426
2020-08-225,Indramayu,0.5708443669255149
2020-08-225,Karawang,0.4268440711764099
2020-08-225,Kota Bandung,0.38320341974705185
2020-08-225,Kota Bogor,0.44049376817852637
2020-08-225,Kota Cirebon,0.33203119624381583
2020-08-225,Kota Sukabumi,0.5568539821045787
2020-08-225,Kuningan,0.46713119309098056
2020-08-225,Majalengka,0.4195363387879838
2020-08-225,Purwakarta,0.6285545036561663
2020-08-225,Subang,0.5678496917413683
2020-08-225,Sukabumi,0.657286846485034
2020-08-225,Sumedang,0.5960842931452659
2020-08-225,Kota Bekasi,0.27909262011912195
2020-08-225,Kota Depok,0.35812451748703805
2020-08-233,Bandung,0.6801563980332295
2020-08-233,Kota Cimahi,0.30273158712535686
2020-08-233,Kota Tasikmalaya,0.6120721127701757
2020-08-233,Tasikmalaya,0.6421942582321483
2020-08-233,Ciamis,0.6103734791058325
2020-08-233,Kota Banjar,0.5948063650754638
2020-08-233,Bekasi,0.4104258685629074
2020-08-233,Bogor,0.6931178804013493
2020-08-233,Cianjur,0.7445361451540549
2020-08-233,Cirebon,0.5638685470397707
2020-08-233,Garut,0.7596900827844293
2020-08-233,Indramayu,0.5411262141964592
2020-08-233,Karawang,0.42299597249527604
2020-08-233,Kota Bandung,0.33396132880718715
2020-08-233,Kota Bogor,0.478671208670422
2020-08-233,Kota Cirebon,0.4180914316026988
2020-08-233,Kota Sukabumi,0.5392350229964951
2020-08-233,Kuningan,0.7101590424551929
2020-08-233,Majalengka,0.6015548648017397
2020-08-233,Purwakarta,0.6539191106226294
2020-08-233,Subang,0.585167868423893
2020-08-233,Sukabumi,0.7446933100248517
2020-08-233,Sumedang,0.6934131348574747
2020-08-233,Kota Bekasi,0.34758638474431625
2020-08-233,Kota Depok,0.4292502557045024
2020-08-241,Bandung,0.6361987957849752
2020-08-241,Kota Cimahi,0.3059502170163505
2020-08-241,Kota Tasikmalaya,0.17126955094932145
2020-08-241,Tasikmalaya,0.2053857670354096
2020-08-241,Ciamis,0.25666072218939945
2020-08-241,Kota Banjar,0.25830329394760404
2020-08-241,Bekasi,0.4171105253464234
2020-08-241,Bogor,0.5932198946293518
2020-08-241,Cianjur,0.5708620128717131
2020-08-241,Cirebon,0.5326194567177126
2020-08-241,Garut,0.5528045252760795
2020-08-241,Indramayu,0.4924297630094886
2020-08-241,Karawang,0.4220403648676399
2020-08-241,Kota Bandung,0.3422442366041317
2020-08-241,Kota Bogor,0.4324436166402792
2020-08-241,Kota Cirebon,0.3884538381695047
2020-08-241,Kota Sukabumi,0.5046549738388992
2020-08-241,Kuningan,0.6343989285160353
2020-08-241,Majalengka,0.5285815235865117
2020-08-241,Purwakarta,0.6311213934641132
2020-08-241,Subang,0.5990977036116367
2020-08-241,Sukabumi,0.6419994109673169
2020-08-241,Sumedang,0.6586387014583494
2020-08-241,Kota Bekasi,0.3050641149537622
2020-08-241,Kota Depok,0.4201056226376864
2020-09-249,Bandung,0.6216415814673404
2020-09-249,Kota Cimahi,0.29054349516030853
2020-09-249,Kota Tasikmalaya,0.4966033068072831
2020-09-249,Tasikmalaya,0.5570114674123837
2020-09-249,Ciamis,0.4782927901345411
2020-09-249,Kota Banjar,0.573483834723157
2020-09-249,Bekasi,0.4216516859511193
2020-09-249,Bogor,0.6281010355936336
2020-09-249,Cianjur,0.625411081396482
2020-09-249,Cirebon,0.5326069574063539
2020-09-249,Garut,0.6704404194529817
2020-09-249,Indramayu,0.47340368109601116
2020-09-249,Karawang,0.4206621748073695
2020-09-249,Kota Bandung,0.3307214115566288
2020-09-249,Kota Bogor,0.46628935949846956
2020-09-249,Kota Cirebon,0.3740192912465929
2020-09-249,Kota Sukabumi,0.5163794338112452
2020-09-249,Kuningan,0.6453584700929195
2020-09-249,Majalengka,0.5506261945619196
2020-09-249,Purwakarta,0.6061653758717284
2020-09-249,Subang,0.598198858779781
2020-09-249,Sukabumi,0.6661296929009531
2020-09-249,Sumedang,0.656428910383387
2020-09-249,Kota Bekasi,0.3287046969005693
2020-09-249,Kota Depok,0.42905580246190683
2020-09-257,Bandung,0.6547539635623184
2020-09-257,Kota Cimahi,0.2993773354240192
2020-09-257,Kota Tasikmalaya,0.5132771073932368
2020-09-257,Tasikmalaya,0.5244764151731803
2020-09-257,Ciamis,0.533250690535568
2020-09-257,Kota Banjar,0.5050900863145509
2020-09-257,Bekasi,0.436383017701215
2020-09-257,Bogor,0.6761362799303926
2020-09-257,Cianjur,0.7206363484410038
2020-09-257,Cirebon,0.49831754396449857
2020-09-257,Garut,0.7169039205023326
2020-09-257,Indramayu,0.41186257570065465
2020-09-257,Karawang,0.4342536686830037
2020-09-257,Kota Bandung,0.3344146574846042
2020-09-257,Kota Bogor,0.4761906455960252
2020-09-257,Kota Cirebon,0.37588464029118307
2020-09-257,Kota Sukabumi,0.5207891324902852
2020-09-257,Kuningan,0.6456191636617227
2020-09-257,Majalengka,0.5432292264085321
2020-09-257,Purwakarta,0.6354813516522875
2020-09-257,Subang,0.6155080239402138
2020-09-257,Sukabumi,0.69373711549367
2020-09-257,Sumedang,0.6503398199458759
2020-09-257,Kota Bekasi,0.3340376531013674
2020-09-257,Kota Depok,0.42163605128431536
2020-09-265,Bandung,0.6093935879670268
2020-09-265,Kota Cimahi,0.3159880493756816
2020-09-265,Kota Tasikmalaya,0.3511264305368809
2020-09-265,Tasikmalaya,0.4019557562899488
2020-09-265,Ciamis,0.4267858508249298
2020-09-265,Kota Banjar,0.4673642468678473
2020-09-265,Bekasi,0.4410282336908327
2020-09-265,Bogor,0.6798979720773946
2020-09-265,Cianjur,0.6967441284885826
2020-09-265,Cirebon,0.49554557012149836
2020-09-265,Garut,0.6380722839557932
2020-09-265,Indramayu,0.3938629763871263
2020-09-265,Karawang,0.41652062466527556
2020-09-265,Kota Bandung,0.33407598243068143
2020-09-265,Kota Bogor,0.4847482970136171
2020-09-265,Kota Cirebon,0.37304724524893873
2020-09-265,Kota Sukabumi,0.500863696881016
2020-09-265,Kuningan,0.5982848541831745
2020-09-265,Majalengka,0.5207853915729105
2020-09-265,Purwakarta,0.6201358897458472
2020-09-265,Subang,0.6101540376067541
2020-09-265,Sukabumi,0.695315683999561
2020-09-265,Sumedang,0.6299641258075942
2020-09-265,Kota Bekasi,0.3294128363563191
2020-09-265,Kota Depok,0.44670608373658
2020-09-273,Bandung,0.5829649912376698
2020-09-273,Kota Cimahi,0.2583704017699588
2020-09-273,Kota Tasikmalaya,0.3776788703870818
2020-09-273,Tasikmalaya,0.3302323944878875
2020-09-273,Ciamis,0.37835860126000453
2020-09-273,Kota Banjar,0.33173083873126435
2020-09-273,Bekasi,0.4416392699373048
2020-09-273,Bogor,0.6183899581551794
2020-09-273,Cianjur,0.4756416733702238
2020-09-273,Cirebon,0.46966964268426825
2020-09-273,Garut,0.5467395077944491
2020-09-273,Indramayu,0.38239987612189263
2020-09-273,Karawang,0.45660420108897115
2020-09-273,Kota Bandung,0.31164043547336234
2020-09-273,Kota Bogor,0.4517735270374234
2020-09-273,Kota Cirebon,0.35713361778570923
2020-09-273,Kota Sukabumi,0.4970717994103967
2020-09-273,Kuningan,0.5881213631646959
2020-09-273,Majalengka,0.5116759191511284
2020-09-273,Purwakarta,0.6082144103401488
2020-09-273,Subang,0.5808432309584772
2020-09-273,Sukabumi,0.5085687244617766
2020-09-273,Sumedang,0.590115856797694
2020-09-273,Kota Bekasi,0.3091506586542858
2020-09-273,Kota Depok,0.42836147185334017
2020-10-281,Bandung,0.43105649808429813
2020-10-281,Kota Cimahi,0.17064693547384846
2020-10-281,Kota Tasikmalaya,0.1874094241154329
2020-10-281,Tasikmalaya,0.33652784971877303
2020-10-281,Ciamis,0.3866015291364347
2020-10-281,Kota Banjar,0.34021725201645625
2020-10-281,Bekasi,0.416467982540802
2020-10-281,Bogor,0.49126970898894384
2020-10-281,Cianjur,0.4236581810141033
2020-10-281,Cirebon,0.4444913565023876
2020-10-281,Garut,0.4461545924278446
2020-10-281,Indramayu,0.3647144354978875
2020-10-281,Karawang,0.4469989604921018
2020-10-281,Kota Bandung,0.26587099627730604
2020-10-281,Kota Bogor,0.33760193746936756
2020-10-281,Kota Cirebon,0.3431528468111165
2020-10-281,Kota Sukabumi,0.44568028481912786
2020-10-281,Kuningan,0.5356697085891015
2020-10-281,Majalengka,0.4845912947711956
2020-10-281,Purwakarta,0.5866600599107054
2020-10-281,Subang,0.5662273439293017
2020-10-281,Sukabumi,0.4983699813281006
2020-10-281,Sumedang,0.5564375315907235
2020-10-281,Kota Bekasi,0.22090915971404612
2020-10-281,Kota Depok,0.3412365226996236
2020-10-289,Bandung,0.3683025638395345
2020-10-289,Kota Cimahi,0.19625468995574633
2020-10-289,Kota Tasikmalaya,0.4012131658980269
2020-10-289,Tasikmalaya,0.31599221308587866
2020-10-289,Ciamis,0.3326672797331026
2020-10-289,Kota Banjar,0.3985734452246565
2020-10-289,Bekasi,0.35922663652635395
2020-10-289,Bogor,0.4961485737153035
2020-10-289,Cianjur,0.5426422378596198
2020-10-289,Cirebon,0.45325539169266305
2020-10-289,Garut,0.4285516736902834
2020-10-289,Indramayu,0.257072338075635
2020-10-289,Karawang,0.3709111835855876
2020-10-289,Kota Bandung,0.20289773372564207
2020-10-289,Kota Bogor,0.3551046709128026
2020-10-289,Kota Cirebon,0.3470581539791277
2020-10-289,Kota Sukabumi,0.4509146135990021
2020-10-289,Kuningan,0.5549969383360435
2020-10-289,Majalengka,0.4104619090328986
2020-10-289,Purwakarta,0.46931998828487104
2020-10-289,Subang,0.4042673663826206
2020-10-289,Sukabumi,0.5339031828025356
2020-10-289,Sumedang,0.419030106628821
2020-10-289,Kota Bekasi,0.1870423316673613
2020-10-289,Kota Depok,0.3101149693476938
2020-10-297,Bandung,0.3771559483642101
2020-10-297,Kota Cimahi,0.2606174662652782
2020-10-297,Kota Tasikmalaya,0.3081485155773346
2020-10-297,Tasikmalaya,0.38373794085001844
2020-10-297,Ciamis,0.3451905297609395
2020-10-297,Kota Banjar,0.32719795355062525
2020-10-297,Bekasi,0.2675103546634053
2020-10-297,Bogor,0.3886389056285306
2020-10-297,Cianjur,0.3317715827473932
2020-10-297,Cirebon,0.3568624369694758
2020-10-297,Garut,0.43046651294060373
2020-10-297,Indramayu,0.30486343925117115
2020-10-297,Karawang,0.3497590893528787
2020-10-297,Kota Bandung,0.32756936937580594
2020-10-297,Kota Bogor,0.24806321831005482
2020-10-297,Kota Cirebon,0.3027456539906643
2020-10-297,Kota Sukabumi,0.25268531108974407
2020-10-297,Kuningan,0.482430203376439
2020-10-297,Majalengka,0.3527521347684199
2020-10-297,Purwakarta,0.4627847719474075
2020-10-297,Subang,0.49452510797332305
2020-10-297,Sukabumi,0.33787616472415205
2020-10-297,Sumedang,0.5000845358347976
2020-10-297,Kota Bekasi,0.186275573058598
2020-10-297,Kota Depok,0.30501309004490507
2020-10-305,Bandung,0.5528206716394655
2020-10-305,Kota Cimahi,0.21824441719461068
2020-10-305,Kota Tasikmalaya,0.582374894311932
2020-10-305,Tasikmalaya,0.6894674170758276
2020-10-305,Ciamis,0.6331850355971427
2020-10-305,Kota Banjar,0.5545442821968706
2020-10-305,Bekasi,0.3365550587652011
2020-10-305,Bogor,0.5184907042702077
2020-10-305,Cianjur,0.6021491766082144
2020-10-305,Cirebon,0.3844704006678893
2020-10-305,Garut,0.7010987310128793
2020-10-305,Indramayu,0.2704285279117647
2020-10-305,Karawang,0.40888807832776136
2020-10-305,Kota Bandung,0.30516969142420947
2020-10-305,Kota Bogor,0.43250167708129766
2020-10-305,Kota Cirebon,0.28964004677845645
2020-10-305,Kota Sukabumi,0.4175891696416778
2020-10-305,Kuningan,0.6181455515135896
2020-10-305,Majalengka,0.5154642089438346
2020-10-305,Purwakarta,0.5647227933096111
2020-10-305,Subang,0.4391744400904037
2020-10-305,Sukabumi,0.6173835102481783
2020-10-305,Sumedang,0.5761178042610673
2020-10-305,Kota Bekasi,0.2737406065445197
2020-10-305,Kota Depok,0.23091483702036825
2020-11-313,Bandung,0.5352234086183945
2020-11-313,Kota Cimahi,0.17436256917999807
2020-11-313,Kota Tasikmalaya,0.5429990255605555
2020-11-313,Tasikmalaya,0.5073824325447782
2020-11-313,Ciamis,0.5131227668153733
2020-11-313,Kota Banjar,0.5426112601054154
2020-11-313,Bekasi,0.35969904483491555
2020-11-313,Bogor,0.5469112633983746
2020-11-313,Cianjur,0.5874258398956134
2020-11-313,Cirebon,0.48022772572994976
2020-11-313,Garut,0.5810596926722411
2020-11-313,Indramayu,0.33664844624158785
2020-11-313,Karawang,0.48622005479505936
2020-11-313,Kota Bandung,0.271759815819095
2020-11-313,Kota Bogor,0.45052441891931816
2020-11-313,Kota Cirebon,0.4261241668630471
2020-11-313,Kota Sukabumi,0.5116404769524417
2020-11-313,Kuningan,0.6313147986111163
2020-11-313,Majalengka,0.4765910294384566
2020-11-313,Purwakarta,0.5799086889856283
2020-11-313,Subang,0.5179830853656392
2020-11-313,Sukabumi,0.6225182382537525
2020-11-313,Sumedang,0.5398807315296377
2020-11-313,Kota Bekasi,0.2323541932351249
2020-11-313,Kota Depok,0.35381050023550403
2020-11-321,Bandung,0.486289693212296
2020-11-321,Kota Cimahi,0.2984192684209872
2020-11-321,Kota Tasikmalaya,0.29496171022889567
2020-11-321,Tasikmalaya,0.30440680517616975
2020-11-321,Ciamis,0.31078387915581174
2020-11-321,Kota Banjar,0.32672163785473796
2020-11-321,Bekasi,0.3441475142946313
2020-11-321,Bogor,0.5005815495950412
2020-11-321,Cianjur,0.5450602404094422
2020-11-321,Cirebon,0.5013752924896483
2020-11-321,Garut,0.41017948376902674
2020-11-321,Indramayu,0.3345449499429367
2020-11-321,Karawang,0.49155127297250784
2020-11-321,Kota Bandung,0.28400072969622925
2020-11-321,Kota Bogor,0.26281745423163355
2020-11-321,Kota Cirebon,0.45187835930641046
2020-11-321,Kota Sukabumi,0.4862441810306085
2020-11-321,Kuningan,0.6112508548794559
2020-11-321,Majalengka,0.42833915566493574
2020-11-321,Purwakarta,0.604174905191946
2020-11-321,Subang,0.5328896712392186
2020-11-321,Sukabumi,0.5816269209346342
2020-11-321,Sumedang,0.6212060681494341
2020-11-321,Kota Bekasi,0.22880418788047024
2020-11-321,Kota Depok,0.32541249405091865
2020-11-329,Bandung,0.6254409312364091
2020-11-329,Kota Cimahi,0.3551364491190541
2020-11-329,Kota Tasikmalaya,0.5028731780977502
2020-11-329,Tasikmalaya,0.561716554753561
2020-11-329,Ciamis,0.4521988841098793
2020-11-329,Kota Banjar,0.4886622552120423
2020-11-329,Bekasi,0.3663049065511615
2020-11-329,Bogor,0.5968442458608522
2020-11-329,Cianjur,0.6016614379821869
2020-11-329,Cirebon,0.4377261014953777
2020-11-329,Garut,0.6342571339787034
2020-11-329,Indramayu,0.32546400988649626
2020-11-329,Karawang,0.48983313820226876
2020-11-329,Kota Bandung,0.37901928757623626
2020-11-329,Kota Bogor,0.42263394850439917
2020-11-329,Kota Cirebon,0.403566191645433
2020-11-329,Kota Sukabumi,0.3137481121126816
2020-11-329,Kuningan,0.5158775504931442
2020-11-329,Majalengka,0.4553594515361958
2020-11-329,Purwakarta,0.5948250187008892
2020-11-329,Subang,0.47318142883851844
2020-11-329,Sukabumi,0.4827369289915127
2020-11-329,Sumedang,0.6697180671971539
2020-11-329,Kota Bekasi,0.3361590596727616
2020-11-329,Kota Depok,0.43306009684450053
2020-12-337,Bandung,0.2288138266292983
2020-12-337,Kota Cimahi,0.15020244193805346
2020-12-337,Kota Tasikmalaya,0.5841833829583827
2020-12-337,Tasikmalaya,0.6372044594235027
2020-12-337,Ciamis,0.5046145692911481
2020-12-337,Kota Banjar,0.6076828766275479
2020-12-337,Bekasi,0.29653746721758256
2020-12-337,Bogor,0.20934011412137832
2020-12-337,Cianjur,0.34164239580807926
2020-12-337,Cirebon,0.4388931568573309
2020-12-337,Garut,0.5342377205046458
2020-12-337,Indramayu,0.2905102123178216
2020-12-337,Karawang,0.3905176875985197
2020-12-337,Kota Bandung,0.1609378799902266
2020-12-337,Kota Bogor,0.08616201768961546
2020-12-337,Kota Cirebon,0.36006839238820004
2020-12-337,Kota Sukabumi,0.14105806817372873
2020-12-337,Kuningan,0.6505701051521535
2020-12-337,Majalengka,0.5360929549241412
2020-12-337,Purwakarta,0.3118410524200489
2020-12-337,Subang,0.42106045660897795
2020-12-337,Sukabumi,0.3284221243614756
2020-12-337,Sumedang,0.4696630735342216
2020-12-337,Kota Bekasi,0.23450814870154543
2020-12-337,Kota Depok,0.11077103459971027
2020-12-345,Bandung,0.3087579282794223
2020-12-345,Kota Cimahi,0.22115126298703353
2020-12-345,Kota Tasikmalaya,0.27551747280841987
2020-12-345,Tasikmalaya,0.4838205243511352
2020-12-345,Ciamis,0.4259898048752004
2020-12-345,Kota Banjar,0.4254402180264536
2020-12-345,Bekasi,0.23903169027909607
2020-12-345,Bogor,0.36689839259723617
2020-12-345,Cianjur,0.33250896560495324
2020-12-345,Cirebon,0.2972952805960603
2020-12-345,Garut,0.38280845708860106
2020-12-345,Indramayu,0.16806173320775095
2020-12-345,Karawang,0.2435502592045606
2020-12-345,Kota Bandung,0.26349384435091044
2020-12-345,Kota Bogor,0.28406272258443266
2020-12-345,Kota Cirebon,0.3088374793615072
2020-12-345,Kota Sukabumi,0.2806639553123114
2020-12-345,Kuningan,0.30536887323293305
2020-12-345,Majalengka,0.3735315012721744
2020-12-345,Purwakarta,0.3209250459037864
2020-12-345,Subang,0.242481160034577
2020-12-345,Sukabumi,0.2942509086728316
2020-12-345,Sumedang,0.3915676504385187
2020-12-345,Kota Bekasi,0.19424820389649947
2020-12-345,Kota Depok,0.29743572801735224
2020-12-353,Bandung,0.46411561004111795
2020-12-353,Kota Cimahi,0.31163494183004986
2020-12-353,Kota Tasikmalaya,0.5776594365935983
2020-12-353,Tasikmalaya,0.6230473251999821
2020-12-353,Ciamis,0.5723158949774197
2020-12-353,Kota Banjar,0.5390560220898121
2020-12-353,Bekasi,0.3003583408218671
2020-12-353,Bogor,0.48561307529607317
2020-12-353,Cianjur,0.5157817070902214
2020-12-353,Cirebon,0.3870557953587123
2020-12-353,Garut,0.5131536855071683
2020-12-353,Indramayu,0.24888020858371943
2020-12-353,Karawang,0.3657533170028799
2020-12-353,Kota Bandung,0.29339714269021017
2020-12-353,Kota Bogor,0.2787731302067365
2020-12-353,Kota Cirebon,0.41776593167247283
2020-12-353,Kota Sukabumi,0.18292291271268796
2020-12-353,Kuningan,0.6421956179657758
2020-12-353,Majalengka,0.5203359691467884
2020-12-353,Purwakarta,0.5180264782453589
2020-12-353,Subang,0.42050146079781975
2020-12-353,Sukabumi,0.37062059416412724
2020-12-353,Sumedang,0.5795218555593883
2020-12-353,Kota Bekasi,0.22388618949240752
2020-12-353,Kota Depok,0.31573895305940536
2020-12-361,Bandung,0.32632464014081963
2020-12-361,Kota Cimahi,0.33331885472066425
2020-12-361,Kota Tasikmalaya,0.4582525168388946
2020-12-361,Tasikmalaya,0.5095044622005741
2020-12-361,Ciamis,0.4505776105442176
2020-12-361,Kota Banjar,0.60132088303517
2020-12-361,Bekasi,0.2662035259628963
2020-12-361,Bogor,0.41593364388412934
2020-12-361,Cianjur,0.36374149215536283
2020-12-361,Cirebon,0.33028189757603355
2020-12-361,Garut,0.43268745066771724
2020-12-361,Indramayu,0.19483911977866453
2020-12-361,Karawang,0.2621131762158339
2020-12-361,Kota Bandung,0.240573018668711
2020-12-361,Kota Bogor,0.2130028758669845
2020-12-361,Kota Cirebon,0.42208477608917466
2020-12-361,Kota Sukabumi,0.3970958181452664
2020-12-361,Kuningan,0.3894588929998118
2020-12-361,Majalengka,0.41442442591268513
2020-12-361,Purwakarta,0.43821398971640313
2020-12-361,Subang,0.36249436215031694
2020-12-361,Sukabumi,0.4265752812921326
2020-12-361,Sumedang,0.4320786419274856
2020-12-361,Kota Bekasi,0.15253326527664543
2020-12-361,Kota Depok,0.3651400405940113
2021-01-01,Bandung,0.3873879019007351
2021-01-01,Kota Cimahi,0.2558991808199225
2021-01-01,Kota Tasikmalaya,0.5559245548734384
2021-01-01,Tasikmalaya,0.5095083117547985
2021-01-01,Ciamis,0.6380803795780969
2021-01-01,Kota Banjar,0.6223452036118181
2021-01-01,Bekasi,0.2773710384203058
2021-01-01,Bogor,0.37351130051529025
2021-01-01,Cianjur,0.5941303143680546
2021-01-01,Cirebon,0.32414317594000236
2021-01-01,Garut,0.53434142088725
2021-01-01,Indramayu,0.27610067777873365
2021-01-01,Karawang,0.3036989049257418
2021-01-01,Kota Bandung,0.26489633555708564
2021-01-01,Kota Bogor,0.19196887744793253
2021-01-01,Kota Cirebon,0.23517410370719852
2021-01-01,Kota Sukabumi,0.4295206435186713
2021-01-01,Kuningan,0.43244560931381154
2021-01-01,Majalengka,0.4968760115952323
2021-01-01,Purwakarta,0.5021757833563837
2021-01-01,Subang,0.43035838365923373
2021-01-01,Sukabumi,0.5972056878965372
2021-01-01,Sumedang,0.6063574183435111
2021-01-01,Kota Bekasi,0.2711577787680399
2021-01-01,Kota Depok,0.33796273205751404
2021-01-09,Bandung,0.41188304831670414
2021-01-09,Kota Cimahi,0.24297762778402618
2021-01-09,Kota Tasikmalaya,0.48038574490077574
2021-01-09,Tasikmalaya,0.5887795213669534
2021-01-09,Ciamis,0.48529805797535613
2021-01-09,Kota Banjar,0.48428601909986224
2021-01-09,Bekasi,0.2782832058215781
2021-01-09,Bogor,0.3901761452355735
2021-01-09,Cianjur,0.5215031505024691
2021-01-09,Cirebon,0.2648670422580608
2021-01-09,Garut,0.5801053890457896
2021-01-09,Indramayu,0.14720593883479824
2021-01-09,Karawang,0.3107805691336138
2021-01-09,Kota Bandung,0.2780845223927059
2021-01-09,Kota Bogor,0.3069240534230142
2021-01-09,Kota Cirebon,0.26372507050905813
2021-01-09,Kota Sukabumi,0.40224988385075233
2021-01-09,Kuningan,0.2891281964050937
2021-01-09,Majalengka,0.4612409021655467
2021-01-09,Purwakarta,0.4884053879680717
2021-01-09,Subang,0.3316893324941013
2021-01-09,Sukabumi,0.48146228605213426
2021-01-09,Sumedang,0.433564572942041
2021-01-09,Kota Bekasi,0.22709951542479978
2021-01-09,Kota Depok,0.3688731142590348
2021-01-17,Bandung,0.31362779002321106
2021-01-17,Kota Cimahi,0.21195345391808815
2021-01-17,Kota Tasikmalaya,0.6139185696216715
2021-01-17,Tasikmalaya,0.6710716097747983
2021-01-17,Ciamis,0.628404640171845
2021-01-17,Kota Banjar,0.5928586079325379
2021-01-17,Bekasi,0.1291943096742183
2021-01-17,Bogor,0.2309296818757584
2021-01-17,Cianjur,0.503226075363369
2021-01-17,Cirebon,0.26416172200472077
2021-01-17,Garut,0.5957396143474589
2021-01-17,Indramayu,0.17430983772767317
2021-01-17,Karawang,0.1097972512534409
2021-01-17,Kota Bandung,0.23400486728683395
2021-01-17,Kota Bogor,0.21193411491047784
2021-01-17,Kota Cirebon,0.2323754877570845
2021-01-17,Kota Sukabumi,0.43449123240095977
2021-01-17,Kuningan,0.4254997337290528
2021-01-17,Majalengka,0.35973912074631015
2021-01-17,Purwakarta,0.2935975028104041
2021-01-17,Subang,0.24892719120210352
2021-01-17,Sukabumi,0.6115661578802685
2021-01-17,Sumedang,0.34043738149328684
2021-01-17,Kota Bekasi,0.08746846081794624
2021-01-17,Kota Depok,0.12255853017117843
2021-01-25,Bandung,0.2971120659636176
2021-01-25,Kota Cimahi,0.20213208756966047
2021-01-25,Kota Tasikmalaya,0.3472355854468469
2021-01-25,Tasikmalaya,0.4572680022915751
2021-01-25,Ciamis,0.5309768855503506
2021-01-25,Kota Banjar,0.593434513256278
2021-01-25,Bekasi,0.2064669223397605
2021-01-25,Bogor,0.30194024232063493
2021-01-25,Cianjur,0.43836569925758
2021-01-25,Cirebon,0.4565426566947676
2021-01-25,Garut,0.3976339035726509
2021-01-25,Indramayu,0.355386734469771
2021-01-25,Karawang,0.2071297800945658
2021-01-25,Kota Bandung,0.14292961478070002
2021-01-25,Kota Bogor,0.22920800896576699
2021-01-25,Kota Cirebon,0.3782568136215553
2021-01-25,Kota Sukabumi,0.4353526512351124
2021-01-25,Kuningan,0.41248475674078416
2021-01-25,Majalengka,0.6677461803126943
2021-01-25,Purwakarta,0.28348445359628677
2021-01-25,Subang,0.277846556526982
2021-01-25,Sukabumi,0.5627535933309393
2021-01-25,Sumedang,0.5261411424652035
2021-01-25,Kota Bekasi,0.0986844530280229
2021-01-25,Kota Depok,0.10932808074219838
2021-02-33,Bandung,0.1827451702051385
2021-02-33,Kota Cimahi,0.09138663011629305
2021-02-33,Kota Tasikmalaya,0.5234738349910699
2021-02-33,Tasikmalaya,0.5798679299083023
2021-02-33,Ciamis,0.5038398093084374
2021-02-33,Kota Banjar,0.558096883469622
2021-02-33,Bekasi,0.13366891231994413
2021-02-33,Bogor,0.14369043426222666
2021-02-33,Cianjur,0.3957407545295848
2021-02-33,Cirebon,0.13972649508936638
2021-02-33,Garut,0.4740083486740786
2021-02-33,Indramayu,0.3468408245665476
2021-02-33,Karawang,0.07629457974788713
2021-02-33,Kota Bandung,0.12298859645238805
2021-02-33,Kota Bogor,0.062058461844102006
2021-02-33,Kota Cirebon,0.07147390510068934
2021-02-33,Kota Sukabumi,0.4487344027653114
2021-02-33,Kuningan,0.3320534982627696
2021-02-33,Majalengka,0.22839870091832917
2021-02-33,Purwakarta,0.2051920146521319
2021-02-33,Subang,0.20274177444133942
2021-02-33,Sukabumi,0.4566434080955765
2021-02-33,Sumedang,0.20907921371894594
2021-02-33,Kota Bekasi,0.14543370923630178
2021-02-33,Kota Depok,0.13218331129131375
2021-02-41,Bandung,0.4475935781610248
2021-02-41,Kota Cimahi,0.2129363001344004
2021-02-41,Kota Tasikmalaya,0.46255176370848333
2021-02-41,Tasikmalaya,0.5254151061778628
2021-02-41,Ciamis,0.5381544622231235
2021-02-41,Kota Banjar,0.6323436137506532
2021-02-41,Bekasi,0.10047666983445706
2021-02-41,Bogor,0.263288451397419
2021-02-41,Cianjur,0.5636087016281307
2021-02-41,Cirebon,0.47594291607528233
2021-02-41,Garut,0.5352924700549613
2021-02-41,Indramayu,0.5057508719447819
2021-02-41,Karawang,0.169059330022374
2021-02-41,Kota Bandung,0.252615499654793
2021-02-41,Kota Bogor,0.14641829488750732
2021-02-41,Kota Cirebon,0.426776004864928
2021-02-41,Kota Sukabumi,0.34372316839248485
2021-02-41,Kuningan,0.430764550754553
2021-02-41,Majalengka,0.6012209379606995
2021-02-41,Purwakarta,0.535974950104882
2021-02-41,Subang,0.32010027137270397
2021-02-41,Sukabumi,0.5692463955671944
2021-02-41,Sumedang,0.4013805108879179
2021-02-41,Kota Bekasi,0.04552901061459477
2021-02-41,Kota Depok,0.08296605307403263
2021-02-49,Bandung,0.5557077153846385
2021-02-49,Kota Cimahi,0.30925956973188445
2021-02-49,Kota Tasikmalaya,0.530458179104418
2021-02-49,Tasikmalaya,0.6205253933001496
2021-02-49,Ciamis,0.6074395387615
2021-02-49,Kota Banjar,0.521880193711365
2021-02-49,Bekasi,0.24569476400740434
2021-02-49,Bogor,0.5208533742597777
2021-02-49,Cianjur,0.6569400396902114
2021-02-49,Cirebon,0.3460610400560343
2021-02-49,Garut,0.5854684971722643
2021-02-49,Indramayu,0.2440340944083146
2021-02-49,Karawang,0.27312077477195945
2021-02-49,Kota Bandung,0.3044968084999707
2021-02-49,Kota Bogor,0.37795747677976704
2021-02-49,Kota Cirebon,0.20317383165453842
2021-02-49,Kota Sukabumi,0.37984682177525186
2021-02-49,Kuningan,0.3364929585576748
2021-02-49,Majalengka,0.32884679409312934
2021-02-49,Purwakarta,0.4069702329513933
2021-02-49,Subang,0.3423057172150054
2021-02-49,Sukabumi,0.6509148619053001
2021-02-49,Sumedang,0.49455172586421925
2021-02-49,Kota Bekasi,0.29475940200971196
2021-02-49,Kota Depok,0.38795478253801313
2021-02-57,Bandung,0.6486414007025095
2021-02-57,Kota Cimahi,0.33720663795810546
2021-02-57,Kota Tasikmalaya,0.5691138676586754
2021-02-57,Tasikmalaya,0.6865701842045415
2021-02-57,Ciamis,0.6716316114926831
2021-02-57,Kota Banjar,0.7074025629569869
2021-02-57,Bekasi,0.25297745322353277
2021-02-57,Bogor,0.5798010752629503
2021-02-57,Cianjur,0.7263351196626834
2021-02-57,Cirebon,0.389792686478288
2021-02-57,Garut,0.7124001918483198
2021-02-57,Indramayu,0.4303854186875811
2021-02-57,Karawang,0.29949087578978223
2021-02-57,Kota Bandung,0.36019856350296375
2021-02-57,Kota Bogor,0.4030642641697579
2021-02-57,Kota Cirebon,0.34815447100392055
2021-02-57,Kota Sukabumi,0.5780437319443342
2021-02-57,Kuningan,0.503710276253328
2021-02-57,Majalengka,0.5058709555239661
2021-02-57,Purwakarta,0.5647276633084434
2021-02-57,Subang,0.5256770657716826
2021-02-57,Sukabumi,0.7680158170397218
2021-02-57,Sumedang,0.6087080291837585
2021-02-57,Kota Bekasi,0.2621099150151373
2021-02-57,Kota Depok,0.3734971422189749
2021-03-65,Bandung,0.5847347946172261
2021-03-65,Kota Cimahi,0.26260861377984085
2021-03-65,Kota Tasikmalaya,0.6085593164247746
2021-03-65,Tasikmalaya,0.7737305789350988
2021-03-65,Ciamis,0.7511932732016011
2021-03-65,Kota Banjar,0.7169332608375828
2021-03-65,Bekasi,0.27252601035116797
2021-03-65,Bogor,0.5793095309040801
2021-03-65,Cianjur,0.6356341074977894
2021-03-65,Cirebon,0.49889396628871224
2021-03-65,Garut,0.7570839291559576
2021-03-65,Indramayu,0.5434049188552741
2021-03-65,Karawang,0.3152403110222105
2021-03-65,Kota Bandung,0.32354353425339555
2021-03-65,Kota Bogor,0.4165772680883085
2021-03-65,Kota Cirebon,0.4652091076312144
2021-03-65,Kota Sukabumi,0.4376581303417239
2021-03-65,Kuningan,0.43968642325255397
2021-03-65,Majalengka,0.6417281662600366
2021-03-65,Purwakarta,0.5350616185283456
2021-03-65,Subang,0.5632350953407905
2021-03-65,Sukabumi,0.6465923363555571
2021-03-65,Sumedang,0.6038355953411013
2021-03-65,Kota Bekasi,0.19170781325786646
2021-03-65,Kota Depok,0.34238575681904104
2021-03-73,Bandung,0.6607752805014551
2021-03-73,Kota Cimahi,0.32824945326411437
2021-03-73,Kota Tasikmalaya,0.6186160343960482
2021-03-73,Tasikmalaya,0.7560155417030758
2021-03-73,Ciamis,0.6647305098681106
2021-03-73,Kota Banjar,0.6419542800194502
2021-03-73,Bekasi,0.37749361023562605
2021-03-73,Bogor,0.6409442467767226
2021-03-73,Cianjur,0.7324296749318538
2021-03-73,Cirebon,0.5702754849479226
2021-03-73,Garut,0.7299565923491463
2021-03-73,Indramayu,0.5728135879707208
2021-03-73,Karawang,0.4100634793645347
2021-03-73,Kota Bandung,0.3781483528557286
2021-03-73,Kota Bogor,0.4615771555990156
2021-03-73,Kota Cirebon,0.3856329942421328
2021-03-73,Kota Sukabumi,0.5755317933488561
2021-03-73,Kuningan,0.6362905160126577
2021-03-73,Majalengka,0.6061781808049299
2021-03-73,Purwakarta,0.6044000792679175
2021-03-73,Subang,0.5984590871106512
2021-03-73,Sukabumi,0.7022222300090197
2021-03-73,Sumedang,0.6379453750887962
2021-03-73,Kota Bekasi,0.278291014096728
2021-03-73,Kota Depok,0.45131037409195723
2021-03-81,Bandung,0.5731617155053618
2021-03-81,Kota Cimahi,0.354223034432953
2021-03-81,Kota Tasikmalaya,0.5148118339360004
2021-03-81,Tasikmalaya,0.6356253978870938
2021-03-81,Ciamis,0.5718078183816016
2021-03-81,Kota Banjar,0.5811435419839837
2021-03-81,Bekasi,0.4114406330448105
2021-03-81,Bogor,0.6433531118622376
2021-03-81,Cianjur,0.59467598097767
2021-03-81,Cirebon,0.5036759011563084
2021-03-81,Garut,0.6069333997434888
2021-03-81,Indramayu,0.5240213855060943
2021-03-81,Karawang,0.42991035536636163
2021-03-81,Kota Bandung,0.381058330067714
2021-03-81,Kota Bogor,0.5220242039549005
2021-03-81,Kota Cirebon,0.37239240531196643
2021-03-81,Kota Sukabumi,0.49899584765567645
2021-03-81,Kuningan,0.5683284874618567
2021-03-81,Majalengka,0.5209568701959556
2021-03-81,Purwakarta,0.6512121169715311
2021-03-81,Subang,0.6253822648738496
2021-03-81,Sukabumi,0.5918278885481524
2021-03-81,Sumedang,0.6870521807223853
2021-03-81,Kota Bekasi,0.27556095579487894
2021-03-81,Kota Depok,0.49523271902358085
2021-03-89,Bandung,0.3165223384990818
2021-03-89,Kota Cimahi,0.1723259675784688
2021-03-89,Kota Tasikmalaya,0.3430195717598837
2021-03-89,Tasikmalaya,0.5608819161308223
2021-03-89,Ciamis,0.5513412971498081
2021-03-89,Kota Banjar,0.6821327201856151
2021-03-89,Bekasi,0.1296922929330706
2021-03-89,Bogor,0.3103338565263915
2021-03-89,Cianjur,0.4779515266793179
2021-03-89,Cirebon,0.5333317457758299
2021-03-89,Garut,0.4563222162355853
2021-03-89,Indramayu,0.4709341388313734
2021-03-89,Karawang,0.2542640617124945
2021-03-89,Kota Bandung,0.19519027599114477
2021-03-89,Kota Bogor,0.21312439308806075
2021-03-89,Kota Cirebon,0.4754412762198952
2021-03-89,Kota Sukabumi,0.17927412248549138
2021-03-89,Kuningan,0.45416928344340357
2021-03-89,Majalengka,0.46073807990017646
2021-03-89,Purwakarta,0.30622803405693344
2021-03-89,Subang,0.5193095422649369
2021-03-89,Sukabumi,0.3911357061453575
2021-03-89,Sumedang,0.4596466293181384
2021-03-89,Kota Bekasi,0.13384832576006786
2021-03-89,Kota Depok,0.3601745134510453
2021-04-97,Bandung,0.6695112824365776
2021-04-97,Kota Cimahi,0.346766920071842
2021-04-97,Kota Tasikmalaya,0.6061318871756856
2021-04-97,Tasikmalaya,0.794262183257265
2021-04-97,Ciamis,0.7338952313940353
2021-04-97,Kota Banjar,0.6749637080453937
2021-04-97,Bekasi,0.4756530247217534
2021-04-97,Bogor,0.6635021707349246
2021-04-97,Cianjur,0.7612771667858494
2021-04-97,Cirebon,0.5694392731336201
2021-04-97,Garut,0.7512401510201329
2021-04-97,Indramayu,0.48615038404291144
2021-04-97,Karawang,0.4978086044876855
2021-04-97,Kota Bandung,0.3576731137656635
2021-04-97,Kota Bogor,0.5037164325417856
2021-04-97,Kota Cirebon,0.4634127669980796
2021-04-97,Kota Sukabumi,0.5515939481181134
2021-04-97,Kuningan,0.6925779391697013
2021-04-97,Majalengka,0.6293942549561363
2021-04-97,Purwakarta,0.6467261867064251
2021-04-97,Subang,0.6265391101016493
2021-04-97,Sukabumi,0.7325618207968656
2021-04-97,Sumedang,0.7281162095175049
2021-04-97,Kota Bekasi,0.32826576130648705
2021-04-97,Kota Depok,0.4504313775661083
2021-04-105,Bandung,0.7237750805072469
2021-04-105,Kota Cimahi,0.3595739480286879
2021-04-105,Kota Tasikmalaya,0.573768231231977
2021-04-105,Tasikmalaya,0.7058416215576436
2021-04-105,Ciamis,0.6977595143744871
2021-04-105,Kota Banjar,0.643031641867587
2021-04-105,Bekasi,0.5171652181634337
2021-04-105,Bogor,0.7058890238094224
2021-04-105,Cianjur,0.7825777195680558
2021-04-105,Cirebon,0.5486735148243753
2021-04-105,Garut,0.7822434967814704
2021-04-105,Indramayu,0.47385694580122406
2021-04-105,Karawang,0.5370166317852281
2021-04-105,Kota Bandung,0.369694341836711
2021-04-105,Kota Bogor,0.5211694381030496
2021-04-105,Kota Cirebon,0.4619657594369321
2021-04-105,Kota Sukabumi,0.5918535073362851
2021-04-105,Kuningan,0.7491786335794224
2021-04-105,Majalengka,0.616745187048603
2021-04-105,Purwakarta,0.6996359080500191
2021-04-105,Subang,0.6581248264709771
2021-04-105,Sukabumi,0.7827896784615073
2021-04-105,Sumedang,0.7430471305905559
2021-04-105,Kota Bekasi,0.3656949195700571
2021-04-105,Kota Depok,0.48234202950650584
2021-04-113,Bandung,0.6979702226899223
2021-04-113,Kota Cimahi,0.3353593954491387
2021-04-113,Kota Tasikmalaya,0.5775353882370953
2021-04-113,Tasikmalaya,0.7095876863217035
2021-04-113,Ciamis,0.6568839860749787
2021-04-113,Kota Banjar,0.6240542246808491
2021-04-113,Bekasi,0.5097695243417133
2021-04-113,Bogor,0.7010670455310526
2021-04-113,Cianjur,0.7812906065339944
2021-04-113,Cirebon,0.5510231571188303
2021-04-113,Garut,0.7711594222831815
2021-04-113,Indramayu,0.4548361997663252
2021-04-113,Karawang,0.5371593449223433
2021-04-113,Kota Bandung,0.3635754391043424
2021-04-113,Kota Bogor,0.5057478560050411
2021-04-113,Kota Cirebon,0.46774107417173255
2021-04-113,Kota Sukabumi,0.5667253069484159
2021-04-113,Kuningan,0.748231604403344
2021-04-113,Majalengka,0.6334232597623143
2021-04-113,Purwakarta,0.6809885403167452
2021-04-113,Subang,0.6312162635732821
2021-04-113,Sukabumi,0.7868274196423645
2021-04-113,Sumedang,0.735905586988498
2021-04-113,Kota Bekasi,0.3720489396384243
2021-04-113,Kota Depok,0.4823451368344381
2021-05-121,Bandung,0.6075896043283411
2021-05-121,Kota Cimahi,0.34544232142448156
2021-05-121,Kota Tasikmalaya,0.5946151364048472
2021-05-121,Tasikmalaya,0.6841536979315734
2021-05-121,Ciamis,0.5936274004828648
2021-05-121,Kota Banjar,0.4855366412256479
2021-05-121,Bekasi,0.4884475496698843
2021-05-121,Bogor,0.5830176304966432
2021-05-121,Cianjur,0.7187302109821001
2021-05-121,Cirebon,0.3811467119026194
2021-05-121,Garut,0.7317981107349288
2021-05-121,Indramayu,0.42184523139662944
2021-05-121,Karawang,0.5202852961214297
2021-05-121,Kota Bandung,0.37718393629925207
2021-05-121,Kota Bogor,0.4017017075647385
2021-05-121,Kota Cirebon,0.21991429608059987
2021-05-121,Kota Sukabumi,0.5657233603008108
2021-05-121,Kuningan,0.48798399402091425
2021-05-121,Majalengka,0.5320553616769362
2021-05-121,Purwakarta,0.6243230502325676
2021-05-121,Subang,0.5614893912902007
2021-05-121,Sukabumi,0.7170008501130594
2021-05-121,Sumedang,0.5988026168562852
2021-05-121,Kota Bekasi,0.29653960094797965
2021-05-121,Kota Depok,0.47170616493067574
2021-05-129,Bandung,0.6528890989617808
2021-05-129,Kota Cimahi,0.34125659853737433
2021-05-129,Kota Tasikmalaya,0.6598023629293022
2021-05-129,Tasikmalaya,0.8086022227196246
2021-05-129,Ciamis,0.766699966223512
2021-05-129,Kota Banjar,0.6834361915288887
2021-05-129,Bekasi,0.5560590281605154
2021-05-129,Bogor,0.6352468331336645
2021-05-129,Cianjur,0.7030598020186374
2021-05-129,Cirebon,0.5718339881690128
2021-05-129,Garut,0.7821182618450339
2021-05-129,Indramayu,0.46090800941591825
2021-05-129,Karawang,0.5921812250947983
2021-05-129,Kota Bandung,0.3636029683977853
2021-05-129,Kota Bogor,0.474033349946513
2021-05-129,Kota Cirebon,0.47714593533606625
2021-05-129,Kota Sukabumi,0.4811918491529179
2021-05-129,Kuningan,0.7896554450873821
2021-05-129,Majalengka,0.6870279237690082
2021-05-129,Purwakarta,0.6920094269026112
2021-05-129,Subang,0.6164555426702631
2021-05-129,Sukabumi,0.7190906486892696
2021-05-129,Sumedang,0.7347398423450486
2021-05-129,Kota Bekasi,0.3921614525989441
2021-05-129,Kota Depok,0.49886516041264567
2021-05-137,Bandung,0.5059245063289032
2021-05-137,Kota Cimahi,0.26339186062380754
2021-05-137,Kota Tasikmalaya,0.43562056654221826
2021-05-137,Tasikmalaya,0.5261450440093531
2021-05-137,Ciamis,0.5505378930853094
2021-05-137,Kota Banjar,0.494861044408629
2021-05-137,Bekasi,0.5336755568931125
2021-05-137,Bogor,0.6195145861858392
2021-05-137,Cianjur,0.6929263785930685
2021-05-137,Cirebon,0.548215667598519
2021-05-137,Garut,0.6512194721757775
2021-05-137,Indramayu,0.44989741288387197
2021-05-137,Karawang,0.5917544980715767
2021-05-137,Kota Bandung,0.3836362862183723
2021-05-137,Kota Bogor,0.4968814474901603
2021-05-137,Kota Cirebon,0.434927716964835
2021-05-137,Kota Sukabumi,0.5722649875765405
2021-05-137,Kuningan,0.5956863118645833
2021-05-137,Majalengka,0.6521721952623233
2021-05-137,Purwakarta,0.6516338841930109
2021-05-137,Subang,0.6097912360844716
2021-05-137,Sukabumi,0.7395133279671608
2021-05-137,Sumedang,0.6831583777189686
2021-05-137,Kota Bekasi,0.3328822063493679
2021-05-137,Kota Depok,0.5007386734957261
2021-05-145,Bandung,0.6938152640214278
2021-05-145,Kota Cimahi,0.35949471941230837
2021-05-145,Kota Tasikmalaya,0.6212062801088607
2021-05-145,Tasikmalaya,0.6065272735479024
2021-05-145,Ciamis,0.6497252068707066
2021-05-145,Kota Banjar,0.6767225259865479
2021-05-145,Bekasi,0.4609004082558299
2021-05-145,Bogor,0.7148582516200541
2021-05-145,Cianjur,0.7695240990381218
2021-05-145,Cirebon,0.5338450189511112
2021-05-145,Garut,0.7449248666886521
2021-05-145,Indramayu,0.43220648328056177
2021-05-145,Karawang,0.5437548910396165
2021-05-145,Kota Bandung,0.3678036014473984
2021-05-145,Kota Bogor,0.5129822347981723
2021-05-145,Kota Cirebon,0.41454465926605616
2021-05-145,Kota Sukabumi,0.5799593151776856
2021-05-145,Kuningan,0.61869264354443
2021-05-145,Majalengka,0.6806348858969317
2021-05-145,Purwakarta,0.6764792207830809
2021-05-145,Subang,0.6370172709151635
2021-05-145,Sukabumi,0.7590099257030849
2021-05-145,Sumedang,0.7203379747072575
2021-05-145,Kota Bekasi,0.32316495846840626
2021-05-145,Kota Depok,0.4832111747941049
2021-06-153,Bandung,0.7216023857572009
2021-06-153,Kota Cimahi,0.36500962901458756
2021-06-153,Kota Tasikmalaya,0.6502003102387388
2021-06-153,Tasikmalaya,0.7639698665323549
2021-06-153,Ciamis,0.6973838718579739
2021-06-153,Kota Banjar,0.5861543651819248
2021-06-153,Bekasi,0.5005724235667345
2021-06-153,Bogor,0.7129713183787036
2021-06-153,Cianjur,0.7999710590378228
2021-06-153,Cirebon,0.5821766784636139
2021-06-153,Garut,0.8010452092664806
2021-06-153,Indramayu,0.500632157109136
2021-06-153,Karawang,0.577415589593362
2021-06-153,Kota Bandung,0.3738799583230923
2021-06-153,Kota Bogor,0.5357414209128862
2021-06-153,Kota Cirebon,0.47809398229007466
2021-06-153,Kota Sukabumi,0.6105292064746697
2021-06-153,Kuningan,0.7674883495225505
2021-06-153,Majalengka,0.7247965843200683
2021-06-153,Purwakarta,0.7064876528973147
2021-06-153,Subang,0.6376831670318267
2021-06-153,Sukabumi,0.7946528340714304
2021-06-153,Sumedang,0.7704100072897538
2021-06-153,Kota Bekasi,0.3549904140938975
2021-06-153,Kota Depok,0.5117220417244215
2021-06-161,Bandung,0.5563284708979352
2021-06-161,Kota Cimahi,0.12397038433466653
2021-06-161,Kota Tasikmalaya,0.5962411903850575
2021-06-161,Tasikmalaya,0.632014178903302
2021-06-161,Ciamis,0.6074413291920345
2021-06-161,Kota Banjar,0.6692448915038105
2021-06-161,Bekasi,0.4679997857879535
2021-06-161,Bogor,0.5951284903146512
2021-06-161,Cianjur,0.6326135548319792
2021-06-161,Cirebon,0.5798879649345258
2021-06-161,Garut,0.6134267938680132
2021-06-161,Indramayu,0.524649574017344
2021-06-161,Karawang,0.5437748442938477
2021-06-161,Kota Bandung,0.27505574325263277
2021-06-161,Kota Bogor,0.37220604129992446
2021-06-161,Kota Cirebon,0.4270428797223708
2021-06-161,Kota Sukabumi,0.5655893769247484
2021-06-161,Kuningan,0.656972113893622
2021-06-161,Majalengka,0.6753442354201055
2021-06-161,Purwakarta,0.6117662171103067
2021-06-161,Subang,0.632660147294636
2021-06-161,Sukabumi,0.6364531402979893
2021-06-161,Sumedang,0.672537630904317
2021-06-161,Kota Bekasi,0.3303978980020344
2021-06-161,Kota Depok,0.44746124451493324
2021-06-169,Bandung,0.6150310886170596
2021-06-169,Kota Cimahi,0.3530392032669839
2021-06-169,Kota Tasikmalaya,0.5650537594030379
2021-06-169,Tasikmalaya,0.610215498498467
2021-06-169,Ciamis,0.6202325961482675
2021-06-169,Kota Banjar,0.6609755735244084
2021-06-169,Bekasi,0.4483723017629255
2021-06-169,Bogor,0.6696457471827564
2021-06-169,Cianjur,0.7058932215029695
2021-06-169,Cirebon,0.5085303762705249
2021-06-169,Garut,0.6475053762760277
2021-06-169,Indramayu,0.5045801576482912
2021-06-169,Karawang,0.4769477602340763
2021-06-169,Kota Bandung,0.3712863302519113
2021-06-169,Kota Bogor,0.5268421496762052
2021-06-169,Kota Cirebon,0.4405010289407941
2021-06-169,Kota Sukabumi,0.5834771940833302
2021-06-169,Kuningan,0.6924138957658981
2021-06-169,Majalengka,0.6812826120503702
2021-06-169,Purwakarta,0.5916915698665662
2021-06-169,Subang,0.5794422188569412
2021-06-169,Sukabumi,0.68881248506354
2021-06-169,Sumedang,0.7084307485380199
2021-06-169,Kota Bekasi,0.3260058027958534
2021-06-169,Kota Depok,0.4772044113116124
2021-06-177,Bandung,0.732684247198211
2021-06-177,Kota Cimahi,0.3696516527304993
2021-06-177,Kota Tasikmalaya,0.5607149068963372
2021-06-177,Tasikmalaya,0.60906983970564
2021-06-177,Ciamis,0.6533325487626752
2021-06-177,Kota Banjar,0.6718736532964379
2021-06-177,Bekasi,0.4779502004657067
2021-06-177,Bogor,0.7097214977695586
2021-06-177,Cianjur,0.8004521755845492
2021-06-177,Cirebon,0.5571033276755604
2021-06-177,Garut,0.785429200041128
2021-06-177,Indramayu,0.5425552455263027
2021-06-177,Karawang,0.5214940766834725
2021-06-177,Kota Bandung,0.3764156207561273
2021-06-177,Kota Bogor,0.5565411430996116
2021-06-177,Kota Cirebon,0.48793793880473135
2021-06-177,Kota Sukabumi,0.5791355323887653
2021-06-177,Kuningan,0.7519907015195344
2021-06-177,Majalengka,0.6855870074101514
2021-06-177,Purwakarta,0.7152346300736918
2021-06-177,Subang,0.6275878606500932
2021-06-177,Sukabumi,0.7780396858023881
2021-06-177,Sumedang,0.7760531014617844
2021-06-177,Kota Bekasi,0.3877895643778561
2021-06-177,Kota Depok,0.5032199157736978
2021-07-185,Bandung,0.7176630996957051
2021-07-185,Kota Cimahi,0.3284097824883061
2021-07-185,Kota Tasikmalaya,0.511445577719971
2021-07-185,Tasikmalaya,0.6253413425032313
2021-07-185,Ciamis,0.7106884096531977
2021-07-185,Kota Banjar,0.6706547784940484
2021-07-185,Bekasi,0.45367177158370364
2021-07-185,Bogor,0.7240780248391946
2021-07-185,Cianjur,0.7828106488638622
2021-07-185,Cirebon,0.5487776059503757
2021-07-185,Garut,0.7669422718084323
2021-07-185,Indramayu,0.5336530067091252
2021-07-185,Karawang,0.4922540897376599
2021-07-185,Kota Bandung,0.35930136117831574
2021-07-185,Kota Bogor,0.5116838147592275
2021-07-185,Kota Cirebon,0.4604032801796146
2021-07-185,Kota Sukabumi,0.5404380467001979
2021-07-185,Kuningan,0.7532436681415725
2021-07-185,Majalengka,0.6862617564599872
2021-07-185,Purwakarta,0.7218113367911999
2021-07-185,Subang,0.6124433305895157
2021-07-185,Sukabumi,0.7780160513406987
2021-07-185,Sumedang,0.7579205458338111
2021-07-185,Kota Bekasi,0.3786252725111831
2021-07-185,Kota Depok,0.4872295134753899
2021-07-193,Bandung,0.7116683396106878
2021-07-193,Kota Cimahi,0.3573373677272377
2021-07-193,Kota Tasikmalaya,0.5808552997532226
2021-07-193,Tasikmalaya,0.7385593887354956
2021-07-193,Ciamis,0.7497039403975561
2021-07-193,Kota Banjar,0.6877488124659532
2021-07-193,Bekasi,0.463952218220785
2021-07-193,Bogor,0.7206661204648533
2021-07-193,Cianjur,0.7566566627019531
2021-07-193,Cirebon,0.5508417934713022
2021-07-193,Garut,0.7624086095469482
2021-07-193,Indramayu,0.5592176887635044
2021-07-193,Karawang,0.48534320114578144
2021-07-193,Kota Bandung,0.35665220120764507
2021-07-193,Kota Bogor,0.5040637372743709
2021-07-193,Kota Cirebon,0.49610859536546764
2021-07-193,Kota Sukabumi,0.5726206163477897
2021-07-193,Kuningan,0.7419374673896683
2021-07-193,Majalengka,0.6641888218670724
2021-07-193,Purwakarta,0.7031052810972661
2021-07-193,Subang,0.6046515839251421
2021-07-193,Sukabumi,0.7574431136776831
2021-07-193,Sumedang,0.7452609219076806
2021-07-193,Kota Bekasi,0.3808849235653775
2021-07-193,Kota Depok,0.49378427772721045
2021-07-201,Bandung,0.7363785015180367
2021-07-201,Kota Cimahi,0.356158339694185
2021-07-201,Kota Tasikmalaya,0.6417202883447123
2021-07-201,Tasikmalaya,0.7363373988728011
2021-07-201,Ciamis,0.670856419868073
2021-07-201,Kota Banjar,0.6499431056842655
2021-07-201,Bekasi,0.4634635956992498
2021-07-201,Bogor,0.7345092491296505
2021-07-201,Cianjur,0.7773406886475184
2021-07-201,Cirebon,0.5811999382119972
2021-07-201,Garut,0.7924787977798796
2021-07-201,Indramayu,0.5991958628371127
2021-07-201,Karawang,0.48603220572766054
2021-07-201,Kota Bandung,0.37812381216431873
2021-07-201,Kota Bogor,0.51066343973053
2021-07-201,Kota Cirebon,0.4718583695782583
2021-07-201,Kota Sukabumi,0.5612472489063289
2021-07-201,Kuningan,0.7493760190760622
2021-07-201,Majalengka,0.6368001043451568
2021-07-201,Purwakarta,0.7283745371482595
2021-07-201,Subang,0.6210696178168124
2021-07-201,Sukabumi,0.7483253676127244
2021-07-201,Sumedang,0.75375695993459
2021-07-201,Kota Bekasi,0.37556523364404587
2021-07-201,Kota Depok,0.47491816468467435
2021-07-209,Bandung,0.7085010823603246
2021-07-209,Kota Cimahi,0.3211883728845892
2021-07-209,Kota Tasikmalaya,0.3490593915066179
2021-07-209,Tasikmalaya,0.40207317712865565
2021-07-209,Ciamis,0.4220519006375132
2021-07-209,Kota Banjar,0.49445503350112524
2021-07-209,Bekasi,0.4341289564333492
2021-07-209,Bogor,0.6637515128950983
2021-07-209,Cianjur,0.6719612587624303
2021-07-209,Cirebon,0.5684616765679699
2021-07-209,Garut,0.7185522264036902
2021-07-209,Indramayu,0.5704649724260784
2021-07-209,Karawang,0.4554975948861878
2021-07-209,Kota Bandung,0.35423970090788726
2021-07-209,Kota Bogor,0.47741276800247706
2021-07-209,Kota Cirebon,0.45681078993796226
2021-07-209,Kota Sukabumi,0.5101272785299359
2021-07-209,Kuningan,0.7135167807634336
2021-07-209,Majalengka,0.6121791596126644
2021-07-209,Purwakarta,0.7028704887416668
2021-07-209,Subang,0.5980348356090067
2021-07-209,Sukabumi,0.6650867847603553
2021-07-209,Sumedang,0.7400806209565617
2021-07-209,Kota Bekasi,0.3620682865141105
2021-07-209,Kota Depok,0.4642001772866038
2021-08-217,Bandung,0.7091054051203005
2021-08-217,Kota Cimahi,0.344175900467385
2021-08-217,Kota Tasikmalaya,0.6254354778056815
2021-08-217,Tasikmalaya,0.7708529112960681
2021-08-217,Ciamis,0.761317973668391
2021-08-217,Kota Banjar,0.6929117628366573
2021-08-217,Bekasi,0.4462855690753421
2021-08-217,Bogor,0.7242280276355418
2021-08-217,Cianjur,0.7818540518577038
2021-08-217,Cirebon,0.5686923908339921
2021-08-217,Garut,0.7439784315619626
2021-08-217,Indramayu,0.5593494172410881
2021-08-217,Karawang,0.4668754667021749
2021-08-217,Kota Bandung,0.3695571665300556
2021-08-217,Kota Bogor,0.5006209935026817
2021-08-217,Kota Cirebon,0.43455475497928636
2021-08-217,Kota Sukabumi,0.5358303851584075
2021-08-217,Kuningan,0.7034674503699009
2021-08-217,Majalengka,0.5842941354416517
2021-08-217,Purwakarta,0.7165356802340968
2021-08-217,Subang,0.6198023129713004
2021-08-217,Sukabumi,0.7770538485906845
2021-08-217,Sumedang,0.7092079688866225
2021-08-217,Kota Bekasi,0.369628203080672
2021-08-217,Kota Depok,0.4541523117217388
2021-08-225,Bandung,0.6595111308083759
2021-08-225,Kota Cimahi,0.3087490348800264
2021-08-225,Kota Tasikmalaya,0.3138622496631709
2021-08-225,Tasikmalaya,0.33450795643502623
2021-08-225,Ciamis,0.3482603742728494
2021-08-225,Kota Banjar,0.44017314204556024
2021-08-225,Bekasi,0.437808115253684
2021-08-225,Bogor,0.6561312127735133
2021-08-225,Cianjur,0.6819794693267719
2021-08-225,Cirebon,0.5571951681151562
2021-08-225,Garut,0.6830395065199675
2021-08-225,Indramayu,0.506359422056478
2021-08-225,Karawang,0.45392067254386864
2021-08-225,Kota Bandung,0.347243055251926
2021-08-225,Kota Bogor,0.4610007083085185
2021-08-225,Kota Cirebon,0.43088139017474797
2021-08-225,Kota Sukabumi,0.5293059158439078
2021-08-225,Kuningan,0.6956063459254733
2021-08-225,Majalengka,0.5629963041057392
2021-08-225,Purwakarta,0.6746302549014024
2021-08-225,Subang,0.5944917385689833
2021-08-225,Sukabumi,0.6878606426875266
2021-08-225,Sumedang,0.6889206851806985
2021-08-225,Kota Bekasi,0.34242297959587675
2021-08-225,Kota Depok,0.45870080000188446
2021-08-233,Bandung,0.6741542821676515
2021-08-233,Kota Cimahi,0.3157533690060346
2021-08-233,Kota Tasikmalaya,0.3873653846844282
2021-08-233,Tasikmalaya,0.4464892630773152
2021-08-233,Ciamis,0.45800875305076644
2021-08-233,Kota Banjar,0.598024481709142
2021-08-233,Bekasi,0.44983970820790026
2021-08-233,Bogor,0.6794389302448319
2021-08-233,Cianjur,0.7045267887457699
2021-08-233,Cirebon,0.5488393786541996
2021-08-233,Garut,0.6707162769070687
2021-08-233,Indramayu,0.47672703027164187
2021-08-233,Karawang,0.4583304329728899
2021-08-233,Kota Bandung,0.34761204052555045
2021-08-233,Kota Bogor,0.4895160183734213
2021-08-233,Kota Cirebon,0.4225069442831151
2021-08-233,Kota Sukabumi,0.5389185600751117
2021-08-233,Kuningan,0.6517595350201042
2021-08-233,Majalengka,0.5421940033223775
2021-08-233,Purwakarta,0.6697822655290646
2021-08-233,Subang,0.5995191272396645
2021-08-233,Sukabumi,0.6696326058424751
2021-08-233,Sumedang,0.6837121371112782
2021-08-233,Kota Bekasi,0.3726685899396728
2021-08-233,Kota Depok,0.490798351995916
2021-08-241,Bandung,0.641951031690453
2021-08-241,Kota Cimahi,0.3159926419113962
2021-08-241,Kota Tasikmalaya,0.31001433779410315
2021-08-241,Tasikmalaya,0.43987537284690376
2021-08-241,Ciamis,0.41770342128717974
2021-08-241,Kota Banjar,0.5464313981171393
2021-08-241,Bekasi,0.4207286330094319
2021-08-241,Bogor,0.6672128696710874
2021-08-241,Cianjur,0.7095845347134999
2021-08-241,Cirebon,0.5423655069209551
2021-08-241,Garut,0.6584495931564931
2021-08-241,Indramayu,0.46317085753931264
2021-08-241,Karawang,0.43762278604801574
2021-08-241,Kota Bandung,0.34674599496024056
2021-08-241,Kota Bogor,0.4900321274812878
2021-08-241,Kota Cirebon,0.3984388909772722
2021-08-241,Kota Sukabumi,0.511301730214328
2021-08-241,Kuningan,0.6739972550626732
2021-08-241,Majalengka,0.5550585500518838
2021-08-241,Purwakarta,0.6761405127463316
2021-08-241,Subang,0.6154510682061497
2021-08-241,Sukabumi,0.7191479421690682
2021-08-241,Sumedang,0.678406748747018
2021-08-241,Kota Bekasi,0.31161916030428216
2021-08-241,Kota Depok,0.45637789368760606
2021-09-249,Bandung,0.567222521308742
2021-09-249,Kota Cimahi,0.3088400533314072
2021-09-249,Kota Tasikmalaya,0.2514012335645779
2021-09-249,Tasikmalaya,0.44080929157251014
2021-09-249,Ciamis,0.4142918745138942
2021-09-249,Kota Banjar,0.49409267477471774
2021-09-249,Bekasi,0.4198861444930908
2021-09-249,Bogor,0.6599722041889085
2021-09-249,Cianjur,0.6732585360718382
2021-09-249,Cirebon,0.5063896846192713
2021-09-249,Garut,0.5850988705480208
2021-09-249,Indramayu,0.42226293712448765
2021-09-249,Karawang,0.4281543958204796
2021-09-249,Kota Bandung,0.32927062766884974
2021-09-249,Kota Bogor,0.45072694948995784
2021-09-249,Kota Cirebon,0.36457421726915473
2021-09-249,Kota Sukabumi,0.5459917597709247
2021-09-249,Kuningan,0.6343587230052558
2021-09-249,Majalengka,0.5183250328278793
2021-09-249,Purwakarta,0.6630991736251398
2021-09-249,Subang,0.5903369934587951
2021-09-249,Sukabumi,0.6998591412495581
2021-09-249,Sumedang,0.6482588332413828
2021-09-249,Kota Bekasi,0.34443952407575623
2021-09-249,Kota Depok,0.44100637603523696
2021-09-257,Bandung,0.6110843169134023
2021-09-257,Kota Cimahi,0.3149762829326379
2021-09-257,Kota Tasikmalaya,0.3400784774747583
2021-09-257,Tasikmalaya,0.4789623436876
2021-09-257,Ciamis,0.5166366515060149
2021-09-257,Kota Banjar,0.46981257465036286
2021-09-257,Bekasi,0.42959534624797746
2021-09-257,Bogor,0.6743929291379802
2021-09-257,Cianjur,0.6631296476491614
2021-09-257,Cirebon,0.5226844381174972
2021-09-257,Garut,0.7013663156489224
2021-09-257,Indramayu,0.41814762659260596
2021-09-257,Karawang,0.42385216603035913
2021-09-257,Kota Bandung,0.3345681415016036
2021-09-257,Kota Bogor,0.5038413246525127
2021-09-257,Kota Cirebon,0.3899057033923806
2021-09-257,Kota Sukabumi,0.5402760443083068
2021-09-257,Kuningan,0.663893044358329
2021-09-257,Majalengka,0.5417370589922648
2021-09-257,Purwakarta,0.6892889080002972
2021-09-257,Subang,0.5976629282373174
2021-09-257,Sukabumi,0.6631492366864052
2021-09-257,Sumedang,0.6575986417173081
2021-09-257,Kota Bekasi,0.325865817559772
2021-09-257,Kota Depok,0.48077619142323724
2021-09-265,Bandung,0.6149794113476444
2021-09-265,Kota Cimahi,0.3056308442068602
2021-09-265,Kota Tasikmalaya,0.5438284972313401
2021-09-265,Tasikmalaya,0.5478430544609272
2021-09-265,Ciamis,0.5320341642663531
2021-09-265,Kota Banjar,0.47998727739551805
2021-09-265,Bekasi,0.44802759417860144
2021-09-265,Bogor,0.6093305282026661
2021-09-265,Cianjur,0.6679932873584631
2021-09-265,Cirebon,0.5583840492957123
2021-09-265,Garut,0.6945348962768044
2021-09-265,Indramayu,0.4251039368172154
2021-09-265,Karawang,0.44379762247122106
2021-09-265,Kota Bandung,0.34103691956411786
2021-09-265,Kota Bogor,0.43127901113295813
2021-09-265,Kota Cirebon,0.4600303140067511
2021-09-265,Kota Sukabumi,0.457728770721104
2021-09-265,Kuningan,0.7224880458663242
2021-09-265,Majalengka,0.5557492753596651
2021-09-265,Purwakarta,0.6516196368811271
2021-09-265,Subang,0.6348718383430837
2021-09-265,Sukabumi,0.6915110224383519
2021-09-265,Sumedang,0.6834656701570818
2021-09-265,Kota Bekasi,0.3157524683196864
2021-09-265,Kota Depok,0.412351421744116
2021-09-273,Bandung,0.5926268672049432
2021-09-273,Kota Cimahi,0.2923768184585287
2021-09-273,Kota Tasikmalaya,0.2862845217532337
2021-09-273,Tasikmalaya,0.3738777834241639
2021-09-273,Ciamis,0.3280946495273027
2021-09-273,Kota Banjar,0.3554510251447318
2021-09-273,Bekasi,0.40938002770017246
2021-09-273,Bogor,0.6066829009421977
2021-09-273,Cianjur,0.6464258269055998
2021-09-273,Cirebon,0.5250437502158564
2021-09-273,Garut,0.5782711220422314
2021-09-273,Indramayu,0.4329761407808511
2021-09-273,Karawang,0.4328529788227913
2021-09-273,Kota Bandung,0.3649042253410864
2021-09-273,Kota Bogor,0.4726851286979537
2021-09-273,Kota Cirebon,0.4787458112480537
2021-09-273,Kota Sukabumi,0.5797502290866965
2021-09-273,Kuningan,0.6322668169263255
2021-09-273,Majalengka,0.5151256585602033
2021-09-273,Purwakarta,0.6325120899092503
2021-09-273,Subang,0.6360583423747532
2021-09-273,Sukabumi,0.6797187375973256
2021-09-273,Sumedang,0.6771379245055085
2021-09-273,Kota Bekasi,0.26695471414009336
2021-09-273,Kota Depok,0.44043691191585466
2021-10-281,Bandung,0.6356056311812195
2021-10-281,Kota Cimahi,0.29325995819776157
2021-10-281,Kota Tasikmalaya,0.37472965862006646
2021-10-281,Tasikmalaya,0.47499014555300556
2021-10-281,Ciamis,0.4317953262249514
2021-10-281,Kota Banjar,0.4299087006689311
2021-10-281,Bekasi,0.44774429494868595
2021-10-281,Bogor,0.6572089162973294
2021-10-281,Cianjur,0.6535746026270509
2021-10-281,Cirebon,0.47030617072034664
2021-10-281,Garut,0.6716902782305826
2021-10-281,Indramayu,0.3901894167591187
2021-10-281,Karawang,0.46785664227550716
2021-10-281,Kota Bandung,0.3267914064442869
2021-10-281,Kota Bogor,0.4692186924690929
2021-10-281,Kota Cirebon,0.3824816944554183
2021-10-281,Kota Sukabumi,0.5201889494625422
2021-10-281,Kuningan,0.643128018465392
2021-10-281,Majalengka,0.5378404543870059
2021-10-281,Purwakarta,0.6373876287964383
2021-10-281,Subang,0.5872677259195163
2021-10-281,Sukabumi,0.6220056709251381
2021-10-281,Sumedang,0.6677336919883947
2021-10-281,Kota Bekasi,0.3216610126517739
2021-10-281,Kota Depok,0.4327146629830619
2021-10-289,Bandung,0.4447400929737647
2021-10-289,Kota Cimahi,0.18927754176272324
2021-10-289,Kota Tasikmalaya,0.38261069557259103
2021-10-289,Tasikmalaya,0.4315141805232605
2021-10-289,Ciamis,0.39518492440213815
2021-10-289,Kota Banjar,0.3747049774613235
2021-10-289,Bekasi,0.3537043601888981
2021-10-289,Bogor,0.5371390735739616
2021-10-289,Cianjur,0.5760032967327684
2021-10-289,Cirebon,0.37532984657908475
2021-10-289,Garut,0.5257754566093011
2021-10-289,Indramayu,0.29183680928899436
2021-10-289,Karawang,0.37013597775065293
2021-10-289,Kota Bandung,0.28018605262100443
2021-10-289,Kota Bogor,0.41154502583073216
2021-10-289,Kota Cirebon,0.2914294052440292
2021-10-289,Kota Sukabumi,0.47019357682471147
2021-10-289,Kuningan,0.4935931642818337
2021-10-289,Majalengka,0.3613121800668213
2021-10-289,Purwakarta,0.46481493808090196
2021-10-289,Subang,0.40110104894584203
2021-10-289,Sukabumi,0.5707248284582589
2021-10-289,Sumedang,0.515020073969949
2021-10-289,Kota Bekasi,0.19888259318355564
2021-10-289,Kota Depok,0.3393237483243966
2021-10-297,Bandung,0.45936076308546786
2021-10-297,Kota Cimahi,0.2556983788792346
2021-10-297,Kota Tasikmalaya,0.3197891065451236
2021-10-297,Tasikmalaya,0.29575645123574845
2021-10-297,Ciamis,0.26664127553182676
2021-10-297,Kota Banjar,0.22633529410821965
2021-10-297,Bekasi,0.45401810052076724
2021-10-297,Bogor,0.5952770006162807
2021-10-297,Cianjur,0.47122251664774484
2021-10-297,Cirebon,0.3866864527853522
2021-10-297,Garut,0.42650761418418276
2021-10-297,Indramayu,0.32499289788861635
2021-10-297,Karawang,0.5259215711013654
2021-10-297,Kota Bandung,0.30978673702642795
2021-10-297,Kota Bogor,0.43536206076079076
2021-10-297,Kota Cirebon,0.3203297423407596
2021-10-297,Kota Sukabumi,0.3881988830985961
2021-10-297,Kuningan,0.5608255654593625
2021-10-297,Majalengka,0.4093316222375988
2021-10-297,Purwakarta,0.5879180573377022
2021-10-297,Subang,0.5487214542445055
2021-10-297,Sukabumi,0.530850239045398
2021-10-297,Sumedang,0.5314608235472414
2021-10-297,Kota Bekasi,0.29282162347435786
2021-10-297,Kota Depok,0.3962483235684281
2021-11-305,Bandung,0.4476762177261084
2021-11-305,Kota Cimahi,0.2659078549287323
2021-11-305,Kota Tasikmalaya,0.45390584475787726
2021-11-305,Tasikmalaya,0.5040880731605412
2021-11-305,Ciamis,0.46491967353368385
2021-11-305,Kota Banjar,0.3898531011610561
2021-11-305,Bekasi,0.3992665196229201
2021-11-305,Bogor,0.524246378849557
2021-11-305,Cianjur,0.5131428964405801
2021-11-305,Cirebon,0.42445673515149285
2021-11-305,Garut,0.4726846039597654
2021-11-305,Indramayu,0.36075405234575453
2021-11-305,Karawang,0.4834970294089698
2021-11-305,Kota Bandung,0.2567358237201713
2021-11-305,Kota Bogor,0.4099279015219437
2021-11-305,Kota Cirebon,0.36941698763011666
2021-11-305,Kota Sukabumi,0.31782904732865275
2021-11-305,Kuningan,0.502686459095792
2021-11-305,Majalengka,0.4417869261309516
2021-11-305,Purwakarta,0.5877448742897698
2021-11-305,Subang,0.454305342490773
2021-11-305,Sukabumi,0.49469915106148854
2021-11-305,Sumedang,0.5414965857336418
2021-11-305,Kota Bekasi,0.22904026173450892
2021-11-305,Kota Depok,0.3188631497054507
2021-11-313,Bandung,0.3571815809586624
2021-11-313,Kota Cimahi,0.21107086873905576
2021-11-313,Kota Tasikmalaya,0.4142640297840526
2021-11-313,Tasikmalaya,0.4650402289685988
2021-11-313,Ciamis,0.5018543587830328
2021-11-313,Kota Banjar,0.5719879883536936
2021-11-313,Bekasi,0.3321520936460564
2021-11-313,Bogor,0.3843992897166797
2021-11-313,Cianjur,0.23115828804912344
2021-11-313,Cirebon,0.4302444321808102
2021-11-313,Garut,0.4225084940693876
2021-11-313,Indramayu,0.3130470221914977
2021-11-313,Karawang,0.36783945380771127
2021-11-313,Kota Bandung,0.22737239698184628
2021-11-313,Kota Bogor,0.30482431537480525
2021-11-313,Kota Cirebon,0.30380808229252537
2021-11-313,Kota Sukabumi,0.24864546363954704
2021-11-313,Kuningan,0.5370494452927419
2021-11-313,Majalengka,0.38437336422918056
2021-11-313,Purwakarta,0.4526243086144591
2021-11-313,Subang,0.37763504476622045
2021-11-313,Sukabumi,0.17362354428794274
2021-11-313,Sumedang,0.506904343984671
2021-11-313,Kota Bekasi,0.14354441057967696
2021-11-313,Kota Depok,0.370631490588642
2021-11-321,Bandung,0.28449118837031173
2021-11-321,Kota Cimahi,0.22519698290052007
2021-11-321,Kota Tasikmalaya,0.5521213194956213
2021-11-321,Tasikmalaya,0.5266943480769721
2021-11-321,Ciamis,0.5869521074581344
2021-11-321,Kota Banjar,0.610105996323404
2021-11-321,Bekasi,0.23402364361448708
2021-11-321,Bogor,0.38443813457826576
2021-11-321,Cianjur,0.2806453570579605
2021-11-321,Cirebon,0.4330091814654081
2021-11-321,Garut,0.4613403141021517
2021-11-321,Indramayu,0.34151499887252856
2021-11-321,Karawang,0.35231662039776385
2021-11-321,Kota Bandung,0.1855406161893779
2021-11-321,Kota Bogor,0.3262519200927058
2021-11-321,Kota Cirebon,0.39079838751375695
2021-11-321,Kota Sukabumi,0.18148778660500275
2021-11-321,Kuningan,0.5425314167909752
2021-11-321,Majalengka,0.5161835762044502
2021-11-321,Purwakarta,0.4110617320086081
2021-11-321,Subang,0.4423092080061276
2021-11-321,Sukabumi,0.292879894049264
2021-11-321,Sumedang,0.4975382545871927
2021-11-321,Kota Bekasi,0.14872858432143404
2021-11-321,Kota Depok,0.2847118912753721
2021-11-329,Bandung,0.6244995148326549
2021-11-329,Kota Cimahi,0.32865698617843114
2021-11-329,Kota Tasikmalaya,0.5817888764834576
2021-11-329,Tasikmalaya,0.7258770278368767
2021-11-329,Ciamis,0.668712423532816
2021-11-329,Kota Banjar,0.5892607165862919
2021-11-329,Bekasi,0.45388356378800043
2021-11-329,Bogor,0.6577086128607363
2021-11-329,Cianjur,0.6565418254394987
2021-11-329,Cirebon,0.47014875871700523
2021-11-329,Garut,0.7353021878916961
2021-11-329,Indramayu,0.3389732672998199
2021-11-329,Karawang,0.5547380838862409
2021-11-329,Kota Bandung,0.33901738586641605
2021-11-329,Kota Bogor,0.4514552213331083
2021-11-329,Kota Cirebon,0.4343781116259018
2021-11-329,Kota Sukabumi,0.5473846813298042
2021-11-329,Kuningan,0.71903335421509
2021-11-329,Majalengka,0.5344575573974872
2021-11-329,Purwakarta,0.676628635715538
2021-11-329,Subang,0.5150932976121608
2021-11-329,Sukabumi,0.6322752076974538
2021-11-329,Sumedang,0.6723654215678379
2021-11-329,Kota Bekasi,0.34368230339000133
2021-11-329,Kota Depok,0.42314748115589046
2021-12-337,Bandung,0.4243635126355473
2021-12-337,Kota Cimahi,0.20798412439715844
2021-12-337,Kota Tasikmalaya,0.5694197084625258
2021-12-337,Tasikmalaya,0.6447878918425658
2021-12-337,Ciamis,0.6456841458955113
2021-12-337,Kota Banjar,0.626757330182985
2021-12-337,Bekasi,0.2517020421069145
2021-12-337,Bogor,0.3915988809297808
2021-12-337,Cianjur,0.5625126872391145
2021-12-337,Cirebon,0.3458442381304855
2021-12-337,Garut,0.6077312399940821
2021-12-337,Indramayu,0.25968253586088147
2021-12-337,Karawang,0.2850279907372635
2021-12-337,Kota Bandung,0.23394829592677627
2021-12-337,Kota Bogor,0.29276097932073464
2021-12-337,Kota Cirebon,0.3257368353370488
2021-12-337,Kota Sukabumi,0.3719410687826662
2021-12-337,Kuningan,0.4609227307892894
2021-12-337,Majalengka,0.5216972621679017
2021-12-337,Purwakarta,0.512791852917028
2021-12-337,Subang,0.3515666678407756
2021-12-337,Sukabumi,0.6536752724297233
2021-12-337,Sumedang,0.5157529525492835
2021-12-337,Kota Bekasi,0.13524330471291993
2021-12-337,Kota Depok,0.22394858656700053
2021-12-345,Bandung,0.4911556414994764
2021-12-345,Kota Cimahi,0.3246489930847103
2021-12-345,Kota Tasikmalaya,0.4803523453226342
2021-12-345,Tasikmalaya,0.5382366370953257
2021-12-345,Ciamis,0.5061562545106657
2021-12-345,Kota Banjar,0.5098358146754134
2021-12-345,Bekasi,0.3679437222175281
2021-12-345,Bogor,0.5480629719008067
2021-12-345,Cianjur,0.5539522022013383
2021-12-345,Cirebon,0.45504233786600073
2021-12-345,Garut,0.4516026662329583
2021-12-345,Indramayu,0.28413402037143964
2021-12-345,Karawang,0.4335826017684204
2021-12-345,Kota Bandung,0.2822007613173288
2021-12-345,Kota Bogor,0.3921746512951845
2021-12-345,Kota Cirebon,0.35244715194371906
2021-12-345,Kota Sukabumi,0.4656240531932142
2021-12-345,Kuningan,0.6145428369110034
2021-12-345,Majalengka,0.4487449135637205
2021-12-345,Purwakarta,0.5816422002299938
2021-12-345,Subang,0.44650727661274037
2021-12-345,Sukabumi,0.478447625045859
2021-12-345,Sumedang,0.5488451871319048
2021-12-345,Kota Bekasi,0.2805137895982252
2021-12-345,Kota Depok,0.37910344171858457
2021-12-353,Bandung,0.4033665464294194
2021-12-353,Kota Cimahi,0.1950787450430095
2021-12-353,Kota Tasikmalaya,0.6101546384897653
2021-12-353,Tasikmalaya,0.6598325119252254
2021-12-353,Ciamis,0.5608463891965028
2021-12-353,Kota Banjar,0.400130294708
2021-12-353,Bekasi,0.2523834461405857
2021-12-353,Bogor,0.4376864419243095
2021-12-353,Cianjur,0.4565318268131239
2021-12-353,Cirebon,0.3017118361054138
2021-12-353,Garut,0.44981647016989273
2021-12-353,Indramayu,0.18862637770809298
2021-12-353,Karawang,0.24928936183860348
2021-12-353,Kota Bandung,0.2093696025606026
2021-12-353,Kota Bogor,0.3233273545968521
2021-12-353,Kota Cirebon,0.3698631742701939
2021-12-353,Kota Sukabumi,0.43247576869743876
2021-12-353,Kuningan,0.5826411985543498
2021-12-353,Majalengka,0.360204591940665
2021-12-353,Purwakarta,0.4429895758880943
2021-12-353,Subang,0.31693074226636125
2021-12-353,Sukabumi,0.5514538395782023
2021-12-353,Sumedang,0.3783365488217342
2021-12-353,Kota Bekasi,0.2863348377506338
2021-12-353,Kota Depok,0.3328020944407099
2021-12-361,Bandung,0.6173904794535793
2021-12-361,Kota Cimahi,0.3183286860983377
2021-12-361,Kota Tasikmalaya,0.627424783252041
2021-12-361,Tasikmalaya,0.6559497721771
2021-12-361,Ciamis,0.6346310755557584
2021-12-361,Kota Banjar,0.6682591328199378
2021-12-361,Bekasi,0.33816900214157103
2021-12-361,Bogor,0.5324552161326368
2021-12-361,Cianjur,0.6498844224763285
2021-12-361,Cirebon,0.3067384806582596
2021-12-361,Garut,0.6879193873441182
2021-12-361,Indramayu,0.24840559404126103
2021-12-361,Karawang,0.3633265082873428
2021-12-361,Kota Bandung,0.3188559990189561
2021-12-361,Kota Bogor,0.3247661485618341
2021-12-361,Kota Cirebon,0.3375664095516519
2021-12-361,Kota Sukabumi,0.4296443655254222
2021-12-361,Kuningan,0.4511817774840612
2021-12-361,Majalengka,0.49672994610652693
2021-12-361,Purwakarta,0.46558258998580243
2021-12-361,Subang,0.33523099215725155
2021-12-361,Sukabumi,0.6433057092466968
2021-12-361,Sumedang,0.5461218118468585
2021-12-361,Kota Bekasi,0.26917417516628356
2021-12-361,Kota Depok,0.36365035896021963
2022-01-01,Bandung,0.6295558165224514
2022-01-01,Kota Cimahi,0.3275293868229686
2022-01-01,Kota Tasikmalaya,0.5266186703556635
2022-01-01,Tasikmalaya,0.5694643203603424
2022-01-01,Ciamis,0.5561479680544662
2022-01-01,Kota Banjar,0.559424094076489
2022-01-01,Bekasi,0.368408387163716
2022-01-01,Bogor,0.5968707811182653
2022-01-01,Cianjur,0.6884664259312341
2022-01-01,Cirebon,0.40748955951531723
2022-01-01,Garut,0.6744358483646273
2022-01-01,Indramayu,0.333054770889405
2022-01-01,Karawang,0.3514610940010211
2022-01-01,Kota Bandung,0.32208356077686146
2022-01-01,Kota Bogor,0.3628207404552411
2022-01-01,Kota Cirebon,0.2913320246865236
2022-01-01,Kota Sukabumi,0.4053562064454078
2022-01-01,Kuningan,0.5724994110394052
2022-01-01,Majalengka,0.5987912448374052
2022-01-01,Purwakarta,0.5459075473871273
2022-01-01,Subang,0.41804450605064464
2022-01-01,Sukabumi,0.6845270874507857
2022-01-01,Sumedang,0.5973891656386566
2022-01-01,Kota Bekasi,0.3313900483489818
2022-01-01,Kota Depok,0.3847657437947433
2022-01-09,Bandung,0.42435308388369175
2022-01-09,Kota Cimahi,0.2644846045748098
2022-01-09,Kota Tasikmalaya,0.5771299758254763
2022-01-09,Tasikmalaya,0.6878426800909033
2022-01-09,Ciamis,0.6806562043175547
2022-01-09,Kota Banjar,0.698457090771566
2022-01-09,Bekasi,0.20889995000340322
2022-01-09,Bogor,0.4109193708365738
2022-01-09,Cianjur,0.6014699126248756
2022-01-09,Cirebon,0.26161230614709535
2022-01-09,Garut,0.5885946284263185
2022-01-09,Indramayu,0.19861212068253892
2022-01-09,Karawang,0.21044482644838966
2022-01-09,Kota Bandung,0.2703514009307327
2022-01-09,Kota Bogor,0.330732783887026
2022-01-09,Kota Cirebon,0.16117474870290288
2022-01-09,Kota Sukabumi,0.44270905995632476
2022-01-09,Kuningan,0.35216569424822214
2022-01-09,Majalengka,0.3560516221520096
2022-01-09,Purwakarta,0.2951569078022471
2022-01-09,Subang,0.2634212422491396
2022-01-09,Sukabumi,0.5769743096937169
2022-01-09,Sumedang,0.2874401527325986
2022-01-09,Kota Bekasi,0.12244358205184612
2022-01-09,Kota Depok,0.2846710395383172
2022-01-17,Bandung,0.4200224332466557
2022-01-17,Kota Cimahi,0.26213277371622085
2022-01-17,Kota Tasikmalaya,0.5042118168431482
2022-01-17,Tasikmalaya,0.5824386538156533
2022-01-17,Ciamis,0.6198015606643659
2022-01-17,Kota Banjar,0.7054019403915621
2022-01-17,Bekasi,0.3062246565046401
2022-01-17,Bogor,0.5135068236489126
2022-01-17,Cianjur,0.568025756576066
2022-01-17,Cirebon,0.4972595629587497
2022-01-17,Garut,0.5632857581857055
2022-01-17,Indramayu,0.48641980545358826
2022-01-17,Karawang,0.3456380627108558
2022-01-17,Kota Bandung,0.29995438220666015
2022-01-17,Kota Bogor,0.30090444304211
2022-01-17,Kota Cirebon,0.29911831675676376
2022-01-17,Kota Sukabumi,0.5678576785737044
2022-01-17,Kuningan,0.535749008672349
2022-01-17,Majalengka,0.6929315344152251
2022-01-17,Purwakarta,0.4258520828736094
2022-01-17,Subang,0.48510943442223037
2022-01-17,Sukabumi,0.5929591323951534
2022-01-17,Sumedang,0.48572245389118296
2022-01-17,Kota Bekasi,0.2193211359863907
2022-01-17,Kota Depok,0.34314897717044607
2022-01-25,Bandung,0.4435857893235164
2022-01-25,Kota Cimahi,0.1776914971927853
2022-01-25,Kota Tasikmalaya,0.5693684532062838
2022-01-25,Tasikmalaya,0.6453923974439173
2022-01-25,Ciamis,0.676034536144309
2022-01-25,Kota Banjar,0.6549566450407315
2022-01-25,Bekasi,0.27432928343410007
2022-01-25,Bogor,0.5016971913590509
2022-01-25,Cianjur,0.5281100175491129
2022-01-25,Cirebon,0.4552430560161621
2022-01-25,Garut,0.6210042392045618
2022-01-25,Indramayu,0.5103651779011771
2022-01-25,Karawang,0.27392871885664766
2022-01-25,Kota Bandung,0.20099753822092017
2022-01-25,Kota Bogor,0.3624853442121217
2022-01-25,Kota Cirebon,0.34396092566892167
2022-01-25,Kota Sukabumi,0.3354468951931235
2022-01-25,Kuningan,0.48997247736049654
2022-01-25,Majalengka,0.5637592478524356
2022-01-25,Purwakarta,0.4845742212530991
2022-01-25,Subang,0.4147110904484725
2022-01-25,Sukabumi,0.5600575117239542
2022-01-25,Sumedang,0.5252820362682515
2022-01-25,Kota Bekasi,0.2529581607641963
2022-01-25,Kota Depok,0.2943816657541719
2022-02-33,Bandung,0.5982909422647544
2022-02-33,Kota Cimahi,0.30358570817100977
2022-02-33,Kota Tasikmalaya,0.6364840406621285
2022-02-33,Tasikmalaya,0.7023028706818318
2022-02-33,Ciamis,0.7217391019808136
2022-02-33,Kota Banjar,0.7233142438983159
2022-02-33,Bekasi,0.29938110559567727
2022-02-33,Bogor,0.34492956501049427
2022-02-33,Cianjur,0.6678293083135314
2022-02-33,Cirebon,0.4455870528196378
2022-02-33,Garut,0.6542564120798927
2022-02-33,Indramayu,0.5065629950719982
2022-02-33,Karawang,0.3301136571585781
2022-02-33,Kota Bandung,0.25221217942622864
2022-02-33,Kota Bogor,0.20340903992086334
2022-02-33,Kota Cirebon,0.43313281381048363
2022-02-33,Kota Sukabumi,0.5524974284909927
2022-02-33,Kuningan,0.5233903139536521
2022-02-33,Majalengka,0.6252227793921359
2022-02-33,Purwakarta,0.5975611702850465
2022-02-33,Subang,0.5556925261620459
2022-02-33,Sukabumi,0.6930589184429877
2022-02-33,Sumedang,0.4631152143023573
2022-02-33,Kota Bekasi,0.23499184926947786
2022-02-33,Kota Depok,0.21223233877619874
2022-02-41,Bandung,0.41816519889599274
2022-02-41,Kota Cimahi,0.25345184757008293
2022-02-41,Kota Tasikmalaya,0.48586466950067425
2022-02-41,Tasikmalaya,0.46177204078817535
2022-02-41,Ciamis,0.48492744312971275
2022-02-41,Kota Banjar,0.5520278609629252
2022-02-41,Bekasi,0.14850684417587187
2022-02-41,Bogor,0.41599968796003794
2022-02-41,Cianjur,0.4977194488907638
2022-02-41,Cirebon,0.29416643961097555
2022-02-41,Garut,0.44108964017309077
2022-02-41,Indramayu,0.4412033506854807
2022-02-41,Karawang,0.2678050296241093
2022-02-41,Kota Bandung,0.26213337763036054
2022-02-41,Kota Bogor,0.35213611825328517
2022-02-41,Kota Cirebon,0.15063904160607272
2022-02-41,Kota Sukabumi,0.30127624791573393
2022-02-41,Kuningan,0.3295357241606456
2022-02-41,Majalengka,0.42726465007925746
2022-02-41,Purwakarta,0.37939555050503887
2022-02-41,Subang,0.3549774439419165
2022-02-41,Sukabumi,0.5271939060545398
2022-02-41,Sumedang,0.4166027012601859
2022-02-41,Kota Bekasi,0.09947077505235905
2022-02-41,Kota Depok,0.34589037919900883
2022-02-49,Bandung,0.49246967500145955
2022-02-49,Kota Cimahi,0.21286839387509635
2022-02-49,Kota Tasikmalaya,0.47828101273554735
2022-02-49,Tasikmalaya,0.6002294854997174
2022-02-49,Ciamis,0.5569928124782211
2022-02-49,Kota Banjar,0.5715775514607617
2022-02-49,Bekasi,0.17758963758997104
2022-02-49,Bogor,0.5699256514169004
2022-02-49,Cianjur,0.5568374590545059
2022-02-49,Cirebon,0.4570099334832225
2022-02-49,Garut,0.6110292026246763
2022-02-49,Indramayu,0.5972475643809553
2022-02-49,Karawang,0.30562510949842436
2022-02-49,Kota Bandung,0.32449130938677845
2022-02-49,Kota Bogor,0.4654021306012376
2022-02-49,Kota Cirebon,0.27609371897646373
2022-02-49,Kota Sukabumi,0.48020933034217056
2022-02-49,Kuningan,0.5654653945983078
2022-02-49,Majalengka,0.5798618778590943
2022-02-49,Purwakarta,0.623982316628081
2022-02-49,Subang,0.6100988501333434
2022-02-49,Sukabumi,0.5172627549627006
2022-02-49,Sumedang,0.7253801063708217
2022-02-49,Kota Bekasi,0.21624427584765216
2022-02-49,Kota Depok,0.43071049699855624
2022-02-57,Bandung,0.39050409756000276
2022-02-57,Kota Cimahi,0.21442920001158855
2022-02-57,Kota Tasikmalaya,0.5710291687174872
2022-02-57,Tasikmalaya,0.6734910344042295
2022-02-57,Ciamis,0.697236430397949
2022-02-57,Kota Banjar,0.7412173128193438
2022-02-57,Bekasi,0.3810651363491559
2022-02-57,Bogor,0.37587216303133203
2022-02-57,Cianjur,0.512248863399733
2022-02-57,Cirebon,0.48629090316569484
2022-02-57,Garut,0.568516668829401
2022-02-57,Indramayu,0.5868477710764066
2022-02-57,Karawang,0.36264472390127034
2022-02-57,Kota Bandung,0.238067763760835
2022-02-57,Kota Bogor,0.23018030914329052
2022-02-57,Kota Cirebon,0.290757041498331
2022-02-57,Kota Sukabumi,0.35118930895341155
2022-02-57,Kuningan,0.43939069099754885
2022-02-57,Majalengka,0.5305197931902774
2022-02-57,Purwakarta,0.4241812433414091
2022-02-57,Subang,0.48711128152532074
2022-02-57,Sukabumi,0.3041506452612148
2022-02-57,Sumedang,0.42105921987242145
2022-02-57,Kota Bekasi,0.30838271961991526
2022-02-57,Kota Depok,0.2542069927052761
2022-03-65,Bandung,0.49928221280511526
2022-03-65,Kota Cimahi,0.30743210595007703
2022-03-65,Kota Tasikmalaya,0.4383954694083389
2022-03-65,Tasikmalaya,0.5022196020482677
2022-03-65,Ciamis,0.4407253821070619
2022-03-65,Kota Banjar,0.4679748787965344
2022-03-65,Bekasi,0.39876408822448306
2022-03-65,Bogor,0.501677543503871
2022-03-65,Cianjur,0.5793640757107982
2022-03-65,Cirebon,0.45283679298260876
2022-03-65,Garut,0.5171191895374995
2022-03-65,Indramayu,0.5971990717619837
2022-03-65,Karawang,0.3921969646422416
2022-03-65,Kota Bandung,0.35791642610943253
2022-03-65,Kota Bogor,0.3240349168464711
2022-03-65,Kota Cirebon,0.29512528645162256
2022-03-65,Kota Sukabumi,0.45647829837745385
2022-03-65,Kuningan,0.5144486205148634
2022-03-65,Majalengka,0.5860697598836461
2022-03-65,Purwakarta,0.555958927435254
2022-03-65,Subang,0.5912391555965287
2022-03-65,Sukabumi,0.4301984185327455
2022-03-65,Sumedang,0.7056119633303953
2022-03-65,Kota Bekasi,0.27643233562670716
2022-03-65,Kota Depok,0.34053525633480614
2022-03-73,Bandung,0.5449205408826046
2022-03-73,Kota Cimahi,0.3565204771076429
2022-03-73,Kota Tasikmalaya,0.6126796740546234
2022-03-73,Tasikmalaya,0.6111598601965929
2022-03-73,Ciamis,0.620058682517746
2022-03-73,Kota Banjar,0.5970608486921464
2022-03-73,Bekasi,0.401214033832744
2022-03-73,Bogor,0.6167248319080706
2022-03-73,Cianjur,0.6947658354192356
2022-03-73,Cirebon,0.5556770633792311
2022-03-73,Garut,0.5749693899984918
2022-03-73,Indramayu,0.5842330392349291
2022-03-73,Karawang,0.38083580280732204
2022-03-73,Kota Bandung,0.3175580179799384
2022-03-73,Kota Bogor,0.4925187555506091
2022-03-73,Kota Cirebon,0.3688114815928821
2022-03-73,Kota Sukabumi,0.559854213711858
2022-03-73,Kuningan,0.6457470137894702
2022-03-73,Majalengka,0.5297217454409078
2022-03-73,Purwakarta,0.6722831128866088
2022-03-73,Subang,0.6365115667238852
2022-03-73,Sukabumi,0.6618382444448556
2022-03-73,Sumedang,0.6444640201409824
2022-03-73,Kota Bekasi,0.2751039449416618
2022-03-73,Kota Depok,0.4458270462126421
2022-03-81,Bandung,0.6014663050972552
2022-03-81,Kota Cimahi,0.2994324335904144
2022-03-81,Kota Tasikmalaya,0.476309569067766
2022-03-81,Tasikmalaya,0.5655320424880289
2022-03-81,Ciamis,0.6755671476901676
2022-03-81,Kota Banjar,0.6513167001433924
2022-03-81,Bekasi,0.43001240315094186
2022-03-81,Bogor,0.5701459275847358
2022-03-81,Cianjur,0.6774097211069563
2022-03-81,Cirebon,0.44421259713504246
2022-03-81,Garut,0.5238032785953389
2022-03-81,Indramayu,0.4532247266819361
2022-03-81,Karawang,0.4568623053771117
2022-03-81,Kota Bandung,0.3087965687933729
2022-03-81,Kota Bogor,0.4326869112257759
2022-03-81,Kota Cirebon,0.32332764346290643
2022-03-81,Kota Sukabumi,0.6198962965360345
2022-03-81,Kuningan,0.48938552488267556
2022-03-81,Majalengka,0.5144141467617708
2022-03-81,Purwakarta,0.5997417803557951
2022-03-81,Subang,0.583888179633597
2022-03-81,Sukabumi,0.6792536878439042
2022-03-81,Sumedang,0.5017257088923812
2022-03-81,Kota Bekasi,0.31932587708991683
2022-03-81,Kota Depok,0.43078553001843145
2022-03-89,Bandung,0.6925854488470189
2022-03-89,Kota Cimahi,0.3339446105554537
2022-03-89,Kota Tasikmalaya,0.6265570543371599
2022-03-89,Tasikmalaya,0.7329400829212392
2022-03-89,Ciamis,0.6912097536923227
2022-03-89,Kota Banjar,0.6549017810362916
2022-03-89,Bekasi,0.4763330522940082
2022-03-89,Bogor,0.703889130210917
2022-03-89,Cianjur,0.7530402711446716
2022-03-89,Cirebon,0.5782639443801314
2022-03-89,Garut,0.7246261511337878
2022-03-89,Indramayu,0.4912229136514219
2022-03-89,Karawang,0.46169658751152937
2022-03-89,Kota Bandung,0.38168809404739423
2022-03-89,Kota Bogor,0.5155299413167024
2022-03-89,Kota Cirebon,0.45799677789510446
2022-03-89,Kota Sukabumi,0.5814004250674015
2022-03-89,Kuningan,0.6756625088465003
2022-03-89,Majalengka,0.5989756218543063
2022-03-89,Purwakarta,0.6440570215159679
2022-03-89,Subang,0.5953218687568431
2022-03-89,Sukabumi,0.748408525871418
2022-03-89,Sumedang,0.7206688118242753
2022-03-89,Kota Bekasi,0.3708944289962727
2022-03-89,Kota Depok,0.46147306761943346
2022-04-97,Bandung,0.5980041054809044
2022-04-97,Kota Cimahi,0.34363196345663755
2022-04-97,Kota Tasikmalaya,0.6169081057994977
2022-04-97,Tasikmalaya,0.6959792669847787
2022-04-97,Ciamis,0.6482578066731816
2022-04-97,Kota Banjar,0.6486057540086865
2022-04-97,Bekasi,0.4845909017969663
2022-04-97,Bogor,0.6795120006164527
2022-04-97,Cianjur,0.7366805740506434
2022-04-97,Cirebon,0.5520499830641433
2022-04-97,Garut,0.7250459220001646
2022-04-97,Indramayu,0.4858877213176668
2022-04-97,Karawang,0.5006303385601243
2022-04-97,Kota Bandung,0.3797613758131536
2022-04-97,Kota Bogor,0.5231709290258157
2022-04-97,Kota Cirebon,0.4663733999398518
2022-04-97,Kota Sukabumi,0.5738230419920596
2022-04-97,Kuningan,0.697967352152203
2022-04-97,Majalengka,0.5925427168311487
2022-04-97,Purwakarta,0.6598132468285134
2022-04-97,Subang,0.5973475191933557
2022-04-97,Sukabumi,0.7519979182289146
2022-04-97,Sumedang,0.6977041300717713
2022-04-97,Kota Bekasi,0.361357753897162
2022-04-97,Kota Depok,0.47556933252570427
2022-04-105,Bandung,0.5535279575811564
2022-04-105,Kota Cimahi,0.3202544045716333
2022-04-105,Kota Tasikmalaya,0.6328427873558186
2022-04-105,Tasikmalaya,0.7458849531551004
2022-04-105,Ciamis,0.6980466586672194
2022-04-105,Kota Banjar,0.6401076986673194
2022-04-105,Bekasi,0.48512928499983055
2022-04-105,Bogor,0.5923471024992806
2022-04-105,Cianjur,0.6846633487623688
2022-04-105,Cirebon,0.5477880998802752
2022-04-105,Garut,0.7173470625150815
2022-04-105,Indramayu,0.46128740390720635
2022-04-105,Karawang,0.4973964630547921
2022-04-105,Kota Bandung,0.39112174274858413
2022-04-105,Kota Bogor,0.40753698296917895
2022-04-105,Kota Cirebon,0.4504964789783454
2022-04-105,Kota Sukabumi,0.5398760606269285
2022-04-105,Kuningan,0.7223760627415257
2022-04-105,Majalengka,0.6152320810013092
2022-04-105,Purwakarta,0.6566737120105499
2022-04-105,Subang,0.6264051336502955
2022-04-105,Sukabumi,0.6915280082438742
2022-04-105,Sumedang,0.7035350579382114
2022-04-105,Kota Bekasi,0.3038659059626421
2022-04-105,Kota Depok,0.36496057768071355
2022-04-113,Bandung,0.6510526350807412
2022-04-113,Kota Cimahi,0.32633034409422035
2022-04-113,Kota Tasikmalaya,0.6460766545804199
2022-04-113,Tasikmalaya,0.7605407443180353
2022-04-113,Ciamis,0.7401401022126869
2022-04-113,Kota Banjar,0.6569442231483964
2022-04-113,Bekasi,0.5368778487805955
2022-04-113,Bogor,0.6563675585211047
2022-04-113,Cianjur,0.7508917461111155
2022-04-113,Cirebon,0.5599782090030829
2022-04-113,Garut,0.7755229866134281
2022-04-113,Indramayu,0.5005061895103695
2022-04-113,Karawang,0.5473786485646072
2022-04-113,Kota Bandung,0.3917993847425479
2022-04-113,Kota Bogor,0.5126183506203215
2022-04-113,Kota Cirebon,0.4546441783378654
2022-04-113,Kota Sukabumi,0.5049907119724544
2022-04-113,Kuningan,0.6379894221613782
2022-04-113,Majalengka,0.6176335093864362
2022-04-113,Purwakarta,0.6577186395626673
2022-04-113,Subang,0.6120270328345728
2022-04-113,Sukabumi,0.7221596325101056
2022-04-113,Sumedang,0.7077368482437509
2022-04-113,Kota Bekasi,0.3043184255531486
2022-04-113,Kota Depok,0.3517400309730025
2022-05-121,Bandung,0.7178932740562761
2022-05-121,Kota Cimahi,0.36518404835221824
2022-05-121,Kota Tasikmalaya,0.6939779921180319
2022-05-121,Tasikmalaya,0.7935318762972647
2022-05-121,Ciamis,0.7410530453499283
2022-05-121,Kota Banjar,0.6719180209225437
2022-05-121,Bekasi,0.5141412417330367
2022-05-121,Bogor,0.7245816063284248
2022-05-121,Cianjur,0.7924188926262105
2022-05-121,Cirebon,0.5378890461775222
2022-05-121,Garut,0.8059478929933639
2022-05-121,Indramayu,0.45408435213990916
2022-05-121,Karawang,0.537169943206029
2022-05-121,Kota Bandung,0.3804858406756702
2022-05-121,Kota Bogor,0.5221065427631355
2022-05-121,Kota Cirebon,0.467386541151385
2022-05-121,Kota Sukabumi,0.5877952060173429
2022-05-121,Kuningan,0.7770430093871569
2022-05-121,Majalengka,0.6832396614549366
2022-05-121,Purwakarta,0.6768589247520557
2022-05-121,Subang,0.6038665717892896
2022-05-121,Sukabumi,0.7530782933474869
2022-05-121,Sumedang,0.7351937755662786
2022-05-121,Kota Bekasi,0.3581273288984292
2022-05-121,Kota Depok,0.47489167569390284
2022-05-129,Bandung,0.6696140683408979
2022-05-129,Kota Cimahi,0.350971879121498
2022-05-129,Kota Tasikmalaya,0.6298051823876256
2022-05-129,Tasikmalaya,0.7192773405305006
2022-05-129,Ciamis,0.616535754178379
2022-05-129,Kota Banjar,0.6789894584139275
2022-05-129,Bekasi,0.5364436910318053
2022-05-129,Bogor,0.7160025941308206
2022-05-129,Cianjur,0.753947312615116
2022-05-129,Cirebon,0.5264336472333855
2022-05-129,Garut,0.7114776616434147
2022-05-129,Indramayu,0.34506197794463256
2022-05-129,Karawang,0.5792333349150824
2022-05-129,Kota Bandung,0.3751500199408674
2022-05-129,Kota Bogor,0.5262661376140172
2022-05-129,Kota Cirebon,0.46046602350132054
2022-05-129,Kota Sukabumi,0.5554936616054688
2022-05-129,Kuningan,0.5673006778196353
2022-05-129,Majalengka,0.6189941330327478
2022-05-129,Purwakarta,0.7005890576264836
2022-05-129,Subang,0.6038502684672474
2022-05-129,Sukabumi,0.7736882137886273
2022-05-129,Sumedang,0.6611052194663257
2022-05-129,Kota Bekasi,0.3741752989028201
2022-05-129,Kota Depok,0.4657036928286447
2022-05-137,Bandung,0.6099439388569514
2022-05-137,Kota Cimahi,0.42539007584200156
2022-05-137,Kota Tasikmalaya,0.6410372246919366
2022-05-137,Tasikmalaya,0.7706187450917358
2022-05-137,Ciamis,0.7241589388468964
2022-05-137,Kota Banjar,0.6616341427558212
2022-05-137,Bekasi,0.4399092374184559
2022-05-137,Bogor,0.5817476970470048
2022-05-137,Cianjur,0.6820764722274528
2022-05-137,Cirebon,0.5923117084458668
2022-05-137,Garut,0.7921525654375932
2022-05-137,Indramayu,0.5056955885465699
2022-05-137,Karawang,0.5286405931267417
2022-05-137,Kota Bandung,0.44132040795050814
2022-05-137,Kota Bogor,0.4142518141789085
2022-05-137,Kota Cirebon,0.4819861507253469
2022-05-137,Kota Sukabumi,0.45747665918414193
2022-05-137,Kuningan,0.6736874977866146
2022-05-137,Majalengka,0.7092217947778053
2022-05-137,Purwakarta,0.5873133667210975
2022-05-137,Subang,0.6428319242014081
2022-05-137,Sukabumi,0.7551202735845718
2022-05-137,Sumedang,0.7744076747570081
2022-05-137,Kota Bekasi,0.24330081267609444
2022-05-137,Kota Depok,0.3856799223401279
2022-05-145,Bandung,0.7147689321305996
2022-05-145,Kota Cimahi,0.34616046461450267
2022-05-145,Kota Tasikmalaya,0.6791038412918855
2022-05-145,Tasikmalaya,0.7733651944053211
2022-05-145,Ciamis,0.7807201080321303
2022-05-145,Kota Banjar,0.6941899647260615
2022-05-145,Bekasi,0.5086696990047462
2022-05-145,Bogor,0.6626136321480502
2022-05-145,Cianjur,0.7808768990835626
2022-05-145,Cirebon,0.6022422814894935
2022-05-145,Garut,0.766310416146467
2022-05-145,Indramayu,0.48041273989249295
2022-05-145,Karawang,0.5555119190345831
2022-05-145,Kota Bandung,0.383495940902476
2022-05-145,Kota Bogor,0.5330393566779711
2022-05-145,Kota Cirebon,0.515606328585021
2022-05-145,Kota Sukabumi,0.5798127348354184
2022-05-145,Kuningan,0.7931086248128942
2022-05-145,Majalengka,0.7657885798029052
2022-05-145,Purwakarta,0.711605802046216
2022-05-145,Subang,0.6326029541026198
2022-05-145,Sukabumi,0.7608609757383218
2022-05-145,Sumedang,0.7861796640528776
2022-05-145,Kota Bekasi,0.3882604542656864
2022-05-145,Kota Depok,0.48400553013630715
2022-06-153,Bandung,0.7092485123455291
2022-06-153,Kota Cimahi,0.34118870792366796
2022-06-153,Kota Tasikmalaya,0.664382249658476
2022-06-153,Tasikmalaya,0.8227022871731002
2022-06-153,Ciamis,0.7910160485099575
2022-06-153,Kota Banjar,0.6841231445626075
2022-06-153,Bekasi,0.5123220609747161
2022-06-153,Bogor,0.7010321704428313
2022-06-153,Cianjur,0.8019848288638054
2022-06-153,Cirebon,0.561869751127672
2022-06-153,Garut,0.8104937524498437
2022-06-153,Indramayu,0.47990629849461
2022-06-153,Karawang,0.5621105277925553
2022-06-153,Kota Bandung,0.370896525197677
2022-06-153,Kota Bogor,0.5463761314901153
2022-06-153,Kota Cirebon,0.4749406974108607
2022-06-153,Kota Sukabumi,0.5429028225758491
2022-06-153,Kuningan,0.7645585296673649
2022-06-153,Majalengka,0.7452187900127585
2022-06-153,Purwakarta,0.7232529038364984
2022-06-153,Subang,0.6040539264333804
2022-06-153,Sukabumi,0.7945791861178529
2022-06-153,Sumedang,0.7735196265821975
2022-06-153,Kota Bekasi,0.3521937900234489
2022-06-153,Kota Depok,0.48512148848199516
2022-06-161,Bandung,0.5418514508270657
2022-06-161,Kota Cimahi,0.4073608398029439
2022-06-161,Kota Tasikmalaya,0.571487223277668
2022-06-161,Tasikmalaya,0.6440329016091795
2022-06-161,Ciamis,0.5575986027996739
2022-06-161,Kota Banjar,0.5263625728015685
2022-06-161,Bekasi,0.5292493394240786
2022-06-161,Bogor,0.6233273405379681
2022-06-161,Cianjur,0.5858730694173289
2022-06-161,Cirebon,0.4346538155977932
2022-06-161,Garut,0.6461852203824026
2022-06-161,Indramayu,0.49730124961920147
2022-06-161,Karawang,0.557705147429011
2022-06-161,Kota Bandung,0.4189231619350738
2022-06-161,Kota Bogor,0.5285544645972478
2022-06-161,Kota Cirebon,0.3620901062888188
2022-06-161,Kota Sukabumi,0.3577001493314741
2022-06-161,Kuningan,0.5625893292698114
2022-06-161,Majalengka,0.6263911009498201
2022-06-161,Purwakarta,0.6491874539378196
2022-06-161,Subang,0.6244800992757494
2022-06-161,Sukabumi,0.5391573078907613
2022-06-161,Sumedang,0.7016694976340585
2022-06-161,Kota Bekasi,0.34159738685549607
2022-06-161,Kota Depok,0.5139133552492974
2022-06-169,Bandung,0.6621323292833683
2022-06-169,Kota Cimahi,0.38064590485484595
2022-06-169,Kota Tasikmalaya,0.5664430360668088
2022-06-169,Tasikmalaya,0.6259016167423436
2022-06-169,Ciamis,0.6144177619959257
2022-06-169,Kota Banjar,0.6583046465287353
2022-06-169,Bekasi,0.4631310429597822
2022-06-169,Bogor,0.6786492384023779
2022-06-169,Cianjur,0.7718736713302886
2022-06-169,Cirebon,0.5480253504462451
2022-06-169,Garut,0.7086923190671444
2022-06-169,Indramayu,0.51428371463234
2022-06-169,Karawang,0.5026375924144779
2022-06-169,Kota Bandung,0.35354690723363325
2022-06-169,Kota Bogor,0.49370016372533615
2022-06-169,Kota Cirebon,0.4678178872140457
2022-06-169,Kota Sukabumi,0.5990546279670196
2022-06-169,Kuningan,0.7467196066197709
2022-06-169,Majalengka,0.6918923915718145
2022-06-169,Purwakarta,0.6930569657338734
2022-06-169,Subang,0.6164466744594297
2022-06-169,Sukabumi,0.7590980669134636
2022-06-169,Sumedang,0.7316213855755265
2022-06-169,Kota Bekasi,0.366151367267244
2022-06-169,Kota Depok,0.4859190227428836
2022-06-177,Bandung,0.704325404648664
2022-06-177,Kota Cimahi,0.35126201061644524
2022-06-177,Kota Tasikmalaya,0.6409104444398185
2022-06-177,Tasikmalaya,0.7881938039331303
2022-06-177,Ciamis,0.7688973171703909
2022-06-177,Kota Banjar,0.66803976616835
2022-06-177,Bekasi,0.43966668655161895
2022-06-177,Bogor,0.6971430332300642
2022-06-177,Cianjur,0.76521180194942
2022-06-177,Cirebon,0.5609910311471417
2022-06-177,Garut,0.7945578244622833
2022-06-177,Indramayu,0.5557036967977061
2022-06-177,Karawang,0.49264081179917846
2022-06-177,Kota Bandung,0.35929767875078417
2022-06-177,Kota Bogor,0.4902041876309346
2022-06-177,Kota Cirebon,0.49389237185237267
2022-06-177,Kota Sukabumi,0.5454380452052076
2022-06-177,Kuningan,0.7659462754823361
2022-06-177,Majalengka,0.7089537953038724
2022-06-177,Purwakarta,0.6922621893880049
2022-06-177,Subang,0.5950481222465115
2022-06-177,Sukabumi,0.7732061467529903
2022-06-177,Sumedang,0.7668932983553517
2022-06-177,Kota Bekasi,0.3516955626606033
2022-06-177,Kota Depok,0.4456239932336231
2022-07-185,Bandung,0.6977322474036731
2022-07-185,Kota Cimahi,0.32662746074182497
2022-07-185,Kota Tasikmalaya,0.6746468890660938
2022-07-185,Tasikmalaya,0.7648272569360369
2022-07-185,Ciamis,0.7864572270961424
2022-07-185,Kota Banjar,0.698118393017306
2022-07-185,Bekasi,0.4417870220625193
2022-07-185,Bogor,0.6861636163405743
2022-07-185,Cianjur,0.7684804341056003
2022-07-185,Cirebon,0.5724713772928374
2022-07-185,Garut,0.7808989452869615
2022-07-185,Indramayu,0.577045055556212
2022-07-185,Karawang,0.47431985380783265
2022-07-185,Kota Bandung,0.3484849657278359
2022-07-185,Kota Bogor,0.49569289129825483
2022-07-185,Kota Cirebon,0.4657312685212748
2022-07-185,Kota Sukabumi,0.5549535623233756
2022-07-185,Kuningan,0.7545605759363712
2022-07-185,Majalengka,0.682427014632368
2022-07-185,Purwakarta,0.6992570758281857
2022-07-185,Subang,0.5962752958222844
2022-07-185,Sukabumi,0.7687694997263746
2022-07-185,Sumedang,0.7518682890744924
2022-07-185,Kota Bekasi,0.35963558290055025
2022-07-185,Kota Depok,0.4397379853279606
2022-07-193,Bandung,0.6762498292831677
2022-07-193,Kota Cimahi,0.34581121642923024
2022-07-193,Kota Tasikmalaya,0.33405420168806693
2022-07-193,Tasikmalaya,0.41007371949468524
2022-07-193,Ciamis,0.4063466569126198
2022-07-193,Kota Banjar,0.4809146409815258
2022-07-193,Bekasi,0.45014055520877283
2022-07-193,Bogor,0.6358430635595007
2022-07-193,Cianjur,0.7012252309292215
2022-07-193,Cirebon,0.4973546483214327
2022-07-193,Garut,0.6442109954429847
2022-07-193,Indramayu,0.5791241921950668
2022-07-193,Karawang,0.45377071736406654
2022-07-193,Kota Bandung,0.3657920712216573
2022-07-193,Kota Bogor,0.4338442632971831
2022-07-193,Kota Cirebon,0.39930021897419393
2022-07-193,Kota Sukabumi,0.5664442624645711
2022-07-193,Kuningan,0.5672927520778538
2022-07-193,Majalengka,0.5746502890763149
2022-07-193,Purwakarta,0.5915511431563056
2022-07-193,Subang,0.5011915812383674
2022-07-193,Sukabumi,0.727502128574569
2022-07-193,Sumedang,0.6349523351763954
2022-07-193,Kota Bekasi,0.37668660048307495
2022-07-193,Kota Depok,0.46323891152492847
2022-07-201,Bandung,0.7354679106081461
2022-07-201,Kota Cimahi,0.39022731276915745
2022-07-201,Kota Tasikmalaya,0.4530804534469169
2022-07-201,Tasikmalaya,0.5762957581785544
2022-07-201,Ciamis,0.5757200908516966
2022-07-201,Kota Banjar,0.584048643620745
2022-07-201,Bekasi,0.4640769897862676
2022-07-201,Bogor,0.7002609125868651
2022-07-201,Cianjur,0.7821163289663926
2022-07-201,Cirebon,0.5855942444987592
2022-07-201,Garut,0.7755355401325876
2022-07-201,Indramayu,0.5911405055412975
2022-07-201,Karawang,0.4713867814560142
2022-07-201,Kota Bandung,0.38578185769635986
2022-07-201,Kota Bogor,0.5274921521481135
2022-07-201,Kota Cirebon,0.4939712107643545
2022-07-201,Kota Sukabumi,0.6100588556739603
2022-07-201,Kuningan,0.7376580581360814
2022-07-201,Majalengka,0.6550296359766794
2022-07-201,Purwakarta,0.6899010857232751
2022-07-201,Subang,0.605762997907323
2022-07-201,Sukabumi,0.771890951071858
2022-07-201,Sumedang,0.7405021479414349
2022-07-201,Kota Bekasi,0.3708262003424258
2022-07-201,Kota Depok,0.47050445244048783
2022-07-209,Bandung,0.6985072139606746
2022-07-209,Kota Cimahi,0.3108286976418217
2022-07-209,Kota Tasikmalaya,0.6317589409263905
2022-07-209,Tasikmalaya,0.7995035218443619
2022-07-209,Ciamis,0.7236790814489896
2022-07-209,Kota Banjar,0.6733926317356868
2022-07-209,Bekasi,0.40201028485659107
2022-07-209,Bogor,0.7113849420449592
2022-07-209,Cianjur,0.7701222030745735
2022-07-209,Cirebon,0.5336627509281187
2022-07-209,Garut,0.7832593738559194
2022-07-209,Indramayu,0.5630975843829772
2022-07-209,Karawang,0.44001015863586024
2022-07-209,Kota Bandung,0.34893802245444194
2022-07-209,Kota Bogor,0.5220563372237148
2022-07-209,Kota Cirebon,0.43226630223363444
2022-07-209,Kota Sukabumi,0.5601573700858666
2022-07-209,Kuningan,0.48526390699949473
2022-07-209,Majalengka,0.5525397220828868
2022-07-209,Purwakarta,0.6667953303614597
2022-07-209,Subang,0.6062325592469516
2022-07-209,Sukabumi,0.7660695549319861
2022-07-209,Sumedang,0.6556470272082883
2022-07-209,Kota Bekasi,0.2749744896490085
2022-07-209,Kota Depok,0.45088076639868635
2022-08-217,Bandung,0.7230421421815246
2022-08-217,Kota Cimahi,0.3289053688521202
2022-08-217,Kota Tasikmalaya,0.4556118070426213
2022-08-217,Tasikmalaya,0.5937399115211056
2022-08-217,Ciamis,0.6877959063033056
2022-08-217,Kota Banjar,0.6595157159404075
2022-08-217,Bekasi,0.4441786920585814
2022-08-217,Bogor,0.7124298403385246
2022-08-217,Cianjur,0.7349107549987208
2022-08-217,Cirebon,0.5877766845483585
2022-08-217,Garut,0.7345876639097187
2022-08-217,Indramayu,0.5820459142193296
2022-08-217,Karawang,0.4583647017597069
2022-08-217,Kota Bandung,0.3603998786863776
2022-08-217,Kota Bogor,0.501290055843412
2022-08-217,Kota Cirebon,0.4464757030946736
2022-08-217,Kota Sukabumi,0.5917648293683042
2022-08-217,Kuningan,0.7254989534037047
2022-08-217,Majalengka,0.6228759600122278
2022-08-217,Purwakarta,0.6870807024405272
2022-08-217,Subang,0.63625263963592
2022-08-217,Sukabumi,0.7274202254060945
2022-08-217,Sumedang,0.7401328723144635
2022-08-217,Kota Bekasi,0.36424082019095516
2022-08-217,Kota Depok,0.45252322584618776
2022-08-225,Bandung,0.6458010798131407
2022-08-225,Kota Cimahi,0.324379652122969
2022-08-225,Kota Tasikmalaya,0.5831076432071949
2022-08-225,Tasikmalaya,0.519225180377022
2022-08-225,Ciamis,0.5308407892403681
2022-08-225,Kota Banjar,0.6729580767736826
2022-08-225,Bekasi,0.44493612799552684
2022-08-225,Bogor,0.6670927378495701
2022-08-225,Cianjur,0.6906983225495072
2022-08-225,Cirebon,0.5660495284320811
2022-08-225,Garut,0.6269964283316249
2022-08-225,Indramayu,0.5498833726947372
2022-08-225,Karawang,0.46889656674111485
2022-08-225,Kota Bandung,0.3547050099283667
2022-08-225,Kota Bogor,0.47378221620483274
2022-08-225,Kota Cirebon,0.42219274323820843
2022-08-225,Kota Sukabumi,0.5612204711747594
2022-08-225,Kuningan,0.7134688208521295
2022-08-225,Majalengka,0.6070619360185837
2022-08-225,Purwakarta,0.6610364407355305
2022-08-225,Subang,0.6364516914098092
2022-08-225,Sukabumi,0.6498178826921945
2022-08-225,Sumedang,0.7037406331297705
2022-08-225,Kota Bekasi,0.3535111475419674
2022-08-225,Kota Depok,0.4316212197133952
2022-08-233,Bandung,0.6670104608865978
2022-08-233,Kota Cimahi,0.31187448628349135
2022-08-233,Kota Tasikmalaya,0.1548965496143359
2022-08-233,Tasikmalaya,0.28983324032713614
2022-08-233,Ciamis,0.29314664926424383
2022-08-233,Kota Banjar,0.323714465470302
2022-08-233,Bekasi,0.42443488408268676
2022-08-233,Bogor,0.6586008880020782
2022-08-233,Cianjur,0.685709307390542
2022-08-233,Cirebon,0.5751884794717802
2022-08-233,Garut,0.6541010567219978
2022-08-233,Indramayu,0.5157678191635681
2022-08-233,Karawang,0.4374570535409325
2022-08-233,Kota Bandung,0.36534883646736527
2022-08-233,Kota Bogor,0.45073823449494727
2022-08-233,Kota Cirebon,0.4159336618790718
2022-08-233,Kota Sukabumi,0.5853038981826881
2022-08-233,Kuningan,0.6436008769262926
2022-08-233,Majalengka,0.5659447349685438
2022-08-233,Purwakarta,0.6478279163032712
2022-08-233,Subang,0.641493838044063
2022-08-233,Sukabumi,0.6767469321025977
2022-08-233,Sumedang,0.7069527673987478
2022-08-233,Kota Bekasi,0.3117265723209211
2022-08-233,Kota Depok,0.42858182687596946
2022-08-241,Bandung,0.5718401155411938
2022-08-241,Kota Cimahi,0.32232629065933915
2022-08-241,Kota Tasikmalaya,0.3558040633969966
2022-08-241,Tasikmalaya,0.4919041459682383
2022-08-241,Ciamis,0.4521148133128757
2022-08-241,Kota Banjar,0.4621918673336655
2022-08-241,Bekasi,0.33612214341895397
2022-08-241,Bogor,0.566967313234186
2022-08-241,Cianjur,0.691689299413476
2022-08-241,Cirebon,0.5535421111079798
2022-08-241,Garut,0.6507570116737319
2022-08-241,Indramayu,0.49331501226209146
2022-08-241,Karawang,0.40435260373114296
2022-08-241,Kota Bandung,0.3525463542405496
2022-08-241,Kota Bogor,0.38879886772818284
2022-08-241,Kota Cirebon,0.40058295016328377
2022-08-241,Kota Sukabumi,0.567655542334605
2022-08-241,Kuningan,0.6310826151522411
2022-08-241,Majalengka,0.5523704289604913
2022-08-241,Purwakarta,0.6047156276759486
2022-08-241,Subang,0.6379663617805811
2022-08-241,Sukabumi,0.6999904007635764
2022-08-241,Sumedang,0.6807461749172535
2022-08-241,Kota Bekasi,0.22383236076526225
2022-08-241,Kota Depok,0.3319230165707604
2022-09-249,Bandung,0.45371911036295975
2022-09-249,Kota Cimahi,0.15203817904169256
2022-09-249,Kota Tasikmalaya,0.432879825180882
2022-09-249,Tasikmalaya,0.4434018136167705
2022-09-249,Ciamis,0.455574924871284
2022-09-249,Kota Banjar,0.4454985837359969
2022-09-249,Bekasi,0.3082521316486507
2022-09-249,Bogor,0.5354546546185072
2022-09-249,Cianjur,0.5334662763698645
2022-09-249,Cirebon,0.4830351676937556
2022-09-249,Garut,0.5779780081912592
2022-09-249,Indramayu,0.44747659962227565
2022-09-249,Karawang,0.3575112912274383
2022-09-249,Kota Bandung,0.3088591281508353
2022-09-249,Kota Bogor,0.371409931500882
2022-09-249,Kota Cirebon,0.2754553091427458
2022-09-249,Kota Sukabumi,0.44477435144070476
2022-09-249,Kuningan,0.5718462887736981
2022-09-249,Majalengka,0.5077963521179605
2022-09-249,Purwakarta,0.5395289639882879
2022-09-249,Subang,0.5751340149895786
2022-09-249,Sukabumi,0.5299243185119535
2022-09-249,Sumedang,0.6175053907908714
2022-09-249,Kota Bekasi,0.22669935224029172
2022-09-249,Kota Depok,0.35299894185054814
2022-09-257,Bandung,0.6100072420447342
2022-09-257,Kota Cimahi,0.41145954869748674
2022-09-257,Kota Tasikmalaya,0.3635563135822285
2022-09-257,Tasikmalaya,0.3508177590933894
2022-09-257,Ciamis,0.33604468131997195
2022-09-257,Kota Banjar,0.33043949785973276
2022-09-257,Bekasi,0.48923248117725543
2022-09-257,Bogor,0.6605144513457711
2022-09-257,Cianjur,0.690034315236931
2022-09-257,Cirebon,0.5299870701835954
2022-09-257,Garut,0.5741373789349965
2022-09-257,Indramayu,0.49817843200954237
2022-09-257,Karawang,0.468754894242032
2022-09-257,Kota Bandung,0.39322983255567556
2022-09-257,Kota Bogor,0.5104317140566733
2022-09-257,Kota Cirebon,0.41294942204005264
2022-09-257,Kota Sukabumi,0.5982563034619824
2022-09-257,Kuningan,0.6772386044103039
2022-09-257,Majalengka,0.5742676989148396
2022-09-257,Purwakarta,0.6816148955355137
2022-09-257,Subang,0.6675358063842075
2022-09-257,Sukabumi,0.6402080508075018
2022-09-257,Sumedang,0.687835085707385
2022-09-257,Kota Bekasi,0.3393915158030533
2022-09-257,Kota Depok,0.4726631411800486
2022-09-265,Bandung,0.6326883836756474
2022-09-265,Kota Cimahi,0.3213776885931404
2022-09-265,Kota Tasikmalaya,0.28074945057878187
2022-09-265,Tasikmalaya,0.3507320333124455
2022-09-265,Ciamis,0.40976248479799104
2022-09-265,Kota Banjar,0.45079420642062795
2022-09-265,Bekasi,0.46253803675438854
2022-09-265,Bogor,0.6331429692965853
2022-09-265,Cianjur,0.483760456064058
2022-09-265,Cirebon,0.5061493382793858
2022-09-265,Garut,0.5263733354597045
2022-09-265,Indramayu,0.44031107254941504
2022-09-265,Karawang,0.4592979553130815
2022-09-265,Kota Bandung,0.34775720827899
2022-09-265,Kota Bogor,0.4646857862902035
2022-09-265,Kota Cirebon,0.4006126499558947
2022-09-265,Kota Sukabumi,0.5298020324124045
2022-09-265,Kuningan,0.6801236336895821
2022-09-265,Majalengka,0.5626404527315276
2022-09-265,Purwakarta,0.6335050060864077
2022-09-265,Subang,0.639472352942563
2022-09-265,Sukabumi,0.5110776905371905
2022-09-265,Sumedang,0.6989136277548536
2022-09-265,Kota Bekasi,0.3296604322369683
2022-09-265,Kota Depok,0.42795974524362906
2022-09-273,Bandung,0.487274198499593
2022-09-273,Kota Cimahi,0.18517808228432275
2022-09-273,Kota Tasikmalaya,0.45437174956702464
2022-09-273,Tasikmalaya,0.3518684287545684
2022-09-273,Ciamis,0.3455343093451201
2022-09-273,Kota Banjar,0.4943700732311815
2022-09-273,Bekasi,0.44275126870859804
2022-09-273,Bogor,0.562527910368272
2022-09-273,Cianjur,0.4695946154787415
2022-09-273,Cirebon,0.5065426235524302
2022-09-273,Garut,0.4566965117778925
2022-09-273,Indramayu,0.42360922846360094
2022-09-273,Karawang,0.4625857605338991
2022-09-273,Kota Bandung,0.30580626468943994
2022-09-273,Kota Bogor,0.4386478690751352
2022-09-273,Kota Cirebon,0.3794149862137165
2022-09-273,Kota Sukabumi,0.26913305291201034
2022-09-273,Kuningan,0.6298810347472921
2022-09-273,Majalengka,0.5367832459972578
2022-09-273,Purwakarta,0.583697834161714
2022-09-273,Subang,0.5781473095127124
2022-09-273,Sukabumi,0.4940722253956879
2022-09-273,Sumedang,0.6134678791803192
2022-09-273,Kota Bekasi,0.22824573147696653
2022-09-273,Kota Depok,0.3623162715874139
2022-10-281,Bandung,0.24523266695106014
2022-10-281,Kota Cimahi,0.2306212810606852
2022-10-281,Kota Tasikmalaya,0.18727902846658087
2022-10-281,Tasikmalaya,0.1536526132549679
2022-10-281,Ciamis,0.2437229548207032
2022-10-281,Kota Banjar,0.2512896461648495
2022-10-281,Bekasi,0.12204833151468612
2022-10-281,Bogor,0.2700083080677412
2022-10-281,Cianjur,0.13599011611282574
2022-10-281,Cirebon,0.1936256341964744
2022-10-281,Garut,0.1715603771542648
2022-10-281,Indramayu,0.1610057298541224
2022-10-281,Karawang,0.15965884295170651
2022-10-281,Kota Bandung,0.14720867672430996
2022-10-281,Kota Bogor,0.28693919834859083
2022-10-281,Kota Cirebon,0.06952036123389603
2022-10-281,Kota Sukabumi,0.1264909351443933
2022-10-281,Kuningan,0.2964614482235792
2022-10-281,Majalengka,0.22027854387904436
2022-10-281,Purwakarta,0.16444595102002268
2022-10-281,Subang,0.25135066388226096
2022-10-281,Sukabumi,0.15902573231674536
2022-10-281,Sumedang,0.26678112318587577
2022-10-281,Kota Bekasi,0.09344867452198101
2022-10-281,Kota Depok,0.15354384274246005
2022-10-289,Bandung,NaN
2022-10-289,Kota Cimahi,NaN
2022-10-289,Kota Tasikmalaya,NaN
2022-10-289,Tasikmalaya,NaN
2022-10-289,Ciamis,NaN
2022-10-289,Kota Banjar,NaN
2022-10-289,Bekasi,NaN
2022-10-289,Bogor,NaN
2022-10-289,Cianjur,NaN
2022-10-289,Cirebon,NaN
2022-10-289,Garut,NaN
2022-10-289,Indramayu,NaN
2022-10-289,Karawang,NaN
2022-10-289,Kota Bandung,NaN
2022-10-289,Kota Bogor,NaN
2022-10-289,Kota Cirebon,NaN
2022-10-289,Kota Sukabumi,NaN
2022-10-289,Kuningan,NaN
2022-10-289,Majalengka,NaN
2022-10-289,Purwakarta,NaN
2022-10-289,Subang,NaN
2022-10-289,Sukabumi,NaN
2022-10-289,Sumedang,NaN
2022-10-289,Kota Bekasi,NaN
2022-10-289,Kota Depok,NaN
2022-10-297,Bandung,0.4923570400390442
2022-10-297,Kota Cimahi,0.27465120517776315
2022-10-297,Kota Tasikmalaya,0.3299576646714869
2022-10-297,Tasikmalaya,0.41963439912299044
2022-10-297,Ciamis,0.3877005942261151
2022-10-297,Kota Banjar,0.37758794044525656
2022-10-297,Bekasi,0.41056595882038555
2022-10-297,Bogor,0.5697836841402527
2022-10-297,Cianjur,0.5083610360502607
2022-10-297,Cirebon,0.458268344087093
2022-10-297,Garut,0.418926170456757
2022-10-297,Indramayu,0.4442140672333178
2022-10-297,Karawang,0.442219844252297
2022-10-297,Kota Bandung,0.2860020636710308
2022-10-297,Kota Bogor,0.45392782567085094
2022-10-297,Kota Cirebon,0.30200647601402936
2022-10-297,Kota Sukabumi,0.5205113655153466
2022-10-297,Kuningan,0.5612556588262009
2022-10-297,Majalengka,0.4802876048769306
2022-10-297,Purwakarta,0.6108912439751604
2022-10-297,Subang,0.5233111178706036
2022-10-297,Sukabumi,0.5279575745619477
2022-10-297,Sumedang,0.5700042201912751
2022-10-297,Kota Bekasi,0.29639815659144897
2022-10-297,Kota Depok,0.4067642310534214
2022-11-305,Bandung,0.3469001630649089
2022-11-305,Kota Cimahi,0.09851158675321033
2022-11-305,Kota Tasikmalaya,0.39369376331803035
2022-11-305,Tasikmalaya,0.4402353619727727
2022-11-305,Ciamis,0.43540594577422903
2022-11-305,Kota Banjar,0.3764196579539382
2022-11-305,Bekasi,0.277734821931456
2022-11-305,Bogor,0.4017118758446926
2022-11-305,Cianjur,0.3509785174122967
2022-11-305,Cirebon,0.3522422265550012
2022-11-305,Garut,0.3932581512640014
2022-11-305,Indramayu,0.2782929104552521
2022-11-305,Karawang,0.29600155615720875
2022-11-305,Kota Bandung,0.20834678860358105
2022-11-305,Kota Bogor,0.32568998986768827
2022-11-305,Kota Cirebon,0.26556093176734513
2022-11-305,Kota Sukabumi,0.31641171557454784
2022-11-305,Kuningan,0.3990065790988798
2022-11-305,Majalengka,0.4053824120347786
2022-11-305,Purwakarta,0.39748792593056037
2022-11-305,Subang,0.30023796478848724
2022-11-305,Sukabumi,0.3920387374745868
2022-11-305,Sumedang,0.4957148785784637
2022-11-305,Kota Bekasi,0.13613820948053157
2022-11-305,Kota Depok,0.25030538654510937
2022-11-313,Bandung,0.3775138178773158
2022-11-313,Kota Cimahi,0.2588323013302811
2022-11-313,Kota Tasikmalaya,0.5822239412440322
2022-11-313,Tasikmalaya,0.6555832046268274
2022-11-313,Ciamis,0.5852781509454406
2022-11-313,Kota Banjar,0.528374398238542
2022-11-313,Bekasi,0.2675328484249346
2022-11-313,Bogor,0.307064371729171
2022-11-313,Cianjur,0.5686552955190132
2022-11-313,Cirebon,0.44150265424075497
2022-11-313,Garut,0.5590384035661929
2022-11-313,Indramayu,0.2770360972916875
2022-11-313,Karawang,0.3507994866185413
2022-11-313,Kota Bandung,0.18903861551645043
2022-11-313,Kota Bogor,0.21884278448819855
2022-11-313,Kota Cirebon,0.2600388505260277
2022-11-313,Kota Sukabumi,0.2776241708214453
2022-11-313,Kuningan,0.5523499168085537
2022-11-313,Majalengka,0.4875681242169176
2022-11-313,Purwakarta,0.41944011710012885
2022-11-313,Subang,0.37984200227329185
2022-11-313,Sukabumi,0.535148930296534
2022-11-313,Sumedang,0.3603412952020255
2022-11-313,Kota Bekasi,0.1449736136734468
2022-11-313,Kota Depok,0.15138855085014777
2022-11-321,Bandung,0.4562932209147275
2022-11-321,Kota Cimahi,0.16635802713539832
2022-11-321,Kota Tasikmalaya,0.4371243795771289
2022-11-321,Tasikmalaya,0.5386013634120261
2022-11-321,Ciamis,0.5067132316871562
2022-11-321,Kota Banjar,0.4257395751195001
2022-11-321,Bekasi,0.4030942659594643
2022-11-321,Bogor,0.5719167334606385
2022-11-321,Cianjur,0.4168460941673114
2022-11-321,Cirebon,0.4455902870997841
2022-11-321,Garut,0.5383989123385875
2022-11-321,Indramayu,0.3889502939064341
2022-11-321,Karawang,0.45208938494332196
2022-11-321,Kota Bandung,0.2756666379462247
2022-11-321,Kota Bogor,0.3607922969023202
2022-11-321,Kota Cirebon,0.3317993327046485
2022-11-321,Kota Sukabumi,0.3904342063576437
2022-11-321,Kuningan,0.512910109705137
2022-11-321,Majalengka,0.5634888221496195
2022-11-321,Purwakarta,0.5352603425054366
2022-11-321,Subang,0.5069361601451103
2022-11-321,Sukabumi,0.43076299727144546
2022-11-321,Sumedang,0.6507926805508054
2022-11-321,Kota Bekasi,0.3195728251356719
2022-11-321,Kota Depok,0.4063897024596406
2022-11-329,Bandung,0.5968894862430831
2022-11-329,Kota Cimahi,0.24582003771432698
2022-11-329,Kota Tasikmalaya,0.5118937073747742
2022-11-329,Tasikmalaya,0.43880728129310875
2022-11-329,Ciamis,0.4198313474161663
2022-11-329,Kota Banjar,0.2907832465253554
2022-11-329,Bekasi,0.42755586993753697
2022-11-329,Bogor,0.6692322045209479
2022-11-329,Cianjur,0.6663428270580684
2022-11-329,Cirebon,0.3842304190978987
2022-11-329,Garut,0.49121348516058055
2022-11-329,Indramayu,0.24813916319670962
2022-11-329,Karawang,0.4384843127786249
2022-11-329,Kota Bandung,0.363329541458486
2022-11-329,Kota Bogor,0.4928139222947427
2022-11-329,Kota Cirebon,0.34205158462428464
2022-11-329,Kota Sukabumi,0.5315152632193365
2022-11-329,Kuningan,0.5585202863794598
2022-11-329,Majalengka,0.4043063804811425
2022-11-329,Purwakarta,0.5800382515372898
2022-11-329,Subang,0.41216448311379433
2022-11-329,Sukabumi,0.59498615421168
2022-11-329,Sumedang,0.4706434274594834
2022-11-329,Kota Bekasi,0.36640471760636817
2022-11-329,Kota Depok,0.4501153340426899
2022-12-337,Bandung,0.3919701914644453
2022-12-337,Kota Cimahi,0.23603958519436793
2022-12-337,Kota Tasikmalaya,0.45980637908402017
2022-12-337,Tasikmalaya,0.5267791647447274
2022-12-337,Ciamis,0.5139517223946078
2022-12-337,Kota Banjar,0.6262968819169296
2022-12-337,Bekasi,0.2819184461711413
2022-12-337,Bogor,0.34903088970912666
2022-12-337,Cianjur,0.48220505912430006
2022-12-337,Cirebon,0.16276529839856235
2022-12-337,Garut,0.40322829433291685
2022-12-337,Indramayu,0.1862407950706841
2022-12-337,Karawang,0.3118659988249787
2022-12-337,Kota Bandung,0.22667453030852255
2022-12-337,Kota Bogor,0.32912433646977607
2022-12-337,Kota Cirebon,0.1989770733546923
2022-12-337,Kota Sukabumi,0.5254971814406075
2022-12-337,Kuningan,0.20422153882728641
2022-12-337,Majalengka,0.21116460244064872
2022-12-337,Purwakarta,0.48540211989953613
2022-12-337,Subang,0.3535574826580714
2022-12-337,Sukabumi,0.610589725143111
2022-12-337,Sumedang,0.335311971402663
2022-12-337,Kota Bekasi,0.1779522650278442
2022-12-337,Kota Depok,0.23994563357297152
2022-12-345,Bandung,0.5492975574950144
2022-12-345,Kota Cimahi,0.3362597835079509
2022-12-345,Kota Tasikmalaya,0.47968089911862594
2022-12-345,Tasikmalaya,0.5660964384151537
2022-12-345,Ciamis,0.4915299978808441
2022-12-345,Kota Banjar,0.4451615856162344
2022-12-345,Bekasi,0.36196447611949795
2022-12-345,Bogor,0.6852076246196016
2022-12-345,Cianjur,0.6465418534712787
2022-12-345,Cirebon,0.4559770407775949
2022-12-345,Garut,0.5843102552223842
2022-12-345,Indramayu,0.2995451798355932
2022-12-345,Karawang,0.4610519374792743
2022-12-345,Kota Bandung,0.34688605053474897
2022-12-345,Kota Bogor,0.4793409251435351
2022-12-345,Kota Cirebon,0.4245067873990416
2022-12-345,Kota Sukabumi,0.4493670494499659
2022-12-345,Kuningan,0.5930509675326846
2022-12-345,Majalengka,0.537296929144149
2022-12-345,Purwakarta,0.6763565541922378
2022-12-345,Subang,0.46441729560723943
2022-12-345,Sukabumi,0.691156249918753
2022-12-345,Sumedang,0.6796355903471398
2022-12-345,Kota Bekasi,0.23678816327643784
2022-12-345,Kota Depok,0.41311510687734504
2022-12-353,Bandung,0.4779647096717261
2022-12-353,Kota Cimahi,0.2299356285811764
2022-12-353,Kota Tasikmalaya,0.4888365646487128
2022-12-353,Tasikmalaya,0.5823700938171856
2022-12-353,Ciamis,0.6204675973705599
2022-12-353,Kota Banjar,0.6866142011714695
2022-12-353,Bekasi,0.3032848035232816
2022-12-353,Bogor,0.42818938611626045
2022-12-353,Cianjur,0.5608074351839604
2022-12-353,Cirebon,0.44209922701552057
2022-12-353,Garut,0.5249499225726715
2022-12-353,Indramayu,0.28235545850572086
2022-12-353,Karawang,0.41474315572310605
2022-12-353,Kota Bandung,0.23255588173112543
2022-12-353,Kota Bogor,0.3137305622480917
2022-12-353,Kota Cirebon,0.3428403484718983
2022-12-353,Kota Sukabumi,0.31645091062114855
2022-12-353,Kuningan,0.5729365827285441
2022-12-353,Majalengka,0.5346796712485353
2022-12-353,Purwakarta,0.5421885769334943
2022-12-353,Subang,0.3370658637071685
2022-12-353,Sukabumi,0.4475519468624374
2022-12-353,Sumedang,0.5208404109505199
2022-12-353,Kota Bekasi,0.1438023716860817
2022-12-353,Kota Depok,0.19737862095776806
2022-12-361,Bandung,0.15345802865967906
2022-12-361,Kota Cimahi,0.1997564195682716
2022-12-361,Kota Tasikmalaya,0.3096646529107364
2022-12-361,Tasikmalaya,0.358730084722618
2022-12-361,Ciamis,0.330277101960906
2022-12-361,Kota Banjar,0.19623324193958988
2022-12-361,Bekasi,0.12512455251031596
2022-12-361,Bogor,0.12802666411795124
2022-12-361,Cianjur,0.21112386803737931
2022-12-361,Cirebon,0.22747831716734923
2022-12-361,Garut,0.3019759998800782
2022-12-361,Indramayu,0.1965459954240106
2022-12-361,Karawang,0.20208189136413562
2022-12-361,Kota Bandung,0.09725076250456438
2022-12-361,Kota Bogor,0.0981109877600837
2022-12-361,Kota Cirebon,0.23056691359748582
2022-12-361,Kota Sukabumi,0.09813772793206595
2022-12-361,Kuningan,0.30550727311963405
2022-12-361,Majalengka,0.4629184123126913
2022-12-361,Purwakarta,0.26253997284679714
2022-12-361,Subang,0.28978421275302607
2022-12-361,Sukabumi,0.1959419416861088
2022-12-361,Sumedang,0.3404521199500784
2022-12-361,Kota Bekasi,0.08873512366704273
2022-12-361,Kota Depok,0.1745387299528159
2023-01-01,Bandung,0.44821487414582933
2023-01-01,Kota Cimahi,0.32594360367781783
2023-01-01,Kota Tasikmalaya,0.6186828732640255
2023-01-01,Tasikmalaya,0.7136586884523414
2023-01-01,Ciamis,0.7125417224947692
2023-01-01,Kota Banjar,0.6877374777014778
2023-01-01,Bekasi,0.41560533031340996
2023-01-01,Bogor,0.6461986696267479
2023-01-01,Cianjur,0.5740332487910705
2023-01-01,Cirebon,0.43953037346671137
2023-01-01,Garut,0.560547798226158
2023-01-01,Indramayu,0.28871611786437595
2023-01-01,Karawang,0.42626914022284323
2023-01-01,Kota Bandung,0.3094179116875757
2023-01-01,Kota Bogor,0.4967468312250375
2023-01-01,Kota Cirebon,0.32456493184832735
2023-01-01,Kota Sukabumi,0.3906883317101623
2023-01-01,Kuningan,0.6823511831932634
2023-01-01,Majalengka,0.7170710615504079
2023-01-01,Purwakarta,0.6933762045808134
2023-01-01,Subang,0.5307185175221726
2023-01-01,Sukabumi,0.5422738736685633
2023-01-01,Sumedang,0.7338781354232181
2023-01-01,Kota Bekasi,0.3543007316649422
2023-01-01,Kota Depok,0.4520668502225442
2023-01-09,Bandung,0.6853557423699785
2023-01-09,Kota Cimahi,0.32117571858788313
2023-01-09,Kota Tasikmalaya,0.6214848191291301
2023-01-09,Tasikmalaya,0.7382633991750215
2023-01-09,Ciamis,0.6933175753903716
2023-01-09,Kota Banjar,0.7124916246209004
2023-01-09,Bekasi,0.3783546422578768
2023-01-09,Bogor,0.6833635279466811
2023-01-09,Cianjur,0.7702151241149147
2023-01-09,Cirebon,0.49355314321643984
2023-01-09,Garut,0.7346634280924927
2023-01-09,Indramayu,0.3710449040236355
2023-01-09,Karawang,0.42756516132005307
2023-01-09,Kota Bandung,0.3526385829102055
2023-01-09,Kota Bogor,0.4999759881106278
2023-01-09,Kota Cirebon,0.38064169238787426
2023-01-09,Kota Sukabumi,0.6072197806107774
2023-01-09,Kuningan,0.7417724446607193
2023-01-09,Majalengka,0.7347933610570596
2023-01-09,Purwakarta,0.6768693606549017
2023-01-09,Subang,0.5428877981258062
2023-01-09,Sukabumi,0.761883049974749
2023-01-09,Sumedang,0.7338917201008925
2023-01-09,Kota Bekasi,0.336711511610639
2023-01-09,Kota Depok,0.44551282014774013
2023-01-17,Bandung,0.5075583869542842
2023-01-17,Kota Cimahi,0.2999442759794148
2023-01-17,Kota Tasikmalaya,0.5821605189130327
2023-01-17,Tasikmalaya,0.6920637722452367
2023-01-17,Ciamis,0.6901968346903836
2023-01-17,Kota Banjar,0.6726069449694149
2023-01-17,Bekasi,0.3017297264740756
2023-01-17,Bogor,0.4199553434496108
2023-01-17,Cianjur,0.5981611675264805
2023-01-17,Cirebon,0.3315793459168978
2023-01-17,Garut,0.6414896657920769
2023-01-17,Indramayu,0.2521219453640981
2023-01-17,Karawang,0.3906563036477633
2023-01-17,Kota Bandung,0.29545413208981186
2023-01-17,Kota Bogor,0.32812464601453223
2023-01-17,Kota Cirebon,0.20359253011977857
2023-01-17,Kota Sukabumi,0.4880330244604229
2023-01-17,Kuningan,0.5303205429566619
2023-01-17,Majalengka,0.5088903085193336
2023-01-17,Purwakarta,0.48309926187458396
2023-01-17,Subang,0.3232441231445175
2023-01-17,Sukabumi,0.5557239854041887
2023-01-17,Sumedang,0.45839770776951966
2023-01-17,Kota Bekasi,0.11999640798708047
2023-01-17,Kota Depok,0.23482007467992716
2023-01-25,Bandung,0.3190139174618039
2023-01-25,Kota Cimahi,0.24976024792784188
2023-01-25,Kota Tasikmalaya,0.2752421508515682
2023-01-25,Tasikmalaya,0.36486382064363776
2023-01-25,Ciamis,0.37508484437897344
2023-01-25,Kota Banjar,0.3806618111348455
2023-01-25,Bekasi,0.07636426743455203
2023-01-25,Bogor,0.1653198222428504
2023-01-25,Cianjur,0.3511761106312282
2023-01-25,Cirebon,0.2676499553213966
2023-01-25,Garut,0.4065921444333291
2023-01-25,Indramayu,0.11861132957531785
2023-01-25,Karawang,0.12004592793293178
2023-01-25,Kota Bandung,0.24970579127471587
2023-01-25,Kota Bogor,0.12326949662810369
2023-01-25,Kota Cirebon,0.2795466575731025
2023-01-25,Kota Sukabumi,0.1814304974058602
2023-01-25,Kuningan,0.2917879511094535
2023-01-25,Majalengka,0.29197785427124284
2023-01-25,Purwakarta,0.3922990012796385
2023-01-25,Subang,0.2575373943953509
2023-01-25,Sukabumi,0.33999813381836624
2023-01-25,Sumedang,0.35832594148948677
2023-01-25,Kota Bekasi,0.032086225819221964
2023-01-25,Kota Depok,0.07076849765135565
2023-02-33,Bandung,0.3444871399375943
2023-02-33,Kota Cimahi,0.30835135179376927
2023-02-33,Kota Tasikmalaya,0.4681161921573941
2023-02-33,Tasikmalaya,0.5012532891460513
2023-02-33,Ciamis,0.53102688462956
2023-02-33,Kota Banjar,0.5486458457073575
2023-02-33,Bekasi,0.35891527730370254
2023-02-33,Bogor,0.29469266596226534
2023-02-33,Cianjur,0.35179110445990436
2023-02-33,Cirebon,0.5549649553391736
2023-02-33,Garut,0.4159539404911814
2023-02-33,Indramayu,0.44530304948624766
2023-02-33,Karawang,0.3628544419434446
2023-02-33,Kota Bandung,0.2510801667325875
2023-02-33,Kota Bogor,0.1796046555121426
2023-02-33,Kota Cirebon,0.4474403519628948
2023-02-33,Kota Sukabumi,0.38019596492636953
2023-02-33,Kuningan,0.5287671050824629
2023-02-33,Majalengka,0.6307728973070208
2023-02-33,Purwakarta,0.5538269574792802
2023-02-33,Subang,0.46818297391370545
2023-02-33,Sukabumi,0.32504975991201135
2023-02-33,Sumedang,0.4272443128457787
2023-02-33,Kota Bekasi,0.23998267220178268
2023-02-33,Kota Depok,0.1952253011346013
2023-02-41,Bandung,0.15373470120541008
2023-02-41,Kota Cimahi,0.12582494675783473
2023-02-41,Kota Tasikmalaya,0.5192132374454435
2023-02-41,Tasikmalaya,0.6379437980267265
2023-02-41,Ciamis,0.6800937118100772
2023-02-41,Kota Banjar,0.6930256642379681
2023-02-41,Bekasi,0.26964491822270875
2023-02-41,Bogor,0.19563475475900058
2023-02-41,Cianjur,0.3110757154448653
2023-02-41,Cirebon,0.5157326249057833
2023-02-41,Garut,0.4998310742348759
2023-02-41,Indramayu,0.49665147975837287
2023-02-41,Karawang,0.2556901663300545
2023-02-41,Kota Bandung,0.08555675115861748
2023-02-41,Kota Bogor,0.2109936769952013
2023-02-41,Kota Cirebon,0.4362202525745844
2023-02-41,Kota Sukabumi,0.34231805730386083
2023-02-41,Kuningan,0.47997978486578363
2023-02-41,Majalengka,0.6201684479093592
2023-02-41,Purwakarta,0.4119200512295547
2023-02-41,Subang,0.3917500307601171
2023-02-41,Sukabumi,0.3915276515144704
2023-02-41,Sumedang,0.3642365435164995
2023-02-41,Kota Bekasi,0.19787737181422077
2023-02-41,Kota Depok,0.15625769288501704
2023-02-49,Bandung,0.41428375732196215
2023-02-49,Kota Cimahi,0.2194639709064272
2023-02-49,Kota Tasikmalaya,0.6165687676576354
2023-02-49,Tasikmalaya,0.7095424832524301
2023-02-49,Ciamis,0.7522783437180786
2023-02-49,Kota Banjar,0.6791937765901082
2023-02-49,Bekasi,0.1547498060798868
2023-02-49,Bogor,0.4067486986258408
2023-02-49,Cianjur,0.625433195671109
2023-02-49,Cirebon,0.5679971604362657
2023-02-49,Garut,0.688300155575609
2023-02-49,Indramayu,0.4791488919424306
2023-02-49,Karawang,0.23245896768959493
2023-02-49,Kota Bandung,0.29364574069808685
2023-02-49,Kota Bogor,0.2756791822542134
2023-02-49,Kota Cirebon,0.4390569861858488
2023-02-49,Kota Sukabumi,0.4085213953323639
2023-02-49,Kuningan,0.6316035139919746
2023-02-49,Majalengka,0.6696430733473819
2023-02-49,Purwakarta,0.5623742577827379
2023-02-49,Subang,0.4776529788101673
2023-02-49,Sukabumi,0.6525497455167505
2023-02-49,Sumedang,0.5445096499021677
2023-02-49,Kota Bekasi,0.09687262209521609
2023-02-49,Kota Depok,0.2073921506305069
2023-02-57,Bandung,0.24763136497038754
2023-02-57,Kota Cimahi,0.2270639050445101
2023-02-57,Kota Tasikmalaya,0.298132610964095
2023-02-57,Tasikmalaya,0.3932628727970087
2023-02-57,Ciamis,0.47718496349758616
2023-02-57,Kota Banjar,0.48503400134133723
2023-02-57,Bekasi,0.0929065409147145
2023-02-57,Bogor,0.37472756474629487
2023-02-57,Cianjur,0.2855937780703862
2023-02-57,Cirebon,0.5394457771595605
2023-02-57,Garut,0.3138770512073394
2023-02-57,Indramayu,0.584403067268065
2023-02-57,Karawang,0.1177066703137211
2023-02-57,Kota Bandung,0.18938945202585658
2023-02-57,Kota Bogor,0.1557536867399702
2023-02-57,Kota Cirebon,0.27933405277038276
2023-02-57,Kota Sukabumi,0.36205201987261043
2023-02-57,Kuningan,0.5836764337457765
2023-02-57,Majalengka,0.4937124759686237
2023-02-57,Purwakarta,0.30253262764283156
2023-02-57,Subang,0.44144734879382946
2023-02-57,Sukabumi,0.3484904576837516
2023-02-57,Sumedang,0.4313528602698535
2023-02-57,Kota Bekasi,0.10003928647046846
2023-02-57,Kota Depok,0.1373248675645462
2023-03-65,Bandung,0.6469284696236727
2023-03-65,Kota Cimahi,0.33346751776056915
2023-03-65,Kota Tasikmalaya,0.633637169940835
2023-03-65,Tasikmalaya,0.7454746560785762
2023-03-65,Ciamis,0.6625906971777765
2023-03-65,Kota Banjar,0.6115237253839516
2023-03-65,Bekasi,0.2687915930118179
2023-03-65,Bogor,0.4924162256374161
2023-03-65,Cianjur,0.6873429061450084
2023-03-65,Cirebon,0.5500328458348989
2023-03-65,Garut,0.7348342594709806
2023-03-65,Indramayu,0.5088699894482467
2023-03-65,Karawang,0.2959816972509863
2023-03-65,Kota Bandung,0.3578997108714734
2023-03-65,Kota Bogor,0.42077119922117107
2023-03-65,Kota Cirebon,0.398972939668711
2023-03-65,Kota Sukabumi,0.531391395571202
2023-03-65,Kuningan,0.614852555249506
2023-03-65,Majalengka,0.5318958174991016
2023-03-65,Purwakarta,0.47292931290917434
2023-03-65,Subang,0.46675203127907555
2023-03-65,Sukabumi,0.7063809998098887
2023-03-65,Sumedang,0.5483482812452447
2023-03-65,Kota Bekasi,0.2227748125247371
2023-03-65,Kota Depok,0.39348598626654974
2023-03-73,Bandung,0.5931065139425012
2023-03-73,Kota Cimahi,0.2541687214232459
2023-03-73,Kota Tasikmalaya,0.6088573025536106
2023-03-73,Tasikmalaya,0.7023823315412638
2023-03-73,Ciamis,0.5687852195262975
2023-03-73,Kota Banjar,0.5545940723721607
2023-03-73,Bekasi,0.30912324338147923
2023-03-73,Bogor,0.5393810898698259
2023-03-73,Cianjur,0.6634510566821439
2023-03-73,Cirebon,0.6036356842819786
2023-03-73,Garut,0.7341154250482629
2023-03-73,Indramayu,0.636801865731492
2023-03-73,Karawang,0.3047946096055259
2023-03-73,Kota Bandung,0.34300667226079423
2023-03-73,Kota Bogor,0.376502728707776
2023-03-73,Kota Cirebon,0.4330407886645656
2023-03-73,Kota Sukabumi,0.43878780286361607
2023-03-73,Kuningan,0.7189427694058861
2023-03-73,Majalengka,0.5907181974760662
2023-03-73,Purwakarta,0.5410970297677204
2023-03-73,Subang,0.6264759846161565
2023-03-73,Sukabumi,0.6676127258998968
2023-03-73,Sumedang,0.7149991880182556
2023-03-73,Kota Bekasi,0.23222796079935643
2023-03-73,Kota Depok,0.3893587632237564
2023-03-81,Bandung,0.5118086671009198
2023-03-81,Kota Cimahi,0.25604094265929395
2023-03-81,Kota Tasikmalaya,0.47798875349218134
2023-03-81,Tasikmalaya,0.6253795633389636
2023-03-81,Ciamis,0.5496337135449487
2023-03-81,Kota Banjar,0.5124175853868306
2023-03-81,Bekasi,0.28067762806914526
2023-03-81,Bogor,0.4649412771969241
2023-03-81,Cianjur,0.5932491116145929
2023-03-81,Cirebon,0.5576576300874393
2023-03-81,Garut,0.6387321092618633
2023-03-81,Indramayu,0.5268722805845988
2023-03-81,Karawang,0.3255922790142692
2023-03-81,Kota Bandung,0.27933132209566613
2023-03-81,Kota Bogor,0.342542433806367
2023-03-81,Kota Cirebon,0.42625840426114564
2023-03-81,Kota Sukabumi,0.5215669143862669
2023-03-81,Kuningan,0.6240785132695482
2023-03-81,Majalengka,0.5277438955768985
2023-03-81,Purwakarta,0.4923446937010546
2023-03-81,Subang,0.49997739191437224
2023-03-81,Sukabumi,0.6276457742353359
2023-03-81,Sumedang,0.5183328064499673
2023-03-81,Kota Bekasi,0.15045398883033148
2023-03-81,Kota Depok,0.25903944907186344
2023-03-89,Bandung,0.6083409011111269
2023-03-89,Kota Cimahi,0.29509725837275635
2023-03-89,Kota Tasikmalaya,0.6320907446341241
2023-03-89,Tasikmalaya,0.7564172211368713
2023-03-89,Ciamis,0.6840275333456496
2023-03-89,Kota Banjar,0.6779458791132789
2023-03-89,Bekasi,0.41131044972704484
2023-03-89,Bogor,0.6423609815870553
2023-03-89,Cianjur,0.746614017016242
2023-03-89,Cirebon,0.425785966655093
2023-03-89,Garut,0.7019375500529239
2023-03-89,Indramayu,0.4277778869608441
2023-03-89,Karawang,0.391480933154884
2023-03-89,Kota Bandung,0.2643462459185802
2023-03-89,Kota Bogor,0.4593016159937187
2023-03-89,Kota Cirebon,0.29749935505575437
2023-03-89,Kota Sukabumi,0.5274347821877746
2023-03-89,Kuningan,0.6099324028441432
2023-03-89,Majalengka,0.4327457680070638
2023-03-89,Purwakarta,0.5597105865705868
2023-03-89,Subang,0.49503221117765756
2023-03-89,Sukabumi,0.7332883317924239
2023-03-89,Sumedang,0.44283770798920535
2023-03-89,Kota Bekasi,0.311089608937825
2023-03-89,Kota Depok,0.4481089814817633
2023-04-97,Bandung,0.6307265177389815
2023-04-97,Kota Cimahi,0.35012815762346833
2023-04-97,Kota Tasikmalaya,0.649146706710208
2023-04-97,Tasikmalaya,0.7656776890223257
2023-04-97,Ciamis,0.7334032484471884
2023-04-97,Kota Banjar,0.6533660006451234
2023-04-97,Bekasi,0.48214894640430717
2023-04-97,Bogor,0.6829800203617542
2023-04-97,Cianjur,0.720897758408311
2023-04-97,Cirebon,0.5679289123079383
2023-04-97,Garut,0.69163967969829
2023-04-97,Indramayu,0.5490466978785016
2023-04-97,Karawang,0.49032495751926064
2023-04-97,Kota Bandung,0.38209549244501423
2023-04-97,Kota Bogor,0.515198197788436
2023-04-97,Kota Cirebon,0.43632762811572773
2023-04-97,Kota Sukabumi,0.5953887040601591
2023-04-97,Kuningan,0.6723542298145104
2023-04-97,Majalengka,0.6019557091398176
2023-04-97,Purwakarta,0.6666258434545611
2023-04-97,Subang,0.610782568900602
2023-04-97,Sukabumi,0.7280568036213528
2023-04-97,Sumedang,0.5506687951125447
2023-04-97,Kota Bekasi,0.35125633368502895
2023-04-97,Kota Depok,0.44956091723768227
2023-04-105,Bandung,0.6425062825792024
2023-04-105,Kota Cimahi,0.3341274360512097
2023-04-105,Kota Tasikmalaya,0.49547458225695523
2023-04-105,Tasikmalaya,0.6732695920220246
2023-04-105,Ciamis,0.6325709138220631
2023-04-105,Kota Banjar,0.6007591949881155
2023-04-105,Bekasi,0.4650942712911526
2023-04-105,Bogor,0.6607978921775953
2023-04-105,Cianjur,0.7479827744341616
2023-04-105,Cirebon,0.5832458716445327
2023-04-105,Garut,0.7368647222566456
2023-04-105,Indramayu,0.509357695832347
2023-04-105,Karawang,0.5174198818956782
2023-04-105,Kota Bandung,0.38065237428887244
2023-04-105,Kota Bogor,0.5053473671703399
2023-04-105,Kota Cirebon,0.4268329154779225
2023-04-105,Kota Sukabumi,0.5665458422283324
2023-04-105,Kuningan,0.6140648833650335
2023-04-105,Majalengka,0.6291376450846127
2023-04-105,Purwakarta,0.680799991421485
2023-04-105,Subang,0.6297442302880732
2023-04-105,Sukabumi,0.7633605427383455
2023-04-105,Sumedang,0.7387937553302734
2023-04-105,Kota Bekasi,0.30876346309016006
2023-04-105,Kota Depok,0.4657324712254775
2023-04-113,Bandung,0.5997664199775846
2023-04-113,Kota Cimahi,0.3424311915850405
2023-04-113,Kota Tasikmalaya,0.6213257621014078
2023-04-113,Tasikmalaya,0.6110078533426369
2023-04-113,Ciamis,0.5761074396706231
2023-04-113,Kota Banjar,0.6218881720908949
2023-04-113,Bekasi,0.5093124392338768
2023-04-113,Bogor,0.672761920779144
2023-04-113,Cianjur,0.726772912678241
2023-04-113,Cirebon,0.5267187122663045
2023-04-113,Garut,0.6710467930171575
2023-04-113,Indramayu,0.47607891783981693
2023-04-113,Karawang,0.5271747724916133
2023-04-113,Kota Bandung,0.38894283643836786
2023-04-113,Kota Bogor,0.5202203249315699
2023-04-113,Kota Cirebon,0.4074020807787214
2023-04-113,Kota Sukabumi,0.5871454512571573
2023-04-113,Kuningan,0.5331784793769462
2023-04-113,Majalengka,0.5685073597951913
2023-04-113,Purwakarta,0.6572323587919182
2023-04-113,Subang,0.6096083393381069
2023-04-113,Sukabumi,0.7343881046751671
2023-04-113,Sumedang,0.6724374124600478
2023-04-113,Kota Bekasi,0.36342226656203497
2023-04-113,Kota Depok,0.4666004639204888
2023-05-121,Bandung,0.47713699660254166
2023-05-121,Kota Cimahi,0.3017998763653039
2023-05-121,Kota Tasikmalaya,0.6346295384234453
2023-05-121,Tasikmalaya,0.7368239862415882
2023-05-121,Ciamis,0.6905260059279115
2023-05-121,Kota Banjar,0.6489026945613717
2023-05-121,Bekasi,0.43379927646847477
2023-05-121,Bogor,0.5869482030482045
2023-05-121,Cianjur,0.7104715768875259
2023-05-121,Cirebon,0.5004435354336502
2023-05-121,Garut,0.616109305320031
2023-05-121,Indramayu,0.30618009514819766
2023-05-121,Karawang,0.4105838045185255
2023-05-121,Kota Bandung,0.27207909918291734
2023-05-121,Kota Bogor,0.43950074017415125
2023-05-121,Kota Cirebon,0.44882355102188004
2023-05-121,Kota Sukabumi,0.5779129034091017
2023-05-121,Kuningan,0.4221073686499101
2023-05-121,Majalengka,0.4884466911055101
2023-05-121,Purwakarta,0.573925939929915
2023-05-121,Subang,0.4704883494988557
2023-05-121,Sukabumi,0.7271818794755562
2023-05-121,Sumedang,0.436948006078156
2023-05-121,Kota Bekasi,0.3727138657950564
2023-05-121,Kota Depok,0.36987625956602194
2023-05-129,Bandung,0.7378973228310755
2023-05-129,Kota Cimahi,0.34796714655952976
2023-05-129,Kota Tasikmalaya,0.6336432144794267
2023-05-129,Tasikmalaya,0.7805786068511323
2023-05-129,Ciamis,0.6711672035466809
2023-05-129,Kota Banjar,0.5172281664517556
2023-05-129,Bekasi,0.5440170517712587
2023-05-129,Bogor,0.7109828131469847
2023-05-129,Cianjur,0.8035946197118838
2023-05-129,Cirebon,0.578857337477294
2023-05-129,Garut,0.8062567903673445
2023-05-129,Indramayu,0.4972220665516327
2023-05-129,Karawang,0.5739001380817165
2023-05-129,Kota Bandung,0.3796105121490701
2023-05-129,Kota Bogor,0.5236871633942851
2023-05-129,Kota Cirebon,0.4886564573465473
2023-05-129,Kota Sukabumi,0.5983621782337338
2023-05-129,Kuningan,0.7700431112581774
2023-05-129,Majalengka,0.7214076754674572
2023-05-129,Purwakarta,0.7225627386343935
2023-05-129,Subang,0.6299285840329901
2023-05-129,Sukabumi,0.8005182305588815
2023-05-129,Sumedang,0.7708288212302402
2023-05-129,Kota Bekasi,0.40005652200803365
2023-05-129,Kota Depok,0.5039951742035843
2023-05-137,Bandung,0.5806391373419022
2023-05-137,Kota Cimahi,0.3222743818900906
2023-05-137,Kota Tasikmalaya,0.5891801671247159
2023-05-137,Tasikmalaya,0.6640340008559074
2023-05-137,Ciamis,0.629928940397492
2023-05-137,Kota Banjar,0.6081561278987103
2023-05-137,Bekasi,0.4398133863946496
2023-05-137,Bogor,0.5137957197312869
2023-05-137,Cianjur,0.6860329601750579
2023-05-137,Cirebon,0.5605825885525956
2023-05-137,Garut,0.7730438967955364
2023-05-137,Indramayu,0.4632120375053268
2023-05-137,Karawang,0.4599370216028737
2023-05-137,Kota Bandung,0.3943111889250193
2023-05-137,Kota Bogor,0.33568045406823216
2023-05-137,Kota Cirebon,0.45993431435979304
2023-05-137,Kota Sukabumi,0.545367927828713
2023-05-137,Kuningan,0.7588056246122454
2023-05-137,Majalengka,0.6994131028868437
2023-05-137,Purwakarta,0.5901792094076355
2023-05-137,Subang,0.5318517731805519
2023-05-137,Sukabumi,0.7302432561378014
2023-05-137,Sumedang,0.7058089542063704
2023-05-137,Kota Bekasi,0.38821872077574743
2023-05-137,Kota Depok,0.36644420917450954
2023-05-145,Bandung,0.708343152706857
2023-05-145,Kota Cimahi,0.3329903917276643
2023-05-145,Kota Tasikmalaya,0.5228082504619029
2023-05-145,Tasikmalaya,0.7118796661049237
2023-05-145,Ciamis,0.6886445249521845
2023-05-145,Kota Banjar,0.6228847543483824
2023-05-145,Bekasi,0.5393880427663961
2023-05-145,Bogor,0.7229652636608319
2023-05-145,Cianjur,0.7729663655730731
2023-05-145,Cirebon,0.5434297592152194
2023-05-145,Garut,0.7852162163009894
2023-05-145,Indramayu,0.46280225702886885
2023-05-145,Karawang,0.5708925830114351
2023-05-145,Kota Bandung,0.36274028243069384
2023-05-145,Kota Bogor,0.5341078847274593
2023-05-145,Kota Cirebon,0.4626154837929585
2023-05-145,Kota Sukabumi,0.5775911743283003
2023-05-145,Kuningan,0.7705954343990793
2023-05-145,Majalengka,0.7057656769337453
2023-05-145,Purwakarta,0.7165606601180861
2023-05-145,Subang,0.614226127970314
2023-05-145,Sukabumi,0.7820797910779246
2023-05-145,Sumedang,0.7548145858582667
2023-05-145,Kota Bekasi,0.38756710099344727
2023-05-145,Kota Depok,0.479929651172016
2023-06-153,Bandung,0.6730836476692102
2023-06-153,Kota Cimahi,0.3381088899253267
2023-06-153,Kota Tasikmalaya,0.32967126232249755
2023-06-153,Tasikmalaya,0.5100297453723103
2023-06-153,Ciamis,0.5039207932094022
2023-06-153,Kota Banjar,0.6016209441179313
2023-06-153,Bekasi,0.49879181710830994
2023-06-153,Bogor,0.7112738571841143
2023-06-153,Cianjur,0.7798005400135166
2023-06-153,Cirebon,0.5518412946051039
2023-06-153,Garut,0.7221136447317893
2023-06-153,Indramayu,0.471665901903944
2023-06-153,Karawang,0.5539858281818225
2023-06-153,Kota Bandung,0.3645002569540566
2023-06-153,Kota Bogor,0.5165903920222101
2023-06-153,Kota Cirebon,0.4601096065006651
2023-06-153,Kota Sukabumi,0.5499145504342916
2023-06-153,Kuningan,0.706356645079244
2023-06-153,Majalengka,0.6858319495476272
2023-06-153,Purwakarta,0.7187848829135526
2023-06-153,Subang,0.6011748435905431
2023-06-153,Sukabumi,0.7423465338190867
2023-06-153,Sumedang,0.7389494275760916
2023-06-153,Kota Bekasi,0.35735357608468893
2023-06-153,Kota Depok,0.4489235673094223
2023-06-161,Bandung,0.7054614147886292
2023-06-161,Kota Cimahi,0.3285303822397129
2023-06-161,Kota Tasikmalaya,0.4367784893262272
2023-06-161,Tasikmalaya,0.5593848063160904
2023-06-161,Ciamis,0.5383899619528024
2023-06-161,Kota Banjar,0.5036565446661523
2023-06-161,Bekasi,0.485253598683649
2023-06-161,Bogor,0.6877721498726153
2023-06-161,Cianjur,0.7793020157274715
2023-06-161,Cirebon,0.5464206790966898
2023-06-161,Garut,0.7831905233116817
2023-06-161,Indramayu,0.4430458518785716
2023-06-161,Karawang,0.5363527832247175
2023-06-161,Kota Bandung,0.35786270134313736
2023-06-161,Kota Bogor,0.48928360137358146
2023-06-161,Kota Cirebon,0.4530854679375714
2023-06-161,Kota Sukabumi,0.5692433629301922
2023-06-161,Kuningan,0.7533278411543465
2023-06-161,Majalengka,0.7095885584679501
2023-06-161,Purwakarta,0.7129393706842357
2023-06-161,Subang,0.5922188982704607
2023-06-161,Sukabumi,0.7574032476867398
2023-06-161,Sumedang,0.7539865829760939
2023-06-161,Kota Bekasi,0.3596542829528707
2023-06-161,Kota Depok,0.451149923662317
2023-06-169,Bandung,0.6681851674950282
2023-06-169,Kota Cimahi,0.3352296885448991
2023-06-169,Kota Tasikmalaya,0.5733548984788073
2023-06-169,Tasikmalaya,0.7564247388760263
2023-06-169,Ciamis,0.6786000119864187
2023-06-169,Kota Banjar,0.5899409822453577
2023-06-169,Bekasi,0.4964168930214075
2023-06-169,Bogor,0.6867504081443045
2023-06-169,Cianjur,0.767486181504708
2023-06-169,Cirebon,0.5601672696510527
2023-06-169,Garut,0.7581967951738047
2023-06-169,Indramayu,0.45218471101998864
2023-06-169,Karawang,0.53920299061792
2023-06-169,Kota Bandung,0.36346067607945026
2023-06-169,Kota Bogor,0.5292565004798799
2023-06-169,Kota Cirebon,0.4932517136097021
2023-06-169,Kota Sukabumi,0.5892585849515896
2023-06-169,Kuningan,0.7406984231088721
2023-06-169,Majalengka,0.6855485270231001
2023-06-169,Purwakarta,0.7281095146516695
2023-06-169,Subang,0.5857116255823429
2023-06-169,Sukabumi,0.77848398250575
2023-06-169,Sumedang,0.7423730032447264
2023-06-169,Kota Bekasi,0.38940539135129204
2023-06-169,Kota Depok,0.47201390784761305
2023-06-177,Bandung,0.7112398568528956
2023-06-177,Kota Cimahi,0.34169641880351787
2023-06-177,Kota Tasikmalaya,0.5153683451851111
2023-06-177,Tasikmalaya,0.5693680862971501
2023-06-177,Ciamis,0.5421731805065361
2023-06-177,Kota Banjar,0.5631724161773143
2023-06-177,Bekasi,0.47053053034432485
2023-06-177,Bogor,0.6977928145251624
2023-06-177,Cianjur,0.781265268628393
2023-06-177,Cirebon,0.5335744439268331
2023-06-177,Garut,0.7554350910124858
2023-06-177,Indramayu,0.44065960300087975
2023-06-177,Karawang,0.5063424828252128
2023-06-177,Kota Bandung,0.3609245013426834
2023-06-177,Kota Bogor,0.4951581503392233
2023-06-177,Kota Cirebon,0.49895906104978227
2023-06-177,Kota Sukabumi,0.5510036872661813
2023-06-177,Kuningan,0.7346570111051953
2023-06-177,Majalengka,0.6776749897267839
2023-06-177,Purwakarta,0.6875319864705519
2023-06-177,Subang,0.5713715410232568
2023-06-177,Sukabumi,0.782454605357155
2023-06-177,Sumedang,0.7453617394797912
2023-06-177,Kota Bekasi,0.36224590031039977
2023-06-177,Kota Depok,0.44690545788381253
2023-07-185,Bandung,0.6548507346164101
2023-07-185,Kota Cimahi,0.3424473214712319
2023-07-185,Kota Tasikmalaya,0.49201641545558183
2023-07-185,Tasikmalaya,0.5586084480120116
2023-07-185,Ciamis,0.4529580490484294
2023-07-185,Kota Banjar,0.4710840025399554
2023-07-185,Bekasi,0.44887537648753295
2023-07-185,Bogor,0.6918709743775857
2023-07-185,Cianjur,0.6703471168004975
2023-07-185,Cirebon,0.5264703200734518
2023-07-185,Garut,0.679852579776733
2023-07-185,Indramayu,0.45420400527132343
2023-07-185,Karawang,0.5019812719324271
2023-07-185,Kota Bandung,0.36177655446710955
2023-07-185,Kota Bogor,0.4835577667377014
2023-07-185,Kota Cirebon,0.4492153069511073
2023-07-185,Kota Sukabumi,0.5440662845973577
2023-07-185,Kuningan,0.7398745866848171
2023-07-185,Majalengka,0.6611009871196348
2023-07-185,Purwakarta,0.6845979582555469
2023-07-185,Subang,0.586194846555925
2023-07-185,Sukabumi,0.6894092798894341
2023-07-185,Sumedang,0.7346540504670667
2023-07-185,Kota Bekasi,0.3208568184760831
2023-07-185,Kota Depok,0.4477797548795442
2023-07-193,Bandung,0.7092999712140308
2023-07-193,Kota Cimahi,0.32727209512067496
2023-07-193,Kota Tasikmalaya,0.4070925165643064
2023-07-193,Tasikmalaya,0.5647811999185123
2023-07-193,Ciamis,0.5958267838757938
2023-07-193,Kota Banjar,0.6529486282727799
2023-07-193,Bekasi,0.4965239349141078
2023-07-193,Bogor,0.7256675678634247
2023-07-193,Cianjur,0.7784047448406446
2023-07-193,Cirebon,0.5249033899697239
2023-07-193,Garut,0.7702599935416069
2023-07-193,Indramayu,0.4669775909976927
2023-07-193,Karawang,0.5019703128217606
2023-07-193,Kota Bandung,0.3588474877725331
2023-07-193,Kota Bogor,0.5217616016328972
2023-07-193,Kota Cirebon,0.44397928526348457
2023-07-193,Kota Sukabumi,0.5550674072653565
2023-07-193,Kuningan,0.7031368911019132
2023-07-193,Majalengka,0.6243463357320735
2023-07-193,Purwakarta,0.6984572658344781
2023-07-193,Subang,0.6052326189271097
2023-07-193,Sukabumi,0.778415388181129
2023-07-193,Sumedang,0.736245038747489
2023-07-193,Kota Bekasi,0.3712532184779615
2023-07-193,Kota Depok,0.45168923407510514
2023-07-201,Bandung,0.7012697102596396
2023-07-201,Kota Cimahi,0.33260709288672874
2023-07-201,Kota Tasikmalaya,0.6593914042531378
2023-07-201,Tasikmalaya,0.7779495428051779
2023-07-201,Ciamis,0.7768551317744226
2023-07-201,Kota Banjar,0.6973413506913
2023-07-201,Bekasi,0.44347457209412844
2023-07-201,Bogor,0.722162875932169
2023-07-201,Cianjur,0.7756889791561934
2023-07-201,Cirebon,0.5170193525772031
2023-07-201,Garut,0.7742757986832085
2023-07-201,Indramayu,0.4637519870786275
2023-07-201,Karawang,0.4843014378400468
2023-07-201,Kota Bandung,0.35201955774010224
2023-07-201,Kota Bogor,0.48429251210928115
2023-07-201,Kota Cirebon,0.4240836329931163
2023-07-201,Kota Sukabumi,0.5364973070604889
2023-07-201,Kuningan,0.7471881705174851
2023-07-201,Majalengka,0.6341453285145275
2023-07-201,Purwakarta,0.699799814595934
2023-07-201,Subang,0.6085847601218483
2023-07-201,Sukabumi,0.7729464031311001
2023-07-201,Sumedang,0.7275780464875989
2023-07-201,Kota Bekasi,0.35987683942459375
2023-07-201,Kota Depok,0.4409748337489263
2023-07-209,Bandung,0.6973895511628264
2023-07-209,Kota Cimahi,0.3175662560028952
2023-07-209,Kota Tasikmalaya,0.6729075503396892
2023-07-209,Tasikmalaya,0.598074720371933
2023-07-209,Ciamis,0.5407886992534608
2023-07-209,Kota Banjar,0.46895115481260696
2023-07-209,Bekasi,0.4547604235034639
2023-07-209,Bogor,0.7184781851220109
2023-07-209,Cianjur,0.7644473208978688
2023-07-209,Cirebon,0.5082792705995721
2023-07-209,Garut,0.7553938750929524
2023-07-209,Indramayu,0.4863882575584791
2023-07-209,Karawang,0.48063862111169614
2023-07-209,Kota Bandung,0.3533603472378084
2023-07-209,Kota Bogor,0.4875193408939146
2023-07-209,Kota Cirebon,0.426659269646647
2023-07-209,Kota Sukabumi,0.5479382511653637
2023-07-209,Kuningan,0.7342717692776618
2023-07-209,Majalengka,0.6148463780852801
2023-07-209,Purwakarta,0.6934688582360566
2023-07-209,Subang,0.623409978201866
2023-07-209,Sukabumi,0.751916677180688
2023-07-209,Sumedang,0.7208876948444538
2023-07-209,Kota Bekasi,0.3537567209291952
2023-07-209,Kota Depok,0.4284555957289693
2023-08-217,Bandung,0.6802138875687304
2023-08-217,Kota Cimahi,0.3103522794217567
2023-08-217,Kota Tasikmalaya,0.5309018080421335
2023-08-217,Tasikmalaya,0.6219118691161434
2023-08-217,Ciamis,0.5536567227078978
2023-08-217,Kota Banjar,0.3684761536201302
2023-08-217,Bekasi,0.4415535392244158
2023-08-217,Bogor,0.6885965254222398
2023-08-217,Cianjur,0.7498878970289712
2023-08-217,Cirebon,0.49416809626192626
2023-08-217,Garut,0.748168261918441
2023-08-217,Indramayu,0.5015577988008986
2023-08-217,Karawang,0.45976821681499935
2023-08-217,Kota Bandung,0.3459281566164519
2023-08-217,Kota Bogor,0.48849442642987023
2023-08-217,Kota Cirebon,0.4031905658659642
2023-08-217,Kota Sukabumi,0.5256436729985697
2023-08-217,Kuningan,0.6709909076266471
2023-08-217,Majalengka,0.5698132248346867
2023-08-217,Purwakarta,0.6679254029096577
2023-08-217,Subang,0.6210417989562186
2023-08-217,Sukabumi,0.7416882754536575
2023-08-217,Sumedang,0.6912161871070488
2023-08-217,Kota Bekasi,0.34138262720514007
2023-08-217,Kota Depok,0.44180965925449456
2023-08-225,Bandung,0.6734504645150993
2023-08-225,Kota Cimahi,0.29335043338750233
2023-08-225,Kota Tasikmalaya,0.5198385022446487
2023-08-225,Tasikmalaya,0.6760100914077879
2023-08-225,Ciamis,0.5120034523307484
2023-08-225,Kota Banjar,0.5392318389509784
2023-08-225,Bekasi,0.4326304474262495
2023-08-225,Bogor,0.6881856991907968
2023-08-225,Cianjur,0.7432222392761223
2023-08-225,Cirebon,0.5039087609268488
2023-08-225,Garut,0.7411955664340978
2023-08-225,Indramayu,0.5077273117105348
2023-08-225,Karawang,0.446136379003681
2023-08-225,Kota Bandung,0.33332351802285587
2023-08-225,Kota Bogor,0.45115870685670106
2023-08-225,Kota Cirebon,0.40375588368117094
2023-08-225,Kota Sukabumi,0.4972786422138192
2023-08-225,Kuningan,0.6791038351919245
2023-08-225,Majalengka,0.576365994454505
2023-08-225,Purwakarta,0.6558452635761312
2023-08-225,Subang,0.6302258502242211
2023-08-225,Sukabumi,0.7316891590144402
2023-08-225,Sumedang,0.6933555199289895
2023-08-225,Kota Bekasi,0.333771860655726
2023-08-225,Kota Depok,0.40412521113751415
2023-08-233,Bandung,0.6609873057097042
2023-08-233,Kota Cimahi,0.3003623214630041
2023-08-233,Kota Tasikmalaya,0.20962840906298144
2023-08-233,Tasikmalaya,0.3097991101764314
2023-08-233,Ciamis,0.2817653556633778
2023-08-233,Kota Banjar,0.239051067750526
2023-08-233,Bekasi,0.43140120555609324
2023-08-233,Bogor,0.6702842222632814
2023-08-233,Cianjur,0.731260584777274
2023-08-233,Cirebon,0.5038757786231461
2023-08-233,Garut,0.6882182436500521
2023-08-233,Indramayu,0.5039114932188338
2023-08-233,Karawang,0.42934895234223397
2023-08-233,Kota Bandung,0.3290677680661872
2023-08-233,Kota Bogor,0.4755913199270692
2023-08-233,Kota Cirebon,0.3915016526992482
2023-08-233,Kota Sukabumi,0.49596070576670676
2023-08-233,Kuningan,0.6009581594898815
2023-08-233,Majalengka,0.522953902169599
2023-08-233,Purwakarta,0.6431667976427431
2023-08-233,Subang,0.6528046186668194
2023-08-233,Sukabumi,0.720899132895367
2023-08-233,Sumedang,0.6926548326896276
2023-08-233,Kota Bekasi,0.3258796275522289
2023-08-233,Kota Depok,0.40675896409215384
2023-08-241,Bandung,0.6386732876676892
2023-08-241,Kota Cimahi,0.2906242498354544
2023-08-241,Kota Tasikmalaya,0.5191998759462553
2023-08-241,Tasikmalaya,0.6163566670848248
2023-08-241,Ciamis,0.6627388582415191
2023-08-241,Kota Banjar,0.6274423332423348
2023-08-241,Bekasi,0.434514919865761
2023-08-241,Bogor,0.6743064193658959
2023-08-241,Cianjur,0.7251824895391474
2023-08-241,Cirebon,0.47941339416057244
2023-08-241,Garut,0.7031623019120301
2023-08-241,Indramayu,0.4822421763859571
2023-08-241,Karawang,0.4233772065317203
2023-08-241,Kota Bandung,0.3222026814236643
2023-08-241,Kota Bogor,0.45315746719357713
2023-08-241,Kota Cirebon,0.3587604219938059
2023-08-241,Kota Sukabumi,0.47637642438685485
2023-08-241,Kuningan,0.6375021122121254
2023-08-241,Majalengka,0.5220525936982827
2023-08-241,Purwakarta,0.6170572482278611
2023-08-241,Subang,0.6284057289358727
2023-08-241,Sukabumi,0.7055890028529507
2023-08-241,Sumedang,0.6387728136456683
2023-08-241,Kota Bekasi,0.3262992547903158
2023-08-241,Kota Depok,0.4217405534552955
2023-09-249,Bandung,0.6303387726457265
2023-09-249,Kota Cimahi,0.2697958678034379
2023-09-249,Kota Tasikmalaya,0.5787346309594353
2023-09-249,Tasikmalaya,0.6671178579611634
2023-09-249,Ciamis,0.5409354292466568
2023-09-249,Kota Banjar,0.511414572072531
2023-09-249,Bekasi,0.411042926624982
2023-09-249,Bogor,0.6416286981183766
2023-09-249,Cianjur,0.7045556211496921
2023-09-249,Cirebon,0.4848177897742423
2023-09-249,Garut,0.7014537323590211
2023-09-249,Indramayu,0.47312682547935436
2023-09-249,Karawang,0.39556443967754723
2023-09-249,Kota Bandung,0.31117402413254663
2023-09-249,Kota Bogor,0.4330837709682541
2023-09-249,Kota Cirebon,0.36459864803701
2023-09-249,Kota Sukabumi,0.47327101639199726
2023-09-249,Kuningan,0.6505472955496094
2023-09-249,Majalengka,0.530432695560735
2023-09-249,Purwakarta,0.594603347968577
2023-09-249,Subang,0.6070914089026985
2023-09-249,Sukabumi,0.6754525323095001
2023-09-249,Sumedang,0.6395842797830433
2023-09-249,Kota Bekasi,0.30026761222314496
2023-09-249,Kota Depok,0.37474739780327476
2023-09-257,Bandung,0.5653154018560943
2023-09-257,Kota Cimahi,0.2738608330956306
2023-09-257,Kota Tasikmalaya,0.16773699004624398
2023-09-257,Tasikmalaya,0.3501579701175105
2023-09-257,Ciamis,0.3555087526008786
2023-09-257,Kota Banjar,0.412155465013535
2023-09-257,Bekasi,0.41331939513769045
2023-09-257,Bogor,0.6107583966586393
2023-09-257,Cianjur,0.6679422803658532
2023-09-257,Cirebon,0.4663164570519685
2023-09-257,Garut,0.6622693405050003
2023-09-257,Indramayu,0.43831357223646594
2023-09-257,Karawang,0.40030732007072356
2023-09-257,Kota Bandung,0.3187861764011037
2023-09-257,Kota Bogor,0.43534158448617094
2023-09-257,Kota Cirebon,0.33438916816900427
2023-09-257,Kota Sukabumi,0.467324688681072
2023-09-257,Kuningan,0.5703648465588459
2023-09-257,Majalengka,0.4718224065541566
2023-09-257,Purwakarta,0.5598495727814672
2023-09-257,Subang,0.5769147870981024
2023-09-257,Sukabumi,0.6439711427115163
2023-09-257,Sumedang,0.6100434025811771
2023-09-257,Kota Bekasi,0.30321296208912285
2023-09-257,Kota Depok,0.37501556298919336
2023-09-265,Bandung,0.5957630995872604
2023-09-265,Kota Cimahi,0.2711087475910302
2023-09-265,Kota Tasikmalaya,0.4975520796809411
2023-09-265,Tasikmalaya,0.575943098599652
2023-09-265,Ciamis,0.4674486117054602
2023-09-265,Kota Banjar,0.4050548837950304
2023-09-265,Bekasi,0.409120866859643
2023-09-265,Bogor,0.6335508872889051
2023-09-265,Cianjur,0.6548104983890448
2023-09-265,Cirebon,0.43536824190645684
2023-09-265,Garut,0.6506346387029341
2023-09-265,Indramayu,0.4013139956076492
2023-09-265,Karawang,0.4037435710363364
2023-09-265,Kota Bandung,0.3108148785096662
2023-09-265,Kota Bogor,0.4481642175028195
2023-09-265,Kota Cirebon,0.333431780330612
2023-09-265,Kota Sukabumi,0.4605379982159078
2023-09-265,Kuningan,0.574930109239744
2023-09-265,Majalengka,0.47001907027625806
2023-09-265,Purwakarta,0.5734858621562912
2023-09-265,Subang,0.580212729327811
2023-09-265,Sukabumi,0.6201833687007483
2023-09-265,Sumedang,0.5840030516877319
2023-09-265,Kota Bekasi,0.2855457019127447
2023-09-265,Kota Depok,0.3566994366309184
2023-09-273,Bandung,0.5839811448926138
2023-09-273,Kota Cimahi,0.2608176977396878
2023-09-273,Kota Tasikmalaya,0.5092480102960063
2023-09-273,Tasikmalaya,0.5635304388565503
2023-09-273,Ciamis,0.4622911891081216
2023-09-273,Kota Banjar,0.44768777369327983
2023-09-273,Bekasi,0.40838784216227625
2023-09-273,Bogor,0.6005737475949873
2023-09-273,Cianjur,0.6677647895794849
2023-09-273,Cirebon,0.43203082663491216
2023-09-273,Garut,0.6765288321361148
2023-09-273,Indramayu,0.3865906244751932
2023-09-273,Karawang,0.43476132532072764
2023-09-273,Kota Bandung,0.29756387804328915
2023-09-273,Kota Bogor,0.4256298578886597
2023-09-273,Kota Cirebon,0.32795609122574665
2023-09-273,Kota Sukabumi,0.4553209477428159
2023-09-273,Kuningan,0.5691254780627808
2023-09-273,Majalengka,0.4695704620868271
2023-09-273,Purwakarta,0.554515371666332
2023-09-273,Subang,0.5358640397758967
2023-09-273,Sukabumi,0.6479405419307703
2023-09-273,Sumedang,0.5737045940887253
2023-09-273,Kota Bekasi,0.27816375967704937
2023-09-273,Kota Depok,0.3476798368170026
2023-10-281,Bandung,0.5642845014159314
2023-10-281,Kota Cimahi,0.2732796302533098
2023-10-281,Kota Tasikmalaya,0.40032896959760944
2023-10-281,Tasikmalaya,0.4817051276436428
2023-10-281,Ciamis,0.48887621643528595
2023-10-281,Kota Banjar,0.43616382387822605
2023-10-281,Bekasi,0.3947744765395361
2023-10-281,Bogor,0.5722844539936323
2023-10-281,Cianjur,0.6474218680543748
2023-10-281,Cirebon,0.4224481863630861
2023-10-281,Garut,0.6393758182944311
2023-10-281,Indramayu,0.3722674405545371
2023-10-281,Karawang,0.44034967356392996
2023-10-281,Kota Bandung,0.3087654474241484
2023-10-281,Kota Bogor,0.3959516446102493
2023-10-281,Kota Cirebon,0.33391779801013893
2023-10-281,Kota Sukabumi,0.47628888362565397
2023-10-281,Kuningan,0.569435661186051
2023-10-281,Majalengka,0.4552335708850418
2023-10-281,Purwakarta,0.5109694596163592
2023-10-281,Subang,0.5143824275899714
2023-10-281,Sukabumi,0.6070553080378708
2023-10-281,Sumedang,0.5731811508076684
2023-10-281,Kota Bekasi,0.26977059078201804
2023-10-281,Kota Depok,0.3360004497928747
2023-10-289,Bandung,0.566827172799784
2023-10-289,Kota Cimahi,0.2953076296272358
2023-10-289,Kota Tasikmalaya,0.39558411695337675
2023-10-289,Tasikmalaya,0.5809718327257729
2023-10-289,Ciamis,0.5201215822206752
2023-10-289,Kota Banjar,0.4959349911939905
2023-10-289,Bekasi,0.38922823236559884
2023-10-289,Bogor,0.607286693349409
2023-10-289,Cianjur,0.6406041158589725
2023-10-289,Cirebon,0.4033082322762934
2023-10-289,Garut,0.6428064734545177
2023-10-289,Indramayu,0.3405401010299172
2023-10-289,Karawang,0.430209705502103
2023-10-289,Kota Bandung,0.29819856500486813
2023-10-289,Kota Bogor,0.4173399683957377
2023-10-289,Kota Cirebon,0.34506464024802386
2023-10-289,Kota Sukabumi,0.4608754918517768
2023-10-289,Kuningan,0.5754120033582321
2023-10-289,Majalengka,0.4545675837100498
2023-10-289,Purwakarta,0.5062825807710412
2023-10-289,Subang,0.48681092309408575
2023-10-289,Sukabumi,0.6300175184323099
2023-10-289,Sumedang,0.5510353112439353
2023-10-289,Kota Bekasi,0.27878692749539874
2023-10-289,Kota Depok,0.35423956541697327
2023-10-297,Bandung,0.5860691781968477
2023-10-297,Kota Cimahi,0.27902903568350024
2023-10-297,Kota Tasikmalaya,0.4035465333077253
2023-10-297,Tasikmalaya,0.4969393465481388
2023-10-297,Ciamis,0.43314654358065663
2023-10-297,Kota Banjar,0.3885419161373626
2023-10-297,Bekasi,0.3901400847624331
2023-10-297,Bogor,0.6185724839886518
2023-10-297,Cianjur,0.6366552404066355
2023-10-297,Cirebon,0.4089831702600122
2023-10-297,Garut,0.6448959700748061
2023-10-297,Indramayu,0.3450596105934639
2023-10-297,Karawang,0.47811887768191064
2023-10-297,Kota Bandung,0.301421684719536
2023-10-297,Kota Bogor,0.4256110520479378
2023-10-297,Kota Cirebon,0.34874929944557154
2023-10-297,Kota Sukabumi,0.4844415472794456
2023-10-297,Kuningan,0.5964737934357963
2023-10-297,Majalengka,0.4680820309837242
2023-10-297,Purwakarta,0.5433227662787166
2023-10-297,Subang,0.5142231361824516
2023-10-297,Sukabumi,0.6293172838077682
2023-10-297,Sumedang,0.586652241233693
2023-10-297,Kota Bekasi,0.28926705125158997
2023-10-297,Kota Depok,0.35286469807046106
2023-11-305,Bandung,0.4926360031662289
2023-11-305,Kota Cimahi,0.2717235162885263
2023-11-305,Kota Tasikmalaya,0.384799549447449
2023-11-305,Tasikmalaya,0.430658329824864
2023-11-305,Ciamis,0.47282986677130245
2023-11-305,Kota Banjar,0.4119683112667611
2023-11-305,Bekasi,0.35031131526748754
2023-11-305,Bogor,0.4878516961159851
2023-11-305,Cianjur,0.5593994382214857
2023-11-305,Cirebon,0.39192192247447355
2023-11-305,Garut,0.5703032413003322
2023-11-305,Indramayu,0.2987857828957122
2023-11-305,Karawang,0.41381814842422376
2023-11-305,Kota Bandung,0.31129184768994833
2023-11-305,Kota Bogor,0.33948845006537054
2023-11-305,Kota Cirebon,0.34261121057738775
2023-11-305,Kota Sukabumi,0.43404081158312313
2023-11-305,Kuningan,0.5826611613822613
2023-11-305,Majalengka,0.38987666501663165
2023-11-305,Purwakarta,0.46555359172733923
2023-11-305,Subang,0.45259942051652174
2023-11-305,Sukabumi,0.5614574212083745
2023-11-305,Sumedang,0.5636969097167599
2023-11-305,Kota Bekasi,0.22256672022852297
2023-11-305,Kota Depok,0.2556347090183426
2023-11-313,Bandung,0.437760947885512
2023-11-313,Kota Cimahi,0.20713054103105577
2023-11-313,Kota Tasikmalaya,0.3031817755217531
2023-11-313,Tasikmalaya,0.3551404856819923
2023-11-313,Ciamis,0.32081889771040356
2023-11-313,Kota Banjar,0.3288426258348118
2023-11-313,Bekasi,0.38590417830027
2023-11-313,Bogor,0.5352793155372839
2023-11-313,Cianjur,0.4402093195625181
2023-11-313,Cirebon,0.37699790416393053
2023-11-313,Garut,0.4337707048713584
2023-11-313,Indramayu,0.33005083289170567
2023-11-313,Karawang,0.4733053171800597
2023-11-313,Kota Bandung,0.2563910883622957
2023-11-313,Kota Bogor,0.400252981459284
2023-11-313,Kota Cirebon,0.2793963036566552
2023-11-313,Kota Sukabumi,0.4644002817298609
2023-11-313,Kuningan,0.5523934856695704
2023-11-313,Majalengka,0.39611546876303366
2023-11-313,Purwakarta,0.4995757113425571
2023-11-313,Subang,0.477643085199482
2023-11-313,Sukabumi,0.4179746487493201
2023-11-313,Sumedang,0.5454914551229516
2023-11-313,Kota Bekasi,0.29801322881807696
2023-11-313,Kota Depok,0.312278477934223
2023-11-321,Bandung,0.5992611411154395
2023-11-321,Kota Cimahi,0.2968109824269617
2023-11-321,Kota Tasikmalaya,0.3205843875377941
2023-11-321,Tasikmalaya,0.4198574558514172
2023-11-321,Ciamis,0.3962020359364695
2023-11-321,Kota Banjar,0.42294132617427194
2023-11-321,Bekasi,0.4026509642073705
2023-11-321,Bogor,0.6130340362434659
2023-11-321,Cianjur,0.6076584047444652
2023-11-321,Cirebon,0.42365427673973044
2023-11-321,Garut,0.5634962570736476
2023-11-321,Indramayu,0.31998715076541023
2023-11-321,Karawang,0.47084902946430784
2023-11-321,Kota Bandung,0.32104631741845446
2023-11-321,Kota Bogor,0.4380099093736006
2023-11-321,Kota Cirebon,0.3616133362279966
2023-11-321,Kota Sukabumi,0.47713360041699404
2023-11-321,Kuningan,0.5881908880345397
2023-11-321,Majalengka,0.4572691155971726
2023-11-321,Purwakarta,0.5513872432868294
2023-11-321,Subang,0.5357719621192525
2023-11-321,Sukabumi,0.6150559696138737
2023-11-321,Sumedang,0.5736379620540525
2023-11-321,Kota Bekasi,0.282818919344676
2023-11-321,Kota Depok,0.3794440147311691
2023-11-329,Bandung,0.5565411217689686
2023-11-329,Kota Cimahi,0.3131416433329565
2023-11-329,Kota Tasikmalaya,0.26539286986520544
2023-11-329,Tasikmalaya,0.2951821517767749
2023-11-329,Ciamis,0.31749263915858156
2023-11-329,Kota Banjar,0.42346996680255955
2023-11-329,Bekasi,0.34080639804884527
2023-11-329,Bogor,0.5331485301685294
2023-11-329,Cianjur,0.4479817938705467
2023-11-329,Cirebon,0.35826683581844865
2023-11-329,Garut,0.40609984216873046
2023-11-329,Indramayu,0.23624875627822092
2023-11-329,Karawang,0.42682093432735757
2023-11-329,Kota Bandung,0.34489523472823436
2023-11-329,Kota Bogor,0.4638591976117667
2023-11-329,Kota Cirebon,0.2538711384781061
2023-11-329,Kota Sukabumi,0.4152558056665702
2023-11-329,Kuningan,0.530285310089886
2023-11-329,Majalengka,0.38772239278133974
2023-11-329,Purwakarta,0.5941031301144876
2023-11-329,Subang,0.46942880180902957
2023-11-329,Sukabumi,0.37341970923269363
2023-11-329,Sumedang,0.5231652747654724
2023-11-329,Kota Bekasi,0.14476239586265102
2023-11-329,Kota Depok,0.19825952482704026
2023-12-337,Bandung,0.2531675846983135
2023-12-337,Kota Cimahi,0.13179051440366418
2023-12-337,Kota Tasikmalaya,0.3460908052011645
2023-12-337,Tasikmalaya,0.45323548737413
2023-12-337,Ciamis,0.45968657706622906
2023-12-337,Kota Banjar,0.4534758317432083
2023-12-337,Bekasi,0.2974783681922718
2023-12-337,Bogor,0.44926763047840956
2023-12-337,Cianjur,0.3900697970011203
2023-12-337,Cirebon,0.29962098778240204
2023-12-337,Garut,0.5050091142280059
2023-12-337,Indramayu,0.20202341383147077
2023-12-337,Karawang,0.32037476087912053
2023-12-337,Kota Bandung,0.14768615110035463
2023-12-337,Kota Bogor,0.3390627423979337
2023-12-337,Kota Cirebon,0.2511199263249909
2023-12-337,Kota Sukabumi,0.4287562967043809
2023-12-337,Kuningan,0.4570224538947961
2023-12-337,Majalengka,0.4156503988157319
2023-12-337,Purwakarta,0.3782527879468361
2023-12-337,Subang,0.29022242407085397
2023-12-337,Sukabumi,0.4175951188908166
2023-12-337,Sumedang,0.3963018169151631
2023-12-337,Kota Bekasi,0.18983788350727615
2023-12-337,Kota Depok,0.30462104247357996
2023-12-345,Bandung,0.6576269321769449
2023-12-345,Kota Cimahi,0.30817220798337386
2023-12-345,Kota Tasikmalaya,0.5544512489040874
2023-12-345,Tasikmalaya,0.6611549226601582
2023-12-345,Ciamis,0.6076869615462849
2023-12-345,Kota Banjar,0.5472528650178115
2023-12-345,Bekasi,0.4211005692153724
2023-12-345,Bogor,0.6578448913134549
2023-12-345,Cianjur,0.716424452332979
2023-12-345,Cirebon,0.44675073426315937
2023-12-345,Garut,0.6962780172226429
2023-12-345,Indramayu,0.3377072581169905
2023-12-345,Karawang,0.48070523275463245
2023-12-345,Kota Bandung,0.33472959272126496
2023-12-345,Kota Bogor,0.4554552647531529
2023-12-345,Kota Cirebon,0.3938466461172948
2023-12-345,Kota Sukabumi,0.4835076136099031
2023-12-345,Kuningan,0.7048179553495273
2023-12-345,Majalengka,0.540213282205722
2023-12-345,Purwakarta,0.6250302077939445
2023-12-345,Subang,0.5316093617504113
2023-12-345,Sukabumi,0.6955048440597656
2023-12-345,Sumedang,0.6745801663566451
2023-12-345,Kota Bekasi,0.3036122844432577
2023-12-345,Kota Depok,0.39895578996755954
2023-12-353,Bandung,0.6823676458326076
2023-12-353,Kota Cimahi,0.3033865196215283
2023-12-353,Kota Tasikmalaya,0.5998534084091429
2023-12-353,Tasikmalaya,0.7504435988828793
2023-12-353,Ciamis,0.6782996554423991
2023-12-353,Kota Banjar,0.6327575325490212
2023-12-353,Bekasi,0.428381732694319
2023-12-353,Bogor,0.692697129918722
2023-12-353,Cianjur,0.7471408811507421
2023-12-353,Cirebon,0.4598422934606656
2023-12-353,Garut,0.7391453379045332
2023-12-353,Indramayu,0.33200813442807997
2023-12-353,Karawang,0.4951882569075332
2023-12-353,Kota Bandung,0.32786446901923216
2023-12-353,Kota Bogor,0.4482864829331904
2023-12-353,Kota Cirebon,0.41698753181578585
2023-12-353,Kota Sukabumi,0.48802798663306307
2023-12-353,Kuningan,0.7150411780142867
2023-12-353,Majalengka,0.556254176558564
2023-12-353,Purwakarta,0.6618484186359367
2023-12-353,Subang,0.500726817576736
2023-12-353,Sukabumi,0.7325510164370674
2023-12-353,Sumedang,0.6507272152037992
2023-12-353,Kota Bekasi,0.337068029323126
2023-12-353,Kota Depok,0.3836292421988932
2023-12-361,Bandung,0.5596090762677041
2023-12-361,Kota Cimahi,0.20741647014462364
2023-12-361,Kota Tasikmalaya,0.4919356396245552
2023-12-361,Tasikmalaya,0.5920043570248888
2023-12-361,Ciamis,0.482709178210673
2023-12-361,Kota Banjar,0.46046603105366046
2023-12-361,Bekasi,0.29350325841811487
2023-12-361,Bogor,0.6178898930731342
2023-12-361,Cianjur,0.7070696472582337
2023-12-361,Cirebon,0.43208983986264404
2023-12-361,Garut,0.6972386112584611
2023-12-361,Indramayu,0.2816910894405714
2023-12-361,Karawang,0.39495591659378415
2023-12-361,Kota Bandung,0.3332254672701356
2023-12-361,Kota Bogor,0.4421088481374047
2023-12-361,Kota Cirebon,0.3309409661695476
2023-12-361,Kota Sukabumi,0.5015001207900477
2023-12-361,Kuningan,0.638751399698467
2023-12-361,Majalengka,0.57088705291319
2023-12-361,Purwakarta,0.5869264605489904
2023-12-361,Subang,0.5082556989176606
2023-12-361,Sukabumi,0.663101185141966
2023-12-361,Sumedang,0.7184302141653192
2023-12-361,Kota Bekasi,0.1530580475864474
2023-12-361,Kota Depok,0.3180878975575977
2024-01-01,Bandung,0.37685452529183316
2024-01-01,Kota Cimahi,0.22972956881403395
2024-01-01,Kota Tasikmalaya,0.5103310705738465
2024-01-01,Tasikmalaya,0.5198097946054879
2024-01-01,Ciamis,0.5333973205142588
2024-01-01,Kota Banjar,0.5798877867362693
2024-01-01,Bekasi,0.16040223554920724
2024-01-01,Bogor,0.4797821223221888
2024-01-01,Cianjur,0.5288799741596831
2024-01-01,Cirebon,0.4713019961054066
2024-01-01,Garut,0.36753387418386047
2024-01-01,Indramayu,0.31785622931772667
2024-01-01,Karawang,0.23151435723592603
2024-01-01,Kota Bandung,0.2108771956061109
2024-01-01,Kota Bogor,0.4747425068861033
2024-01-01,Kota Cirebon,0.45228561132427497
2024-01-01,Kota Sukabumi,0.529838952976445
2024-01-01,Kuningan,0.6519691670074027
2024-01-01,Majalengka,0.5059746507882832
2024-01-01,Purwakarta,0.34023363643333543
2024-01-01,Subang,0.3864834696778423
2024-01-01,Sukabumi,0.6621079572549292
2024-01-01,Sumedang,0.598232577134831
2024-01-01,Kota Bekasi,0.11668920043889444
2024-01-01,Kota Depok,0.37314272729354875
2024-01-09,Bandung,0.6020775843772933
2024-01-09,Kota Cimahi,0.32787787904606897
2024-01-09,Kota Tasikmalaya,0.5462211546955411
2024-01-09,Tasikmalaya,0.6969602900961447
2024-01-09,Ciamis,0.6352070230717946
2024-01-09,Kota Banjar,0.5794548186316535
2024-01-09,Bekasi,0.3574239100270417
2024-01-09,Bogor,0.544610535603643
2024-01-09,Cianjur,0.7050885710526178
2024-01-09,Cirebon,0.31009551926003043
2024-01-09,Garut,0.7045834844365002
2024-01-09,Indramayu,0.2283642767987942
2024-01-09,Karawang,0.39113515903400714
2024-01-09,Kota Bandung,0.34221628760581635
2024-01-09,Kota Bogor,0.37849090279694475
2024-01-09,Kota Cirebon,0.31238242466666416
2024-01-09,Kota Sukabumi,0.5005271226865494
2024-01-09,Kuningan,0.5231494115793575
2024-01-09,Majalengka,0.46240304259886694
2024-01-09,Purwakarta,0.44415681450104066
2024-01-09,Subang,0.48815778693785983
2024-01-09,Sukabumi,0.6408770058751221
2024-01-09,Sumedang,0.5386644573367055
2024-01-09,Kota Bekasi,0.28451086937351333
2024-01-09,Kota Depok,0.371490167954977
2024-01-17,Bandung,0.11374750396803625
2024-01-17,Kota Cimahi,0.050902571374057216
2024-01-17,Kota Tasikmalaya,0.3256819370315397
2024-01-17,Tasikmalaya,0.37463189366487215
2024-01-17,Ciamis,0.5836295888042633
2024-01-17,Kota Banjar,0.6393458956634313
2024-01-17,Bekasi,0.22398680276722022
2024-01-17,Bogor,0.2989525448868137
2024-01-17,Cianjur,0.14720491530795618
2024-01-17,Cirebon,0.2980138274102797
2024-01-17,Garut,0.24701858373260066
2024-01-17,Indramayu,0.17673859910454703
2024-01-17,Karawang,0.24447852474825424
2024-01-17,Kota Bandung,0.1109681069814863
2024-01-17,Kota Bogor,0.21252846061295497
2024-01-17,Kota Cirebon,0.30217759197865623
2024-01-17,Kota Sukabumi,0.12847631931891826
2024-01-17,Kuningan,0.5270089967213
2024-01-17,Majalengka,0.4803082024536339
2024-01-17,Purwakarta,0.35420596133018417
2024-01-17,Subang,0.28015259018604666
2024-01-17,Sukabumi,0.31572011751963897
2024-01-17,Sumedang,0.3533763274074701
2024-01-17,Kota Bekasi,0.1902852655862019
2024-01-17,Kota Depok,0.2339512846332922
2024-01-25,Bandung,0.6488642042467995
2024-01-25,Kota Cimahi,0.29305475692892935
2024-01-25,Kota Tasikmalaya,0.6074515350726039
2024-01-25,Tasikmalaya,0.7628355037213065
2024-01-25,Ciamis,0.715691839852707
2024-01-25,Kota Banjar,0.6679227395133921
2024-01-25,Bekasi,0.2926365451738429
2024-01-25,Bogor,0.3637797633819985
2024-01-25,Cianjur,0.6850412456202646
2024-01-25,Cirebon,0.38871721466800413
2024-01-25,Garut,0.7277943053494645
2024-01-25,Indramayu,0.16097689656907652
2024-01-25,Karawang,0.30171355715237175
2024-01-25,Kota Bandung,0.26993952340784083
2024-01-25,Kota Bogor,0.28996155726999057
2024-01-25,Kota Cirebon,0.3993634314700658
2024-01-25,Kota Sukabumi,0.4760874531575306
2024-01-25,Kuningan,0.616684891995003
2024-01-25,Majalengka,0.48439805858757307
2024-01-25,Purwakarta,0.4368006079360982
2024-01-25,Subang,0.27196893482665463
2024-01-25,Sukabumi,0.6125849094965312
2024-01-25,Sumedang,0.5196936394563441
2024-01-25,Kota Bekasi,0.13463520163729154
2024-01-25,Kota Depok,0.14517838870496066
2024-02-33,Bandung,0.5921306397369231
2024-02-33,Kota Cimahi,0.2786249744597225
2024-02-33,Kota Tasikmalaya,0.5265094544244006
2024-02-33,Tasikmalaya,0.6605911294873551
2024-02-33,Ciamis,0.6119946150806218
2024-02-33,Kota Banjar,0.5200544742244685
2024-02-33,Bekasi,0.38745328621978686
2024-02-33,Bogor,0.6300994670592414
2024-02-33,Cianjur,0.7100071062248228
2024-02-33,Cirebon,0.49324719818339235
2024-02-33,Garut,0.6645721910994031
2024-02-33,Indramayu,0.36518847960293377
2024-02-33,Karawang,0.3683460805303249
2024-02-33,Kota Bandung,0.3356793025644375
2024-02-33,Kota Bogor,0.4561024155383226
2024-02-33,Kota Cirebon,0.34150370772102295
2024-02-33,Kota Sukabumi,0.5545156980412177
2024-02-33,Kuningan,0.6874949713608111
2024-02-33,Majalengka,0.6404145830910152
2024-02-33,Purwakarta,0.4870987154401185
2024-02-33,Subang,0.5498344730909436
2024-02-33,Sukabumi,0.6683856409712625
2024-02-33,Sumedang,0.7093184652144926
2024-02-33,Kota Bekasi,0.26685749937699504
2024-02-33,Kota Depok,0.3992666804270236
2024-02-41,Bandung,0.4289033410545791
2024-02-41,Kota Cimahi,0.24127247831855816
2024-02-41,Kota Tasikmalaya,0.6003067823266173
2024-02-41,Tasikmalaya,0.6595947547867231
2024-02-41,Ciamis,0.589950874716236
2024-02-41,Kota Banjar,0.6775975703614715
2024-02-41,Bekasi,0.24298976151290097
2024-02-41,Bogor,0.3554348174327496
2024-02-41,Cianjur,0.6077743052238826
2024-02-41,Cirebon,0.49769831393049463
2024-02-41,Garut,0.5868361436403781
2024-02-41,Indramayu,0.3292338576675526
2024-02-41,Karawang,0.2944272204299644
2024-02-41,Kota Bandung,0.3057975684918284
2024-02-41,Kota Bogor,0.24282631248544648
2024-02-41,Kota Cirebon,0.4130880099907758
2024-02-41,Kota Sukabumi,0.5267970760540707
2024-02-41,Kuningan,0.5897354390801565
2024-02-41,Majalengka,0.6199155844139481
2024-02-41,Purwakarta,0.4363271318780259
2024-02-41,Subang,0.5021472354837545
2024-02-41,Sukabumi,0.5926368476641891
2024-02-41,Sumedang,0.5684081106678122
2024-02-41,Kota Bekasi,0.14292701091402385
2024-02-41,Kota Depok,0.2881489698106234
2024-02-49,Bandung,0.572364486268537
2024-02-49,Kota Cimahi,0.2686415045131575
2024-02-49,Kota Tasikmalaya,0.5912041059983021
2024-02-49,Tasikmalaya,0.6988362557867998
2024-02-49,Ciamis,0.6644528548894739
2024-02-49,Kota Banjar,0.6746744808592468
2024-02-49,Bekasi,0.21573532623832858
2024-02-49,Bogor,0.5197615605504293
2024-02-49,Cianjur,0.6341096676478678
2024-02-49,Cirebon,0.40160971003956586
2024-02-49,Garut,0.7056371642245621
2024-02-49,Indramayu,0.30365954905330955
2024-02-49,Karawang,0.3000901140494689
2024-02-49,Kota Bandung,0.26398301396309787
2024-02-49,Kota Bogor,0.36791701503108903
2024-02-49,Kota Cirebon,0.31639637133758136
2024-02-49,Kota Sukabumi,0.5189401976555347
2024-02-49,Kuningan,0.5909034221615825
2024-02-49,Majalengka,0.4527670856387075
2024-02-49,Purwakarta,0.5810149105667226
2024-02-49,Subang,0.4602057636110156
2024-02-49,Sukabumi,0.5877151884520967
2024-02-49,Sumedang,0.40563797484973296
2024-02-49,Kota Bekasi,0.22389862571325578
2024-02-49,Kota Depok,0.35021996835451535
2024-02-57,Bandung,0.6251178941311103
2024-02-57,Kota Cimahi,0.34077911308711584
2024-02-57,Kota Tasikmalaya,0.6411903007989632
2024-02-57,Tasikmalaya,0.7395671210701724
2024-02-57,Ciamis,0.7136143769121092
2024-02-57,Kota Banjar,0.7292962803036745
2024-02-57,Bekasi,0.40008543684744646
2024-02-57,Bogor,0.42370006106005176
2024-02-57,Cianjur,0.6908855144296808
2024-02-57,Cirebon,0.5163778752037311
2024-02-57,Garut,0.6852032250851297
2024-02-57,Indramayu,0.4776925539216696
2024-02-57,Karawang,0.37364551196343815
2024-02-57,Kota Bandung,0.29829238530661234
2024-02-57,Kota Bogor,0.3214415322055701
2024-02-57,Kota Cirebon,0.360838836413369
2024-02-57,Kota Sukabumi,0.5387521146453932
2024-02-57,Kuningan,0.6561145501701889
2024-02-57,Majalengka,0.6740068982630744
2024-02-57,Purwakarta,0.5698096032136675
2024-02-57,Subang,0.5769349693669484
2024-02-57,Sukabumi,0.6909770714122326
2024-02-57,Sumedang,0.6840362975521166
2024-02-57,Kota Bekasi,0.3090044451356021
2024-02-57,Kota Depok,0.3312011929132126
2024-03-65,Bandung,0.2523027737700762
2024-03-65,Kota Cimahi,0.1525346637266396
2024-03-65,Kota Tasikmalaya,0.5834653932499685
2024-03-65,Tasikmalaya,0.6056254257657866
2024-03-65,Ciamis,0.6246985262310362
2024-03-65,Kota Banjar,0.7072223867520158
2024-03-65,Bekasi,0.37150158256308485
2024-03-65,Bogor,0.4708652432420078
2024-03-65,Cianjur,0.31860762506670776
2024-03-65,Cirebon,0.39749467905355373
2024-03-65,Garut,0.39623672567127305
2024-03-65,Indramayu,0.39653734410627145
2024-03-65,Karawang,0.3441409157714646
2024-03-65,Kota Bandung,0.1779720645319357
2024-03-65,Kota Bogor,0.3442248352427582
2024-03-65,Kota Cirebon,0.3137341940078562
2024-03-65,Kota Sukabumi,0.17158152938476978
2024-03-65,Kuningan,0.6141630484038172
2024-03-65,Majalengka,0.5109419523047033
2024-03-65,Purwakarta,0.5111105829883561
2024-03-65,Subang,0.48657949306322273
2024-03-65,Sukabumi,0.3041853906817611
2024-03-65,Sumedang,0.4757728265703175
2024-03-65,Kota Bekasi,0.24580788659526115
2024-03-65,Kota Depok,0.3280377615356775
2024-03-73,Bandung,0.7350533073108071
2024-03-73,Kota Cimahi,0.3390065712712869
2024-03-73,Kota Tasikmalaya,0.6619481208795174
2024-03-73,Tasikmalaya,0.8196747470326213
2024-03-73,Ciamis,0.7848414867332945
2024-03-73,Kota Banjar,0.6953028903677029
2024-03-73,Bekasi,0.4297895185438858
2024-03-73,Bogor,0.7050537218903823
2024-03-73,Cianjur,0.736053607414674
2024-03-73,Cirebon,0.6167761432865131
2024-03-73,Garut,0.8078801922758153
2024-03-73,Indramayu,0.6164441065402867
2024-03-73,Karawang,0.3933128035956698
2024-03-73,Kota Bandung,0.3692189892595975
2024-03-73,Kota Bogor,0.496636303590348
2024-03-73,Kota Cirebon,0.44395654111900557
2024-03-73,Kota Sukabumi,0.3720670077712841
2024-03-73,Kuningan,0.722644411232019
2024-03-73,Majalengka,0.7316812998419597
2024-03-73,Purwakarta,0.7058085711400965
2024-03-73,Subang,0.692031220905523
2024-03-73,Sukabumi,0.6606539499021783
2024-03-73,Sumedang,0.7778562876270795
2024-03-73,Kota Bekasi,0.35819060430781874
2024-03-73,Kota Depok,0.459492845434931
2024-03-81,Bandung,0.7211871631661754
2024-03-81,Kota Cimahi,0.33099240275298153
2024-03-81,Kota Tasikmalaya,0.534612398962592
2024-03-81,Tasikmalaya,0.6626505105863948
2024-03-81,Ciamis,0.5768163076004905
2024-03-81,Kota Banjar,0.44863020876507786
2024-03-81,Bekasi,0.44224883746432964
2024-03-81,Bogor,0.6422598177883979
2024-03-81,Cianjur,0.7667823744914041
2024-03-81,Cirebon,0.6417712693694879
2024-03-81,Garut,0.7384655838874021
2024-03-81,Indramayu,0.6601778860696764
2024-03-81,Karawang,0.41454763833794434
2024-03-81,Kota Bandung,0.36608688176382653
2024-03-81,Kota Bogor,0.4863053270437102
2024-03-81,Kota Cirebon,0.4604684991198508
2024-03-81,Kota Sukabumi,0.5760528246149937
2024-03-81,Kuningan,0.6836014145599557
2024-03-81,Majalengka,0.6678919563060248
2024-03-81,Purwakarta,0.706823733872622
2024-03-81,Subang,0.6986399006293488
2024-03-81,Sukabumi,0.7585128819398588
2024-03-81,Sumedang,0.7693077071240035
2024-03-81,Kota Bekasi,0.23988815633643107
2024-03-81,Kota Depok,0.40937850651573293
2024-03-89,Bandung,0.6168586336390585
2024-03-89,Kota Cimahi,0.3260882108175629
2024-03-89,Kota Tasikmalaya,0.2946341292287695
2024-03-89,Tasikmalaya,0.5009479968861675
2024-03-89,Ciamis,0.4209432473384854
2024-03-89,Kota Banjar,0.3587540559274815
2024-03-89,Bekasi,0.42714454475042635
2024-03-89,Bogor,0.6354438731557993
2024-03-89,Cianjur,0.6880584498185742
2024-03-89,Cirebon,0.6474009665146534
2024-03-89,Garut,0.6848738517767999
2024-03-89,Indramayu,0.677782175933971
2024-03-89,Karawang,0.4194604116862813
2024-03-89,Kota Bandung,0.3580268038175732
2024-03-89,Kota Bogor,0.4687639313178487
2024-03-89,Kota Cirebon,0.44629548566918487
2024-03-89,Kota Sukabumi,0.5691894669683364
2024-03-89,Kuningan,0.6957294740717409
2024-03-89,Majalengka,0.6376844552271238
2024-03-89,Purwakarta,0.649920611609814
2024-03-89,Subang,0.6894936828727632
2024-03-89,Sukabumi,0.6995914373850499
2024-03-89,Sumedang,0.7465059921368793
2024-03-89,Kota Bekasi,0.2350542961470571
2024-03-89,Kota Depok,0.450836273667583
2024-04-97,Bandung,0.6418745738335209
2024-04-97,Kota Cimahi,0.3334764752673914
2024-04-97,Kota Tasikmalaya,0.6708391972720772
2024-04-97,Tasikmalaya,0.753289524280461
2024-04-97,Ciamis,0.7691918992976063
2024-04-97,Kota Banjar,0.7173586066184008
2024-04-97,Bekasi,0.48427841607703137
2024-04-97,Bogor,0.6932917728985704
2024-04-97,Cianjur,0.7726872249121173
2024-04-97,Cirebon,0.6294451299387198
2024-04-97,Garut,0.7900781388442149
2024-04-97,Indramayu,0.6217600171332283
2024-04-97,Karawang,0.4552485646534879
2024-04-97,Kota Bandung,0.37195999051792855
2024-04-97,Kota Bogor,0.4985710248178926
2024-04-97,Kota Cirebon,0.47857145421773484
2024-04-97,Kota Sukabumi,0.5761308573364883
2024-04-97,Kuningan,0.7647334286641652
2024-04-97,Majalengka,0.6745969549837941
2024-04-97,Purwakarta,0.595369270158139
2024-04-97,Subang,0.5651144782087811
2024-04-97,Sukabumi,0.7968851150774799
2024-04-97,Sumedang,0.6855360861526035
2024-04-97,Kota Bekasi,0.28248396727480896
2024-04-97,Kota Depok,0.45626030445890325
2024-04-105,Bandung,0.6333902229837641
2024-04-105,Kota Cimahi,0.3108098105073916
2024-04-105,Kota Tasikmalaya,0.4214255575067398
2024-04-105,Tasikmalaya,0.45094834417055357
2024-04-105,Ciamis,0.5482895185058928
2024-04-105,Kota Banjar,0.6720424148566106
2024-04-105,Bekasi,0.47468974390096297
2024-04-105,Bogor,0.6552014172927323
2024-04-105,Cianjur,0.7331900302175112
2024-04-105,Cirebon,0.612155579883309
2024-04-105,Garut,0.5543394562525084
2024-04-105,Indramayu,0.6393115314921237
2024-04-105,Karawang,0.4223769731465528
2024-04-105,Kota Bandung,0.3540595405118737
2024-04-105,Kota Bogor,0.4338082523442163
2024-04-105,Kota Cirebon,0.46241748748830375
2024-04-105,Kota Sukabumi,0.5677442075448225
2024-04-105,Kuningan,0.5352954815043802
2024-04-105,Majalengka,0.5518506471879302
2024-04-105,Purwakarta,0.6138643508345217
2024-04-105,Subang,0.6343346489420798
2024-04-105,Sukabumi,0.7502048281221418
2024-04-105,Sumedang,0.7033546310582521
2024-04-105,Kota Bekasi,0.28574450029333487
2024-04-105,Kota Depok,0.43723643507842463
2024-04-113,Bandung,0.6938248493180899
2024-04-113,Kota Cimahi,0.3451435229317627
2024-04-113,Kota Tasikmalaya,0.6638884253286802
2024-04-113,Tasikmalaya,0.794929778773022
2024-04-113,Ciamis,0.7825348338613436
2024-04-113,Kota Banjar,0.6946950574239302
2024-04-113,Bekasi,0.4989395082240792
2024-04-113,Bogor,0.6875206399112611
2024-04-113,Cianjur,0.7540241249547408
2024-04-113,Cirebon,0.6447183200245805
2024-04-113,Garut,0.7536809553545074
2024-04-113,Indramayu,0.5994450836580115
2024-04-113,Karawang,0.48376427913726544
2024-04-113,Kota Bandung,0.3821511273639833
2024-04-113,Kota Bogor,0.5027462694750814
2024-04-113,Kota Cirebon,0.4775356703583979
2024-04-113,Kota Sukabumi,0.5584765386410308
2024-04-113,Kuningan,0.7601558963827935
2024-04-113,Majalengka,0.6292588167154132
2024-04-113,Purwakarta,0.6697907914523377
2024-04-113,Subang,0.6464621170506758
2024-04-113,Sukabumi,0.764050590302835
2024-04-113,Sumedang,0.7127954312655391
2024-04-113,Kota Bekasi,0.3758457771527484
2024-04-113,Kota Depok,0.4746472228907809
2024-04-121,Bandung,0.7080663122033465
2024-04-121,Kota Cimahi,0.35588614827640486
2024-04-121,Kota Tasikmalaya,0.5747563790843356
2024-04-121,Tasikmalaya,0.7459078009308321
2024-04-121,Ciamis,0.6706682483522023
2024-04-121,Kota Banjar,0.5770281898699084
2024-04-121,Bekasi,0.5151397579222625
2024-04-121,Bogor,0.7112097605157826
2024-04-121,Cianjur,0.7602553376858617
2024-04-121,Cirebon,0.6161599785109252
2024-04-121,Garut,0.802931281026203
2024-04-121,Indramayu,0.5873674885333036
2024-04-121,Karawang,0.5493650928798798
2024-04-121,Kota Bandung,0.38121660647498257
2024-04-121,Kota Bogor,0.5134541093528817
2024-04-121,Kota Cirebon,0.49105419084527924
2024-04-121,Kota Sukabumi,0.5632469959294775
2024-04-121,Kuningan,0.7556735054161657
2024-04-121,Majalengka,0.6581567745896371
2024-04-121,Purwakarta,0.6801834187054958
2024-04-121,Subang,0.639463516125682
2024-04-121,Sukabumi,0.7955733956986504
2024-04-121,Sumedang,0.7598869935286201
2024-04-121,Kota Bekasi,0.37959375188607547
2024-04-121,Kota Depok,0.4781526180345641
2024-05-129,Bandung,0.6673094150786281
2024-05-129,Kota Cimahi,0.3543439056357859
2024-05-129,Kota Tasikmalaya,0.4142572481564911
2024-05-129,Tasikmalaya,0.5001457222107016
2024-05-129,Ciamis,0.5696163648564515
2024-05-129,Kota Banjar,0.5621862458607905
2024-05-129,Bekasi,0.4763054701878989
2024-05-129,Bogor,0.6792225659942331
2024-05-129,Cianjur,0.7497481253020742
2024-05-129,Cirebon,0.6046788561152012
2024-05-129,Garut,0.7470210492495004
2024-05-129,Indramayu,0.5355180249750203
2024-05-129,Karawang,0.538047450035243
2024-05-129,Kota Bandung,0.37953617990771216
2024-05-129,Kota Bogor,0.5167859867615611
2024-05-129,Kota Cirebon,0.48804031018039024
2024-05-129,Kota Sukabumi,0.5537628076654407
2024-05-129,Kuningan,0.7214227855648302
2024-05-129,Majalengka,0.6314444283268204
2024-05-129,Purwakarta,0.6402475230804494
2024-05-129,Subang,0.6224072404394868
2024-05-129,Sukabumi,0.7568229991948142
2024-05-129,Sumedang,0.7382483538613024
2024-05-129,Kota Bekasi,0.33645937302488915
2024-05-129,Kota Depok,0.4766147409388691
2024-05-137,Bandung,0.7103628958289302
2024-05-137,Kota Cimahi,0.33466279563051743
2024-05-137,Kota Tasikmalaya,0.38334237656560916
2024-05-137,Tasikmalaya,0.5343806238220008
2024-05-137,Ciamis,0.519030682738493
2024-05-137,Kota Banjar,0.4231314370105302
2024-05-137,Bekasi,0.5110831510056358
2024-05-137,Bogor,0.6902486027765753
2024-05-137,Cianjur,0.7388348022982063
2024-05-137,Cirebon,0.5796897083612879
2024-05-137,Garut,0.7789497593407116
2024-05-137,Indramayu,0.4868202637256645
2024-05-137,Karawang,0.5580866652112223
2024-05-137,Kota Bandung,0.37088597670268164
2024-05-137,Kota Bogor,0.5092096108483555
2024-05-137,Kota Cirebon,0.46930292541749996
2024-05-137,Kota Sukabumi,0.5681270783029652
2024-05-137,Kuningan,0.7139894719950975
2024-05-137,Majalengka,0.6399857514776327
2024-05-137,Purwakarta,0.6765342275359872
2024-05-137,Subang,0.6164365043063552
2024-05-137,Sukabumi,0.730084284291547
2024-05-137,Sumedang,0.7547432295119567
2024-05-137,Kota Bekasi,0.37489841559901316
2024-05-137,Kota Depok,0.44778981714345056
2024-05-145,Bandung,0.6921244625900718
2024-05-145,Kota Cimahi,0.347778462846001
2024-05-145,Kota Tasikmalaya,0.5324415737160869
2024-05-145,Tasikmalaya,0.6562107224303255
2024-05-145,Ciamis,0.5798678984251215
2024-05-145,Kota Banjar,0.46114422080076634
2024-05-145,Bekasi,0.5009892081297197
2024-05-145,Bogor,0.698266844513928
2024-05-145,Cianjur,0.7681852166628503
2024-05-145,Cirebon,0.5693049958528577
2024-05-145,Garut,0.7625586687596149
2024-05-145,Indramayu,0.4677571331912219
2024-05-145,Karawang,0.5539698759216929
2024-05-145,Kota Bandung,0.3739042226383509
2024-05-145,Kota Bogor,0.506088410580381
2024-05-145,Kota Cirebon,0.4288092122607756
2024-05-145,Kota Sukabumi,0.5464166824914333
2024-05-145,Kuningan,0.7270800946666666
2024-05-145,Majalengka,0.6487430582517507
2024-05-145,Purwakarta,0.6668107178200671
2024-05-145,Subang,0.5851435730760146
2024-05-145,Sukabumi,0.7562031169455635
2024-05-145,Sumedang,0.7409098363135672
2024-05-145,Kota Bekasi,0.36057666548930106
2024-05-145,Kota Depok,0.4691586873814503
2024-06-153,Bandung,0.6980816377327173
2024-06-153,Kota Cimahi,0.3123952796807456
2024-06-153,Kota Tasikmalaya,0.3024072541942732
2024-06-153,Tasikmalaya,0.5103874072311259
2024-06-153,Ciamis,0.5384375855796902
2024-06-153,Kota Banjar,0.54497650630972
2024-06-153,Bekasi,0.4975895086817691
2024-06-153,Bogor,0.7184572603201169
2024-06-153,Cianjur,0.7352819158363038
2024-06-153,Cirebon,0.5560040699785394
2024-06-153,Garut,0.7550083536504991
2024-06-153,Indramayu,0.4472118587263653
2024-06-153,Karawang,0.5466103371164766
2024-06-153,Kota Bandung,0.3651749172209095
2024-06-153,Kota Bogor,0.5322552377095474
2024-06-153,Kota Cirebon,0.48623071354800157
2024-06-153,Kota Sukabumi,0.5807534419074359
2024-06-153,Kuningan,0.7391905724834836
2024-06-153,Majalengka,0.6727810779862426
2024-06-153,Purwakarta,0.6727892165971849
2024-06-153,Subang,0.587403970851185
2024-06-153,Sukabumi,0.764577843913632
2024-06-153,Sumedang,0.7311001962314921
2024-06-153,Kota Bekasi,0.3706516299830841
2024-06-153,Kota Depok,0.47277503376155583
2024-06-161,Bandung,0.6717591942885207
2024-06-161,Kota Cimahi,0.34498515569516
2024-06-161,Kota Tasikmalaya,0.44746793523850575
2024-06-161,Tasikmalaya,0.5706333060821162
2024-06-161,Ciamis,0.5621166078125385
2024-06-161,Kota Banjar,0.5267783469114553
2024-06-161,Bekasi,0.48629818830972876
2024-06-161,Bogor,0.6589279743786004
2024-06-161,Cianjur,0.7734587553306659
2024-06-161,Cirebon,0.5632391807701003
2024-06-161,Garut,0.7227227557336021
2024-06-161,Indramayu,0.4457228115086664
2024-06-161,Karawang,0.552529665069032
2024-06-161,Kota Bandung,0.36730589205727937
2024-06-161,Kota Bogor,0.468529510145521
2024-06-161,Kota Cirebon,0.33941684373877773
2024-06-161,Kota Sukabumi,0.5799836907094817
2024-06-161,Kuningan,0.6815262179653512
2024-06-161,Majalengka,0.6345730605187964
2024-06-161,Purwakarta,0.6610286096723355
2024-06-161,Subang,0.5726804101341244
2024-06-161,Sukabumi,0.7613015327200722
2024-06-161,Sumedang,0.6918607979498548
2024-06-161,Kota Bekasi,0.35707384228181194
2024-06-161,Kota Depok,0.472655311353515
2024-06-169,Bandung,0.7228431704711159
2024-06-169,Kota Cimahi,0.33389296270599034
2024-06-169,Kota Tasikmalaya,0.46971269561611534
2024-06-169,Tasikmalaya,0.5998911144042302
2024-06-169,Ciamis,0.5312499679200599
2024-06-169,Kota Banjar,0.49272979247153
2024-06-169,Bekasi,0.48533281406130113
2024-06-169,Bogor,0.7246024041393981
2024-06-169,Cianjur,0.7960225227552864
2024-06-169,Cirebon,0.5547395166780017
2024-06-169,Garut,0.7994703035080961
2024-06-169,Indramayu,0.4219062937227969
2024-06-169,Karawang,0.5343070564295965
2024-06-169,Kota Bandung,0.36391899680206524
2024-06-169,Kota Bogor,0.499582263709502
2024-06-169,Kota Cirebon,0.44707198103611884
2024-06-169,Kota Sukabumi,0.5589182732638339
2024-06-169,Kuningan,0.776414498064131
2024-06-169,Majalengka,0.7008929400652409
2024-06-169,Purwakarta,0.7061502466545888
2024-06-169,Subang,0.5904469189703935
2024-06-169,Sukabumi,0.788833200164721
2024-06-169,Sumedang,0.7724777641371517
2024-06-169,Kota Bekasi,0.3584081948011261
2024-06-169,Kota Depok,0.4507892764994326
2024-06-177,Bandung,0.6566868192858768
2024-06-177,Kota Cimahi,0.3333206320847734
2024-06-177,Kota Tasikmalaya,0.4693831708306721
2024-06-177,Tasikmalaya,0.6175603328684292
2024-06-177,Ciamis,0.605487033700526
2024-06-177,Kota Banjar,0.5563872004987995
2024-06-177,Bekasi,0.45981725934302203
2024-06-177,Bogor,0.6968711222151787
2024-06-177,Cianjur,0.766813690564991
2024-06-177,Cirebon,0.5273792585356564
2024-06-177,Garut,0.7399038562910758
2024-06-177,Indramayu,0.3931920568892959
2024-06-177,Karawang,0.507099575688696
2024-06-177,Kota Bandung,0.364608174922965
2024-06-177,Kota Bogor,0.5110368689333912
2024-06-177,Kota Cirebon,0.4251138788557731
2024-06-177,Kota Sukabumi,0.5901998822237307
2024-06-177,Kuningan,0.6104634993159911
2024-06-177,Majalengka,0.6030001204419085
2024-06-177,Purwakarta,0.7042328068955708
2024-06-177,Subang,0.5594092727609263
2024-06-177,Sukabumi,0.7706147023372242
2024-06-177,Sumedang,0.7015379963124728
2024-06-177,Kota Bekasi,0.35985721298054907
2024-06-177,Kota Depok,0.4614948000460111
2024-07-185,Bandung,0.676230791489417
2024-07-185,Kota Cimahi,0.3561332664924153
2024-07-185,Kota Tasikmalaya,0.35910880342142765
2024-07-185,Tasikmalaya,0.5448080045329968
2024-07-185,Ciamis,0.4872407604702303
2024-07-185,Kota Banjar,0.6506745346074847
2024-07-185,Bekasi,0.47588829667112686
2024-07-185,Bogor,0.7073477529558923
2024-07-185,Cianjur,0.6987713815799218
2024-07-185,Cirebon,0.566875301477405
2024-07-185,Garut,0.7991176834774713
2024-07-185,Indramayu,0.3820044800854217
2024-07-185,Karawang,0.5181201586280288
2024-07-185,Kota Bandung,0.3702452228826081
2024-07-185,Kota Bogor,0.5116485897308516
2024-07-185,Kota Cirebon,0.4264921978477022
2024-07-185,Kota Sukabumi,0.6077432207335709
2024-07-185,Kuningan,0.6756955860209044
2024-07-185,Majalengka,0.6519402033835107
2024-07-185,Purwakarta,0.7301578092846542
2024-07-185,Subang,0.5942258245828904
2024-07-185,Sukabumi,0.6642975668329283
2024-07-185,Sumedang,0.7643981133010986
2024-07-185,Kota Bekasi,0.3751120159823485
2024-07-185,Kota Depok,0.47797660224680605
2024-07-193,Bandung,0.7107133651270922
2024-07-193,Kota Cimahi,0.33251403905126053
2024-07-193,Kota Tasikmalaya,0.37391139217017744
2024-07-193,Tasikmalaya,0.5209702498971546
2024-07-193,Ciamis,0.5277861994749545
2024-07-193,Kota Banjar,0.5643769537803814
2024-07-193,Bekasi,0.44937695762643715
2024-07-193,Bogor,0.7241667118768749
2024-07-193,Cianjur,0.7876265120435993
2024-07-193,Cirebon,0.5215124785933154
2024-07-193,Garut,0.7517936209247121
2024-07-193,Indramayu,0.3608280704135038
2024-07-193,Karawang,0.46658706981626574
2024-07-193,Kota Bandung,0.36075243401796286
2024-07-193,Kota Bogor,0.5006221192844822
2024-07-193,Kota Cirebon,0.4574133198551499
2024-07-193,Kota Sukabumi,0.5868011687500965
2024-07-193,Kuningan,0.7535660565224253
2024-07-193,Majalengka,0.6710771506314526
2024-07-193,Purwakarta,0.7147205590110328
2024-07-193,Subang,0.579372227981651
2024-07-193,Sukabumi,0.7862129564268445
2024-07-193,Sumedang,0.7612846634672614
2024-07-193,Kota Bekasi,0.3616751817825876
2024-07-193,Kota Depok,0.45337390283938145
2024-07-201,Bandung,0.7132088706973782
2024-07-201,Kota Cimahi,0.32036852326938176
2024-07-201,Kota Tasikmalaya,0.6539229796855159
2024-07-201,Tasikmalaya,0.7898918189686208
2024-07-201,Ciamis,0.742535954994189
2024-07-201,Kota Banjar,0.6697240493588085
2024-07-201,Bekasi,0.4437886166082362
2024-07-201,Bogor,0.6992173607124288
2024-07-201,Cianjur,0.7868658513045689
2024-07-201,Cirebon,0.5173865377409751
2024-07-201,Garut,0.7991331696321202
2024-07-201,Indramayu,0.3875152983517239
2024-07-201,Karawang,0.46205650484187377
2024-07-201,Kota Bandung,0.35297125887504
2024-07-201,Kota Bogor,0.48567602075876753
2024-07-201,Kota Cirebon,0.47982339717690303
2024-07-201,Kota Sukabumi,0.5916632747887878
2024-07-201,Kuningan,0.7650869994974847
2024-07-201,Majalengka,0.6732770940673871
2024-07-201,Purwakarta,0.7136150922324792
2024-07-201,Subang,0.5995607711764241
2024-07-201,Sukabumi,0.7888194249286955
2024-07-201,Sumedang,0.7639571812411061
2024-07-201,Kota Bekasi,0.35763982638472197
2024-07-201,Kota Depok,0.44887785097137184
2024-07-209,Bandung,0.6978851041350451
2024-07-209,Kota Cimahi,0.31458439194379406
2024-07-209,Kota Tasikmalaya,0.40205655820011066
2024-07-209,Tasikmalaya,0.4855464482259056
2024-07-209,Ciamis,0.524819111909653
2024-07-209,Kota Banjar,0.6157222235897177
2024-07-209,Bekasi,0.4498774998463069
2024-07-209,Bogor,0.7073036963726954
2024-07-209,Cianjur,0.7717017436788048
2024-07-209,Cirebon,0.5080192267595273
2024-07-209,Garut,0.7660667767740559
2024-07-209,Indramayu,0.41032394995179156
2024-07-209,Karawang,0.46622654666291613
2024-07-209,Kota Bandung,0.35633856970980926
2024-07-209,Kota Bogor,0.493942450711207
2024-07-209,Kota Cirebon,0.45386880124483603
2024-07-209,Kota Sukabumi,0.5736743545170792
2024-07-209,Kuningan,0.729660439715835
2024-07-209,Majalengka,0.6380708939841783
2024-07-209,Purwakarta,0.70206969987619
2024-07-209,Subang,0.6049233114150866
2024-07-209,Sukabumi,0.7586171327966722
2024-07-209,Sumedang,0.7441064482894096
2024-07-209,Kota Bekasi,0.35298228835828677
2024-07-209,Kota Depok,0.4452378418514087
2024-08-217,Bandung,0.6919263303190416
2024-08-217,Kota Cimahi,0.3169500194673531
2024-08-217,Kota Tasikmalaya,0.5284301181267358
2024-08-217,Tasikmalaya,0.5432018683508614
2024-08-217,Ciamis,0.6033238190748187
2024-08-217,Kota Banjar,0.6280944655238898
2024-08-217,Bekasi,0.46012471320218395
2024-08-217,Bogor,0.712405990943655
2024-08-217,Cianjur,0.7648118221586745
2024-08-217,Cirebon,0.5024306614043579
2024-08-217,Garut,0.7662001972382029
2024-08-217,Indramayu,0.45569975762690396
2024-08-217,Karawang,0.4615762780688115
2024-08-217,Kota Bandung,0.3533783978994073
2024-08-217,Kota Bogor,0.4866102795879404
2024-08-217,Kota Cirebon,0.44169392579983063
2024-08-217,Kota Sukabumi,0.5674454156596613
2024-08-217,Kuningan,0.7148097487186867
2024-08-217,Majalengka,0.6227399676866919
2024-08-217,Purwakarta,0.6835809451178815
2024-08-217,Subang,0.6282283301415359
2024-08-217,Sukabumi,0.7623730236491532
2024-08-217,Sumedang,0.7257616542098647
2024-08-217,Kota Bekasi,0.35808150328458
2024-08-217,Kota Depok,0.4505550700157078
2024-08-225,Bandung,0.6760978520272068
2024-08-225,Kota Cimahi,0.30749935291172764
2024-08-225,Kota Tasikmalaya,0.6090842484740099
2024-08-225,Tasikmalaya,0.7538374321116691
2024-08-225,Ciamis,0.7489667022563253
2024-08-225,Kota Banjar,0.6937319360990443
2024-08-225,Bekasi,0.44789089992356956
2024-08-225,Bogor,0.695128994423295
2024-08-225,Cianjur,0.7432313828650201
2024-08-225,Cirebon,0.47371019889453153
2024-08-225,Garut,0.7527609037531985
2024-08-225,Indramayu,0.4735149962001664
2024-08-225,Karawang,0.4494163306063024
2024-08-225,Kota Bandung,0.3479752288052967
2024-08-225,Kota Bogor,0.47388028409044175
2024-08-225,Kota Cirebon,0.4205343644026276
2024-08-225,Kota Sukabumi,0.5395640351129957
2024-08-225,Kuningan,0.6982225364209895
2024-08-225,Majalengka,0.5917605163260855
2024-08-225,Purwakarta,0.6697506676004121
2024-08-225,Subang,0.6218495881267485
2024-08-225,Sukabumi,0.7484798131483695
2024-08-225,Sumedang,0.6922650021451688
2024-08-225,Kota Bekasi,0.34855072232783235
2024-08-225,Kota Depok,0.4309523954870569
2024-08-233,Bandung,0.6720529207263019
2024-08-233,Kota Cimahi,0.3005803106577848
2024-08-233,Kota Tasikmalaya,0.3671274396650034
2024-08-233,Tasikmalaya,0.4888842313217554
2024-08-233,Ciamis,0.4289742113434062
2024-08-233,Kota Banjar,0.46419951840417284
2024-08-233,Bekasi,0.45626533258341856
2024-08-233,Bogor,0.6995247157657295
2024-08-233,Cianjur,0.736053813321713
2024-08-233,Cirebon,0.47978659057481315
2024-08-233,Garut,0.7426448935737439
2024-08-233,Indramayu,0.49778401737216976
2024-08-233,Karawang,0.45143159150769097
2024-08-233,Kota Bandung,0.34075748729434463
2024-08-233,Kota Bogor,0.5147008407642406
2024-08-233,Kota Cirebon,0.404318079656843
2024-08-233,Kota Sukabumi,0.5418667111797031
2024-08-233,Kuningan,0.6906162119268019
2024-08-233,Majalengka,0.5821589403697266
2024-08-233,Purwakarta,0.665122695853077
2024-08-233,Subang,0.6280045304924378
2024-08-233,Sukabumi,0.7225280395030944
2024-08-233,Sumedang,0.6903874817682071
2024-08-233,Kota Bekasi,0.34523668095726623
2024-08-233,Kota Depok,0.44000665372678227
2024-08-241,Bandung,0.6696310746470611
2024-08-241,Kota Cimahi,0.29707860134869485
2024-08-241,Kota Tasikmalaya,0.4980431788815343
2024-08-241,Tasikmalaya,0.556972000071103
2024-08-241,Ciamis,0.48562419044755756
2024-08-241,Kota Banjar,0.5291359610652092
2024-08-241,Bekasi,0.4275718954147031
2024-08-241,Bogor,0.6855178645768593
2024-08-241,Cianjur,0.7368105725162211
2024-08-241,Cirebon,0.4637143076046778
2024-08-241,Garut,0.7355431494068119
2024-08-241,Indramayu,0.5181652550843587
2024-08-241,Karawang,0.4389527344754245
2024-08-241,Kota Bandung,0.3355939744435087
2024-08-241,Kota Bogor,0.47290239417287194
2024-08-241,Kota Cirebon,0.39705671747828974
2024-08-241,Kota Sukabumi,0.5146408258389809
2024-08-241,Kuningan,0.6324708044305769
2024-08-241,Majalengka,0.5490153910773672
2024-08-241,Purwakarta,0.6474624497581263
2024-08-241,Subang,0.6213949440044982
2024-08-241,Sukabumi,0.7171451716559493
2024-08-241,Sumedang,0.6740419775860886
2024-08-241,Kota Bekasi,0.3324439130172084
2024-08-241,Kota Depok,0.4097979041943139
2024-09-249,Bandung,0.6315773116338196
2024-09-249,Kota Cimahi,0.30755572295886197
2024-09-249,Kota Tasikmalaya,0.5796310737307445
2024-09-249,Tasikmalaya,0.5648225505433968
2024-09-249,Ciamis,0.5616962000900454
2024-09-249,Kota Banjar,0.5342387392508017
2024-09-249,Bekasi,0.4352551059595417
2024-09-249,Bogor,0.6758433771449193
2024-09-249,Cianjur,0.6952662269275561
2024-09-249,Cirebon,0.4971800661868833
2024-09-249,Garut,0.6246687831133291
2024-09-249,Indramayu,0.5474985141725944
2024-09-249,Karawang,0.4440684777016118
2024-09-249,Kota Bandung,0.34933097433756927
2024-09-249,Kota Bogor,0.45334442423443905
2024-09-249,Kota Cirebon,0.370934957526825
2024-09-249,Kota Sukabumi,0.5069539950993552
2024-09-249,Kuningan,0.6398044276011476
2024-09-249,Majalengka,0.5108458936822554
2024-09-249,Purwakarta,0.6396275129307303
2024-09-249,Subang,0.6234400978984999
2024-09-249,Sukabumi,0.6605501712431167
2024-09-249,Sumedang,0.6380493970817532
2024-09-249,Kota Bekasi,0.32137779074508566
2024-09-249,Kota Depok,0.4069225349431495
2024-09-257,Bandung,0.6599211083214325
2024-09-257,Kota Cimahi,0.3096473709890782
2024-09-257,Kota Tasikmalaya,0.5703967968469381
2024-09-257,Tasikmalaya,0.6931415817365537
2024-09-257,Ciamis,0.5921184905294828
2024-09-257,Kota Banjar,0.5715239305699569
2024-09-257,Bekasi,0.4414986768494402
2024-09-257,Bogor,0.688718057369607
2024-09-257,Cianjur,0.7222333673024874
2024-09-257,Cirebon,0.4934105906010605
2024-09-257,Garut,0.7260944445377074
2024-09-257,Indramayu,0.5246199602172694
2024-09-257,Karawang,0.4449013335514263
2024-09-257,Kota Bandung,0.34343988411097975
2024-09-257,Kota Bogor,0.4684547196639854
2024-09-257,Kota Cirebon,0.36666067896706733
2024-09-257,Kota Sukabumi,0.5007830589196147
2024-09-257,Kuningan,0.6805416716095386
2024-09-257,Majalengka,0.5531295687949399
2024-09-257,Purwakarta,0.6505906539999317
2024-09-257,Subang,0.6182633963073649
2024-09-257,Sukabumi,0.6918716577139253
2024-09-257,Sumedang,0.6592787284853318
2024-09-257,Kota Bekasi,0.3343190826439161
2024-09-257,Kota Depok,0.4217792923065823
2024-09-265,Bandung,0.636456629818431
2024-09-265,Kota Cimahi,0.3112950591266021
2024-09-265,Kota Tasikmalaya,0.3170172888048927
2024-09-265,Tasikmalaya,0.48974435359400575
2024-09-265,Ciamis,0.4639608547426124
2024-09-265,Kota Banjar,0.5198815815186041
2024-09-265,Bekasi,0.4484217419445822
2024-09-265,Bogor,0.6588659787651346
2024-09-265,Cianjur,0.6686138765917814
2024-09-265,Cirebon,0.5183295037348936
2024-09-265,Garut,0.6231003771799966
2024-09-265,Indramayu,0.519500635100559
2024-09-265,Karawang,0.4258210612404499
2024-09-265,Kota Bandung,0.3597410523658557
2024-09-265,Kota Bogor,0.4762436891504013
2024-09-265,Kota Cirebon,0.3658361255621027
2024-09-265,Kota Sukabumi,0.497077525225456
2024-09-265,Kuningan,0.6237568198027622
2024-09-265,Majalengka,0.49943489277885905
2024-09-265,Purwakarta,0.6348443480337325
2024-09-265,Subang,0.5751376859386966
2024-09-265,Sukabumi,0.7001314422344372
2024-09-265,Sumedang,0.6212160957402775
2024-09-265,Kota Bekasi,0.3390384821747005
2024-09-265,Kota Depok,0.42215060662321363
2024-09-273,Bandung,0.6550572756328117
2024-09-273,Kota Cimahi,0.30385810191258
2024-09-273,Kota Tasikmalaya,0.3044503924196414
2024-09-273,Tasikmalaya,0.42994801325857
2024-09-273,Ciamis,0.3939088473843612
2024-09-273,Kota Banjar,0.35742191319182387
2024-09-273,Bekasi,0.4363784199613341
2024-09-273,Bogor,0.634712350204325
2024-09-273,Cianjur,0.7016772781973938
2024-09-273,Cirebon,0.5323316142464856
2024-09-273,Garut,0.6834223680647867
2024-09-273,Indramayu,0.5299515343926647
2024-09-273,Karawang,0.4410547066456068
2024-09-273,Kota Bandung,0.3267636241498114
2024-09-273,Kota Bogor,0.3934088182477017
2024-09-273,Kota Cirebon,0.3563183082697485
2024-09-273,Kota Sukabumi,0.5066773463965977
2024-09-273,Kuningan,0.664890924771486
2024-09-273,Majalengka,0.5526067284603016
2024-09-273,Purwakarta,0.6480267823833497
2024-09-273,Subang,0.608504280969909
2024-09-273,Sukabumi,0.6865098259978569
2024-09-273,Sumedang,0.6806363705634034
2024-09-273,Kota Bekasi,0.3126466259116336
2024-09-273,Kota Depok,0.3931978096098346
2024-10-281,Bandung,0.6387232444416985
2024-10-281,Kota Cimahi,0.3027171251071448
2024-10-281,Kota Tasikmalaya,0.4754307612464671
2024-10-281,Tasikmalaya,0.5046756481224449
2024-10-281,Ciamis,0.5010691209875572
2024-10-281,Kota Banjar,0.4738218567812025
2024-10-281,Bekasi,0.43362530074903244
2024-10-281,Bogor,0.652824716181326
2024-10-281,Cianjur,0.6648949455768796
2024-10-281,Cirebon,0.5234763355660282
2024-10-281,Garut,0.6959251052278859
2024-10-281,Indramayu,0.4770218489553862
2024-10-281,Karawang,0.4452746412439297
2024-10-281,Kota Bandung,0.3461873466085773
2024-10-281,Kota Bogor,0.47055130905063003
2024-10-281,Kota Cirebon,0.34340403843172873
2024-10-281,Kota Sukabumi,0.5076807260224832
2024-10-281,Kuningan,0.7203136817327775
2024-10-281,Majalengka,0.5557055160116883
2024-10-281,Purwakarta,0.6512647366178818
2024-10-281,Subang,0.5838397481442362
2024-10-281,Sukabumi,0.6427453614125468
2024-10-281,Sumedang,0.670104682790837
2024-10-281,Kota Bekasi,0.33252490544947627
2024-10-281,Kota Depok,0.4129995270239704
2024-10-289,Bandung,0.5312638231091236
2024-10-289,Kota Cimahi,0.23194499411113934
2024-10-289,Kota Tasikmalaya,0.6136195143788421
2024-10-289,Tasikmalaya,0.7390362835471032
2024-10-289,Ciamis,0.7102939443853314
2024-10-289,Kota Banjar,0.6071155001605111
2024-10-289,Bekasi,0.41889026141427155
2024-10-289,Bogor,0.666123017521885
2024-10-289,Cianjur,0.7250786906750958
2024-10-289,Cirebon,0.4759045640540853
2024-10-289,Garut,0.6793183827811743
2024-10-289,Indramayu,0.4034513657314436
2024-10-289,Karawang,0.4514829273690755
2024-10-289,Kota Bandung,0.34488369473694386
2024-10-289,Kota Bogor,0.44845548796780943
2024-10-289,Kota Cirebon,0.31387244563906885
2024-10-289,Kota Sukabumi,0.5018684480951765
2024-10-289,Kuningan,0.6646664664274102
2024-10-289,Majalengka,0.5224829264409336
2024-10-289,Purwakarta,0.6118183955349074
2024-10-289,Subang,0.5155993229665441
2024-10-289,Sukabumi,0.7246915980790808
2024-10-289,Sumedang,0.6065520782374398
2024-10-289,Kota Bekasi,0.3135327475411784
2024-10-289,Kota Depok,0.3969608660620329
2024-10-297,Bandung,0.6438114657632905
2024-10-297,Kota Cimahi,0.31000060372357063
2024-10-297,Kota Tasikmalaya,0.35711011158015027
2024-10-297,Tasikmalaya,0.5018729691425647
2024-10-297,Ciamis,0.4582214791400608
2024-10-297,Kota Banjar,0.3867144587885583
2024-10-297,Bekasi,0.45110725148590325
2024-10-297,Bogor,0.6579076644970062
2024-10-297,Cianjur,0.6130327735397961
2024-10-297,Cirebon,0.4957523586736644
2024-10-297,Garut,0.5896999318389814
2024-10-297,Indramayu,0.39782984835480545
2024-10-297,Karawang,0.4850591713132328
2024-10-297,Kota Bandung,0.3398008241028451
2024-10-297,Kota Bogor,0.4570465596376496
2024-10-297,Kota Cirebon,0.34457304787700493
2024-10-297,Kota Sukabumi,0.4696796234141252
2024-10-297,Kuningan,0.6794871959920283
2024-10-297,Majalengka,0.5322848716756327
2024-10-297,Purwakarta,0.623696911092962
2024-10-297,Subang,0.5752394638456179
2024-10-297,Sukabumi,0.5369308460929897
2024-10-297,Sumedang,0.6940663624188816
2024-10-297,Kota Bekasi,0.32869715922342174
2024-10-297,Kota Depok,0.4058032091693026
2024-10-305,Bandung,0.485545660360208
2024-10-305,Kota Cimahi,0.26343734053006407
2024-10-305,Kota Tasikmalaya,0.4350889287615426
2024-10-305,Tasikmalaya,0.5314584132864018
2024-10-305,Ciamis,0.5794380734021232
2024-10-305,Kota Banjar,0.4509695085118104
2024-10-305,Bekasi,0.3354820037354428
2024-10-305,Bogor,0.47315862098486733
2024-10-305,Cianjur,0.6595421327570979
2024-10-305,Cirebon,0.45175812510075647
2024-10-305,Garut,0.5910294747840368
2024-10-305,Indramayu,0.3427974360863999
2024-10-305,Karawang,0.45967458576544257
2024-10-305,Kota Bandung,0.29933251354703494
2024-10-305,Kota Bogor,0.35519221071226215
2024-10-305,Kota Cirebon,0.3250140892470585
2024-10-305,Kota Sukabumi,0.4728469534482761
2024-10-305,Kuningan,0.6155219784713216
2024-10-305,Majalengka,0.46706356228823526
2024-10-305,Purwakarta,0.5954475588136551
2024-10-305,Subang,0.5320614474794277
2024-10-305,Sukabumi,0.6372284036357693
2024-10-305,Sumedang,0.6013912793425861
2024-10-305,Kota Bekasi,0.1986027920009592
2024-10-305,Kota Depok,0.2420220195096595
2024-11-313,Bandung,0.5633948483586739
2024-11-313,Kota Cimahi,0.22933335634837665
2024-11-313,Kota Tasikmalaya,0.5928780106819015
2024-11-313,Tasikmalaya,0.7324411382156498
2024-11-313,Ciamis,0.6084324076216354
2024-11-313,Kota Banjar,0.47146101263605694
2024-11-313,Bekasi,0.3871517142810296
2024-11-313,Bogor,0.6591898630613244
2024-11-313,Cianjur,0.6230262496715405
2024-11-313,Cirebon,0.35311914235552255
2024-11-313,Garut,0.6580251123452293
2024-11-313,Indramayu,0.28784443693994494
2024-11-313,Karawang,0.4589933838671283
2024-11-313,Kota Bandung,0.33861539805827334
2024-11-313,Kota Bogor,0.4537395159646084
2024-11-313,Kota Cirebon,0.20876129597023568
2024-11-313,Kota Sukabumi,0.48409320835086006
2024-11-313,Kuningan,0.5454244132696177
2024-11-313,Majalengka,0.46804904378198536
2024-11-313,Purwakarta,0.6082642812403922
2024-11-313,Subang,0.5182408834092431
2024-11-313,Sukabumi,0.7015663875439314
2024-11-313,Sumedang,0.6514495299584976
2024-11-313,Kota Bekasi,0.25217398924015805
2024-11-313,Kota Depok,0.39785531608736635
2024-11-321,Bandung,0.4953038454928798
2024-11-321,Kota Cimahi,0.26353130785640905
2024-11-321,Kota Tasikmalaya,0.6026340441441023
2024-11-321,Tasikmalaya,0.7229279016886955
2024-11-321,Ciamis,0.682580178489071
2024-11-321,Kota Banjar,0.6271638165277055
2024-11-321,Bekasi,0.4183900737149832
2024-11-321,Bogor,0.5573859603782636
2024-11-321,Cianjur,0.6161155986408002
2024-11-321,Cirebon,0.4064247382663251
2024-11-321,Garut,0.5956039831725277
2024-11-321,Indramayu,0.2947291033942858
2024-11-321,Karawang,0.4630006368530527
2024-11-321,Kota Bandung,0.33425521220220195
2024-11-321,Kota Bogor,0.3989512415523131
2024-11-321,Kota Cirebon,0.34593427731553505
2024-11-321,Kota Sukabumi,0.4641180093232505
2024-11-321,Kuningan,0.6113638093433147
2024-11-321,Majalengka,0.46769104661835725
2024-11-321,Purwakarta,0.5081976360825335
2024-11-321,Subang,0.43080565952011535
2024-11-321,Sukabumi,0.6363996819075887
2024-11-321,Sumedang,0.6131026275418578
2024-11-321,Kota Bekasi,0.3223714224146942
2024-11-321,Kota Depok,0.38984909230593984
2024-11-329,Bandung,0.48419722025120404
2024-11-329,Kota Cimahi,0.2778256064349065
2024-11-329,Kota Tasikmalaya,0.39809939487625184
2024-11-329,Tasikmalaya,0.6437015271178159
2024-11-329,Ciamis,0.6073570632258503
2024-11-329,Kota Banjar,0.5239645418139548
2024-11-329,Bekasi,0.1614802739910149
2024-11-329,Bogor,0.5076671488770613
2024-11-329,Cianjur,0.494327576749923
2024-11-329,Cirebon,0.32940626032752257
2024-11-329,Garut,0.5339303627395607
2024-11-329,Indramayu,0.15383762451490912
2024-11-329,Karawang,0.1477617361748646
2024-11-329,Kota Bandung,0.2515931346163736
2024-11-329,Kota Bogor,0.44014402620319465
2024-11-329,Kota Cirebon,0.38188635123221837
2024-11-329,Kota Sukabumi,0.5214320160008791
2024-11-329,Kuningan,0.47883904062797616
2024-11-329,Majalengka,0.3168575840970941
2024-11-329,Purwakarta,0.43992733121507593
2024-11-329,Subang,0.22205055505122628
2024-11-329,Sukabumi,0.5155644426132692
2024-11-329,Sumedang,0.3432158120736835
2024-11-329,Kota Bekasi,0.1736470973849035
2024-11-329,Kota Depok,0.2786058954887528
2024-12-337,Bandung,0.28255621364253075
2024-12-337,Kota Cimahi,0.21771329763083072
2024-12-337,Kota Tasikmalaya,0.40753482010583847
2024-12-337,Tasikmalaya,0.5082543495278917
2024-12-337,Ciamis,0.4675731127497524
2024-12-337,Kota Banjar,0.4338730615867124
2024-12-337,Bekasi,0.13588897616554824
2024-12-337,Bogor,0.2526956697201627
2024-12-337,Cianjur,0.4875833595433922
2024-12-337,Cirebon,0.31914850847087683
2024-12-337,Garut,0.4657785579944937
2024-12-337,Indramayu,0.17487409023368494
2024-12-337,Karawang,0.16846166646352637
2024-12-337,Kota Bandung,0.1803255235244801
2024-12-337,Kota Bogor,0.1664727777082651
2024-12-337,Kota Cirebon,0.28601738638111435
2024-12-337,Kota Sukabumi,0.40947491336088654
2024-12-337,Kuningan,0.3876692233158989
2024-12-337,Majalengka,0.35512366697689796
2024-12-337,Purwakarta,0.24922220095423658
2024-12-337,Subang,0.247374476118074
2024-12-337,Sukabumi,0.27085871102238274
2024-12-337,Sumedang,0.3950017112972643
2024-12-337,Kota Bekasi,0.1248600901301952
2024-12-337,Kota Depok,0.11983089107685581
2024-12-345,Bandung,0.3008062405309567
2024-12-345,Kota Cimahi,0.15983751636021712
2024-12-345,Kota Tasikmalaya,0.4082481620978547
2024-12-345,Tasikmalaya,0.580154289839249
2024-12-345,Ciamis,0.5131934639295989
2024-12-345,Kota Banjar,0.4710295823607692
2024-12-345,Bekasi,0.22016266668253026
2024-12-345,Bogor,0.31638123111557853
2024-12-345,Cianjur,0.38218335803778025
2024-12-345,Cirebon,0.30495906390182215
2024-12-345,Garut,0.5412635714067822
2024-12-345,Indramayu,0.2866576093847123
2024-12-345,Karawang,0.2197675266496988
2024-12-345,Kota Bandung,0.15809018103808273
2024-12-345,Kota Bogor,0.3856763353695214
2024-12-345,Kota Cirebon,0.245368906076034
2024-12-345,Kota Sukabumi,0.20282952218868572
2024-12-345,Kuningan,0.4486918140671193
2024-12-345,Majalengka,0.4201094058822352
2024-12-345,Purwakarta,0.2923238772383583
2024-12-345,Subang,0.2555465823491238
2024-12-345,Sukabumi,0.3682633362954354
2024-12-345,Sumedang,0.39069911178654815
2024-12-345,Kota Bekasi,0.19891256437058494
2024-12-345,Kota Depok,0.2104219617138584
2024-12-353,Bandung,0.3555490652299003
2024-12-353,Kota Cimahi,0.19759019220254004
2024-12-353,Kota Tasikmalaya,0.4720696909630635
2024-12-353,Tasikmalaya,0.6680544387438093
2024-12-353,Ciamis,0.6074039106477636
2024-12-353,Kota Banjar,0.4663405707493219
2024-12-353,Bekasi,0.27871828943582383
2024-12-353,Bogor,0.34539403111651895
2024-12-353,Cianjur,0.5340805783615061
2024-12-353,Cirebon,0.3595110875947925
2024-12-353,Garut,0.6491883703882647
2024-12-353,Indramayu,0.2348182191796238
2024-12-353,Karawang,0.2970412168647253
2024-12-353,Kota Bandung,0.1893671818003157
2024-12-353,Kota Bogor,0.26006318543810986
2024-12-353,Kota Cirebon,0.3418700205490412
2024-12-353,Kota Sukabumi,0.44337454779772706
2024-12-353,Kuningan,0.5603660571622053
2024-12-353,Majalengka,0.44445438552505423
2024-12-353,Purwakarta,0.3443870272686045
2024-12-353,Subang,0.29830316846657834
2024-12-353,Sukabumi,0.521552564492162
2024-12-353,Sumedang,0.5174003241632767
2024-12-353,Kota Bekasi,0.19229830515940055
2024-12-353,Kota Depok,0.24113418074714968
2024-12-361,Bandung,0.5605547505346837
2024-12-361,Kota Cimahi,0.32210729019664575
2024-12-361,Kota Tasikmalaya,0.4825747751720006
2024-12-361,Tasikmalaya,0.5407465929348492
2024-12-361,Ciamis,0.47037720954026213
2024-12-361,Kota Banjar,0.4286589113607025
2024-12-361,Bekasi,0.23543223190562498
2024-12-361,Bogor,0.5350919720034075
2024-12-361,Cianjur,0.558540432302311
2024-12-361,Cirebon,0.16548655830322606
2024-12-361,Garut,0.5148702220890263
2024-12-361,Indramayu,0.28609405043720226
2024-12-361,Karawang,0.24551768473469932
2024-12-361,Kota Bandung,0.30673819699570753
2024-12-361,Kota Bogor,0.4919434247476482
2024-12-361,Kota Cirebon,0.16789633986092953
2024-12-361,Kota Sukabumi,0.46740093078360423
2024-12-361,Kuningan,0.34956796810538576
2024-12-361,Majalengka,0.2994180331054471
2024-12-361,Purwakarta,0.5080302182094262
2024-12-361,Subang,0.34903455011765566
2024-12-361,Sukabumi,0.608704383354399
2024-12-361,Sumedang,0.435308646606222
2024-12-361,Kota Bekasi,0.2041314767600775
2024-12-361,Kota Depok,0.3880671208782404
2025-01-01,Bandung,0.612453901496469
2025-01-01,Kota Cimahi,0.27362248922610066
2025-01-01,Kota Tasikmalaya,0.6078715225265109
2025-01-01,Tasikmalaya,0.7396124291303632
2025-01-01,Ciamis,0.7088817851501986
2025-01-01,Kota Banjar,0.6142712523419455
2025-01-01,Bekasi,0.3289960546541252
2025-01-01,Bogor,0.6425241274005064
2025-01-01,Cianjur,0.7455191256390494
2025-01-01,Cirebon,0.4683420176430009
2025-01-01,Garut,0.672863649148045
2025-01-01,Indramayu,0.2512421922981585
2025-01-01,Karawang,0.4308542043164681
2025-01-01,Kota Bandung,0.3189618182955773
2025-01-01,Kota Bogor,0.490744638433121
2025-01-01,Kota Cirebon,0.4126750922013779
2025-01-01,Kota Sukabumi,0.4612539863170638
2025-01-01,Kuningan,0.6017202825711815
2025-01-01,Majalengka,0.5622693163454628
2025-01-01,Purwakarta,0.6442461876520228
2025-01-01,Subang,0.49394611556163
2025-01-01,Sukabumi,0.7214431576552894
2025-01-01,Sumedang,0.6525988184306568
2025-01-01,Kota Bekasi,0.22520729082354787
2025-01-01,Kota Depok,0.4142730022414285
2025-01-09,Bandung,0.46422376677077976
2025-01-09,Kota Cimahi,0.20967936435763504
2025-01-09,Kota Tasikmalaya,0.6450590811105988
2025-01-09,Tasikmalaya,0.61465510813298
2025-01-09,Ciamis,0.6553812067455371
2025-01-09,Kota Banjar,0.6531815064227262
2025-01-09,Bekasi,0.3847485663798075
2025-01-09,Bogor,0.447377472668365
2025-01-09,Cianjur,0.570476840906348
2025-01-09,Cirebon,0.27292914977534
2025-01-09,Garut,0.5511038419322762
2025-01-09,Indramayu,0.1957397644531159
2025-01-09,Karawang,0.3755692307549139
2025-01-09,Kota Bandung,0.24920264161415467
2025-01-09,Kota Bogor,0.3599241991452169
2025-01-09,Kota Cirebon,0.13164513785014736
2025-01-09,Kota Sukabumi,0.4294568768703653
2025-01-09,Kuningan,0.5367086905133709
2025-01-09,Majalengka,0.5203438072966987
2025-01-09,Purwakarta,0.5085356077561137
2025-01-09,Subang,0.3759565183310809
2025-01-09,Sukabumi,0.5783412098706471
2025-01-09,Sumedang,0.5784557529483819
2025-01-09,Kota Bekasi,0.30892324652314923
2025-01-09,Kota Depok,0.30711006802128266
2025-01-17,Bandung,0.5079561130083505
2025-01-17,Kota Cimahi,0.2404044001469219
2025-01-17,Kota Tasikmalaya,0.5539902954709247
2025-01-17,Tasikmalaya,0.6034229231500292
2025-01-17,Ciamis,0.5270217160821136
2025-01-17,Kota Banjar,0.48293088788372734
2025-01-17,Bekasi,0.18840531701506033
2025-01-17,Bogor,0.4539303409711951
2025-01-17,Cianjur,0.6313105490445247
2025-01-17,Cirebon,0.3081143157407867
2025-01-17,Garut,0.6282639964106964
2025-01-17,Indramayu,0.22302539958656442
2025-01-17,Karawang,0.18328028816123834
2025-01-17,Kota Bandung,0.2744552817105702
2025-01-17,Kota Bogor,0.42139178258047166
2025-01-17,Kota Cirebon,0.38830184950869484
2025-01-17,Kota Sukabumi,0.5054869938701311
2025-01-17,Kuningan,0.4252682244104018
2025-01-17,Majalengka,0.5759139551870234
2025-01-17,Purwakarta,0.36810940233989975
2025-01-17,Subang,0.28294201170148786
2025-01-17,Sukabumi,0.6493818044939643
2025-01-17,Sumedang,0.5570263016807008
2025-01-17,Kota Bekasi,0.12474665833157551
2025-01-17,Kota Depok,0.24320419958226092
2025-01-25,Bandung,0.5657811217167918
2025-01-25,Kota Cimahi,0.2812861328057392
2025-01-25,Kota Tasikmalaya,0.48520979557587496
2025-01-25,Tasikmalaya,0.593681438278538
2025-01-25,Ciamis,0.5224149744693697
2025-01-25,Kota Banjar,0.5132345524946768
2025-01-25,Bekasi,0.22405122322213286
2025-01-25,Bogor,0.48875892867031406
2025-01-25,Cianjur,0.6737472562575981
2025-01-25,Cirebon,0.3947132230322769
2025-01-25,Garut,0.6770915918780329
2025-01-25,Indramayu,0.24340935645303388
2025-01-25,Karawang,0.30834226615834814
2025-01-25,Kota Bandung,0.2768018789077165
2025-01-25,Kota Bogor,0.2446466927895166
2025-01-25,Kota Cirebon,0.3411623352765521
2025-01-25,Kota Sukabumi,0.5660819604724863
2025-01-25,Kuningan,0.5952406488685442
2025-01-25,Majalengka,0.5711587430044378
2025-01-25,Purwakarta,0.4961208430088938
2025-01-25,Subang,0.45916614018236035
2025-01-25,Sukabumi,0.6746902793374664
2025-01-25,Sumedang,0.6455314827888506
2025-01-25,Kota Bekasi,0.1358209866206098
2025-01-25,Kota Depok,0.25783751778320774
2025-02-33,Bandung,0.3673017405251152
2025-02-33,Kota Cimahi,0.23550118668449466
2025-02-33,Kota Tasikmalaya,0.5734781894490562
2025-02-33,Tasikmalaya,0.7533882336722539
2025-02-33,Ciamis,0.7550606374316684
2025-02-33,Kota Banjar,0.6799852361927567
2025-02-33,Bekasi,0.1337956056972553
2025-02-33,Bogor,0.230271451874343
2025-02-33,Cianjur,0.5748585737259263
2025-02-33,Cirebon,0.222684864441856
2025-02-33,Garut,0.6592618799164722
2025-02-33,Indramayu,0.2904154977652323
2025-02-33,Karawang,0.14838756048772744
2025-02-33,Kota Bandung,0.17774645365817293
2025-02-33,Kota Bogor,0.2588313659713453
2025-02-33,Kota Cirebon,0.258270233653483
2025-02-33,Kota Sukabumi,0.4536949391414159
2025-02-33,Kuningan,0.523295705882311
2025-02-33,Majalengka,0.4983592868287367
2025-02-33,Purwakarta,0.48269125676070196
2025-02-33,Subang,0.42892896125546986
2025-02-33,Sukabumi,0.6575411944703717
2025-02-33,Sumedang,0.4740257776016754
2025-02-33,Kota Bekasi,0.08883911460587103
2025-02-33,Kota Depok,0.27863904768964326
2025-02-41,Bandung,0.5765840265294239
2025-02-41,Kota Cimahi,0.28646028478792157
2025-02-41,Kota Tasikmalaya,0.5938782859302345
2025-02-41,Tasikmalaya,0.5957970027121616
2025-02-41,Ciamis,0.6287633635717575
2025-02-41,Kota Banjar,0.7937128140712016
2025-02-41,Bekasi,0.34272803158502707
2025-02-41,Bogor,0.5311623689719845
2025-02-41,Cianjur,0.6108549465892719
2025-02-41,Cirebon,0.39463391810083776
2025-02-41,Garut,0.5565508009702526
2025-02-41,Indramayu,0.3096552655192684
2025-02-41,Karawang,0.309973097367564
2025-02-41,Kota Bandung,0.29893080825665863
2025-02-41,Kota Bogor,0.3585647109457461
2025-02-41,Kota Cirebon,0.3441988442873076
2025-02-41,Kota Sukabumi,0.42480856009630935
2025-02-41,Kuningan,0.6561965880515652
2025-02-41,Majalengka,0.5801532106605949
2025-02-41,Purwakarta,0.5894410484406889
2025-02-41,Subang,0.4816917943374631
2025-02-41,Sukabumi,0.6940478551482894
2025-02-41,Sumedang,0.5969532904225553
2025-02-41,Kota Bekasi,0.29383170423296007
2025-02-41,Kota Depok,0.3138505444321224
2025-02-49,Bandung,0.49459020752176586
2025-02-49,Kota Cimahi,0.2182337951714428
2025-02-49,Kota Tasikmalaya,0.6494019505391645
2025-02-49,Tasikmalaya,0.6383856193490529
2025-02-49,Ciamis,0.6776385996209553
2025-02-49,Kota Banjar,0.7255994710655301
2025-02-49,Bekasi,0.3190413352966726
2025-02-49,Bogor,0.5377892874641639
2025-02-49,Cianjur,0.6121467216707734
2025-02-49,Cirebon,0.46472498815693863
2025-02-49,Garut,0.6720366986450831
2025-02-49,Indramayu,0.3631684788343891
2025-02-49,Karawang,0.2587862617347316
2025-02-49,Kota Bandung,0.21802206828507548
2025-02-49,Kota Bogor,0.3801949330387973
2025-02-49,Kota Cirebon,0.28322219804720156
2025-02-49,Kota Sukabumi,0.4521298682396017
2025-02-49,Kuningan,0.5173451080985682
2025-02-49,Majalengka,0.5757195542747142
2025-02-49,Purwakarta,0.4540202563343992
2025-02-49,Subang,0.49670300512853705
2025-02-49,Sukabumi,0.659143866510847
2025-02-49,Sumedang,0.4979614177935103
2025-02-49,Kota Bekasi,0.27711981348986536
2025-02-49,Kota Depok,0.24274585229099185
2025-02-57,Bandung,0.5896647776204524
2025-02-57,Kota Cimahi,0.3370887084244281
2025-02-57,Kota Tasikmalaya,0.5222499080717878
2025-02-57,Tasikmalaya,0.5616395928038174
2025-02-57,Ciamis,0.5722134951710196
2025-02-57,Kota Banjar,0.6782897975292617
2025-02-57,Bekasi,0.40562043017483174
2025-02-57,Bogor,0.6475530652829637
2025-02-57,Cianjur,0.7096254200047423
2025-02-57,Cirebon,0.5726642590554017
2025-02-57,Garut,0.6916969967938627
2025-02-57,Indramayu,0.5523142679377631
2025-02-57,Karawang,0.4000977534162386
2025-02-57,Kota Bandung,0.3625400640612306
2025-02-57,Kota Bogor,0.5202707875056999
2025-02-57,Kota Cirebon,0.47051533794305367
2025-02-57,Kota Sukabumi,0.5620180144926654
2025-02-57,Kuningan,0.6781187582298305
2025-02-57,Majalengka,0.6602786979014769
2025-02-57,Purwakarta,0.6627219418953856
2025-02-57,Subang,0.6627149456910549
2025-02-57,Sukabumi,0.7804089299927512
2025-02-57,Sumedang,0.751114844299418
2025-02-57,Kota Bekasi,0.2908827254188707
2025-02-57,Kota Depok,0.45260282487670545
2025-03-65,Bandung,0.6650794140761468
2025-03-65,Kota Cimahi,0.3154413887347825
2025-03-65,Kota Tasikmalaya,0.6397163200982334
2025-03-65,Tasikmalaya,0.7268389282488585
2025-03-65,Ciamis,0.7267700360897866
2025-03-65,Kota Banjar,0.7011890959751184
2025-03-65,Bekasi,0.45572870313938
2025-03-65,Bogor,0.6730318519811893
2025-03-65,Cianjur,0.7453981132621226
2025-03-65,Cirebon,0.6141927378547347
2025-03-65,Garut,0.7378669055327336
2025-03-65,Indramayu,0.6051855828122922
2025-03-65,Karawang,0.426472579016567
2025-03-65,Kota Bandung,0.35664558690972015
2025-03-65,Kota Bogor,0.5052355123798231
2025-03-65,Kota Cirebon,0.4218023883438656
2025-03-65,Kota Sukabumi,0.5610782779171316
2025-03-65,Kuningan,0.7042521896571791
2025-03-65,Majalengka,0.6788414009760605
2025-03-65,Purwakarta,0.6968581853629168
2025-03-65,Subang,0.6859479457945827
2025-03-65,Sukabumi,0.7655117352047353
2025-03-65,Sumedang,0.7388587445815916
2025-03-65,Kota Bekasi,0.3085080881081979
2025-03-65,Kota Depok,0.4391490885499359
2025-03-73,Bandung,0.5857763574781564
2025-03-73,Kota Cimahi,0.29809741329343437
2025-03-73,Kota Tasikmalaya,0.4933441310060162
2025-03-73,Tasikmalaya,0.6897325469723172
2025-03-73,Ciamis,0.682677734446739
2025-03-73,Kota Banjar,0.6724349328969921
2025-03-73,Bekasi,0.3596002969081577
2025-03-73,Bogor,0.6406896516410592
2025-03-73,Cianjur,0.6931579881166722
2025-03-73,Cirebon,0.3984543225153821
2025-03-73,Garut,0.6623279274023628
2025-03-73,Indramayu,0.41997550585451027
2025-03-73,Karawang,0.37150927745912915
2025-03-73,Kota Bandung,0.3235388195700913
2025-03-73,Kota Bogor,0.4643493847197599
2025-03-73,Kota Cirebon,0.2915848605613797
2025-03-73,Kota Sukabumi,0.4995830237144204
2025-03-73,Kuningan,0.5356873998378465
2025-03-73,Majalengka,0.5623899126162407
2025-03-73,Purwakarta,0.6452952831226106
2025-03-73,Subang,0.5677458296453533
2025-03-73,Sukabumi,0.7214721709881331
2025-03-73,Sumedang,0.6416035642736972
2025-03-73,Kota Bekasi,0.21677387595397737
2025-03-73,Kota Depok,0.38957962527315315
2025-03-81,Bandung,0.6374733523565685
2025-03-81,Kota Cimahi,0.31763008890380456
2025-03-81,Kota Tasikmalaya,0.6450405194415015
2025-03-81,Tasikmalaya,0.7833727396765567
2025-03-81,Ciamis,0.7968721637135837
2025-03-81,Kota Banjar,0.7133809130967742
2025-03-81,Bekasi,0.23973323063554638
2025-03-81,Bogor,0.286155924780948
2025-03-81,Cianjur,0.6914029451859696
2025-03-81,Cirebon,0.4087555171180489
2025-03-81,Garut,0.7428644707373074
2025-03-81,Indramayu,0.4599535729514034
2025-03-81,Karawang,0.2410892001499179
2025-03-81,Kota Bandung,0.31623103485904036
2025-03-81,Kota Bogor,0.3772656137444514
2025-03-81,Kota Cirebon,0.19748051910933792
2025-03-81,Kota Sukabumi,0.4937692341902322
2025-03-81,Kuningan,0.5813907951639244
2025-03-81,Majalengka,0.6110065390769398
2025-03-81,Purwakarta,0.5587741538685816
2025-03-81,Subang,0.48907364724769187
2025-03-81,Sukabumi,0.48330343768171613
2025-03-81,Sumedang,0.6769311810975918
2025-03-81,Kota Bekasi,0.10011534885389325
2025-03-81,Kota Depok,0.19536823792826313
2025-03-89,Bandung,0.567679774120324
2025-03-89,Kota Cimahi,0.29813046263686266
2025-03-89,Kota Tasikmalaya,0.5902428984692036
2025-03-89,Tasikmalaya,0.7148814024867618
2025-03-89,Ciamis,0.6723899532612418
2025-03-89,Kota Banjar,0.6634089453273121
2025-03-89,Bekasi,0.3987035496566904
2025-03-89,Bogor,0.5909337601229939
2025-03-89,Cianjur,0.7190789460236944
2025-03-89,Cirebon,0.5724964557490045
2025-03-89,Garut,0.6916888307467871
2025-03-89,Indramayu,0.6057759512609342
2025-03-89,Karawang,0.4287303768007966
2025-03-89,Kota Bandung,0.2853124846040574
2025-03-89,Kota Bogor,0.5300410937237551
2025-03-89,Kota Cirebon,0.3790135820948804
2025-03-89,Kota Sukabumi,0.5793250367400024
2025-03-89,Kuningan,0.5897235911902936
2025-03-89,Majalengka,0.5575672136081902
2025-03-89,Purwakarta,0.471514921009376
2025-03-89,Subang,0.44016773241899254
2025-03-89,Sukabumi,0.732878360529931
2025-03-89,Sumedang,0.5609136057987255
2025-03-89,Kota Bekasi,0.21055712762275525
2025-03-89,Kota Depok,0.32962135130226056
2025-04-97,Bandung,0.7056558461977412
2025-04-97,Kota Cimahi,0.3537598574544612
2025-04-97,Kota Tasikmalaya,0.6316639302299498
2025-04-97,Tasikmalaya,0.7571050615666328
2025-04-97,Ciamis,0.7096780664804071
2025-04-97,Kota Banjar,0.6685713913098896
2025-04-97,Bekasi,0.4648595583175643
2025-04-97,Bogor,0.6998069754178449
2025-04-97,Cianjur,0.7595639639811813
2025-04-97,Cirebon,0.5539385027118837
2025-04-97,Garut,0.7885113327823773
2025-04-97,Indramayu,0.6176075085174922
2025-04-97,Karawang,0.46135439072802703
2025-04-97,Kota Bandung,0.3861702646720855
2025-04-97,Kota Bogor,0.5179051834047076
2025-04-97,Kota Cirebon,0.4013839795322296
2025-04-97,Kota Sukabumi,0.561642266399734
2025-04-97,Kuningan,0.7288342302413284
2025-04-97,Majalengka,0.6320941006830593
2025-04-97,Purwakarta,0.6232004343525307
2025-04-97,Subang,0.6478993756976622
2025-04-97,Sukabumi,0.760619904756399
2025-04-97,Sumedang,0.7627365058778068
2025-04-97,Kota Bekasi,0.2945247268864392
2025-04-97,Kota Depok,0.3903553116979806
2025-04-105,Bandung,0.5705900337061102
2025-04-105,Kota Cimahi,0.33062894500951245
2025-04-105,Kota Tasikmalaya,0.544501765137933
2025-04-105,Tasikmalaya,0.6980496691451159
2025-04-105,Ciamis,0.6453149848512202
2025-04-105,Kota Banjar,0.6270753506628876
2025-04-105,Bekasi,0.3038063489972857
2025-04-105,Bogor,0.6179456347036105
2025-04-105,Cianjur,0.6348366236356022
2025-04-105,Cirebon,0.5936970539007272
2025-04-105,Garut,0.7383312654951167
2025-04-105,Indramayu,0.5603541899464414
2025-04-105,Karawang,0.33512898989313317
2025-04-105,Kota Bandung,0.3249432868703909
2025-04-105,Kota Bogor,0.48883596573599014
2025-04-105,Kota Cirebon,0.47015995081408407
2025-04-105,Kota Sukabumi,0.5650881626786338
2025-04-105,Kuningan,0.7004489090169098
2025-04-105,Majalengka,0.6238401444183207
2025-04-105,Purwakarta,0.5011049659356056
2025-04-105,Subang,0.512983943780107
2025-04-105,Sukabumi,0.7160462855999384
2025-04-105,Sumedang,0.6755714197634817
2025-04-105,Kota Bekasi,0.19122707741507405
2025-04-105,Kota Depok,0.2342859340730077
2025-04-113,Bandung,0.7196514445523008
2025-04-113,Kota Cimahi,0.3298171669152681
2025-04-113,Kota Tasikmalaya,0.5352759339268964
2025-04-113,Tasikmalaya,0.5706234543845436
2025-04-113,Ciamis,0.5658305029124054
2025-04-113,Kota Banjar,0.5822933406652487
2025-04-113,Bekasi,0.5248438249035775
2025-04-113,Bogor,0.72199471017657
2025-04-113,Cianjur,0.7691867768866435
2025-04-113,Cirebon,0.6077430394837098
2025-04-113,Garut,0.7740830773103082
2025-04-113,Indramayu,0.5810788820310815
2025-04-113,Karawang,0.5439421337696568
2025-04-113,Kota Bandung,0.3706555273393922
2025-04-113,Kota Bogor,0.521641650971248
2025-04-113,Kota Cirebon,0.47028657483480973
2025-04-113,Kota Sukabumi,0.5923437114421571
2025-04-113,Kuningan,0.6844006883223003
2025-04-113,Majalengka,0.624769583580572
2025-04-113,Purwakarta,0.6886379070292633
2025-04-113,Subang,0.6285202787394423
2025-04-113,Sukabumi,0.7847546741348834
2025-04-113,Sumedang,0.7498224105325442
2025-04-113,Kota Bekasi,0.3633785756073676
2025-04-113,Kota Depok,0.46496909030828776
2025-05-121,Bandung,0.7109686508385984
2025-05-121,Kota Cimahi,0.33609076688191875
2025-05-121,Kota Tasikmalaya,0.6309996668912459
2025-05-121,Tasikmalaya,0.790367169517053
2025-05-121,Ciamis,0.7342181399047953
2025-05-121,Kota Banjar,0.6483346006229116
2025-05-121,Bekasi,0.5256300380370772
2025-05-121,Bogor,0.7201229378005413
2025-05-121,Cianjur,0.7747291090681467
2025-05-121,Cirebon,0.5959312598442221
2025-05-121,Garut,0.7689942674128947
2025-05-121,Indramayu,0.5462705477921154
2025-05-121,Karawang,0.5391489956909323
2025-05-121,Kota Bandung,0.37237923264251094
2025-05-121,Kota Bogor,0.5167712421825577
2025-05-121,Kota Cirebon,0.45416188689859743
2025-05-121,Kota Sukabumi,0.5867871157381503
2025-05-121,Kuningan,0.705679002718368
2025-05-121,Majalengka,0.636520066828496
2025-05-121,Purwakarta,0.6781489157893131
2025-05-121,Subang,0.6133574538773817
2025-05-121,Sukabumi,0.7749618618468294
2025-05-121,Sumedang,0.7412620551421174
2025-05-121,Kota Bekasi,0.36115238559896934
2025-05-121,Kota Depok,0.45376215310056184
2025-05-129,Bandung,0.6210458751095157
2025-05-129,Kota Cimahi,0.34132889301913333
2025-05-129,Kota Tasikmalaya,0.6351276259659437
2025-05-129,Tasikmalaya,0.7953199437574947
2025-05-129,Ciamis,0.7106062261893731
2025-05-129,Kota Banjar,0.6462972050022826
2025-05-129,Bekasi,0.467161390622768
2025-05-129,Bogor,0.6304127657133678
2025-05-129,Cianjur,0.7670833487849702
2025-05-129,Cirebon,0.5671468755452485
2025-05-129,Garut,0.770869348678404
2025-05-129,Indramayu,0.48983447721172696
2025-05-129,Karawang,0.537139956844497
2025-05-129,Kota Bandung,0.3687561335815147
2025-05-129,Kota Bogor,0.5217190395672102
2025-05-129,Kota Cirebon,0.45667076858501476
2025-05-129,Kota Sukabumi,0.6072749582668932
2025-05-129,Kuningan,0.7281449866858096
2025-05-129,Majalengka,0.6423531483191751
2025-05-129,Purwakarta,0.6465195352913333
2025-05-129,Subang,0.5662109203626448
2025-05-129,Sukabumi,0.7966836404062807
2025-05-129,Sumedang,0.7020006783546008
2025-05-129,Kota Bekasi,0.21622021548811943
2025-05-129,Kota Depok,0.4031435874166953
2025-05-137,Bandung,0.6802579710647845
2025-05-137,Kota Cimahi,0.3330241001537084
2025-05-137,Kota Tasikmalaya,0.44703097166233463
2025-05-137,Tasikmalaya,0.5885782545839434
2025-05-137,Ciamis,0.4012420210796694
2025-05-137,Kota Banjar,0.37649528553074013
2025-05-137,Bekasi,0.5098482725234306
2025-05-137,Bogor,0.7070736792519071
2025-05-137,Cianjur,0.767322267385852
2025-05-137,Cirebon,0.56455904098896
2025-05-137,Garut,0.7297112749885525
2025-05-137,Indramayu,0.4976568158850685
2025-05-137,Karawang,0.5503892296265701
2025-05-137,Kota Bandung,0.3496310790513995
2025-05-137,Kota Bogor,0.5157489888988971
2025-05-137,Kota Cirebon,0.40148497512700787
2025-05-137,Kota Sukabumi,0.6168916474978066
2025-05-137,Kuningan,0.7277585977260712
2025-05-137,Majalengka,0.6081765496611607
2025-05-137,Purwakarta,0.6809649382117294
2025-05-137,Subang,0.5905604209847491
2025-05-137,Sukabumi,0.7844741610320093
2025-05-137,Sumedang,0.6650728638235336
2025-05-137,Kota Bekasi,0.3595837482599577
2025-05-137,Kota Depok,0.44554388884595103
2025-05-145,Bandung,0.6898586791979889
2025-05-145,Kota Cimahi,0.3345838883760375
2025-05-145,Kota Tasikmalaya,0.6365298777535632
2025-05-145,Tasikmalaya,0.7934498311250956
2025-05-145,Ciamis,0.6978051838745437
2025-05-145,Kota Banjar,0.5324396163141657
2025-05-145,Bekasi,0.501764640055469
2025-05-145,Bogor,0.6615290649315374
2025-05-145,Cianjur,0.7682973305815757
2025-05-145,Cirebon,0.6037084241766548
2025-05-145,Garut,0.8065708860783155
2025-05-145,Indramayu,0.47442590282956176
2025-05-145,Karawang,0.5489656166046089
2025-05-145,Kota Bandung,0.36268466404891947
2025-05-145,Kota Bogor,0.48421996755416963
2025-05-145,Kota Cirebon,0.50535158021957
2025-05-145,Kota Sukabumi,0.5766502578152094
2025-05-145,Kuningan,0.7947267996101811
2025-05-145,Majalengka,0.6962748927916568
2025-05-145,Purwakarta,0.6917776969547746
2025-05-145,Subang,0.5829920203300939
2025-05-145,Sukabumi,0.7797512064013649
2025-05-145,Sumedang,0.7478969185004384
2025-05-145,Kota Bekasi,0.3634384680491166
2025-05-145,Kota Depok,0.42491351864945287
2025-06-153,Bandung,0.7207734595530795
2025-06-153,Kota Cimahi,0.3354684323649926
2025-06-153,Kota Tasikmalaya,0.6414659659216436
2025-06-153,Tasikmalaya,0.7989150140700381
2025-06-153,Ciamis,0.7074938676334136
2025-06-153,Kota Banjar,0.6272901253195838
2025-06-153,Bekasi,0.49759173496983694
2025-06-153,Bogor,0.7299754689399536
2025-06-153,Cianjur,0.7965468203888886
2025-06-153,Cirebon,0.5789375210101813
2025-06-153,Garut,0.7949407773268623
2025-06-153,Indramayu,0.4720887812268605
2025-06-153,Karawang,0.545405304255013
2025-06-153,Kota Bandung,0.36567244184040276
2025-06-153,Kota Bogor,0.5130654362733474
2025-06-153,Kota Cirebon,0.46347772579905105
2025-06-153,Kota Sukabumi,0.575221521336832
2025-06-153,Kuningan,0.7834302946750701
2025-06-153,Majalengka,0.7172510484161178
2025-06-153,Purwakarta,0.7184067531584942
2025-06-153,Subang,0.6024152060420334
2025-06-153,Sukabumi,0.7856443102424974
2025-06-153,Sumedang,0.7726033871145379
2025-06-153,Kota Bekasi,0.3737892400984518
2025-06-153,Kota Depok,0.4577509995059213
2025-06-161,Bandung,0.6860747898848558
2025-06-161,Kota Cimahi,0.31487850895658204
2025-06-161,Kota Tasikmalaya,0.42454278142861285
2025-06-161,Tasikmalaya,0.4535966242742914
2025-06-161,Ciamis,0.5016883280766363
2025-06-161,Kota Banjar,0.4798899739965908
2025-06-161,Bekasi,0.4826537276225833
2025-06-161,Bogor,0.704182512632732
2025-06-161,Cianjur,0.7760140091987181
2025-06-161,Cirebon,0.5669260802681987
2025-06-161,Garut,0.6753981978697813
2025-06-161,Indramayu,0.44662296808830576
2025-06-161,Karawang,0.5066051317661497
2025-06-161,Kota Bandung,0.32950787527652076
2025-06-161,Kota Bogor,0.4707802777262691
2025-06-161,Kota Cirebon,0.4587347846910687
2025-06-161,Kota Sukabumi,0.5559769796031525
2025-06-161,Kuningan,0.7465594158409347
2025-06-161,Majalengka,0.7021256732605039
2025-06-161,Purwakarta,0.6520887768191272
2025-06-161,Subang,0.5405238306921226
2025-06-161,Sukabumi,0.7769767077113902
2025-06-161,Sumedang,0.7308324614742342
2025-06-161,Kota Bekasi,0.35809608325487463
2025-06-161,Kota Depok,0.429699906630378
2025-06-169,Bandung,0.6071150566908915
2025-06-169,Kota Cimahi,0.2569539050488834
2025-06-169,Kota Tasikmalaya,0.6593561915555716
2025-06-169,Tasikmalaya,0.6855732494952648
2025-06-169,Ciamis,0.7485439871438917
2025-06-169,Kota Banjar,0.6465706785653417
2025-06-169,Bekasi,0.42091286683862206
2025-06-169,Bogor,0.6275674381299269
2025-06-169,Cianjur,0.7361470281195973
2025-06-169,Cirebon,0.5571076969441553
2025-06-169,Garut,0.6763494524656609
2025-06-169,Indramayu,0.42609945981462455
2025-06-169,Karawang,0.4303351002557296
2025-06-169,Kota Bandung,0.3335732357474043
2025-06-169,Kota Bogor,0.41677273002155674
2025-06-169,Kota Cirebon,0.45321814489933776
2025-06-169,Kota Sukabumi,0.5014060571771917
2025-06-169,Kuningan,0.7963106012222275
2025-06-169,Majalengka,0.724833683898339
2025-06-169,Purwakarta,0.7021083977395733
2025-06-169,Subang,0.5667633989469562
2025-06-169,Sukabumi,0.7192618949011473
2025-06-169,Sumedang,0.7291018614337621
2025-06-169,Kota Bekasi,0.34432791494115905
2025-06-169,Kota Depok,0.460043123081015
2025-06-177,Bandung,0.7343286198985678
2025-06-177,Kota Cimahi,0.3532812968770901
2025-06-177,Kota Tasikmalaya,0.26142527664285414
2025-06-177,Tasikmalaya,0.4531353015906434
2025-06-177,Ciamis,0.4258301968841164
2025-06-177,Kota Banjar,0.2930045494667269
2025-06-177,Bekasi,0.4423119780210897
2025-06-177,Bogor,0.7516397212011312
2025-06-177,Cianjur,0.8133538893996257
2025-06-177,Cirebon,0.5694122425068158
2025-06-177,Garut,0.6763867998176317
2025-06-177,Indramayu,0.4344567170336549
2025-06-177,Karawang,0.48240359960682
2025-06-177,Kota Bandung,0.36811911220855165
2025-06-177,Kota Bogor,0.5257112928792198
2025-06-177,Kota Cirebon,0.4826712330131345
2025-06-177,Kota Sukabumi,0.5764667593343319
2025-06-177,Kuningan,0.6585977737448767
2025-06-177,Majalengka,0.6906476528309452
2025-06-177,Purwakarta,0.7171636847864706
2025-06-177,Subang,0.6036543413834194
2025-06-177,Sukabumi,0.8118328696299959
2025-06-177,Sumedang,0.7580942413915915
2025-06-177,Kota Bekasi,0.36810191034550016
2025-06-177,Kota Depok,0.44611977175706297
2025-07-185,Bandung,0.7462667289825147
2025-07-185,Kota Cimahi,0.3425021608973315
2025-07-185,Kota Tasikmalaya,0.6341674716208331
2025-07-185,Tasikmalaya,0.7698622113920649
2025-07-185,Ciamis,0.6924897546837958
2025-07-185,Kota Banjar,0.6549661097487309
2025-07-185,Bekasi,0.4314343977448698
2025-07-185,Bogor,0.7326349687575432
2025-07-185,Cianjur,0.7801639949912772
2025-07-185,Cirebon,0.5586997514005597
2025-07-185,Garut,0.8050891074692367
2025-07-185,Indramayu,0.43394938142565925
2025-07-185,Karawang,0.4872560563546286
2025-07-185,Kota Bandung,0.3787424616299572
2025-07-185,Kota Bogor,0.5333460802875104
2025-07-185,Kota Cirebon,0.48730613504934017
2025-07-185,Kota Sukabumi,0.5812986713013852
2025-07-185,Kuningan,0.7315172961960278
2025-07-185,Majalengka,0.7211877663699311
2025-07-185,Purwakarta,0.7241956237535608
2025-07-185,Subang,0.5875724207797094
2025-07-185,Sukabumi,0.7855412699310003
2025-07-185,Sumedang,0.7778764720023904
2025-07-185,Kota Bekasi,0.374635657766087
2025-07-185,Kota Depok,0.4682876090457846
2025-07-193,Bandung,0.7197920606674915
2025-07-193,Kota Cimahi,0.31329675067852225
2025-07-193,Kota Tasikmalaya,0.6334459932116017
2025-07-193,Tasikmalaya,0.7575304743684211
2025-07-193,Ciamis,0.5124971418599685
2025-07-193,Kota Banjar,0.5532733298922299
2025-07-193,Bekasi,0.44396525149157806
2025-07-193,Bogor,0.7066696474990967
2025-07-193,Cianjur,0.7865263550947169
2025-07-193,Cirebon,0.5202190654502198
2025-07-193,Garut,0.7998545937160189
2025-07-193,Indramayu,0.437645557820641
2025-07-193,Karawang,0.48490762900973644
2025-07-193,Kota Bandung,0.3626859217155652
2025-07-193,Kota Bogor,0.5034888032560725
2025-07-193,Kota Cirebon,0.4412006207326936
2025-07-193,Kota Sukabumi,0.6072990390474081
2025-07-193,Kuningan,0.6896729623065591
2025-07-193,Majalengka,0.6946816925047464
2025-07-193,Purwakarta,0.6468478221615594
2025-07-193,Subang,0.6042118639651674
2025-07-193,Sukabumi,0.7965558997980972
2025-07-193,Sumedang,0.7643623908428577
2025-07-193,Kota Bekasi,0.3705656464075825
2025-07-193,Kota Depok,0.44339690856411296
2025-07-201,Bandung,0.7255377537641423
2025-07-201,Kota Cimahi,0.3164571818974516
2025-07-201,Kota Tasikmalaya,0.6418946690132297
2025-07-201,Tasikmalaya,0.793040781488014
2025-07-201,Ciamis,0.7861477146542472
2025-07-201,Kota Banjar,0.7347387653353235
2025-07-201,Bekasi,0.4390580164802
2025-07-201,Bogor,0.7320445988227092
2025-07-201,Cianjur,0.7894180692130187
2025-07-201,Cirebon,0.5273696166019777
2025-07-201,Garut,0.7807181404893923
2025-07-201,Indramayu,0.4532267334961455
2025-07-201,Karawang,0.48517741717200297
2025-07-201,Kota Bandung,0.36313947788841866
2025-07-201,Kota Bogor,0.5058382362275383
2025-07-201,Kota Cirebon,0.45912117752120973
2025-07-201,Kota Sukabumi,0.5604244641597379
2025-07-201,Kuningan,0.7493832380442098
2025-07-201,Majalengka,0.6905437279720905
2025-07-201,Purwakarta,0.7071116956896433
2025-07-201,Subang,0.6261849413489166
2025-07-201,Sukabumi,0.7930510700563298
2025-07-201,Sumedang,0.7539061317106425
2025-07-201,Kota Bekasi,0.35998303060410636
2025-07-201,Kota Depok,0.4577118158651686
2025-07-209,Bandung,0.7228545923369963
2025-07-209,Kota Cimahi,0.31612458499052276
2025-07-209,Kota Tasikmalaya,0.2724837329247642
2025-07-209,Tasikmalaya,0.5677473048618519
2025-07-209,Ciamis,0.5636653939579119
2025-07-209,Kota Banjar,0.5395785337060883
2025-07-209,Bekasi,0.4507741548933513
2025-07-209,Bogor,0.7279669617081338
2025-07-209,Cianjur,0.778880634899628
2025-07-209,Cirebon,0.5156679437505566
2025-07-209,Garut,0.79676697822711
2025-07-209,Indramayu,0.4891517175154075
2025-07-209,Karawang,0.4774306131340926
2025-07-209,Kota Bandung,0.35711087933552965
2025-07-209,Kota Bogor,0.5037881465554511
2025-07-209,Kota Cirebon,0.44338861263962254
2025-07-209,Kota Sukabumi,0.5495707146568066
2025-07-209,Kuningan,0.745531279418446
2025-07-209,Majalengka,0.6767103417527152
2025-07-209,Purwakarta,0.6980124283588168
2025-07-209,Subang,0.6498707875898916
2025-07-209,Sukabumi,0.7784287932919065
2025-07-209,Sumedang,0.7452849769490674
2025-07-209,Kota Bekasi,0.3548020181265077
2025-07-209,Kota Depok,0.4463149652660595
2025-08-217,Bandung,0.7266567467165062
2025-08-217,Kota Cimahi,0.3217464228687805
2025-08-217,Kota Tasikmalaya,0.4279869078515185
2025-08-217,Tasikmalaya,0.5451311811522882
2025-08-217,Ciamis,0.33915829390479424
2025-08-217,Kota Banjar,0.37546905052167595
2025-08-217,Bekasi,0.45242179594216797
2025-08-217,Bogor,0.7260165937972475
2025-08-217,Cianjur,0.7748832967840303
2025-08-217,Cirebon,0.45954218309692807
2025-08-217,Garut,0.798332845287677
2025-08-217,Indramayu,0.5139220590309079
2025-08-217,Karawang,0.46884681201189543
2025-08-217,Kota Bandung,0.35999727415262434
2025-08-217,Kota Bogor,0.5043453936553733
2025-08-217,Kota Cirebon,0.2542946559190335
2025-08-217,Kota Sukabumi,0.5629925243516458
2025-08-217,Kuningan,0.6231187747244065
2025-08-217,Majalengka,0.6569150950182662
2025-08-217,Purwakarta,0.6446800385579362
2025-08-217,Subang,0.6584113145777871
2025-08-217,Sukabumi,0.7369941356751871
2025-08-217,Sumedang,0.7435529272095607
2025-08-217,Kota Bekasi,0.34629875719237013
2025-08-217,Kota Depok,0.4428710910855724
2025-08-225,Bandung,0.7260719315406982
2025-08-225,Kota Cimahi,0.3323551127916996
2025-08-225,Kota Tasikmalaya,0.504425690341964
2025-08-225,Tasikmalaya,0.5486552598112758
2025-08-225,Ciamis,0.6324988330369261
2025-08-225,Kota Banjar,0.6576969941131214
2025-08-225,Bekasi,0.4685140067649622
2025-08-225,Bogor,0.7246145769235288
2025-08-225,Cianjur,0.7746597198281558
2025-08-225,Cirebon,0.5468590780459923
2025-08-225,Garut,0.7702225475742696
2025-08-225,Indramayu,0.5385423246087508
2025-08-225,Karawang,0.46533030487048227
2025-08-225,Kota Bandung,0.36914643230076216
2025-08-225,Kota Bogor,0.5003291258768918
2025-08-225,Kota Cirebon,0.43331960204638453
2025-08-225,Kota Sukabumi,0.5494104802956369
2025-08-225,Kuningan,0.7677149375234041
2025-08-225,Majalengka,0.6739076619885976
2025-08-225,Purwakarta,0.696191175979175
2025-08-225,Subang,0.6780533574118719
2025-08-225,Sukabumi,0.7786166751898841
2025-08-225,Sumedang,0.7561057074624578
2025-08-225,Kota Bekasi,0.35783593749494114
2025-08-225,Kota Depok,0.44333067786155256
2025-08-233,Bandung,0.6814793091890029
2025-08-233,Kota Cimahi,0.3300552510514541
2025-08-233,Kota Tasikmalaya,0.608128758800384
2025-08-233,Tasikmalaya,0.6451445986556595
2025-08-233,Ciamis,0.6884390735872844
2025-08-233,Kota Banjar,0.6655991050116717
2025-08-233,Bekasi,0.48196929076720574
2025-08-233,Bogor,0.7261019354663989
2025-08-233,Cianjur,0.7489831959150559
2025-08-233,Cirebon,0.5508117376595107
2025-08-233,Garut,0.7163637297558161
2025-08-233,Indramayu,0.5470893314509545
2025-08-233,Karawang,0.4552949827452383
2025-08-233,Kota Bandung,0.36859577604495675
2025-08-233,Kota Bogor,0.5013525976423613
2025-08-233,Kota Cirebon,0.44619277101335103
2025-08-233,Kota Sukabumi,0.5613395219605188
2025-08-233,Kuningan,0.7238612656426372
2025-08-233,Majalengka,0.6162208970438731
2025-08-233,Purwakarta,0.6587370595009235
2025-08-233,Subang,0.6823895655524632
2025-08-233,Sukabumi,0.7612238091968757
2025-08-233,Sumedang,0.7454887552430925
2025-08-233,Kota Bekasi,0.362339921096227
2025-08-233,Kota Depok,0.4439304507553292
2025-08-241,Bandung,0.7084483251462848
2025-08-241,Kota Cimahi,0.3289738821338384
2025-08-241,Kota Tasikmalaya,0.4839239643742407
2025-08-241,Tasikmalaya,0.5536161486314073
2025-08-241,Ciamis,0.45090540422372366
2025-08-241,Kota Banjar,0.47504922934034655
2025-08-241,Bekasi,0.4948762207529156
2025-08-241,Bogor,0.7272389103906053
2025-08-241,Cianjur,0.6590401449395138
2025-08-241,Cirebon,0.5539215422270283
2025-08-241,Garut,0.7709050847643438
2025-08-241,Indramayu,0.5914363592395387
2025-08-241,Karawang,0.4684579819446764
2025-08-241,Kota Bandung,0.37900753295631223
2025-08-241,Kota Bogor,0.5075492829685503
2025-08-241,Kota Cirebon,0.40501681081153834
2025-08-241,Kota Sukabumi,0.5975440880917707
2025-08-241,Kuningan,0.7485234773488777
2025-08-241,Majalengka,0.6553286937309668
2025-08-241,Purwakarta,0.7019556621043183
2025-08-241,Subang,0.6972609983069699
2025-08-241,Sukabumi,0.7194638686662784
2025-08-241,Sumedang,0.7410199352672056
2025-08-241,Kota Bekasi,0.3462241611607682
2025-08-241,Kota Depok,0.44633648263435466
2025-09-249,Bandung,0.7063262041821369
2025-09-249,Kota Cimahi,0.3212487606844175
2025-09-249,Kota Tasikmalaya,0.36439018330296585
2025-09-249,Tasikmalaya,0.4751592107496732
2025-09-249,Ciamis,0.33618677995724905
2025-09-249,Kota Banjar,0.281910929859645
2025-09-249,Bekasi,0.47928324567507297
2025-09-249,Bogor,0.6916721088146883
2025-09-249,Cianjur,0.705595221200833
2025-09-249,Cirebon,0.5489335790913384
2025-09-249,Garut,0.6918446937897358
2025-09-249,Indramayu,0.5747187207515178
2025-09-249,Karawang,0.44199715434690295
2025-09-249,Kota Bandung,0.36019264322053635
2025-09-249,Kota Bogor,0.49125975305060054
2025-09-249,Kota Cirebon,0.4121365081435298
2025-09-249,Kota Sukabumi,0.5699198746758063
2025-09-249,Kuningan,0.6439876966882742
2025-09-249,Majalengka,0.5904395460905413
2025-09-249,Purwakarta,0.6799033608749316
2025-09-249,Subang,0.6772377277925966
2025-09-249,Sukabumi,0.5731531811162837
2025-09-249,Sumedang,0.7227668967461942
2025-09-249,Kota Bekasi,0.30717180777096675
2025-09-249,Kota Depok,0.3817088080854636
2025-09-257,Bandung,0.6634184950598018
2025-09-257,Kota Cimahi,0.32778614483280927
2025-09-257,Kota Tasikmalaya,0.5078288051551499
2025-09-257,Tasikmalaya,0.6209551768618229
2025-09-257,Ciamis,0.5807204194819677
2025-09-257,Kota Banjar,0.5724579721748814
2025-09-257,Bekasi,0.449185532267797
2025-09-257,Bogor,0.6815780850907005
2025-09-257,Cianjur,0.7452719216161122
2025-09-257,Cirebon,0.5277444693963442
2025-09-257,Garut,0.7425067120701443
2025-09-257,Indramayu,0.5548567474319767
2025-09-257,Karawang,0.44447063227436173
2025-09-257,Kota Bandung,0.36807702412685256
2025-09-257,Kota Bogor,0.4903256667187786
2025-09-257,Kota Cirebon,0.3376119680543608
2025-09-257,Kota Sukabumi,0.5554963166512424
2025-09-257,Kuningan,0.6094874195689068
2025-09-257,Majalengka,0.5503280434124072
2025-09-257,Purwakarta,0.6856710504984729
2025-09-257,Subang,0.6632407071085362
2025-09-257,Sukabumi,0.7456131742572243
2025-09-257,Sumedang,0.6855453388018177
2025-09-257,Kota Bekasi,0.26414932305924116
2025-09-257,Kota Depok,0.41992904689907634
2025-09-265,Bandung,0.6909300698548335
2025-09-265,Kota Cimahi,0.3241150039457863
2025-09-265,Kota Tasikmalaya,0.5137507665480083
2025-09-265,Tasikmalaya,0.7721171951320617
2025-09-265,Ciamis,0.6784874031210959
2025-09-265,Kota Banjar,0.5468487046743284
2025-09-265,Bekasi,0.5026041158297645
2025-09-265,Bogor,0.701957769194833
2025-09-265,Cianjur,0.7657893149707445
2025-09-265,Cirebon,0.590189427888228
2025-09-265,Garut,0.757602447753881
2025-09-265,Indramayu,0.5772684676385446
2025-09-265,Karawang,0.48999771568923356
2025-09-265,Kota Bandung,0.37202833084444875
2025-09-265,Kota Bogor,0.4810671937841986
2025-09-265,Kota Cirebon,0.4336680951766442
2025-09-265,Kota Sukabumi,0.5930285169582171
2025-09-265,Kuningan,0.7388986862606588
2025-09-265,Majalengka,0.6269783559583528
2025-09-265,Purwakarta,0.6697556682855647
2025-09-265,Subang,0.6631785329448159
2025-09-265,Sukabumi,0.7625723457006777
2025-09-265,Sumedang,0.7360662057387783
2025-09-265,Kota Bekasi,0.3436819070923995
2025-09-265,Kota Depok,0.4360850775871361
2025-09-273,Bandung,0.7042236757804847
2025-09-273,Kota Cimahi,0.3175015501832585
2025-09-273,Kota Tasikmalaya,0.6059547509876695
2025-09-273,Tasikmalaya,0.6901268712503917
2025-09-273,Ciamis,0.6771538229221509
2025-09-273,Kota Banjar,0.6152175693751366
2025-09-273,Bekasi,0.5118652053373304
2025-09-273,Bogor,0.730509970493058
2025-09-273,Cianjur,0.77890593002825
2025-09-273,Cirebon,0.6056862800228098
2025-09-273,Garut,0.7739490257166395
2025-09-273,Indramayu,0.5405864541758215
2025-09-273,Karawang,0.4974311342993827
2025-09-273,Kota Bandung,0.35417005386635136
2025-09-273,Kota Bogor,0.4938435426041343
2025-09-273,Kota Cirebon,0.40789690966050207
2025-09-273,Kota Sukabumi,0.5836812554364109
2025-09-273,Kuningan,0.7339840018254452
2025-09-273,Majalengka,0.6034319110139538
2025-09-273,Purwakarta,0.7056537043519314
2025-09-273,Subang,0.6481811182481539
2025-09-273,Sukabumi,0.7799600414153922
2025-09-273,Sumedang,0.719483357944473
2025-09-273,Kota Bekasi,0.34185041161586566
2025-09-273,Kota Depok,0.4307062389222186
2025-10-281,Bandung,0.6829582939243758
2025-10-281,Kota Cimahi,0.3270804882348751
2025-10-281,Kota Tasikmalaya,0.32541298156957066
2025-10-281,Tasikmalaya,0.41526548925752854
2025-10-281,Ciamis,0.45031608760243036
2025-10-281,Kota Banjar,0.489676289661282
2025-10-281,Bekasi,0.4935817598387893
2025-10-281,Bogor,0.697492242813692
2025-10-281,Cianjur,0.7425038513792307
2025-10-281,Cirebon,0.5913635630727304
2025-10-281,Garut,0.6913053346784218
2025-10-281,Indramayu,0.5241642092775031
2025-10-281,Karawang,0.5047637440040095
2025-10-281,Kota Bandung,0.3671547365388755
2025-10-281,Kota Bogor,0.4671932700311881
2025-10-281,Kota Cirebon,0.4492047018571351
2025-10-281,Kota Sukabumi,0.5826455558366698
2025-10-281,Kuningan,0.6713074389275928
2025-10-281,Majalengka,0.5590643685828474
2025-10-281,Purwakarta,0.6694794019548901
2025-10-281,Subang,0.630028535326911
2025-10-281,Sukabumi,0.7432130073196325
2025-10-281,Sumedang,0.7212501214472914
2025-10-281,Kota Bekasi,0.3381187644915808
2025-10-281,Kota Depok,0.4296244278046578
2025-10-289,Bandung,0.5372340999129874
2025-10-289,Kota Cimahi,0.2678030971677244
2025-10-289,Kota Tasikmalaya,0.5916407086505622
2025-10-289,Tasikmalaya,0.6744951622792323
2025-10-289,Ciamis,0.6688121311102875
2025-10-289,Kota Banjar,0.6072957123657965
2025-10-289,Bekasi,0.4567133563262346
2025-10-289,Bogor,0.5226208990507082
2025-10-289,Cianjur,0.6293508559105758
2025-10-289,Cirebon,0.5544771736630764
2025-10-289,Garut,0.6658232380230609
2025-10-289,Indramayu,0.47097615209762883
2025-10-289,Karawang,0.5027032777993594
2025-10-289,Kota Bandung,0.2935525136518988
2025-10-289,Kota Bogor,0.3822021184457627
2025-10-289,Kota Cirebon,0.39520131157371435
2025-10-289,Kota Sukabumi,0.514692715806946
2025-10-289,Kuningan,0.6037597041496217
2025-10-289,Majalengka,0.5068184320743266
2025-10-289,Purwakarta,0.6690882259138161
2025-10-289,Subang,0.6126489297276828
2025-10-289,Sukabumi,0.48629258064605996
2025-10-289,Sumedang,0.6543367199638042
2025-10-289,Kota Bekasi,0.3044859416409821
2025-10-289,Kota Depok,0.30766372597559827
2025-10-297,Bandung,0.5787780219687001
2025-10-297,Kota Cimahi,0.3028462236936306
2025-10-297,Kota Tasikmalaya,0.4594935140051559
2025-10-297,Tasikmalaya,0.3813245015978175
2025-10-297,Ciamis,0.36317011752519723
2025-10-297,Kota Banjar,0.4260543879034454
2025-10-297,Bekasi,0.4396871609019828
2025-10-297,Bogor,0.6190691912967223
2025-10-297,Cianjur,0.6044493263581964
2025-10-297,Cirebon,0.5272794340609995
2025-10-297,Garut,0.44701135989115454
2025-10-297,Indramayu,0.4314133070599528
2025-10-297,Karawang,0.4586601590196243
2025-10-297,Kota Bandung,0.32734949209010783
2025-10-297,Kota Bogor,0.4688738557541255
2025-10-297,Kota Cirebon,0.3433622265690688
2025-10-297,Kota Sukabumi,0.47241929378855835
2025-10-297,Kuningan,0.5659197068708318
2025-10-297,Majalengka,0.4499689026931462
2025-10-297,Purwakarta,0.635424422827205
2025-10-297,Subang,0.5616478592098462
2025-10-297,Sukabumi,0.626508753825825
2025-10-297,Sumedang,0.624400534793442
2025-10-297,Kota Bekasi,0.3068786904310952
2025-10-297,Kota Depok,0.3734136318036629
2025-11-305,Bandung,0.6100805165838693
2025-11-305,Kota Cimahi,0.34669369448734716
2025-11-305,Kota Tasikmalaya,0.44031897342889664
2025-11-305,Tasikmalaya,0.5551907875042522
2025-11-305,Ciamis,0.45959515590802114
2025-11-305,Kota Banjar,0.4549117738971817
2025-11-305,Bekasi,0.44606653385320105
2025-11-305,Bogor,0.672779310176179
2025-11-305,Cianjur,0.6735921192629671
2025-11-305,Cirebon,0.45333458905904617
2025-11-305,Garut,0.631996048081761
2025-11-305,Indramayu,0.40320363439879825
2025-11-305,Karawang,0.5102215706753215
2025-11-305,Kota Bandung,0.3652351250502921
2025-11-305,Kota Bogor,0.49916434754849354
2025-11-305,Kota Cirebon,0.3798157909371532
2025-11-305,Kota Sukabumi,0.5354963327787643
2025-11-305,Kuningan,0.4609670122198288
2025-11-305,Majalengka,0.4546224717395241
2025-11-305,Purwakarta,0.6014946379063748
2025-11-305,Subang,0.540770171366807
2025-11-305,Sukabumi,0.66741294645832
2025-11-305,Sumedang,0.5090415073126208
2025-11-305,Kota Bekasi,0.3098239520424435
2025-11-305,Kota Depok,0.3910207247059822
2025-11-313,Bandung,0.5935791310515657
2025-11-313,Kota Cimahi,0.30239547643395326
2025-11-313,Kota Tasikmalaya,0.46964680954116567
2025-11-313,Tasikmalaya,0.5436842135738014
2025-11-313,Ciamis,0.4844031153534646
2025-11-313,Kota Banjar,0.4377263749306477
2025-11-313,Bekasi,0.36280258918189395
2025-11-313,Bogor,0.45066282476762265
2025-11-313,Cianjur,0.5801727861504279
2025-11-313,Cirebon,0.4210495490125895
2025-11-313,Garut,0.5424168517239426
2025-11-313,Indramayu,0.3686244373489859
2025-11-313,Karawang,0.46850816865543704
2025-11-313,Kota Bandung,0.333346866686841
2025-11-313,Kota Bogor,0.38579333601970695
2025-11-313,Kota Cirebon,0.2707990080968023
2025-11-313,Kota Sukabumi,0.3955177437915078
2025-11-313,Kuningan,0.5406609043010051
2025-11-313,Majalengka,0.5249772084973077
2025-11-313,Purwakarta,0.5819010056048608
2025-11-313,Subang,0.5407343060947761
2025-11-313,Sukabumi,0.45634240039165397
2025-11-313,Sumedang,0.626472529390479
2025-11-313,Kota Bekasi,0.23371727649383245
2025-11-313,Kota Depok,0.29367339402570275
2025-11-321,Bandung,0.535258554882112
2025-11-321,Kota Cimahi,0.33378384644968423
2025-11-321,Kota Tasikmalaya,0.5693346162002466
2025-11-321,Tasikmalaya,0.6700687939846556
2025-11-321,Ciamis,0.5571575718217342
2025-11-321,Kota Banjar,0.4714923646488937
2025-11-321,Bekasi,0.38665021690527734
2025-11-321,Bogor,0.5723315671182692
2025-11-321,Cianjur,0.5731718607675702
2025-11-321,Cirebon,0.4720790668501408
2025-11-321,Garut,0.6573302812101965
2025-11-321,Indramayu,0.4071382956604644
2025-11-321,Karawang,0.408134323384497
2025-11-321,Kota Bandung,0.3016406466248342
2025-11-321,Kota Bogor,0.4611059111406156
2025-11-321,Kota Cirebon,0.36282848634957443
2025-11-321,Kota Sukabumi,0.3498603754839083
2025-11-321,Kuningan,0.6251744485815827
2025-11-321,Majalengka,0.5635943732272068
2025-11-321,Purwakarta,0.5991377246264529
2025-11-321,Subang,0.5259306933459927
2025-11-321,Sukabumi,0.5108351296857677
2025-11-321,Sumedang,0.6874599991772601
2025-11-321,Kota Bekasi,0.29586802885592833
2025-11-321,Kota Depok,0.3624780085863271
2025-11-329,Bandung,0.4829366545015551
2025-11-329,Kota Cimahi,0.18743489035430574
2025-11-329,Kota Tasikmalaya,0.5641361001796374
2025-11-329,Tasikmalaya,0.5933308477927056
2025-11-329,Ciamis,0.5285023067151601
2025-11-329,Kota Banjar,0.4976241929135505
2025-11-329,Bekasi,0.3911461904995315
2025-11-329,Bogor,0.6251220599146108
2025-11-329,Cianjur,0.5442814457792713
2025-11-329,Cirebon,0.5036670664643186
2025-11-329,Garut,0.6352123983467042
2025-11-329,Indramayu,0.3637693225933451
2025-11-329,Karawang,0.4149774341949722
2025-11-329,Kota Bandung,0.3135454718553625
2025-11-329,Kota Bogor,0.46817448142963586
2025-11-329,Kota Cirebon,0.4176414983667031
2025-11-329,Kota Sukabumi,0.41264775752010635
2025-11-329,Kuningan,0.6696726644494373
2025-11-329,Majalengka,0.49193320112156713
2025-11-329,Purwakarta,0.5110144661479149
2025-11-329,Subang,0.4897044529126534
2025-11-329,Sukabumi,0.605687261360205
2025-11-329,Sumedang,0.643741279603602
2025-11-329,Kota Bekasi,0.27340707708478307
2025-11-329,Kota Depok,0.3399426911028927
2025-12-337,Bandung,0.5198817251020471
2025-12-337,Kota Cimahi,0.23982399628706558
2025-12-337,Kota Tasikmalaya,0.5240096196318333
2025-12-337,Tasikmalaya,0.5372766422694645
2025-12-337,Ciamis,0.5367672548213551
2025-12-337,Kota Banjar,0.6075475479083358
2025-12-337,Bekasi,0.41871815604331786
2025-12-337,Bogor,0.68323179473859
2025-12-337,Cianjur,0.590330288512951
2025-12-337,Cirebon,0.4949132241507379
2025-12-337,Garut,0.5662667560909431
2025-12-337,Indramayu,0.37537327892957534
2025-12-337,Karawang,0.4769838792651333
2025-12-337,Kota Bandung,0.34226155211724296
2025-12-337,Kota Bogor,0.4903868818434881
2025-12-337,Kota Cirebon,0.399423257148377
2025-12-337,Kota Sukabumi,0.5526052085186588
2025-12-337,Kuningan,0.6165494684587954
2025-12-337,Majalengka,0.5366362441476109
2025-12-337,Purwakarta,0.6489703157607835
2025-12-337,Subang,0.49038374735282036
2025-12-337,Sukabumi,0.6297353471655991
2025-12-337,Sumedang,0.6967044424817446
2025-12-337,Kota Bekasi,0.33606168465548025
2025-12-337,Kota Depok,0.4154118128491517
2025-12-345,Bandung,0.648250110885091
2025-12-345,Kota Cimahi,0.32766262323001977
2025-12-345,Kota Tasikmalaya,0.47248635079998524
2025-12-345,Tasikmalaya,0.5243965835516456
2025-12-345,Ciamis,0.4415974734106042
2025-12-345,Kota Banjar,0.4121075484448216
2025-12-345,Bekasi,0.43138290709408084
2025-12-345,Bogor,0.6420386459695883
2025-12-345,Cianjur,0.5352648672963258
2025-12-345,Cirebon,0.5049439959392036
2025-12-345,Garut,0.567520946436468
2025-12-345,Indramayu,0.3607458516377758
2025-12-345,Karawang,0.49016003069211495
2025-12-345,Kota Bandung,0.3613358557672984
2025-12-345,Kota Bogor,0.47693596901455515
2025-12-345,Kota Cirebon,0.44769022873373443
2025-12-345,Kota Sukabumi,0.38385129356462466
2025-12-345,Kuningan,0.6729050422982678
2025-12-345,Majalengka,0.5852855424223408
2025-12-345,Purwakarta,0.6859895168824087
2025-12-345,Subang,0.537279530382485
2025-12-345,Sukabumi,0.38770803532727616
2025-12-345,Sumedang,0.7223263940704957
2025-12-345,Kota Bekasi,0.35183537659042663
2025-12-345,Kota Depok,0.2859108640185019
2025-12-353,Bandung,0.4237479889285251
2025-12-353,Kota Cimahi,0.18364479218526594
2025-12-353,Kota Tasikmalaya,0.6183234297705176
2025-12-353,Tasikmalaya,0.7270044342329703
2025-12-353,Ciamis,0.7377604321748449
2025-12-353,Kota Banjar,0.6922353924189505
2025-12-353,Bekasi,0.2955073404021482
2025-12-353,Bogor,0.21481920765148685
2025-12-353,Cianjur,0.614234788126223
2025-12-353,Cirebon,0.43220259164956765
2025-12-353,Garut,0.6640335212281537
2025-12-353,Indramayu,0.25895791236603394
2025-12-353,Karawang,0.26344713352565813
2025-12-353,Kota Bandung,0.19296520832411457
2025-12-353,Kota Bogor,0.11762832302611315
2025-12-353,Kota Cirebon,0.44095117224533154
2025-12-353,Kota Sukabumi,0.5900688159207409
2025-12-353,Kuningan,0.6334150262869667
2025-12-353,Majalengka,0.5077882629523428
2025-12-353,Purwakarta,0.18364030655188368
2025-12-353,Subang,0.281355446398139
2025-12-353,Sukabumi,0.7155920661638598
2025-12-353,Sumedang,0.41578098899373667
2025-12-353,Kota Bekasi,0.3011462930165711
2025-12-353,Kota Depok,0.22407870806797747
2025-12-361,Bandung,0.468674058441866
2025-12-361,Kota Cimahi,0.2600111394168277
2025-12-361,Kota Tasikmalaya,0.3872923675173341
2025-12-361,Tasikmalaya,0.48202379678173735
2025-12-361,Ciamis,0.37071796462431145
2025-12-361,Kota Banjar,0.3064590706327361
2025-12-361,Bekasi,0.3166949938027076
2025-12-361,Bogor,0.4882268721078502
2025-12-361,Cianjur,0.5241313440370765
2025-12-361,Cirebon,0.28129065756675414
2025-12-361,Garut,0.5166486065237695
2025-12-361,Indramayu,0.22799372138034107
2025-12-361,Karawang,0.3448727631328601
2025-12-361,Kota Bandung,0.23419114412386563
2025-12-361,Kota Bogor,0.3610139122618353
2025-12-361,Kota Cirebon,0.2920582229425459
2025-12-361,Kota Sukabumi,0.377295986371213
2025-12-361,Kuningan,0.44822658555661465
2025-12-361,Majalengka,0.4276380031390987
2025-12-361,Purwakarta,0.5774100513221613
2025-12-361,Subang,0.3662034742354334
2025-12-361,Sukabumi,0.42621447672372736
2025-12-361,Sumedang,0.5156031915089992
2025-12-361,Kota Bekasi,0.24275373183495913
2025-12-361,Kota Depok,0.2682838260527935
2026-01-01,Bandung,0.6273483323525167
2026-01-01,Kota Cimahi,0.30981703694811674
2026-01-01,Kota Tasikmalaya,0.47642633518403427
2026-01-01,Tasikmalaya,0.6873402247473646
2026-01-01,Ciamis,0.6868848727082911
2026-01-01,Kota Banjar,0.6435171873202657
2026-01-01,Bekasi,0.17488674292420248
2026-01-01,Bogor,0.42307510244207386
2026-01-01,Cianjur,0.6299231050440686
2026-01-01,Cirebon,0.5017597644895151
2026-01-01,Garut,0.6718652709463065
2026-01-01,Indramayu,0.2523269864727281
2026-01-01,Karawang,0.18055805774325562
2026-01-01,Kota Bandung,0.36569233148363595
2026-01-01,Kota Bogor,0.287864108351463
2026-01-01,Kota Cirebon,0.468051141057591
2026-01-01,Kota Sukabumi,0.5124811572231335
2026-01-01,Kuningan,0.6699152442946744
2026-01-01,Majalengka,0.6555115568079739
2026-01-01,Purwakarta,0.457635904023294
2026-01-01,Subang,0.3253355164126015
2026-01-01,Sukabumi,0.585507179211509
2026-01-01,Sumedang,0.6832195891761237
2026-01-01,Kota Bekasi,0.20155733226144446
2026-01-01,Kota Depok,0.26756933200514993
2026-01-09,Bandung,0.43462032002197326
2026-01-09,Kota Cimahi,0.33853027212811465
2026-01-09,Kota Tasikmalaya,0.668913201157064
2026-01-09,Tasikmalaya,0.7278527000243585
2026-01-09,Ciamis,0.7418021510772773
2026-01-09,Kota Banjar,0.6346012240293438
2026-01-09,Bekasi,0.2469635628105811
2026-01-09,Bogor,0.3621640597754781
2026-01-09,Cianjur,0.30999464002633725
2026-01-09,Cirebon,0.5044596447234213
2026-01-09,Garut,0.6045658244219293
2026-01-09,Indramayu,0.2687766635180259
2026-01-09,Karawang,0.22695238295514863
2026-01-09,Kota Bandung,0.36914374977235676
2026-01-09,Kota Bogor,0.2523060852459108
2026-01-09,Kota Cirebon,0.45978250011012306
2026-01-09,Kota Sukabumi,0.3524243328850945
2026-01-09,Kuningan,0.6870935418598381
2026-01-09,Majalengka,0.6965700188276098
2026-01-09,Purwakarta,0.48377117573962386
2026-01-09,Subang,0.3758216102784162
2026-01-09,Sukabumi,0.4809374121037224
2026-01-09,Sumedang,0.7074352439692115
2026-01-09,Kota Bekasi,0.21726802103223028
2026-01-09,Kota Depok,0.14156500033613534
2026-01-17,Bandung,0.2509161870758954
2026-01-17,Kota Cimahi,0.11692354794529296
2026-01-17,Kota Tasikmalaya,0.4078387686180013
2026-01-17,Tasikmalaya,0.6631290575100895
2026-01-17,Ciamis,0.6063079536090944
2026-01-17,Kota Banjar,0.56649199253941
2026-01-17,Bekasi,0.08103176607593844
2026-01-17,Bogor,0.08804521700113287
2026-01-17,Cianjur,0.46137672219883075
2026-01-17,Cirebon,0.09495319763408526
2026-01-17,Garut,0.5505798696352486
2026-01-17,Indramayu,0.04527893422693582
2026-01-17,Karawang,0.0721881950057111
2026-01-17,Kota Bandung,0.10194366817189787
2026-01-17,Kota Bogor,0.05444573891926189
2026-01-17,Kota Cirebon,0.03710138036760408
2026-01-17,Kota Sukabumi,0.2547806460425143
2026-01-17,Kuningan,0.22756566873840914
2026-01-17,Majalengka,0.1640085237945124
2026-01-17,Purwakarta,0.08417989157162196
2026-01-17,Subang,0.09270820334609262
2026-01-17,Sukabumi,0.340557831072447
2026-01-17,Sumedang,0.18817968691301917
2026-01-17,Kota Bekasi,0.11796688930612206
2026-01-17,Kota Depok,0.06023238549380905
2026-01-25,Bandung,0.4423827502333074
2026-01-25,Kota Cimahi,0.17732007347364576
2026-01-25,Kota Tasikmalaya,0.4710719026163944
2026-01-25,Tasikmalaya,0.6935015159549704
2026-01-25,Ciamis,0.6360931717839092
2026-01-25,Kota Banjar,0.5002883479798542
2026-01-25,Bekasi,0.08523474377578877
2026-01-25,Bogor,0.05448550319887951
2026-01-25,Cianjur,0.6251534750361026
2026-01-25,Cirebon,0.4393473476902229
2026-01-25,Garut,0.6905171530852162
2026-01-25,Indramayu,0.14826564991515417
2026-01-25,Karawang,0.07379469359319211
2026-01-25,Kota Bandung,0.19473305808915672
2026-01-25,Kota Bogor,0.02850447075520754
2026-01-25,Kota Cirebon,0.4130836429682722
2026-01-25,Kota Sukabumi,0.4993830186431778
2026-01-25,Kuningan,0.5092124651302675
2026-01-25,Majalengka,0.35454710041703386
2026-01-25,Purwakarta,0.12192153647174842
2026-01-25,Subang,0.1552311670304036
2026-01-25,Sukabumi,0.6186153537712098
2026-01-25,Sumedang,0.253284302942315
2026-01-25,Kota Bekasi,0.016277131325468853
2026-01-25,Kota Depok,0.04970323878243707
2026-02-33,Bandung,0.3777864255875354
2026-02-33,Kota Cimahi,0.3133228782297979
2026-02-33,Kota Tasikmalaya,0.6397945010331121
2026-02-33,Tasikmalaya,0.7921585697912766
2026-02-33,Ciamis,0.7640103138990854
2026-02-33,Kota Banjar,0.6774233082532989
2026-02-33,Bekasi,0.25873150464944744
2026-02-33,Bogor,0.3493112964486835
2026-02-33,Cianjur,0.5007246883688192
2026-02-33,Cirebon,0.4994584744937561
2026-02-33,Garut,0.6590766556979306
2026-02-33,Indramayu,0.4145330587696679
2026-02-33,Karawang,0.2491890495553068
2026-02-33,Kota Bandung,0.2555859595402545
2026-02-33,Kota Bogor,0.2937406675434724
2026-02-33,Kota Cirebon,0.44785360143476577
2026-02-33,Kota Sukabumi,0.5161764616823619
2026-02-33,Kuningan,0.6138636545728986
2026-02-33,Majalengka,0.7019244468624072
2026-02-33,Purwakarta,0.5454766684812743
2026-02-33,Subang,0.5641925982219217
2026-02-33,Sukabumi,0.681392681829699
2026-02-33,Sumedang,0.6080878241626552
2026-02-33,Kota Bekasi,0.1951379028935595
2026-02-33,Kota Depok,0.2162569027162235
2026-02-41,Bandung,0.4826605690356262
2026-02-41,Kota Cimahi,0.19750988343489187
2026-02-41,Kota Tasikmalaya,0.5902088030328918
2026-02-41,Tasikmalaya,0.6886335975938657
2026-02-41,Ciamis,0.6834676619945815
2026-02-41,Kota Banjar,0.6812962505908238
2026-02-41,Bekasi,0.18943713958083944
2026-02-41,Bogor,0.45247059435439557
2026-02-41,Cianjur,0.6761556596129379
2026-02-41,Cirebon,0.48269889872040095
2026-02-41,Garut,0.6517813312549771
2026-02-41,Indramayu,0.3560621165433216
2026-02-41,Karawang,0.2285716369853496
2026-02-41,Kota Bandung,0.24887373973032245
2026-02-41,Kota Bogor,0.3908822801732347
2026-02-41,Kota Cirebon,0.4619675823159273
2026-02-41,Kota Sukabumi,0.6189086609660519
2026-02-41,Kuningan,0.7039775485150975
2026-02-41,Majalengka,0.684242909044719
2026-02-41,Purwakarta,0.46675501548048365
2026-02-41,Subang,0.551788668923116
2026-02-41,Sukabumi,0.7279705150362497
2026-02-41,Sumedang,0.684786414224485
2026-02-41,Kota Bekasi,0.1408121632907419
2026-02-41,Kota Depok,0.26414621849374864
2026-02-49,Bandung,0.3604518339051665
2026-02-49,Kota Cimahi,0.2550789380149541
2026-02-49,Kota Tasikmalaya,0.3291082890413857
2026-02-49,Tasikmalaya,0.3068071391562782
2026-02-49,Ciamis,0.2856874343854703
2026-02-49,Kota Banjar,0.32320446971512024
2026-02-49,Bekasi,0.17632346313309172
2026-02-49,Bogor,0.5163699727046199
2026-02-49,Cianjur,0.25972118786954085
2026-02-49,Cirebon,0.2741062932593135
2026-02-49,Garut,0.28174347814660433
2026-02-49,Indramayu,0.23879948788522265
2026-02-49,Karawang,0.24213726314182316
2026-02-49,Kota Bandung,0.285483885871534
2026-02-49,Kota Bogor,0.5233049058271244
2026-02-49,Kota Cirebon,0.17768871607329484
2026-02-49,Kota Sukabumi,0.21439401849597708
2026-02-49,Kuningan,0.30284283735668516
2026-02-49,Majalengka,0.39362712844061354
2026-02-49,Purwakarta,0.6442561367049987
2026-02-49,Subang,0.37909112883738155
2026-02-49,Sukabumi,0.27986246869560555
2026-02-49,Sumedang,0.21533320904784223
2026-02-49,Kota Bekasi,0.19089514633504
2026-02-49,Kota Depok,0.3648220274675842
2026-02-57,Bandung,0.3027117834787855
2026-02-57,Kota Cimahi,0.19153426889046063
2026-02-57,Kota Tasikmalaya,0.34786931289259704
2026-02-57,Tasikmalaya,0.41150625533048946
2026-02-57,Ciamis,0.38333589360544384
2026-02-57,Kota Banjar,0.5407011524966487
2026-02-57,Bekasi,0.24432075623953162
2026-02-57,Bogor,0.22406714727162616
2026-02-57,Cianjur,0.32026965822474934
2026-02-57,Cirebon,0.21326690207542262
2026-02-57,Garut,0.3482073127503738
2026-02-57,Indramayu,0.2022886552270226
2026-02-57,Karawang,0.21736177048059846
2026-02-57,Kota Bandung,0.1970053280639864
2026-02-57,Kota Bogor,0.3425211513203523
2026-02-57,Kota Cirebon,0.12004391948089528
2026-02-57,Kota Sukabumi,0.1832003341084427
2026-02-57,Kuningan,0.45753476637807095
2026-02-57,Majalengka,0.28514408691183096
2026-02-57,Purwakarta,0.38441968621788086
2026-02-57,Subang,0.3123510392405865
2026-02-57,Sukabumi,0.24205482140206797
2026-02-57,Sumedang,0.28320473487271836
2026-02-57,Kota Bekasi,0.18772539257934026
2026-02-57,Kota Depok,0.22676909036251935
2026-03-65,Bandung,0.7449152930576484
2026-03-65,Kota Cimahi,0.33559401621303264
2026-03-65,Kota Tasikmalaya,0.6715052561999483
2026-03-65,Tasikmalaya,0.8370525443373741
2026-03-65,Ciamis,0.8017804584454358
2026-03-65,Kota Banjar,0.700568689070617
2026-03-65,Bekasi,0.4476384008604458
2026-03-65,Bogor,0.7368736002855408
2026-03-65,Cianjur,0.7942119830234668
2026-03-65,Cirebon,0.5979398295654639
2026-03-65,Garut,0.810698805449405
2026-03-65,Indramayu,0.5883841380797694
2026-03-65,Karawang,0.4467047324670406
2026-03-65,Kota Bandung,0.38049848794555363
2026-03-65,Kota Bogor,0.5462127872684415
2026-03-65,Kota Cirebon,0.48394390022995243
2026-03-65,Kota Sukabumi,0.5973114706955297
2026-03-65,Kuningan,0.7896012091456649
2026-03-65,Majalengka,0.7390258331799142
2026-03-65,Purwakarta,0.7209775190898012
2026-03-65,Subang,0.7054181738485484
2026-03-65,Sukabumi,0.7575263894994997
2026-03-65,Sumedang,0.7862667199357379
2026-03-65,Kota Bekasi,0.351828904076693
2026-03-65,Kota Depok,0.4624549468633515
2026-03-73,Bandung,0.741221417290805
2026-03-73,Kota Cimahi,0.34440581654127017
2026-03-73,Kota Tasikmalaya,0.6182762892047582
2026-03-73,Tasikmalaya,0.7841089671242265
2026-03-73,Ciamis,0.7158855568695531
2026-03-73,Kota Banjar,0.6687260304703602
2026-03-73,Bekasi,0.46544561075854857
2026-03-73,Bogor,0.7339341060926834
2026-03-73,Cianjur,0.7959474794067835
2026-03-73,Cirebon,0.5821620636482793
2026-03-73,Garut,0.7929923709903648
2026-03-73,Indramayu,0.6314354381995463
2026-03-73,Karawang,0.45592748031159347
2026-03-73,Kota Bandung,0.37147900914185633
2026-03-73,Kota Bogor,0.5218888904165414
2026-03-73,Kota Cirebon,0.3966578772550334
2026-03-73,Kota Sukabumi,0.5988213621748341
2026-03-73,Kuningan,0.742554294136303
2026-03-73,Majalengka,0.716316285929796
2026-03-73,Purwakarta,0.7235983819520394
2026-03-73,Subang,0.7042436603604317
2026-03-73,Sukabumi,0.8059390284613444
2026-03-73,Sumedang,0.7594191260113141
2026-03-73,Kota Bekasi,0.34890579188222914
2026-03-73,Kota Depok,0.44981324805045275
2026-03-81,Bandung,0.7343256741120805
2026-03-81,Kota Cimahi,0.3470772775718956
2026-03-81,Kota Tasikmalaya,0.6325606906522843
2026-03-81,Tasikmalaya,0.7161938284555387
2026-03-81,Ciamis,0.6345623358223781
2026-03-81,Kota Banjar,0.6004680797510028
2026-03-81,Bekasi,0.47010609338493625
2026-03-81,Bogor,0.7248663637609143
2026-03-81,Cianjur,0.8025967556397824
2026-03-81,Cirebon,0.5707869226799757
2026-03-81,Garut,0.7907389320657561
2026-03-81,Indramayu,0.6547485057546903
2026-03-81,Karawang,0.48607058375700085
2026-03-81,Kota Bandung,0.3795043450909776
2026-03-81,Kota Bogor,0.5190442006314777
2026-03-81,Kota Cirebon,0.3403654326765982
2026-03-81,Kota Sukabumi,0.5238887018756972
2026-03-81,Kuningan,0.5586317730868858
2026-03-81,Majalengka,0.6417305429141829
2026-03-81,Purwakarta,0.6945213652077724
2026-03-81,Subang,0.6871626224365432
2026-03-81,Sukabumi,0.7582930002716409
2026-03-81,Sumedang,0.7183583783986538
2026-03-81,Kota Bekasi,0.2838965764925254
2026-03-81,Kota Depok,0.3782329065393708
2026-03-89,Bandung,0.6910817219881087
2026-03-89,Kota Cimahi,0.33361785644079545
2026-03-89,Kota Tasikmalaya,0.6230444684000649
2026-03-89,Tasikmalaya,0.7008629038868948
2026-03-89,Ciamis,0.5902529573690806
2026-03-89,Kota Banjar,0.6230190923146669
2026-03-89,Bekasi,0.47680492515828826
2026-03-89,Bogor,0.6930890188830623
2026-03-89,Cianjur,0.7662973991514116
2026-03-89,Cirebon,0.6068771886716667
2026-03-89,Garut,0.7669400740020033
2026-03-89,Indramayu,0.6149765033656696
2026-03-89,Karawang,0.47879737841412096
2026-03-89,Kota Bandung,0.39260953713154695
2026-03-89,Kota Bogor,0.5229210286329123
2026-03-89,Kota Cirebon,0.4435066937362095
2026-03-89,Kota Sukabumi,0.58413766563054
2026-03-89,Kuningan,0.7251699790817626
2026-03-89,Majalengka,0.6673772600981135
2026-03-89,Purwakarta,0.683847003155283
2026-03-89,Subang,0.6566823292489362
2026-03-89,Sukabumi,0.7600330713278057
2026-03-89,Sumedang,0.7642854047180512
2026-03-89,Kota Bekasi,0.35409296944209334
2026-03-89,Kota Depok,0.46290599828617957
2026-04-97,Bandung,0.7303388868568502
2026-04-97,Kota Cimahi,0.33572673362242444
2026-04-97,Kota Tasikmalaya,0.6217004998560642
2026-04-97,Tasikmalaya,0.7904651673859848
2026-04-97,Ciamis,0.6943887023951113
2026-04-97,Kota Banjar,0.6324830863071291
2026-04-97,Bekasi,0.5156591384280562
2026-04-97,Bogor,0.751423489552218
2026-04-97,Cianjur,0.8029241972989482
2026-04-97,Cirebon,0.6004161946427409
2026-04-97,Garut,0.799643048108529
2026-04-97,Indramayu,0.630246530189676
2026-04-97,Karawang,0.5280893986669885
2026-04-97,Kota Bandung,0.38665408585959976
2026-04-97,Kota Bogor,0.5446035459891478
2026-04-97,Kota Cirebon,0.4074973988598307
2026-04-97,Kota Sukabumi,0.590371577987236
2026-04-97,Kuningan,0.7610229928325138
2026-04-97,Majalengka,0.6547254647823442
2026-04-97,Purwakarta,0.708617887376999
2026-04-97,Subang,0.6553712592965365
2026-04-97,Sukabumi,0.8035013194721914
2026-04-97,Sumedang,0.7574919732406238
2026-04-97,Kota Bekasi,0.36244136556819295
2026-04-97,Kota Depok,0.47765673303405104
2026-04-105,Bandung,0.7282563840162171
2026-04-105,Kota Cimahi,0.34263012548082306
2026-04-105,Kota Tasikmalaya,0.5931378951695441
2026-04-105,Tasikmalaya,0.5654484456747368
2026-04-105,Ciamis,0.5975053803673789
2026-04-105,Kota Banjar,0.6704444239854123
2026-04-105,Bekasi,0.5083974649645541
2026-04-105,Bogor,0.7231191817455943
2026-04-105,Cianjur,0.7972869616283593
2026-04-105,Cirebon,0.6456316979528042
2026-04-105,Garut,0.7270814895961898
2026-04-105,Indramayu,0.6191903596162387
2026-04-105,Karawang,0.5426589292126139
2026-04-105,Kota Bandung,0.3847757947088457
2026-04-105,Kota Bogor,0.5412185182215097
2026-04-105,Kota Cirebon,0.48846311746513815
2026-04-105,Kota Sukabumi,0.5833234011574111
2026-04-105,Kuningan,0.731838439086997
2026-04-105,Majalengka,0.6154100902826123
2026-04-105,Purwakarta,0.734842475716862
2026-04-105,Subang,0.6679586306544631
2026-04-105,Sukabumi,0.7979432308417639
2026-04-105,Sumedang,0.7589802593542004
2026-04-105,Kota Bekasi,0.3716212432911973
2026-04-105,Kota Depok,0.475196386636685
2026-04-113,Bandung,0.6983353042977326
2026-04-113,Kota Cimahi,0.32821273328101164
2026-04-113,Kota Tasikmalaya,0.6764769399318649
2026-04-113,Tasikmalaya,0.8296508503015553
2026-04-113,Ciamis,0.7764205073932788
2026-04-113,Kota Banjar,0.6954277263159999
2026-04-113,Bekasi,0.5298715478760186
2026-04-113,Bogor,0.7469204564369272
2026-04-113,Cianjur,0.7978252662459431
2026-04-113,Cirebon,0.6058146083843206
2026-04-113,Garut,0.7841909047493727
2026-04-113,Indramayu,0.5979459616110796
2026-04-113,Karawang,0.5675797641756934
2026-04-113,Kota Bandung,0.37032719273198894
2026-04-113,Kota Bogor,0.5215948089078013
2026-04-113,Kota Cirebon,0.4357846392869623
2026-04-113,Kota Sukabumi,0.5734459346395591
2026-04-113,Kuningan,0.6762037921868829
2026-04-113,Majalengka,0.6240505076899111
2026-04-113,Purwakarta,0.7144592652788264
2026-04-113,Subang,0.6295042727603194
2026-04-113,Sukabumi,0.8114629454725099
2026-04-113,Sumedang,0.7038758437878943
2026-04-113,Kota Bekasi,0.36355293307111347
2026-04-113,Kota Depok,0.46805918939103375
2026-05-121,Bandung,0.7065283120318406
2026-05-121,Kota Cimahi,0.37150592223295903
2026-05-121,Kota Tasikmalaya,0.5580639520971024
2026-05-121,Tasikmalaya,0.6050718883816915
2026-05-121,Ciamis,0.5397394920217798
2026-05-121,Kota Banjar,0.576728815301172
2026-05-121,Bekasi,0.49017274336295985
2026-05-121,Bogor,0.7149111044955372
2026-05-121,Cianjur,0.784670284098024
2026-05-121,Cirebon,0.6394179467117728
2026-05-121,Garut,0.7323675991391794
2026-05-121,Indramayu,0.582932570933665
2026-05-121,Karawang,0.5438495701750302
2026-05-121,Kota Bandung,0.4010288766133847
2026-05-121,Kota Bogor,0.5467186064358864
2026-05-121,Kota Cirebon,0.49835692507001805
2026-05-121,Kota Sukabumi,0.598829211131435
2026-05-121,Kuningan,0.7032571908385977
2026-05-121,Majalengka,0.6019480761663133
2026-05-121,Purwakarta,0.672745550137091
2026-05-121,Subang,0.633753956330048
2026-05-121,Sukabumi,0.8013232317696984
2026-05-121,Sumedang,0.7648332408357613
2026-05-121,Kota Bekasi,0.3755508260620764
2026-05-121,Kota Depok,0.5060518576558468
2026-05-129,Bandung,0.7409672783679632
2026-05-129,Kota Cimahi,0.36992068017861796
2026-05-129,Kota Tasikmalaya,0.6666950984436174
2026-05-129,Tasikmalaya,0.7520725821789394
2026-05-129,Ciamis,0.5996652783548001
2026-05-129,Kota Banjar,0.4721191979112562
2026-05-129,Bekasi,0.5396440440216834
2026-05-129,Bogor,0.7358211437220669
2026-05-129,Cianjur,0.8078046893824776
2026-05-129,Cirebon,0.6193241944303663
2026-05-129,Garut,0.8145800741490389
2026-05-129,Indramayu,0.5623962232728013
2026-05-129,Karawang,0.5894953454902376
2026-05-129,Kota Bandung,0.39916726174437483
2026-05-129,Kota Bogor,0.5074934913240938
2026-05-129,Kota Cirebon,0.47096672645746435
2026-05-129,Kota Sukabumi,0.5698837300404179
2026-05-129,Kuningan,0.6180990066314127
2026-05-129,Majalengka,0.6186540016714397
2026-05-129,Purwakarta,0.7297148253265837
2026-05-129,Subang,0.6507084386584312
2026-05-129,Sukabumi,0.7934586181912141
2026-05-129,Sumedang,0.7503127919043658
2026-05-129,Kota Bekasi,0.3558521590640272
2026-05-129,Kota Depok,0.47801392256010933
2026-05-137,Bandung,0.7386984576730241
2026-05-137,Kota Cimahi,0.35409644207052127
2026-05-137,Kota Tasikmalaya,0.6888483180132676
2026-05-137,Tasikmalaya,0.8330073212846576
2026-05-137,Ciamis,0.8008326363898416
2026-05-137,Kota Banjar,0.6725887577433202
2026-05-137,Bekasi,0.5415740689266032
2026-05-137,Bogor,0.717014455349589
2026-05-137,Cianjur,0.813712235049513
2026-05-137,Cirebon,0.6198609336774846
2026-05-137,Garut,0.8202902608046715
2026-05-137,Indramayu,0.5238018241485654
2026-05-137,Karawang,0.5896844704851707
2026-05-137,Kota Bandung,0.37530439435326857
2026-05-137,Kota Bogor,0.5293546502374972
2026-05-137,Kota Cirebon,0.48058668810811483
2026-05-137,Kota Sukabumi,0.5694687222333579
2026-05-137,Kuningan,0.7742213394231932
2026-05-137,Majalengka,0.7092216240736732
2026-05-137,Purwakarta,0.7335599301173014
2026-05-137,Subang,0.6126009927917442
2026-05-137,Sukabumi,0.7937491436320152
2026-05-137,Sumedang,0.7927199533828349
2026-05-137,Kota Bekasi,0.37146412030119225
2026-05-137,Kota Depok,0.46249206347048444
