date,Kabupaten,LST_Mean,LST_Max,LST_Percentile95,Cloud_Cover_Percentage,Max_Lon,Max_Lat
2014-01-09,Cirebon,28.36588103579853,42.46480292000001,34.56133625909089,2.8733817790102525,,
2014-01-09,Indramayu,35.9500452601072,75.04195154000001,40.733883341293875,2.1282870229439097,,
2014-01-09,Majalengka,36.51703261616009,60.214580780000006,54.05530874000002,0.0,,
2014-01-09,Subang,37.445219964293,72.77580427999999,42.37371273471059,0.03795994201389506,,
2014-03-73,Cirebon,28.986826431751513,39.04336490000003,34.93501102635344,90.66138939422622,,
2014-03-73,Indramayu,28.908032236825797,65.12969354,34.74111573695928,59.1291493394652,,
2014-03-73,Majalengka,26.829522356426487,48.71977952000003,40.94463852499999,52.676896415381655,,
2014-03-73,Subang,30.583434248362746,62.740497559999994,36.74438187914821,17.33992948449675,,
2014-03-89,Cirebon,15.401329937149306,36.28502276000006,24.126581502453902,17.220520728695366,,
2014-03-89,Indramayu,18.1041654194429,57.86640104000003,29.234561848184054,83.79778896712313,,
2014-03-89,Majalengka,13.191152208580656,36.53453822000006,35.69797782500001,63.47861697071509,,
2014-03-89,Subang,25.886180191029986,48.87359042000003,31.36750771235851,92.98605275802214,,
2014-05-121,Cirebon,35.136692440728694,46.388689880000015,39.43714110128087,5.751397164319534,,
2014-05-121,Indramayu,35.828447338007216,72.60148526,40.23234196630556,24.135930549885206,,
2014-05-121,Majalengka,37.99119954003743,62.86354628000004,57.6626481475642,0.0,,
2014-05-121,Subang,36.80929091079182,63.83768198000001,40.22147804997915,46.70457673185052,,
2014-05-137,Cirebon,28.093439251509178,45.93409322000002,38.74323357490932,0.4976061522875173,,
2014-05-137,Indramayu,13.558658036845214,68.44517294000002,38.242418362400606,20.393691446421954,,
2014-05-137,Majalengka,-10.990383520300687,5.314343539999982,-1.7095227498112926,13.65022806483715,,
2014-05-137,Subang,4.318245301662108,43.07662850000003,28.754748368418753,78.97958200376672,,
2014-06-153,Cirebon,36.12111195474542,45.11376842000004,39.84410069767577,0.4708237341977029,,
2014-06-153,Indramayu,35.470036468203695,73.26458114000002,39.62008598159874,0.5024810190118644,,
2014-06-153,Majalengka,37.38475133035576,60.494858420000014,54.855125420000036,0.0,,
2014-06-153,Subang,35.31974858860586,66.98567839999998,39.12011130602425,0.013595183535781681,,
2014-06-169,Cirebon,39.319373494116476,48.077191760000005,43.87527716608345,22.515200980102108,,
2014-06-169,Indramayu,36.96998716460629,76.07077556000002,43.23460874110813,36.68978096342161,,
2014-06-169,Subang,39.46034639306733,71.78457848000005,44.239370494540815,4.3864146773805155,,
2014-07-185,Indramayu,19.798789930389876,55.95914588000005,31.53285479072367,93.34188269948453,,
2014-07-185,Majalengka,15.527651733022653,43.96873172000005,34.35213245,33.988140304165135,,
2014-07-185,Subang,32.33138643052236,60.92211092000002,38.23641148793264,22.10909553675181,,
2014-07-201,Cirebon,27.518316419118786,39.67911662000006,33.434700356628625,19.624150766776612,,
2014-07-201,Indramayu,32.56039227356276,70.78309862000003,39.47655651678859,75.5395907368779,,
2014-07-201,Subang,35.736976162664604,69.07750664000002,39.870617059093995,0.0,,
2014-08-217,Cirebon,33.634846921829315,41.702584460000026,36.93684672390796,23.19943060900071,,
2014-08-217,Indramayu,35.184088584458536,73.14836846000003,40.62293683239338,36.92037403186424,,
2014-08-217,Majalengka,37.7308654521319,63.84109999999998,59.182338740000034,14.937956228102681,,
2014-08-217,Subang,35.42528299804453,66.54817184000001,40.12131463504779,28.642937862772662,,
2014-08-233,Cirebon,35.34559538235311,45.50342269999999,40.657858169195066,0.0,,
2014-08-233,Indramayu,36.02049620148623,79.17433772000004,42.23772358856771,24.508772086590515,,
2014-08-233,Majalengka,41.82367951976991,66.62678630000005,62.43800279000001,0.0,,
2014-08-233,Subang,35.12856373682777,60.82982437999999,40.744035244181624,68.87928408685838,,
2014-09-249,Cirebon,36.524970778349335,45.917003120000004,41.9064525851486,1.1266289108559207,,
2014-09-249,Indramayu,40.617739667685335,87.03236570000001,47.37087934583049,0.9585669267299332,,
2014-09-249,Majalengka,45.494925806228615,75.1718363,66.32486120000003,0.0,,
2014-09-249,Subang,39.86611124070876,71.97940562000002,46.37304422514421,2.6120786765397286,,
2014-09-265,Cirebon,43.941857241327206,58.86446288000002,52.06327440785211,0.6124298662151635,,
2014-09-265,Indramayu,47.143350833533475,99.84994070000005,59.2447424023196,1.1816583639834455,,
2014-09-265,Majalengka,56.08170352829758,81.77545094000004,64.111978085,0.0,,
2014-09-265,Subang,39.030386197282816,71.46670261999998,50.62251019022477,8.0892490873084,,
2014-10-281,Cirebon,40.952112038253965,57.52459904,50.62048333220436,17.94778400263442,,
2014-10-281,Indramayu,40.53247548177734,78.51124184000003,49.2428286791894,49.898504831302816,,
2014-10-281,Majalengka,33.33787990924597,55.152493160000006,48.195902650078764,87.13075265693467,,
2014-10-281,Subang,35.257027687175125,65.65265060000002,43.8776762905471,73.34409426006697,,
2014-10-297,Cirebon,38.149975209160125,48.14555216000002,42.56206056620799,31.69647092526109,,
2014-10-297,Indramayu,39.55317703094327,78.85987988,45.37020825380118,17.87996350683584,,
2014-10-297,Majalengka,45.433990238932,73.32610550000004,67.45052912000006,14.6376665966329,,
2014-10-297,Subang,37.488639639232474,69.88415936000001,43.6203794718925,13.726941949867017,,
2014-11-313,Cirebon,45.25362222737192,56.42057857999998,50.561193011350895,47.5640521934659,,
2014-11-313,Indramayu,43.41966201551838,76.48777400000006,50.37038082668639,88.23878166285289,,
2014-11-313,Subang,39.63765438015164,63.506134040000006,44.617546135862845,77.56921468202471,,
2015-01-12,Cirebon,0.5154434600000286,7.399335740000026,7.399335740000026,99.99901163918885,,
2015-01-12,Indramayu,20.912490284525553,29.288335820000043,28.720089995000023,99.96494568359009,,
2015-01-28,Cirebon,38.332739104802606,49.157286080000006,42.87509666686634,11.911335454827514,,
2015-01-28,Indramayu,36.791450759261934,76.29294686000003,41.87344018425751,7.1727775839572825,,
2015-01-28,Majalengka,32.94303516658645,56.24625956,47.57189447000002,0.04836498066687076,,
2015-01-28,Subang,36.56926377770923,71.97256958000003,40.12197574551104,19.154059421661664,,
2015-03-60,Cirebon,22.744646201616867,33.906080840000016,28.440605823928575,38.72385459240831,,
2015-03-60,Indramayu,21.464308211528408,49.584538580000014,27.624122321924215,83.53856604476388,,
2015-03-60,Subang,19.69546350430904,39.162995600000045,23.691246688571454,96.70720492649461,,
2015-03-76,Cirebon,34.45516798492593,47.53372658000001,39.06094992906435,4.731509747968442,,
2015-03-76,Indramayu,36.08759834706979,76.44333974000006,40.87439039163295,8.510447019383365,,
2015-03-76,Majalengka,38.77591918680068,63.04811935999999,57.86640104000003,0.0,,
2015-03-76,Subang,35.50318271479689,67.74106082000003,40.12580718455143,0.003106808855108134,,
2015-04-108,Cirebon,26.67881568674093,40.068770900000004,32.87422608946457,12.62418825928334,,
2015-04-108,Indramayu,35.826180997793344,78.91456820000002,43.7296940556543,29.092788892464682,,
2015-04-108,Majalengka,39.352943947764,68.58189374000006,57.86328647166669,0.7829824173865191,,
2015-04-108,Subang,36.20114210899838,69.27916981999999,43.24052716850552,3.4546116749229276,,
2015-05-140,Cirebon,33.71873898765767,43.41501248000003,37.71888641187011,0.0,,
2015-05-140,Indramayu,34.958663945604194,74.8129442,39.62168473990315,5.59376698888606E-4,,
2015-05-140,Majalengka,37.723311813212625,64.08719744000001,55.899330530000015,0.0,,
2015-05-140,Subang,35.053090117643805,68.37339452000003,38.8706443041147,0.03248689579021109,,
2015-06-156,Indramayu,13.956394231616404,19.84776457999999,18.275542268845427,99.9412073759205,,
2015-06-172,Cirebon,38.07980877635324,45.72217598000003,41.28216181913203,0.0,,
2015-06-172,Indramayu,36.81996865157607,75.52389235999999,41.37140861343864,8.143631624736072E-4,,
2015-06-172,Majalengka,38.93238128010303,64.07352536000002,57.058608980000024,0.0,,
2015-06-172,Subang,37.059376491444716,70.63612376000003,41.12282464182301,0.009777117364386134,,
2015-07-188,Cirebon,36.677077781902035,44.59081136000003,40.0319494676698,0.004311997905890898,,
2015-07-188,Indramayu,36.48173539578155,77.81738378,41.87051706390661,0.025086525641852778,,
2015-07-188,Majalengka,40.026253300474245,68.82457316,58.10053541000002,0.0,,
2015-07-188,Subang,36.569455198061675,70.47889484000001,41.37232878128372,0.0016573184697647098,,
2015-07-204,Cirebon,31.065174725732824,38.86220983999999,34.56164975518656,58.789736290827896,,
2015-07-204,Indramayu,32.316032156443896,69.20055536000001,37.37259307707916,39.42074465768913,,
2015-07-204,Majalengka,35.36856814715692,60.740955859999985,54.61176239600003,8.413356138680742,,
2015-07-204,Subang,32.475470809123465,65.68341278000003,36.369953926018816,14.884350595281804,,
2015-08-220,Indramayu,24.768952003019347,59.83859858000005,29.62477974829905,75.09947856256686,,
2015-08-220,Subang,26.871031719871745,57.28191962000005,31.11905769012104,8.61641722148951,,
2015-08-236,Cirebon,38.81413559431191,47.15432636000003,42.562285613137796,0.001506180567659964,,
2015-08-236,Indramayu,38.71180336737556,83.71346828000003,45.12123864244694,0.7293399501642273,,
2015-08-236,Majalengka,45.87129316370556,72.21524900000003,66.64900343000005,0.0,,
2015-08-236,Subang,34.92772422990281,68.47593512000003,41.11947332367319,3.642877431748069,,
2015-09-252,Cirebon,41.80160649239301,50.319412880000016,45.18475893481499,0.0,,
2015-09-252,Indramayu,42.31076595843321,86.91615302000002,48.37094091635013,0.01976526438854005,,
2015-09-252,Majalengka,48.81412230611599,83.33748608000002,71.15224478,0.0,,
2015-09-252,Subang,38.66933916882344,77.42089346,46.62107020962374,0.01232045457757337,,
2015-09-268,Cirebon,40.05581762255392,47.38333369999998,42.68687161447052,2.6721011256481098,,
2015-09-268,Indramayu,41.31544367256771,85.07725826000001,47.62285850897029,3.2847488641869793,,
2015-09-268,Majalengka,49.10423809049965,81.29009210000004,70.28064968000004,0.0,,
2015-09-268,Subang,37.65367201091492,74.35492952000004,47.12100807222577,2.1948684422100015,,
2015-10-284,Cirebon,45.58197214703775,53.41272098000002,48.310527865544685,0.4622904830239599,,
2015-10-284,Indramayu,44.28911187453981,88.97380106000003,50.87464772265649,4.045539525126976,,
2015-10-284,Majalengka,51.528363332355035,83.85018908,74.30024120000002,0.0,,
2015-10-284,Subang,40.026825519747156,78.10791548000003,47.369999342715616,4.619551640995233,,
2015-10-300,Cirebon,55.18379630097494,65.40655316000004,58.436412710326714,0.0,,
2015-10-300,Indramayu,52.69509407460556,99.84994070000005,59.73748105842518,1.476595397989965,,
2015-10-300,Majalengka,59.78740712918897,94.42554296000003,83.88322994,0.0,,
2015-10-300,Subang,46.291039344216216,85.21056104000002,56.12278019580542,13.89373845304479,,
2015-11-316,Cirebon,51.24394237370289,59.25753517999999,54.68508357420686,25.0649225671932,,
2015-11-316,Indramayu,49.333282676256594,96.03543037999998,57.23884029812323,47.017134039127804,,
2015-11-316,Majalengka,56.2481458259571,88.41666380000004,78.61036442000002,12.693235117014412,,
2015-11-316,Subang,48.07986673436012,69.15270308000004,56.37519794148439,74.35934555851729,,
2015-11-332,Cirebon,48.28348489321208,58.38594008000001,54.434889071536595,29.70816019847005,,
2015-11-332,Indramayu,45.32960765310734,59.312223500000016,52.94014251144388,91.09702319273775,,
2015-12-364,Cirebon,41.77480160275,49.43072768000002,45.310155641545734,8.981427470819792,,
2015-12-364,Indramayu,40.83281963331279,85.74035414000002,48.742090957252394,54.525295419444944,,
2015-12-364,Majalengka,44.47466578770498,71.66152976000001,64.84514337500002,20.94085530084214,,
2015-12-364,Subang,26.577097223793068,35.86802432000002,33.683899922310474,98.67779894732868,,
2016-01-15,Cirebon,28.976368337834437,37.04040517999999,33.934832697054006,88.33525483847382,,
2016-01-15,Indramayu,27.677591685196187,50.77400954000001,34.36952858257725,97.55098602195321,,
2016-01-15,Subang,2.2157513404938576,3.1678269800000294,2.942237660000046,99.9978129908583,,
2016-03-63,Cirebon,34.06121811840913,44.23191926000004,38.56160904553567,33.692532449945986,,
2016-03-63,Indramayu,33.75545422563226,72.11612642,38.744479601986896,19.900386372538794,,
2016-03-63,Majalengka,40.206870421424135,56.875175239999976,56.03092430000004,83.43587364091248,,
2016-03-63,Subang,33.277464176317416,61.363035500000024,37.62377694702821,40.629961838936666,,
2016-03-79,Cirebon,-27.965280534128585,8.527282340000056,-4.515277146798569,12.197806371832314,,
2016-03-79,Indramayu,-29.721583472340516,20.052845779999984,-1.5215885409315997,17.98080990325466,,
2016-03-79,Majalengka,-15.816550398668934,-13.36171773999996,-14.337562449999979,91.39626845688929,,
2016-03-79,Subang,-34.81426116685036,12.215325920000055,0.5066959596271995,59.23113134021831,,
2016-04-95,Cirebon,37.44086747717422,48.914606660000004,43.123486993261416,9.139937045144945,,
2016-04-95,Indramayu,36.457568156660415,77.53368812000002,42.241632851927584,26.45346289665988,,
2016-04-95,Majalengka,39.57366954854418,64.77763748000001,55.82926112000001,30.54162530017226,,
2016-04-95,Subang,35.26198291644947,68.68443434000005,40.62226048756766,16.914951279420006,,
2016-04-111,Cirebon,31.151730901275673,43.69187210000001,37.62784127002208,34.21382636047075,,
2016-04-111,Indramayu,29.28422027425086,65.57745416,36.73547090046043,60.99248545943935,,
2016-04-111,Subang,26.64492861064633,47.94388898,31.373069808501846,73.75907773553365,,
2016-05-127,Cirebon,1.1922821376551926,3.6771119600000475,3.483424160000027,99.87355262642224,,
2016-05-127,Indramayu,21.05624217982188,55.51822130000005,33.39451036971206,96.91416772882361,,
2016-05-127,Subang,26.206246189582583,41.083922840000014,36.12814221511541,91.15600427834285,,
2016-05-143,Indramayu,19.45385224511501,22.83853208000005,21.985867620902702,99.89040593206849,,
2016-06-159,Cirebon,35.619200301099106,44.932613360000005,39.93517224562157,39.720323509354394,,
2016-06-159,Indramayu,36.45064314733455,75.00777133999998,40.23677013715273,4.08690485805534,,
2016-06-159,Majalengka,36.690419228468635,60.61448912000003,55.447582220000015,0.0,,
2016-06-159,Subang,35.285835721617076,67.61801209999999,38.12330634133829,0.0024537738830623353,,
2016-06-175,Cirebon,27.68086585886998,38.33925278000004,32.86749339770744,40.74373449006835,,
2016-06-175,Indramayu,31.86444113936781,75.23336066000002,38.23427746363488,53.28976053146225,,
2016-06-175,Majalengka,35.54371345753813,59.54806688000002,50.41308980101696,0.0,,
2016-06-175,Subang,26.61381085542584,54.96450206000003,30.618109782173217,87.19758782661383,,
2016-07-191,Cirebon,21.12537654204131,25.648144520000017,24.70557910468047,99.82474622333955,,
2016-07-191,Indramayu,30.946529869479683,77.32518890000006,37.45847846789156,40.81017987463841,,
2016-07-191,Majalengka,37.225330227090566,61.06566776,55.82994472400001,0.0,,
2016-07-191,Subang,32.59562576130582,65.75519120000001,36.61886128142703,13.676473189645119,,
2016-07-207,Cirebon,31.552136023237075,39.819255440000006,35.0616283204418,3.985471174356391,,
2016-07-207,Indramayu,32.334452900417624,70.51991108000004,38.74033853460264,29.98964702361911,,
2016-07-207,Majalengka,37.747771908231115,64.20682814000003,57.11053033142859,0.0,,
2016-07-207,Subang,36.924755203333255,72.17081474000003,41.122221180606765,2.2169568051088393,,
2016-08-223,Cirebon,34.24074229364799,43.82175686000005,38.59469080339757,5.227473402615324E-4,,
2016-08-223,Indramayu,35.42142525981352,82.83845516000002,41.37058634087464,10.084571405566122,,
2016-08-223,Majalengka,39.698679842641994,62.12525396000001,42.55978789684211,0.0,,
2016-08-223,Subang,35.63119772673409,69.63464390000001,40.12278459892545,1.8176153427024488,,
2016-08-239,Cirebon,27.871054214675638,36.84216002000005,32.6199961605799,26.49934354510904,,
2016-08-239,Indramayu,26.85780883605505,62.559342500000014,34.12241744955425,75.559146725754,,
2016-08-239,Subang,23.857146802591124,55.27212386000002,29.119671700703947,68.05236856748074,,
2016-09-255,Indramayu,25.861918121520556,70.0448063,38.24667119755555,84.5980550347602,,
2016-09-255,Subang,26.734406455379947,67.59750398000006,40.74506731308453,9.409806270227513,,
2016-09-271,Cirebon,28.578901177292156,43.63034774000005,34.86591975947775,31.048521022766874,,
2016-09-271,Indramayu,31.620268171235157,68.08628084000003,39.23559968479283,83.6242944929849,,
2016-09-271,Subang,30.79195195287108,60.07102394000003,38.62063789034963,67.0810451206276,,
2016-10-287,Cirebon,26.143104944402495,38.05555712,32.61579556538523,86.51416998284502,,
2016-10-287,Indramayu,28.437597772448505,68.86217138,37.73557146182789,75.67829406930048,,
2016-10-287,Majalengka,38.60726605663044,64.46659766000005,58.40303018000003,0.0,,
2016-10-287,Subang,22.891896559554635,41.53851950000001,31.627647413582167,79.97014660934379,,
2016-10-303,Cirebon,34.70398912752178,46.20411680000001,38.685651820267424,1.3145679512879223,,
2016-10-303,Indramayu,36.618784437992325,74.57710082000006,40.62102141469712,1.8784580099603254,,
2016-10-303,Majalengka,37.86196561299378,62.624284880000005,53.87339412000002,0.0,,
2016-10-303,Subang,36.729104441899445,68.52036938000003,40.37213928523751,6.5305278967948,,
2016-11-319,Indramayu,-123.14852013999999,-123.14852013999999,-123.14852013999999,99.7696430615362,,
2016-11-319,Subang,-115.51260320854564,-41.73470175999998,-66.77340726999999,94.57018984334388,,
2016-12-351,Cirebon,30.023080770067587,44.77196642000001,38.87520777648588,13.123290349292832,,
2016-12-351,Indramayu,32.09760286297964,72.31095356000003,40.43914993466824,32.96261034119908,,
2016-12-351,Majalengka,35.722930071128665,62.11841792000001,52.63512143000003,0.0,,
2016-12-351,Subang,24.770248925906657,57.90058124000001,31.233159969498313,71.71002031988564,,
2017-01-01,Cirebon,30.509202876408935,37.81629572000003,32.78185713585162,0.43939296628771835,,
2017-01-01,Indramayu,28.415738866568184,62.89089044000002,32.737656576147714,52.48052338654959,,
2017-01-01,Majalengka,29.964268547357573,53.84680952000002,47.82653696,0.0,,
2017-01-01,Subang,28.36168686820329,49.827218000000016,32.61912334103373,66.72781532699035,,
2017-03-65,Indramayu,23.402640313225383,57.247739420000016,31.118190047847044,95.24149035241545,,
2017-03-65,Subang,25.114858705940268,51.05770519999999,31.878248713464544,67.02799636338204,,
2017-03-81,Cirebon,-44.16796627115801,17.622633560000054,8.538735840765113,0.09242200724346403,,
2017-03-81,Indramayu,-13.030570644291787,44.40965630000005,18.496114726154975,12.152975792262435,,
2017-03-81,Majalengka,-17.579595805719034,-5.366968960000008,-16.014941403571406,0.0,,
2017-03-81,Subang,-17.490182884204877,35.871442340000044,10.50991204828013,11.20995400360777,,
2017-04-113,Indramayu,12.160238351461494,60.56321882000003,33.44738148828584,94.57877402331292,,
2017-04-113,Subang,1.7667055794873876,24.47918168000001,19.24274599167141,95.79353468216402,,
2017-05-129,Cirebon,38.01371320952459,47.03469566000001,41.78045421173181,0.0,,
2017-05-129,Indramayu,35.606029354086424,73.21331084000002,40.45877632486651,26.345663660843755,,
2017-05-129,Majalengka,37.21511520470783,58.286817499999984,38.792710100000015,0.0,,
2017-05-129,Subang,34.0107660252958,54.96108404000006,37.727884454829734,60.69963261288676,,
2017-05-145,Cirebon,37.21644980861347,45.88965896000002,41.15738460918935,0.0,,
2017-05-145,Indramayu,36.09503704148074,77.97119468000005,41.12261310313225,0.0023491263818277847,,
2017-05-145,Majalengka,38.41163442322966,65.22881612000003,56.582690385714294,0.0,,
2017-05-145,Subang,35.068312306222595,68.06577272000004,38.87245383402283,0.005839920068487285,,
2017-06-161,Cirebon,35.06365828858073,44.94628544,38.90592766526081,3.4188995628801497,,
2017-06-161,Indramayu,35.206803609535896,73.90375088000002,40.12248772056942,4.23234021346276,,
2017-06-161,Majalengka,40.10276498371094,65.86456784,57.365661110000026,0.0,,
2017-06-161,Subang,35.65033408073999,67.45052912000006,40.12510885671313,0.26083907912064513,,
2017-06-177,Cirebon,28.805746781115875,37.334354899999994,32.373790072427816,37.37422708939744,,
2017-06-177,Indramayu,26.26303255276358,63.05495540000004,32.73715026556277,66.26942384933385,,
2017-06-177,Subang,27.244722558792944,63.407011460000035,33.73735394793777,56.3880545425409,,
2017-07-193,Cirebon,32.0008728477221,43.408176440000034,37.81230982335267,0.2983992046673936,,
2017-07-193,Indramayu,29.08071579031414,73.85248058000002,36.74040826714728,17.253359181845195,,
2017-07-193,Majalengka,35.18712046853539,62.067147620000014,38.18817629600001,0.0,,
2017-07-193,Subang,32.00390904659939,65.92609220000003,38.3749702758255,6.840229108506775,,
2017-07-209,Cirebon,20.692085623563635,34.774257920000025,32.250558234054054,95.23235399091105,,
2017-07-209,Indramayu,38.558053003871414,80.24075995999999,45.42869333342512,19.916895543094796,,
2017-07-209,Majalengka,44.65168520253289,72.12638048000002,65.89362101,0.0,,
2017-07-209,Subang,38.32608544424764,71.01210595999999,43.123640329358615,0.0,,
2017-08-225,Cirebon,30.239950025629224,42.59468767999999,37.12230859269549,0.03203227764446454,,
2017-08-225,Indramayu,24.553585834039993,69.49108706000004,37.44352481355444,10.481818541124092,,
2017-08-225,Majalengka,31.618988979565696,59.94797521999999,53.20251274999998,0.0,,
2017-08-225,Subang,23.562451916082455,56.05826846000002,31.24077867561935,3.7641839261721213,,
2017-08-241,Indramayu,18.382007193854868,65.70392090000001,32.74608020992125,93.7926158918576,,
2017-08-241,Subang,22.207137472295077,34.70589752000001,31.88570549428574,99.51132132219797,,
2017-09-257,Indramayu,41.96798094837118,85.37462600000003,49.739118462134385,59.01919662016463,,
2017-09-257,Majalengka,48.141441341891664,78.23780024000001,54.11085156500003,0.0,,
2017-09-257,Subang,37.67599220073514,71.38125212,46.12370684875009,3.689369911480826,,
2017-09-273,Cirebon,43.26547293811237,53.986948340000026,48.81009261717699,2.4498672559132686,,
2017-09-273,Indramayu,43.00483903080968,92.65500860000003,52.243122773732054,23.728587372316003,,
2017-09-273,Majalengka,56.11839700597677,89.42156168000002,75.35982740000001,22.692827488308335,,
2017-09-273,Subang,37.809176551676714,72.3519698,45.62462934070295,19.002682351448733,,
2017-10-289,Cirebon,-5.005474945576507,35.266452800000025,16.498361891057655,0.0,,
2017-10-289,Indramayu,-86.71132129230003,56.834159,44.515372495440076,60.527762094067974,,
2017-10-289,Majalengka,-123.14852013999999,-123.14852013999999,-123.14852013999999,79.38394040491748,,
2017-10-289,Subang,-123.14852013999999,-123.14852013999999,-123.14852013999999,98.49359955614403,,
2017-11-305,Cirebon,23.07122662846004,30.214619240000047,28.030992748571457,98.93679713021301,,
2017-11-305,Indramayu,25.352807353639996,39.456945320000045,31.441318904324344,98.56494479881958,,
2017-11-321,Cirebon,28.10964922761454,43.08688256000005,37.72901414992439,93.34367054438698,,
2017-11-321,Indramayu,43.1507177314818,84.94053746000003,48.73685612098443,37.40002188865453,,
2017-11-321,Majalengka,44.67106759845156,70.77284456000001,63.8752802,0.0,,
2017-11-321,Subang,41.42652430538527,73.93109504000006,45.11884783823369,9.70998298995191,,
2017-12-337,Cirebon,23.729062504745976,36.527702180000006,29.8723539137815,9.650651215614856,,
2017-12-337,Indramayu,22.904832007273576,68.29136204000002,33.48694150487921,29.67854803548593,,
2017-12-337,Majalengka,37.829479130973866,62.99343104000002,53.68824278621832,0.0,,
2017-12-337,Subang,26.593731310542804,56.70427424000002,34.43956121579709,6.137484453251402,,
2018-01-04,Cirebon,20.090054219859336,37.24548637999999,28.369297465458192,82.22579951804897,,
2018-01-04,Indramayu,25.191384691181923,50.350175060000026,32.363278113129304,97.2460191569952,,
2018-01-04,Subang,36.11668143828433,64.34354894,41.25637818846156,87.77047546105065,,
2018-02-52,Cirebon,33.80125176705168,41.63764207999998,36.93960071714297,39.82298906115012,,
2018-02-52,Indramayu,35.102178652751405,72.7621322,39.735992545191934,31.355782164203184,,
2018-02-52,Majalengka,36.34499672998506,57.473328740000056,37.78553354000002,0.0,,
2018-02-52,Subang,33.433306034047,65.49542168000005,37.73928484191142,63.83537037926481,,
2018-03-68,Cirebon,32.29550415536677,46.12208432,38.86935060605696,33.638808839095645,,
2018-03-68,Indramayu,35.34304843778804,71.46670261999998,40.23517604323714,39.69404192298458,,
2018-03-68,Subang,34.36983097912478,69.31335002000003,38.12251499869074,49.191039738353986,,
2018-03-84,Indramayu,21.187910464629788,58.433792359999984,31.38196403919813,95.36363924065402,,
2018-03-84,Subang,27.03127589546696,60.8161523,33.45642922365971,20.24579399289685,,
2018-04-100,Cirebon,34.34080434394883,46.29982136000001,39.81228821004592,0.0025400068510459295,,
2018-04-100,Indramayu,36.77956956734482,76.42283162000001,41.621212221370044,9.551096089015045,,
2018-04-100,Majalengka,40.01763521981458,65.69708486000002,59.05313758400001,0.0,,
2018-04-100,Subang,36.72131980613026,67.88119963999998,42.122791866789065,2.3847125531029536,,
2018-05-132,Cirebon,37.77003020879511,46.33741958000002,41.34361572278039,0.0,,
2018-05-132,Indramayu,34.61895263329699,76.81590391999998,40.12234707865349,0.25695833913694593,,
2018-05-132,Majalengka,34.778830144205344,58.96016744000002,52.048931000000024,0.0,,
2018-05-132,Subang,29.809770671879292,62.18677832000003,34.1248443476779,4.55241091791957,,
2018-05-148,Cirebon,24.893480731349428,37.197634100000016,29.813185352599465,11.206507785063907,,
2018-05-148,Indramayu,23.9776373122721,58.936241300000006,29.739322070912948,66.55903919479621,,
2018-05-148,Majalengka,28.72970103740274,51.091885400000024,44.67967988000004,0.0,,
2018-05-148,Subang,27.12669155087693,49.006893200000036,31.618807704827248,61.67294380948663,,
2018-06-164,Cirebon,29.875064331693206,40.345630519999986,34.18741354327187,1.4806625565692624,,
2018-06-164,Indramayu,32.914105757113795,72.98088547999998,38.24136490692208,12.496663659672437,,
2018-06-164,Majalengka,35.98873552816818,60.51194852000003,53.70439202000002,0.0,,
2018-06-164,Subang,29.362941213119953,58.25263730000006,34.37900209932281,76.22194612885524,,
2018-06-180,Cirebon,36.30003311548789,46.043469860000016,40.812360657023746,3.791250407179307,,
2018-06-180,Indramayu,33.9536407916285,74.18402852000003,39.73452392345928,17.669481463775156,,
2018-06-180,Majalengka,36.08883480873332,41.15228324000003,39.952558220000014,69.20468533669776,,
2018-06-180,Subang,35.47638721848569,68.63316404,39.370209371251775,0.012614537918854796,,
2018-07-196,Cirebon,34.3170864141093,46.22804294000002,39.31414291646082,0.0,,
2018-07-196,Indramayu,34.03914730001129,75.39058957999998,39.620407854802195,0.0064760544349925534,,
2018-07-196,Majalengka,38.98703361316747,65.47149553999998,58.097971895,0.0,,
2018-07-196,Subang,33.75990511588053,68.58189374000006,38.11636223985903,0.0015434236805134764,,
2018-07-212,Cirebon,35.06525551735444,46.36818176000003,39.938068901199614,0.001026246949908544,,
2018-07-212,Indramayu,35.704243806628604,82.298408,42.7344058779835,2.1061535553298554,,
2018-07-212,Majalengka,43.40113504105936,70.72157426000001,55.139540663157916,0.0,,
2018-07-212,Subang,35.28214127079211,68.13413312,39.871194621287515,2.872368447739421,,
2018-08-228,Cirebon,33.85140611035047,46.24513304000004,40.06138624786205,0.004527133775737864,,
2018-08-228,Indramayu,37.21559097671238,84.73887428,44.371937705804385,0.0020682360695245777,,
2018-08-228,Majalengka,45.29388708104599,71.84610284000001,66.32600054000002,0.0,,
2018-08-228,Subang,36.5111009789132,72.83391061999998,43.12034468895546,0.0059514080168845025,,
2018-09-244,Cirebon,36.317538686256405,49.023983300000054,43.312390455046966,0.06545086405209911,,
2018-09-244,Indramayu,37.3004429700151,79.98782648000002,44.73619626800233,48.35301177307075,,
2018-09-244,Majalengka,38.69014707683764,62.706317360000014,59.131068440000014,40.39828506822787,,
2018-09-244,Subang,30.713014559401852,44.48485274000001,32.68828914285715,99.79253463812017,,
2018-09-260,Cirebon,34.70179984527104,49.994700980000005,44.064678136372834,0.061090846366617615,,
2018-09-260,Indramayu,40.96034234680001,93.86498768000001,51.74005889461465,0.8946436743884827,,
2018-09-260,Majalengka,51.15244622990938,84.92686537999998,64.48710577999998,0.0,,
2018-09-260,Subang,40.02607203566692,78.59669234,49.12322342691379,0.0013937803900149516,,
2018-10-276,Cirebon,37.892178227335684,48.22074859999998,44.43689360985327,5.983116882130309,,
2018-10-276,Indramayu,39.74822212498386,88.85417036000001,48.24713016849857,2.714306501859835,,
2018-10-276,Majalengka,43.45641781896913,74.8642145,67.8391516773306,0.0,,
2018-10-276,Subang,32.17896709480001,68.53062344,40.376271637727754,15.9304771717675,,
2018-10-292,Cirebon,27.29011200415738,32.32353757999999,30.404563494285735,95.95925264386969,,
2018-10-292,Indramayu,33.826360205770584,74.66255132000003,42.74447205495063,56.73762721365034,,
2018-10-292,Subang,28.057660550793116,41.176209380000046,32.35630174314287,97.53173519871234,,
2018-11-324,Cirebon,33.61473769958873,45.35302982000002,40.62471231934902,53.23898868189305,,
2018-11-324,Indramayu,36.26933324507035,78.48389768000004,47.742790814115494,83.66721824847035,,
2018-11-324,Majalengka,38.63053725573647,64.50077786000003,57.07683842000006,38.70228233434565,,
2018-11-324,Subang,34.82093730513079,53.93226002000006,41.14067416323627,99.01286407593884,,
2018-12-340,Cirebon,38.357413588062435,53.190549680000004,45.121831309183285,13.608618724835278,,
2018-12-340,Indramayu,33.21278349064697,74.28315110000005,42.24522480734693,35.04817694750126,,
2018-12-340,Majalengka,34.22050539161688,59.76340214000004,52.08180642363997,23.597292378862868,,
2018-12-340,Subang,32.22553613897304,63.591584539999985,37.623568649649904,37.868764409511094,,
2019-01-07,Cirebon,37.36084291135866,47.01418754000002,41.31300303592538,11.83282922117415,,
2019-01-07,Indramayu,36.71255041179567,77.75585941999998,42.242937532838674,42.18108405974236,,
2019-01-07,Majalengka,37.60609864123996,62.90798054000004,40.57976488999998,50.091639644720146,,
2019-01-07,Subang,37.72804306753732,71.63760362000005,41.61859311539355,57.07152850460842,,
2019-02-39,Indramayu,35.450950549010216,81.89849966000003,44.739929811236884,68.54225188102106,,
2019-02-39,Majalengka,29.2550587698176,46.98342536000001,34.33489845550362,0.0,,
2019-02-39,Subang,34.89332296913381,69.309932,41.74061778846017,12.274725131919972,,
2019-02-55,Cirebon,20.454577906643618,38.78017736000004,33.48400172468933,53.8980999524813,,
2019-02-55,Indramayu,24.84622936380743,42.59810570000002,36.23057692289346,93.28472078641012,,
2019-03-87,Indramayu,16.358570517700173,65.47149553999998,32.24681590077744,76.47307109319168,,
2019-03-87,Subang,23.870192421986456,62.969504900000004,37.22480373423413,39.16699664578488,,
2019-04-103,Cirebon,18.460639842148826,31.25027929999999,25.30837878723406,86.44058092860152,,
2019-04-103,Indramayu,11.190946970036517,25.343940739999994,23.052728000000013,99.93249767247875,,
2019-04-103,Subang,16.72817387826966,37.330936880000024,21.56217725677421,94.17103187599446,,
2019-05-135,Indramayu,30.56866080113358,63.116479760000004,34.73698308021023,84.93232389955985,,
2019-05-135,Majalengka,12.492252560000024,14.331080300000053,14.153343260000042,97.60197816057617,,
2019-05-135,Subang,32.77605628297819,62.655047060000015,37.12059523705919,0.0,,
2019-05-151,Cirebon,38.612286244809425,49.006893200000036,42.81085348381093,0.0018924754803826358,,
2019-05-151,Indramayu,38.199859185376425,78.02588300000002,43.62371129322356,0.001320073146149006,,
2019-05-151,Majalengka,41.40764996263419,70.2498875,59.10440788400003,0.0,,
2019-05-151,Subang,39.233663485088044,72.68351774000001,43.62138844953159,0.021795431368569984,,
2019-06-167,Cirebon,19.29474288271479,44.963375540000015,36.371811173447114,0.01616647584196152,,
2019-06-167,Indramayu,-1.09686040102384,60.27268712,30.24725706564622,25.360180057938464,,
2019-06-167,Majalengka,-13.496704013607294,22.346337199999994,-1.3323897198065735,0.0,,
2019-06-167,Subang,10.349480861143773,59.742894019999994,35.73917552107502,1.393086220917495,,
2019-07-183,Cirebon,32.93735827820329,40.87884164000002,36.718245349675875,0.005346768533186389,,
2019-07-183,Indramayu,33.21180755784208,71.85635690000004,38.371013431021225,6.463874260667168,,
2019-07-183,Majalengka,38.374568372942356,63.13698787999999,56.93328158000003,0.0,,
2019-07-183,Subang,31.823047551361423,65.46124148000001,36.120973571370186,3.001755519621927,,
2019-07-199,Cirebon,32.86273788701437,41.770944859999986,37.530411211381214,0.003086030730936059,,
2019-07-199,Indramayu,33.3589317727988,75.30172105999998,39.37136250927532,0.05437402486761404,,
2019-07-199,Majalengka,37.326460915563594,65.18438186000003,42.38003602400001,0.0,,
2019-07-199,Subang,34.543910373651784,70.40028038000003,39.11938393978071,0.06457401883607412,,
2019-08-215,Cirebon,33.545712534535184,43.801248740000005,39.28013673958891,0.018720420470762913,,
2019-08-215,Indramayu,35.789905544191896,80.67143048000003,42.87107976150816,0.8346742597656258,,
2019-08-215,Majalengka,42.34519305146309,71.64443965999999,62.21981918000002,0.0,,
2019-08-215,Subang,36.6929897154713,72.41007614,41.622461812153105,0.26571726691687836,,
2019-08-231,Cirebon,33.16445171507425,45.633307460000026,39.81225738600758,0.013181117601712547,,
2019-08-231,Indramayu,36.07271274080303,77.02440314,42.61879075552418,0.0030865494613862275,,
2019-08-231,Majalengka,42.29009907033614,70.58485345999998,62.54908843999999,0.0,,
2019-08-231,Subang,37.223710102129196,74.10883208000001,43.622030328756516,0.03005636390746956,,
2019-09-247,Cirebon,33.855307663716935,44.80614662000005,40.28215846459838,0.011863466609317471,,
2019-09-247,Indramayu,38.946269100719334,83.39901043999998,45.87393540739254,0.13250379289794767,,
2019-09-247,Majalengka,45.4481001427719,75.34615531999998,52.34515940000002,0.0,,
2019-09-247,Subang,38.713159384679116,76.42624964000004,44.616929636023286,0.0022338387922860056,,
2019-09-263,Cirebon,32.349260123933256,44.15672282000003,39.31199195943458,0.06317838230424831,,
2019-09-263,Indramayu,36.9384283798641,77.05174729999999,42.372390289877835,8.81310745541189,,
2019-09-263,Majalengka,51.48186866875384,68.61265592000001,67.57015982000001,95.38676757498449,,
2019-09-263,Subang,36.481203371356614,74.97017312000003,42.62184876061344,0.1533494485353216,,
2019-10-279,Cirebon,40.76869266413808,56.91960949999998,48.87276295783112,6.767486683496927,,
2019-10-279,Indramayu,44.995180394996396,92.11837946000003,52.23825453403225,0.15100131785481447,,
2019-10-279,Majalengka,53.37246923944729,84.86875903999999,75.40767968,0.0,,
2019-10-279,Subang,41.68402766146969,84.40732634000005,50.11991668500472,0.15763253469506347,,
2019-10-295,Cirebon,40.62182428486813,52.414659140000026,45.811587741226354,9.103601340609744E-4,,
2019-10-295,Indramayu,40.97900932128745,92.63791850000001,52.248082317426906,1.6111849378642005,,
2019-10-295,Majalengka,53.725715168212254,85.51818284000001,76.84068456500003,0.0,,
2019-10-295,Subang,33.119544892488484,72.64591952,43.37065107036113,8.78197519578155,,
2019-11-311,Cirebon,46.03368214671545,56.300947880000024,50.31371550782295,0.0,,
2019-11-311,Indramayu,49.26003815116745,96.77030467999998,57.23912718432386,0.0,,
2019-11-311,Majalengka,56.10761400854632,87.04261975999998,82.07580944750002,0.0,,
2019-11-311,Subang,45.28841013202964,91.34590694000002,53.1258134383896,0.002986520952552614,,
2019-11-327,Cirebon,34.843321308534996,41.83246922000001,40.1827049,97.03167432505008,,
2019-11-327,Indramayu,33.34955429229715,78.93165829999998,44.743185921862334,96.01914515199692,,
2019-11-327,Subang,36.783134556089266,72.16739672000006,47.74908860302021,72.25344441791111,,
2019-12-343,Cirebon,26.998861502627847,49.32818708000002,38.61753397170719,44.134894008463164,,
2019-12-343,Indramayu,27.845524894668287,49.62213680000002,40.377208420007,89.72115746738791,,
2020-01-26,Cirebon,35.48701827934082,44.92577732000001,38.93533149052945,7.192125842105124,,
2020-01-26,Indramayu,36.560921994405035,72.63908348000001,40.37170407917712,21.909313353050088,,
2020-01-26,Majalengka,34.763891248202356,51.72080108,37.054931765000006,11.573884288486237,,
2020-01-26,Subang,37.1444999234543,69.92859362000002,40.372001053241306,34.884431709017925,,
2020-02-42,Cirebon,13.230605597505324,26.536829720000014,25.5456982102069,98.5408037763163,,
2020-02-42,Indramayu,28.188607744402013,69.01598228,34.45948180572368,72.6054629331083,,
2020-02-42,Majalengka,26.23944071758721,42.25288568000002,41.6938195788382,60.17027919652042,,
2020-02-42,Subang,28.475026702615484,61.71167353999999,33.370749010089625,21.982435741944386,,
2020-02-58,Cirebon,32.397014231427335,41.9486819,36.62125096062325,13.777186724196286,,
2020-02-58,Indramayu,10.484377196526523,62.856710239999984,30.47833998420618,30.68464673096801,,
2020-02-58,Majalengka,5.933339871291628,22.41469760000001,11.954552079188325,63.707897991783135,,
2020-02-58,Subang,22.583681418118356,62.080819700000006,35.23697504227648,28.894819452290783,,
2020-03-74,Cirebon,37.45184913487464,49.030819339999994,42.6274357879337,2.781193676284095,,
2020-03-74,Indramayu,36.21931225038076,76.83641204000003,42.740964468227325,8.629725290807206,,
2020-03-74,Majalengka,40.97148094789107,65.97052646000003,58.936241300000006,0.0,,
2020-03-74,Subang,38.15308996868582,70.43446058,43.122265419665766,1.5380493573602578,,
2020-03-90,Cirebon,-1.7794727933807488,13.025396660000013,6.36886331753418,50.082360412137405,,
2020-03-90,Indramayu,3.796573864841003,56.09244866000006,20.243618038009597,68.6482217361314,,
2020-03-90,Subang,-2.624594734220125,-1.22432871999996,-1.2858530799999812,99.99270233799979,,
2020-04-106,Cirebon,23.542377535082572,40.738702820000015,35.125204284766674,4.934442544415302E-4,,
2020-04-106,Indramayu,10.243135558169161,68.11020698000004,34.495087952277565,0.12249399981207763,,
2020-04-106,Majalengka,17.237767965766405,45.84864272000004,38.13758960000001,0.0,,
2020-04-106,Subang,12.126835241182263,49.044491419999986,32.744164938971615,0.0,,
2020-05-122,Cirebon,21.39777456899135,48.682181300000025,39.12233345310503,0.0,,
2020-05-122,Indramayu,7.4467687940617955,71.55215312000001,40.48903799646457,55.839998136033365,,
2020-05-122,Majalengka,39.37451464990792,42.604941740000015,41.83246922000001,96.0162485378555,,
2020-05-122,Subang,-40.74712919810634,22.862458220000008,3.4879290854758405,73.92713679986836,,
2020-05-138,Cirebon,28.16307511482163,40.83782540000004,34.43514392727399,0.0,,
2020-05-138,Indramayu,24.296896358752733,63.27712670000005,31.744946125347262,6.040629582329637,,
2020-05-138,Majalengka,25.161205771653083,44.570303240000044,40.1713115,0.0,,
2020-05-138,Subang,27.719058932139315,60.50169446000001,32.869935491908166,0.0,,
2020-06-154,Cirebon,22.847643150675097,30.105242599999997,27.30968172007505,88.82536951405885,,
2020-06-154,Indramayu,30.884334888883348,66.57209798000002,35.224416909589266,49.15610120949279,,
2020-06-154,Majalengka,22.26239937695318,40.60198202000004,38.59008712253315,57.70725576321608,,
2020-06-154,Subang,26.19800258376228,54.34584044000002,32.617187295331014,90.31568239108783,,
2020-06-170,Cirebon,24.262358941151057,39.053618959999994,31.38497460666668,83.61179115956803,,
2020-06-170,Indramayu,32.908073002475994,77.33886098000005,41.74173983110224,20.920023196163935,,
2020-06-170,Majalengka,33.95035933855743,56.871757220000006,51.426851360000015,0.0,,
2020-06-170,Subang,35.77819119343669,69.61413578000003,42.243298365857555,2.8951439437479394,,
2020-07-186,Cirebon,32.346318642033054,39.95597624000004,36.3123651719954,5.304210369370544,,
2020-07-186,Indramayu,31.354041202985062,63.20876629999998,36.24107548028516,60.45500861462455,,
2020-07-186,Subang,28.02251605897144,31.527138920000027,31.124401873793133,99.87842419006536,,
2020-07-202,Cirebon,36.03938181775486,45.23339912000006,40.56359598050812,31.66035709202214,,
2020-07-202,Indramayu,34.887867203880965,70.69081208,40.11818722169924,85.30889867101428,,
2020-07-202,Majalengka,39.46756497742874,63.21560234000003,57.70233608000001,0.0,,
2020-07-202,Subang,37.571902437390015,65.02715294000001,42.62344844989496,33.74685075791453,,
2020-08-218,Indramayu,23.933712157838638,68.78355692000002,34.74036989175748,60.514992142238576,,
2020-08-218,Subang,18.47438152796482,51.037197080000055,33.87991003014928,94.60313237755898,,
2020-08-234,Cirebon,34.12413843022512,45.29834149999999,40.435078469205685,35.36530676841263,,
2020-08-234,Indramayu,36.01737678581511,79.84426964,43.6219257612737,34.1287131396329,,
2020-08-234,Majalengka,38.32175163846502,57.268247540000004,47.05178576000003,34.120785835556624,,
2020-08-234,Subang,35.28649451657428,68.12387906000004,40.37505058046244,34.40327109764348,,
2020-09-250,Cirebon,28.38258966403242,44.43358244000001,37.62316102430546,11.733504879588025,,
2020-09-250,Indramayu,36.7036166150825,83.46395282000003,48.73359270929929,64.7988634336102,,
2020-09-250,Majalengka,45.34895380816841,80.22366986000003,65.5330199,0.0,,
2020-09-250,Subang,38.86283233490107,72.41691218000005,46.622196638214696,0.24733255726694967,,
2020-09-266,Cirebon,38.82377942025782,50.96200064000004,44.68958060596078,36.26239045891101,,
2020-09-266,Indramayu,43.21293848167971,83.17683914000003,49.73546457165531,52.55808627354109,,
2020-09-266,Majalengka,43.11595657158537,58.94991338,58.55855009000001,87.91311169951946,,
2020-09-266,Subang,37.71223120199981,63.59500256000001,46.4465330623379,82.30209008553666,,
2020-10-282,Cirebon,34.6766703423155,48.79155794000002,42.93705684269476,12.855828821665613,,
2020-10-282,Indramayu,38.93246316464171,85.02256994000004,46.23708072667461,4.580283612995518,,
2020-10-282,Majalengka,46.04206884731135,75.08980382000004,66.87603191631582,0.0,,
2020-10-282,Subang,30.955787168505704,64.5930644,41.11974285861669,15.964190320110532,,
2020-10-298,Cirebon,34.12147600273518,44.358385999999996,39.186943649990475,10.268962570939934,,
2020-10-298,Indramayu,35.69376032757231,78.91115018000005,45.3722231691104,44.52143363202443,,
2020-10-298,Subang,41.66422304613903,76.61082271999999,51.62395159030905,19.90175548054073,,
2020-11-330,Cirebon,21.58967544882748,40.3763927,33.12972219906978,56.43580824863158,,
2020-11-330,Indramayu,20.741192865622935,40.916439860000025,31.12419685630271,90.3587388534726,,
2020-11-330,Majalengka,15.044384864073294,35.66977916000002,33.685048880000004,23.751861014406774,,
2020-11-330,Subang,-4.298040171999984,-2.6667331599999784,-2.6667331599999784,99.9961043313236,,
2020-12-362,Cirebon,28.453895870252673,43.13815285999999,34.06432937856573,12.248440765124688,,
2020-12-362,Indramayu,29.057007461356623,75.01118936,39.244955599000654,32.44149225421754,,
2020-12-362,Majalengka,39.06889743154832,64.17264794000005,57.67772633600001,0.0,,
2020-12-362,Subang,13.714251478689503,41.30609414000003,28.622150150025377,97.06285075942753,,
2021-01-28,Cirebon,15.565212550621885,36.44225168000003,30.370375053128413,5.12616531439541,,
2021-01-28,Indramayu,1.7696983128718422,64.04618119999998,30.50586380223064,1.5359788896019038,,
2021-01-28,Majalengka,-1.0371473369789603,13.58595194000003,2.061136410306764,0.0,,
2021-01-28,Subang,-18.93416256396319,50.64070676000006,20.4813485028609,8.062201620290397,,
2021-02-44,Cirebon,6.450524026864336,33.530098640000006,25.238110295750054,36.97245744286888,,
2021-02-44,Indramayu,11.622512361191605,71.63760362000005,34.45376186374457,36.83374682909113,,
2021-02-44,Majalengka,30.29093351061226,51.68662088000002,31.662340600000025,0.0,,
2021-02-44,Subang,3.8723277999412473,49.94001265999998,36.43135244066095,76.11048191439754,,
2021-03-60,Cirebon,-2.560479536575659,31.40750822000001,21.752395036228144,75.55681096542637,,
2021-03-60,Indramayu,-6.96528539312862,67.80942121999999,23.496349678620614,37.82978502942746,,
2021-03-60,Majalengka,-12.27204227639507,7.091713939999977,-0.12740330036738784,0.0,,
2021-03-60,Subang,-10.007508022075326,55.48404110000001,27.495118836328267,60.78190344234364,,
2021-03-76,Cirebon,36.97988173457521,49.88874236000004,42.43670962505218,10.21916291297755,,
2021-03-76,Indramayu,37.840010835592125,80.08353104000003,43.62361585235419,19.77833380956107,,
2021-03-76,Majalengka,39.442623688817235,56.44108670000003,41.54535554000001,20.411029871232707,,
2021-03-76,Subang,37.474706313344385,69.7200944,42.374588334615346,6.949328926989831,,
2021-04-92,Cirebon,12.02612016196427,27.78782504000003,20.368692343433548,49.07904193716143,,
2021-04-92,Indramayu,14.083419958059064,65.45440544000002,29.4880603247848,61.48767205303231,,
2021-04-92,Majalengka,10.570251131784449,28.468011020000006,22.805622752086013,8.60690560249461,,
2021-04-92,Subang,12.943030869771905,51.28671254000005,28.488257691005465,64.98415152407621,,
2021-04-108,Indramayu,22.51642156069531,50.38777328000003,28.865345792000024,99.60111524275521,,
2021-04-108,Majalengka,25.728010521773157,27.517801459999987,27.175999460000014,92.93792797041182,,
2021-04-108,Subang,25.4658089965453,40.48918736000002,28.81997943846157,97.92035538097676,,
2021-05-124,Cirebon,28.113336015380206,38.00770484000003,32.619562526428574,44.857087975355164,,
2021-05-124,Indramayu,26.157416110498726,63.48220790000005,32.23790105549655,43.2377034467519,,
2021-05-124,Majalengka,25.905642355029894,46.96633526000005,39.842497976000026,51.961029183827065,,
2021-05-124,Subang,25.393755535953506,57.589541420000046,32.12259216078533,24.390524756395706,,
2021-05-140,Cirebon,36.158007213115816,45.684577760000025,40.46882527516796,0.0,,
2021-05-140,Indramayu,36.17642180770079,73.97894732000003,40.872004983386944,0.44772565694082506,,
2021-05-140,Majalengka,41.000598533299566,69.54235735999998,58.119822808571435,0.0,,
2021-05-140,Subang,36.29672630932831,68.67418028000003,40.122753071672214,0.9224583740784373,,
2021-06-156,Cirebon,35.650140303274135,43.15524296000001,39.02993449818206,0.0,,
2021-06-156,Indramayu,35.64369980399473,73.90716889999999,39.87180001697902,0.07939081071386778,,
2021-06-156,Majalengka,38.20740424715293,65.62872446000006,54.839775841757564,0.0,,
2021-06-156,Subang,35.374328494836234,67.98715826,39.12150250335299,1.0610881101108827,,
2021-06-172,Cirebon,10.286880971566491,38.38710506000001,31.754365820768307,55.24909178333712,,
2021-06-172,Indramayu,10.322652372723688,64.30936874000002,34.47596728156636,32.715461919945206,,
2021-06-172,Majalengka,28.323314676254505,55.579745660000015,44.86159450000002,0.0,,
2021-06-172,Subang,24.15185675366359,67.45736516,37.46306555452776,31.666794575049543,,
2021-07-188,Cirebon,33.65403774897395,41.80854308000005,37.46929505485022,0.0,,
2021-07-188,Indramayu,32.73634162379695,70.91298338000001,37.12261567503492,0.014132873761036523,,
2021-07-188,Majalengka,35.48744081278632,63.41726552,53.882698730000016,0.0,,
2021-07-188,Subang,33.01438187431649,65.15020166,36.37101195231183,0.038558594251322055,,
2021-08-220,Cirebon,33.3326875785528,43.02194018,38.93799869938712,17.510052459523468,,
2021-08-220,Indramayu,33.66799837685014,73.38421184000003,39.62112494603523,45.24761039776541,,
2021-08-220,Majalengka,32.230686246038026,35.91245858000002,34.921232780000025,93.084611429503,,
2021-08-220,Subang,34.66685010675459,65.93976428000002,39.1191050343825,33.015479555722536,,
2021-08-236,Cirebon,-4.42884415436738,21.669569239999987,12.375041868145695,22.84443906443576,,
2021-08-236,Indramayu,2.643327616850147,55.42593476000002,20.242795567852045,58.538658969443134,,
2021-08-236,Subang,-12.46221075122238,5.888570899999991,-0.33916905486361393,98.82380751983622,,
2021-09-252,Cirebon,35.430433720161695,48.928278739999996,43.562503781298794,0.0,,
2021-09-252,Indramayu,35.383219722067786,82.57526761999998,44.74414045250737,16.452275593018722,,
2021-09-252,Majalengka,40.94970036788143,70.47889484000001,63.52493315000001,0.0,,
2021-09-252,Subang,30.47792995243252,69.73034846000002,40.73367905503748,61.789712749536164,,
2021-09-268,Cirebon,38.07421484324041,49.77252968000005,44.55981309738573,2.4357900807035935,,
2021-09-268,Indramayu,42.17946601349235,85.61730541999998,50.239648836747875,27.77220740230449,,
2021-09-268,Majalengka,42.58134576081934,72.08536423999999,63.60696563000002,79.31562726378132,,
2021-09-268,Subang,39.72924213878281,74.49506833999999,47.12018765102036,41.70292526835177,,
2021-10-300,Cirebon,35.63154120363636,39.4364372,38.534079920000025,99.55459648580597,,
2021-10-300,Indramayu,37.53408030737134,73.43890016,46.21861817009837,97.95521173999404,,
2022-02-47,Cirebon,34.82256641839598,45.373537940000006,40.06105806356528,1.1894686496895013,,
2022-02-47,Indramayu,36.33516441606072,79.72463893999998,42.373463444441526,1.2529939277925883,,
2022-02-47,Majalengka,37.27470505705414,61.53735452000001,54.93373988000002,0.0,,
2022-02-47,Subang,37.74577932949286,71.15908081999999,42.12304548103512,1.836504633759593,,
2022-03-79,Cirebon,26.71732072292517,40.82415332000005,34.36871222912119,44.75355480465161,,
2022-03-79,Indramayu,35.65968121628087,80.98930633999998,42.73935851340867,8.718944615231024,,
2022-03-79,Majalengka,39.89399344341566,62.685809240000026,58.187694920000034,0.0,,
2022-03-79,Subang,37.964528700763076,71.04970418000005,44.245210021350935,6.894440243215944,,
2022-04-95,Cirebon,39.69235759478803,51.67294880000003,44.93589534102426,1.057128104076074,,
2022-04-95,Indramayu,42.59282861010872,85.2379052,48.45279432059196,21.837674451695495,,
2022-04-95,Majalengka,45.22966460862931,71.16249884000001,62.88918143000001,19.545550295464377,,
2022-04-95,Subang,38.641453956654715,65.74151912000002,44.74076377350517,68.44032437997609,,
2022-05-127,Cirebon,29.674251987601064,40.54729370000001,34.11747203488307,83.3287448562604,,
2022-05-127,Indramayu,36.423037514343434,74.49506833999999,41.23767124873965,42.5603232288076,,
2022-05-127,Majalengka,37.71472641653826,62.849874200000045,53.145834486849324,33.0735863301806,,
2022-05-127,Subang,33.62008172764123,68.07260875999998,39.12162488511354,37.58952179516348,,
2022-06-159,Indramayu,13.191503639981638,60.22825286,32.45366840286086,93.64271813136786,,
2022-06-159,Subang,23.29553875994203,48.07377373999998,30.73572279875081,45.857405674628986,,
2022-06-175,Cirebon,-0.34005662235630496,30.542749160000028,23.459080596228326,7.325889024611723,,
2022-06-175,Indramayu,-5.50299541589872,59.428436180000006,25.489889649400723,9.887587526628856,,
2022-06-175,Majalengka,1.5559345565415654,35.22201854000002,20.344516820000024,0.0,,
2022-06-175,Subang,-62.91994868803659,20.592892940000013,-0.49989407485429255,25.53199140101728,,
2022-07-191,Cirebon,32.110596628750095,41.02581650000002,36.94890741384617,95.68587497918118,,
2022-07-191,Indramayu,32.88176929515224,73.26116311999999,39.24382635637778,44.68681924022731,,
2022-07-191,Subang,33.5222579357304,65.42706127999998,38.62832003940087,58.728343457823065,,
2022-07-207,Cirebon,29.736749152673635,39.74747702000002,34.18843900775385,0.0017313916735541173,,
2022-07-207,Indramayu,29.990770538310407,68.82799118000003,35.37300442026701,1.0178882365281356,,
2022-07-207,Majalengka,36.08927260354118,63.376249280000025,53.89132326883724,0.0,,
2022-07-207,Subang,28.86322735999604,59.595919159999994,33.37503127158889,3.5435134619663744,,
2022-08-223,Cirebon,34.69486065881033,45.51025874000004,40.432537521027974,11.182663485029703,,
2022-08-223,Indramayu,36.38798377203474,78.16260380000006,41.62105641962261,16.736723662536594,,
2022-08-223,Majalengka,40.399013769134285,75.5478185,54.89987259732395,24.267963558079302,,
2022-08-223,Subang,34.95888652430151,67.87094558000001,39.3741174916095,37.20843046240378,,
2022-08-239,Cirebon,26.96573046777119,48.62065694,36.12128372366748,67.2126518728181,,
2022-08-239,Indramayu,35.23373307275089,81.79254104000006,43.7372290063565,46.49694979084211,,
2022-08-239,Majalengka,42.611662802285956,81.79254104000006,61.584230222857165,2.427108926675441,,
2022-08-239,Subang,27.7125935587152,56.66667602000001,36.127097353479286,49.05900974959085,,
2022-09-255,Cirebon,28.860655845206956,36.39098138000003,33.43745602817457,90.855730782724,,
2022-09-255,Indramayu,31.814059339752593,76.20407834000002,40.73957976612358,60.67680072706529,,
2022-09-255,Majalengka,41.60901110394453,76.20407834000002,59.61779448800002,40.64260073778222,,
2022-09-255,Subang,31.056748434309547,62.63453894000003,37.74610895918635,52.67318046498144,,
2022-09-271,Cirebon,41.5334521719909,54.16810340000001,47.935521482033145,2.7700333400370125,,
2022-09-271,Indramayu,43.338099510750105,93.49925954000003,51.24743393306534,6.651079280322731,,
2022-09-271,Majalengka,52.80751223313601,92.34055076000004,73.08624679978603,9.227062364453769,,
2022-09-271,Subang,39.651065029002616,74.73774776000005,48.87133423100466,1.9794536326809726,,
2022-10-287,Indramayu,30.42997950289643,63.51297008000006,38.88287434000002,98.60113586799687,,
2022-10-287,Majalengka,28.444809914545466,29.42847463999999,29.19604928000001,93.55066160325265,,
2022-10-287,Subang,38.2786651402752,51.66953078000006,42.309941690937514,90.67710661636413,,
2022-10-303,Cirebon,22.002265997484855,34.79476604000001,28.936332389466248,55.74493034005076,,
2022-10-303,Indramayu,29.066843560038294,70.23279739999998,37.12612938068634,9.024276118882073,,
2022-10-303,Majalengka,31.53418518676943,56.27702174000001,48.61723892000002,0.0,,
2022-10-303,Subang,31.053133415291917,66.10724726000001,37.12542244227916,0.1556080562973346,,
2022-12-351,Cirebon,41.53555483649038,51.013270939999984,44.689959751172466,3.252582329120368,,
2022-12-351,Indramayu,38.62653578375282,76.39890548000005,43.23418383914375,20.813549591092332,,
2022-12-351,Majalengka,38.79174507238561,63.64969087999998,55.29263198000001,0.0,,
2022-12-351,Subang,38.03979768842144,72.02383988000003,41.36888007586207,11.06202223061063,,
2023-02-50,Cirebon,20.251940943767707,37.27624856,31.368112244718287,71.10765176398516,,
2023-02-50,Indramayu,18.46520536379707,56.51628314000004,28.241025392550434,36.76993278041094,,
2023-02-50,Majalengka,20.861346742787976,42.71090035999998,36.555046340000025,17.070374778084986,,
2023-02-50,Subang,21.582890111893914,48.61723891999998,31.377092158888757,50.3748840552635,,
2023-03-66,Cirebon,29.881752817018754,39.26895422000001,34.3128500332125,20.604843720036982,,
2023-03-66,Indramayu,30.31785824993752,67.13265325999998,36.2395437354792,56.002835083363514,,
2023-03-66,Majalengka,25.924036526544562,28.505609240000013,28.088610800000026,87.04131858772841,,
2023-03-66,Subang,29.04874288827768,56.892265339999994,35.119897087438986,38.77312240250763,,
2023-03-82,Cirebon,28.476215157635867,42.99459602000002,33.6888468898377,44.86444048267925,,
2023-03-82,Indramayu,26.571901718883137,63.89237030000004,34.62097118361294,71.05543667473918,,
2023-03-82,Majalengka,22.620503124266953,41.87690348000001,40.639580240000015,80.37243994003295,,
2023-03-82,Subang,18.42944657732843,39.487707500000056,27.12137816000002,81.08821923786763,,
2023-04-98,Cirebon,35.12045743560438,46.552754840000034,40.6886765155889,9.438452389397026,,
2023-04-98,Indramayu,36.682169471432836,78.46680758000002,42.124391331959345,12.461358422498483,,
2023-04-98,Majalengka,36.81767113623334,63.33523304000005,52.879509859999985,37.29089032465616,,
2023-04-98,Subang,36.05972848652883,69.01598228,41.62211201530171,11.20687999925845,,
2023-04-114,Cirebon,37.05206331573979,48.34379732000002,42.968565452000036,0.002914648518629889,,
2023-04-114,Indramayu,39.37454172982386,79.33156664,44.62379550754037,6.4380153184252915,,
2023-04-114,Majalengka,40.5311045780618,63.98807485999998,57.61654377800001,33.29599535112065,,
2023-04-114,Subang,39.39599674535051,73.48333442,44.37258084089113,1.600664190592492,,
2023-05-130,Cirebon,34.07825694701358,44.41649233999999,38.626778938057754,3.6342960054022337,,
2023-05-130,Indramayu,34.06951564303016,71.89053710000002,39.43933300970234,41.31283840591608,,
2023-05-130,Majalengka,38.32456299156594,60.89818478000001,55.63785200000001,0.0,,
2023-05-130,Subang,30.763039244922293,54.626118080000026,40.87294413541247,63.90158562618391,,
2023-05-146,Cirebon,36.45947141683683,44.320787780000046,40.03359817150636,0.0,,
2023-05-146,Indramayu,36.652646384279876,74.58393686,40.6234677078035,2.067674672604146,,
2023-05-146,Majalengka,38.49182494221564,63.61551068000006,56.68718414,0.0,,
2023-05-146,Subang,37.10039590932592,69.34753022000001,40.622514557798404,0.2120300233169194,,
2023-06-162,Cirebon,36.745037233097996,46.37159978,40.53076839687084,1.7593878692089135,,
2023-06-162,Indramayu,36.21569672127323,75.35982740000003,40.622704373731914,0.0021883679428496734,,
2023-06-162,Majalengka,37.91899979306031,63.571076420000054,55.87564853428574,0.0,,
2023-06-162,Subang,36.00332813812168,68.61265592000001,39.86815069807324,0.0,,
2023-06-178,Cirebon,37.47003531931623,45.38721002,41.094915960712456,0.0014540512119117692,,
2023-06-178,Indramayu,37.438369440660225,74.97359114000005,41.369642176807154,0.2311469866460263,,
2023-06-178,Majalengka,39.00186281436302,63.99149288000001,56.70769226000002,0.0,,
2023-06-178,Subang,37.912282445309515,71.47695668000006,41.86980689653284,0.4342167392739031,,
2023-07-194,Cirebon,32.24702411696561,46.36134572000003,37.87107274361405,17.564447664831164,,
2023-07-194,Indramayu,31.537394924630412,72.08878226000002,38.24368535868315,44.282804993010814,,
2023-07-194,Majalengka,32.47072631846517,33.08575603999998,33.08575603999998,99.8661017752976,,
2023-07-194,Subang,29.31065947991538,61.756107799999995,35.24230358907383,67.79787601824054,,
2023-07-210,Cirebon,31.629813638166024,42.41353262000001,35.936731123835294,1.870379726744828,,
2023-07-210,Indramayu,32.621244090292585,74.98726322000005,38.23483536367457,2.6679169779120016,,
2023-07-210,Majalengka,38.73338120709364,64.86992401999998,58.87198252400002,3.3030050194021743,,
2023-07-210,Subang,32.76093817784122,65.98419854000002,37.625271542913794,2.249086061388327,,
2023-08-226,Cirebon,33.103763140658394,42.92623562000006,38.594786351559776,0.005800236774763553,,
2023-08-226,Indramayu,35.18136430148488,78.23438222000004,42.6220909542471,0.01263842226336714,,
2023-08-226,Majalengka,42.588273850032564,75.82809614000001,64.34098542500003,0.0,,
2023-08-226,Subang,35.314051864983405,68.89976960000001,41.62230487611063,0.0013484363848959892,,
2023-08-242,Cirebon,32.128770761587646,43.28512771999999,38.18605130039382,4.326984962633698,,
2023-08-242,Indramayu,34.47616178941441,77.0688374,42.37275241867565,17.593145960647945,,
2023-08-242,Majalengka,40.80580422276079,47.00393348,44.91894128000001,97.96886361517663,,
2023-08-242,Subang,34.90986564352066,66.72249086,42.373496278132684,3.951176161358373,,
2023-09-258,Cirebon,36.09603417845641,48.569386640000005,43.686070686067346,4.878999473718588E-4,,
2023-09-258,Indramayu,38.52387555261267,83.17342112000006,46.12249331209706,0.4603810361035414,,
2023-09-258,Majalengka,46.34498758923327,75.45211394,67.40495552000004,0.0,,
2023-09-258,Subang,36.79054216378452,67.80600320000002,44.87045591078415,0.03249852916377051,,
2023-10-274,Cirebon,34.698791970142565,46.37501780000002,41.81063283160914,0.08982599633452808,,
2023-10-274,Indramayu,39.014101894074706,85.95227138000001,47.742447429750904,0.9038661677939163,,
2023-10-274,Majalengka,49.45431537501957,79.56741002000001,71.33910828577322,0.0,,
2023-10-274,Subang,39.64843706287219,72.33829772000001,49.123566850934196,6.703491236946517E-4,,
2023-10-290,Cirebon,42.71670892569627,54.875633540000024,50.186702257046676,0.0,,
2023-10-290,Indramayu,46.67024065548186,94.71607466,55.621405529145214,1.5303137969653236E-4,,
2023-10-290,Majalengka,55.12237496017894,85.2379052,76.36985231000001,0.0,,
2023-10-290,Subang,44.74350838861157,79.36574684000004,52.87459899601249,0.0,,
2023-11-306,Cirebon,38.81626060065385,48.880426460000024,44.811182260506584,0.9566317603635494,,
2023-11-306,Indramayu,34.23949671479781,84.05527028000006,42.737797845042415,43.25405156365192,,
2023-11-306,Majalengka,38.07242845804503,63.031029260000025,57.14246440400002,86.05075510161937,,
2023-11-306,Subang,30.44034985949713,54.55092164000001,38.624354175926676,59.86527429286852,,
2023-11-322,Cirebon,34.785462857440336,48.125044040000034,40.68539843966856,64.02322764986238,,
2023-11-322,Indramayu,42.08114948957653,92.01583886000003,52.74213198085416,46.71527314921771,,
2023-11-322,Majalengka,50.08216469607495,78.16943984,70.86843510844115,4.370811076851812,,
2023-11-322,Subang,41.96126155794111,74.79585410000004,48.740176462943786,36.728876993041474,,
2023-12-354,Cirebon,42.04285074905727,53.81262932000004,48.061699749519384,31.27460959905126,,
2023-12-354,Indramayu,45.234667312054825,91.47579170000006,54.24118200018832,11.2030057266392,,
2023-12-354,Majalengka,49.574559723832365,77.11668968000004,67.60733078750002,0.0,,
2023-12-354,Subang,42.63419659258914,77.48925386000002,48.12234178561537,24.33052494639072,,
2024-01-21,Cirebon,0.7968604400000174,2.3748463400000333,2.3748463400000333,99.99708680886873,,
2024-01-21,Indramayu,19.18896388815723,55.138821080000014,27.62109701786294,84.24994088641297,,
2024-01-21,Majalengka,6.422989093056947,23.05386734000001,18.689055800000006,93.02084176446783,,
2024-01-21,Subang,23.22428550827712,51.37899908000003,31.62245829482501,74.4339440133694,,
2024-02-37,Cirebon,16.855152359768592,29.54468731999998,23.617759146664767,83.7345828416965,,
2024-02-37,Indramayu,25.160778417969386,64.14530378,34.74232973677765,75.65375704067672,,
2024-02-37,Subang,12.81675830663222,23.71012718000003,19.559803019069786,94.4730348373741,,
2024-02-53,Cirebon,29.667047805433356,40.11662318000003,34.87024240405172,1.595866594470117,,
2024-02-53,Indramayu,24.531248034389765,58.79610248000006,30.735853451847706,80.87046590986915,,
2024-02-53,Majalengka,29.572619428777564,58.984093580000035,45.930219464000025,69.81312402243081,,
2024-02-53,Subang,26.712936119956606,54.885887600000046,37.872838291643106,74.79762843644917,,
2024-03-85,Cirebon,35.18561281357962,45.08984228000003,40.19191153430045,1.3961564361507777,,
2024-03-85,Indramayu,35.179169165384316,75.50680226000003,41.1236200098739,19.471563462347113,,
2024-03-85,Majalengka,38.09565309878028,62.91139856000001,52.60265024,6.724777194063726,,
2024-03-85,Subang,35.30992690396106,67.78891310000006,40.871217576589615,11.525474496578568,,
2024-04-117,Cirebon,25.93775062596202,46.993679420000035,38.75235552639756,84.3084689659722,,
2024-04-117,Indramayu,37.2978940154863,77.26024652000001,44.465629279229006,26.20229628975203,,
2024-04-117,Majalengka,43.0666287167391,66.41486906,60.61070714416669,22.424500035011995,,
2024-04-117,Subang,36.48161605086731,67.79233112000003,44.477417239005554,40.391113249611685,,
2024-05-133,Cirebon,18.796351865333957,42.98434196000005,33.72494758555026,76.39985680204539,,
2024-05-133,Indramayu,18.649272928454877,52.578724100000045,34.74963580307695,95.76442120503582,,
2024-05-133,Subang,5.319449153834607,20.804810180000004,19.07415272000003,99.91210118900409,,
2024-05-149,Cirebon,33.21836415383013,42.11958290000001,37.65733319992808,0.0,,
2024-05-149,Indramayu,36.54726987552581,74.90864876,40.62126727845003,2.098642069654094,,
2024-05-149,Majalengka,40.89352299792934,65.60138030000002,59.91607370000003,0.0,,
2024-05-149,Subang,36.258281517586745,67.23177584000001,41.12223643176105,3.656713191859436,,
2024-06-181,Cirebon,-43.04104823604384,22.8761303,-6.53521322841807,53.73089732506716,,
2024-06-181,Indramayu,0.24070039806488785,70.30457582000003,29.491787045669412,36.796069390401314,,
2024-06-181,Majalengka,18.929977829077387,39.634682360000056,34.64698733208271,0.0,,
2024-06-181,Subang,-9.248737650762001,40.81389926000003,24.48714443573413,30.85618801455436,,
2024-07-197,Cirebon,32.8485695148979,40.834407380000016,36.71972222649164,9.179115812490245E-4,,
2024-07-197,Indramayu,32.26443117660786,69.993536,36.37101049325129,9.941092121517157,,
2024-07-197,Majalengka,36.29540603692491,67.67270042000001,53.14269740000002,0.0,,
2024-07-197,Subang,31.55966153613041,64.55204816000003,35.62202624104654,43.961798051552876,,
2024-07-213,Cirebon,36.020751873605484,43.98240380000004,40.28321255738895,27.602359466676212,,
2024-07-213,Indramayu,36.407541554362886,79.83059756,42.872366423300214,1.0696454421319528,,
2024-07-213,Majalengka,42.64395758572022,79.83059756,61.399494380000014,0.0,,
2024-07-213,Subang,36.508914493141496,69.81238094000003,41.12281048184129,9.568731851915018E-4,,
2024-08-229,Cirebon,32.88516421316579,43.83884696000001,37.626188132080635,28.8154527551075,,
2024-08-229,Indramayu,34.59465613667932,86.18811476000002,44.44356898660071,37.80990098073116,,
2024-08-229,Majalengka,44.159487931471965,72.58097714000002,65.47833158000003,0.0,,
2024-08-229,Subang,27.99659021298856,64.67167886000004,35.87461309630141,55.57311071517476,,
2024-09-245,Cirebon,36.90076534557839,48.08402780000006,42.94039624822321,0.005588337016461377,,
2024-09-245,Indramayu,32.25140489081417,84.5030309,43.24593173778,45.08090811140224,,
2024-09-245,Majalengka,38.58103389096836,84.5030309,55.39964229846154,0.2683294126450383,,
2024-09-245,Subang,29.19633986741182,65.68683080000005,38.373053070015395,40.57790249449498,,
2024-09-261,Cirebon,35.62426220085711,48.21049454000001,42.93873870901253,0.0060044234941082466,,
2024-09-261,Indramayu,38.26887253509789,91.10322752000002,48.73891379577257,0.015282769095174273,,
2024-09-261,Majalengka,51.231526432311206,90.34442708000006,73.14048917968616,0.0,,
2024-09-261,Subang,38.00156729332964,71.25478538000004,47.37190108060181,0.007549134962501173,,
2024-10-277,Subang,23.964959560000008,30.091570520000005,29.41480256,99.97960022371754,,
2024-10-293,Cirebon,28.368915818472132,47.205596660000026,39.371034361347164,77.38675250523353,,
2024-10-293,Indramayu,32.65860302762218,73.87298870000001,43.24406580536952,77.62698591385868,,
2024-10-293,Majalengka,40.20641095404485,44.31395173999999,42.74166253999999,97.26555470245518,,
2024-10-293,Subang,37.579432110421855,76.32712706000001,46.74811276756909,37.936818375429446,,
2024-11-325,Cirebon,21.67254656328157,33.35577962000002,27.564979702107788,76.26259933820712,,
2024-11-325,Indramayu,25.702526610967467,57.22723130000003,32.12012290080113,90.92257714476042,,
2024-11-325,Majalengka,-25.239337239999998,-25.239337239999998,-25.239337239999998,99.96845609273662,,
2024-11-325,Subang,27.453307820578516,54.479143220000026,33.12170233349702,57.05109483580234,,
2025-01-07,Cirebon,35.771255294359364,45.34619378000002,39.935298432477154,1.3077930038235683,,
2025-01-07,Indramayu,34.389828962625494,75.62985098000001,42.23741992040553,15.558956230357909,,
2025-01-07,Majalengka,43.00338822155845,69.5150132,61.34423639000005,0.0,,
2025-01-07,Subang,34.248310424044455,65.60138030000002,42.37435919984897,19.156589298354422,,
2025-02-55,Cirebon,16.182875778694285,42.11616488000004,33.24164071161436,8.651365585191186,,
2025-02-55,Indramayu,6.332075780733623,59.37716588000001,27.480944307316847,59.88693154660191,,
2025-02-55,Majalengka,12.887932170000855,31.745892200000014,20.6173484505426,0.0,,
2025-02-55,Subang,7.8027119901308115,43.11080870000001,27.240695670171558,32.309320851188446,,
2025-03-87,Cirebon,-123.06642619241507,-90.2603317,-123.14852013999999,99.94308492704361,,
2025-03-87,Indramayu,-0.21086113294203623,71.47353866000003,32.47064968929344,14.471704358952293,,
2025-03-87,Majalengka,-122.93281187805334,-116.35691439999997,-122.96394705999998,96.84227513096154,,
2025-03-87,Subang,-12.405516666126328,41.17279136000002,17.497510473709408,29.29561744982073,,
2025-04-103,Cirebon,-63.394434947648065,-20.033692779999967,-40.24699781253232,39.72669617267704,,
2025-04-103,Indramayu,-2.006430600696097,46.210952840000004,19.45663794745762,33.78984523130333,,
2025-04-103,Majalengka,8.36209541814372,28.891845500000045,22.885740242151652,0.0,,
2025-04-103,Subang,16.96869013306686,39.72696890000003,24.624555587204636,0.14298777668562895,,
2025-04-119,Cirebon,29.64586349823055,48.57622268,38.3722303105825,0.39778113259886494,,
2025-04-119,Indramayu,34.23770062366621,77.22606632000003,41.24367601346818,3.2712592009413655,,
2025-04-119,Majalengka,38.581746895739506,63.30447086000004,56.79450996800002,0.0,,
2025-04-119,Subang,36.10455923734793,77.05174729999999,41.62215276161111,1.9467506799209666,,
2025-05-135,Cirebon,8.081962326865153,31.12723058000006,21.878897832500023,83.4344121185305,,
2025-05-135,Indramayu,20.607983063297223,68.57847572000003,33.45967000729216,59.67588530659531,,
2025-05-135,Majalengka,8.934679161682388,26.59493606000001,19.935493760000004,35.19027437528322,,
2025-05-135,Subang,23.691316606728098,55.432770800000014,32.86738785553847,45.93983187901207,,
2025-05-151,Cirebon,36.855224918428405,46.94924516000003,41.53211438515749,0.0,,
2025-05-151,Indramayu,36.22585112358783,75.39400760000001,39.87169436729493,6.707486353253351,,
2025-05-151,Majalengka,38.089956591414605,62.24830268000005,56.30299869200002,0.0,,
2025-05-151,Subang,36.25139833378894,67.48129130000001,39.87145121530385,22.334566202586124,,
2025-06-167,Cirebon,36.05216269092092,43.507299020000005,39.68726222585192,8.945211568436722,,
2025-06-167,Indramayu,36.86661000045641,76.18698824,40.62531361999146,16.488322057836527,,
2025-06-167,Majalengka,39.16271731374183,66.28498430000002,56.834159,10.775655761035068,,
2025-06-167,Subang,37.09473436061176,69.86706926,40.870781261376464,2.7215752680772587,,
2025-07-183,Cirebon,35.95691534848293,42.71431838000001,39.468546282930795,0.0,,
2025-07-183,Indramayu,34.96446476529541,74.92232084,38.73739864075801,34.19128919886016,,
2025-07-183,Majalengka,39.65378366546233,66.56184392,57.361388585000014,0.0,,
2025-07-183,Subang,8.00820328574312,10.137169760000006,9.42485439200002,99.70481211234879,,
2025-07-199,Cirebon,34.430977108106966,42.338336180000056,38.03142246996841,0.0,,
2025-07-199,Indramayu,31.87646171099483,71.74014422000005,37.62181807035108,10.947503060258894,,
2025-07-199,Majalengka,34.61664261378055,62.21754050000004,50.84949081500002,0.0,,
2025-07-199,Subang,28.326517278349634,53.04357482,33.12468665087247,73.41329851284347,,
2025-08-215,Cirebon,34.98673907827752,45.53076686000003,40.31130537122532,34.44446361211336,,
2025-08-215,Indramayu,34.99062630837658,76.59715064,41.74497904619511,20.747331098595676,,
2025-08-215,Majalengka,40.89151875404307,74.88472262000005,60.115458200000035,0.0,,
2025-08-215,Subang,33.76152950098283,64.09061545999998,39.37048859712915,44.31739522892545,,
2025-09-247,Cirebon,35.01256986716121,46.74416396000004,40.936509956428644,0.4311554407117804,,
2025-09-247,Indramayu,35.35238829607211,86.14368050000002,42.73702264758986,21.297927387328183,,
2025-09-247,Majalengka,43.9953651644966,74.40961784000001,64.31181018285716,0.0,,
2025-09-247,Subang,34.782180737057736,69.46716092000003,40.371424099869046,30.182202633818285,,
2025-10-279,Cirebon,36.4181510561671,49.32818708000002,44.438635981477056,0.0028499440740386403,,
2025-10-279,Indramayu,39.60494577394664,87.43569206000001,48.24668893026331,0.12720278416035155,,
2025-10-279,Majalengka,50.17409097326341,78.54542204,72.1346813857143,0.0,,
2025-10-279,Subang,39.167004932704124,72.56046902000003,46.12390022107646,0.8463557524711464,,
2025-11-311,Cirebon,16.537733790191968,29.192631259999985,27.27687242231645,97.72747599863467,,
2025-11-311,Indramayu,31.18684987108588,66.62678630000005,40.24133898082726,84.49327852237461,,
2025-11-311,Subang,-38.47732357296997,-28.554816639999984,-28.66077525999998,99.99837901913897,,
2025-12-359,Cirebon,36.03443918682768,48.42582980000003,41.36883970202761,39.671129953716914,,
2025-12-359,Indramayu,38.89591517973061,82.7256605,45.74001024245162,26.686588391343573,,
2025-12-359,Majalengka,44.81220705156487,71.84952085999998,63.37662906000001,0.0,,
2025-12-359,Subang,40.272754028885466,75.83835020000004,45.62178023786856,5.695834603831847,,
2026-02-42,Cirebon,7.817753135163909,26.512903580000057,22.456285238331763,0.0,,
2026-02-42,Indramayu,-28.9119303195472,45.69141380000002,14.488689882261532,11.935271588509117,,
2026-02-42,Majalengka,19.886027730786537,40.608818059999976,30.82302679999998,0.0,,
2026-02-42,Subang,4.330966381359122,39.10488926000005,18.466592402044817,0.30827573362048954,,
2026-02-58,Indramayu,-2.407638010302251,43.274873660000026,15.744447511528122,93.13892005534444,,
2026-02-58,Majalengka,9.858963114860359,34.29231709999999,22.916007200000024,34.057085087812425,,
2026-02-58,Subang,16.925151734264144,36.00816314000002,28.126807427062335,89.34625705311254,,
2026-03-74,Cirebon,31.60645065604961,40.39690082000004,35.30808952251252,71.28509335379766,,
2026-03-74,Indramayu,30.366908462777598,75.66061316000003,35.24579042571239,35.92442813427021,,
2026-03-74,Majalengka,33.47680647612787,58.461136520000025,51.78346478000001,13.059371051783733,,
2026-03-74,Subang,31.045434833948597,62.17652426000001,35.373867075342666,1.3480807352979969,,
2026-03-90,Cirebon,33.38780353441135,46.05030590000001,38.566062133361164,41.36256205264121,,
2026-03-90,Indramayu,32.92069166654715,74.60444498000004,39.735339900276486,80.76803076009726,,
2026-03-90,Subang,32.07448383355864,65.66632268000001,39.372225684416904,57.52088668127596,,
2026-04-106,Cirebon,36.34783011693544,47.21243270000002,42.31422529585448,5.69939569386854,,
2026-04-106,Indramayu,37.60013669082191,80.27152214,43.37285840685356,18.749766584060666,,
2026-04-106,Majalengka,40.81086301412307,70.86513109999999,58.65108077428573,2.215955915499296,,
2026-04-106,Subang,38.07284257526309,70.0448063,42.873227449447235,12.376130189326757,,
2026-05-138,Cirebon,37.52488080484392,48.665091200000006,43.06401215655287,1.6002191208996281,,
2026-05-138,Indramayu,39.359252730775324,87.05970986,44.37323021880821,0.8017178125339872,,
2026-05-138,Majalengka,39.92852770160088,64.63749866,57.545107160000015,0.0,,
2026-05-138,Subang,40.1071951532195,72.80998448000003,44.62098388324046,5.3765274458575565,,
2014-01-09,Bandung,30.237624872243355,55.00893632000003,39.24374074494985,51.98939907443895,,
2014-01-09,Kota Tasikmalaya,34.96725749016633,47.12698220000004,41.188258484686166,7.582545499337906,,
2014-01-09,Tasikmalaya,31.01137227067302,48.15238820000002,35.123315502606964,25.27922838962151,,
2014-01-09,Ciamis,31.25256658942211,58.70039792,36.12102146910392,42.10980891013273,,
2014-01-09,Kota Banjar,33.58596104045988,47.56448876000002,38.81000649203053,26.85439769909243,,
2014-01-09,Cirebon,32.36863756095423,49.49225204000004,39.87157119716833,11.318937381745833,,
2014-01-09,Garut,30.42311544199865,64.91777630000001,36.7408661204471,45.19535122932767,,
2014-01-09,Indramayu,35.251223210434055,76.31345498000002,40.73761008292318,1.9499835294489403,,
2014-01-09,Kota Bandung,37.056714742694105,51.06454124000004,44.87742373039996,12.999276480660507,,
2014-01-09,Kota Cirebon,36.484098363565195,47.01418754000002,40.93645514277036,9.973902204500071,,
2014-01-09,Kuningan,30.99965156378728,47.72513570000001,37.12294623900449,38.61765879440967,,
2014-01-09,Majalengka,31.440356623182392,63.94022258000001,38.12035245127494,6.769414247554254,,
2014-01-09,Subang,32.459850463767836,71.23769528000003,41.23729003250434,11.591509641274609,,
2014-01-09,Sumedang,28.656063429283876,60.40257187999998,37.24659841707195,16.015073561008624,,
2014-01-25,Bandung,22.96709027850525,35.68345124000001,27.87536701246886,82.4319392131742,,
2014-01-25,Kota Tasikmalaya,26.63504917061538,40.851497480000035,34.37308776599229,85.87322801506888,,
2014-01-25,Tasikmalaya,20.804275499032375,42.76217066000004,32.37220832478772,57.173334565972844,,
2014-01-25,Ciamis,15.859271970137153,38.363178919999996,29.874259805921284,87.63197791989269,,
2014-01-25,Kota Banjar,19.20272465592071,28.926025700000025,24.873680666002326,86.09493248367973,,
2014-01-25,Garut,24.35674477625224,71.12490062,33.239188929287174,49.50852022406371,,
2014-01-25,Indramayu,12.907052125711937,16.252007540000022,15.66190401011522,99.95131421830217,,
2014-01-25,Kota Bandung,27.833359470138443,43.57907743999999,32.81616613854396,29.906429800784846,,
2014-01-25,Kuningan,16.257689998250015,20.33654144000002,19.741805960000022,99.99395196935114,,
2014-01-25,Majalengka,11.268561944677442,13.910663839999984,13.227059840000038,99.99165169403801,,
2014-01-25,Subang,20.50286204745893,29.68824416000001,25.437384047762936,92.03815384366175,,
2014-01-25,Sumedang,15.763581704554444,30.402610340000024,26.06480437683922,98.71522964189742,,
2014-02-41,Kota Tasikmalaya,16.057135722739066,28.457756959999983,23.36979357126358,86.33814150635305,,
2014-02-41,Tasikmalaya,12.48809397206499,34.81527416000006,24.47237201271309,71.34146787868815,,
2014-02-41,Ciamis,21.195680658662077,39.69962473999999,29.233691282929485,71.60879825625108,,
2014-02-41,Cirebon,25.25067296751636,42.635703920000026,33.12026985279398,50.91673521331504,,
2014-02-41,Garut,12.793863351800564,19.943469140000047,18.181463210159762,99.60746628196901,,
2014-02-41,Indramayu,13.284118338776041,46.64162336000004,25.8718340479466,97.37808052014347,,
2014-02-41,Kota Cirebon,29.44956729425881,38.93057024000001,34.67848011671431,18.514803385491422,,
2014-02-41,Kuningan,22.721246672090594,35.23227259999999,28.875431524569603,63.96456301119679,,
2014-02-41,Majalengka,17.095453737954124,50.401445360000025,23.123778457583338,77.23994058635782,,
2014-02-41,Subang,8.519949341093085,15.821337019999987,13.807662409046225,99.08384811257972,,
2014-02-41,Sumedang,14.832128820037441,24.619320500000015,21.18241128242502,94.97973041667258,,
2014-02-57,Bandung,21.330330755000016,22.021625299999982,21.96522797,99.99777466615018,,
2014-02-57,Kota Tasikmalaya,36.49588133946214,49.63239085999999,44.123790411820146,28.370886658736055,,
2014-02-57,Tasikmalaya,33.06082362461745,51.80966960000001,36.118152372148,25.242712620375794,,
2014-02-57,Ciamis,34.71287134294814,64.05301724000003,40.12249534101285,22.70285644530331,,
2014-02-57,Kota Banjar,38.148647579037494,52.841911640000035,43.93621038023385,6.772641706755904,,
2014-02-57,Cirebon,34.97837636467407,47.40725984000005,40.31264428748129,82.1211459381541,,
2014-02-57,Garut,30.454265611613273,49.06499954000003,34.62235991052438,76.58134151687399,,
2014-02-57,Indramayu,21.150199780083643,26.365928720000056,22.94887706900476,99.94583250764703,,
2014-02-57,Kuningan,31.78275745065692,46.67922157999999,36.93516594231865,93.98860826151851,,
2014-02-57,Majalengka,25.11922085176674,27.85618543999999,27.266505781250032,99.99031179357132,,
2014-03-73,Bandung,26.19715202894472,50.55525626000002,32.87380723402115,96.33849410291832,,
2014-03-73,Kota Tasikmalaya,32.804693453981585,43.89353528000004,37.37671714954004,61.20391299438506,,
2014-03-73,Tasikmalaya,31.430509109226648,51.55673611999998,35.621419912977245,51.79916774416304,,
2014-03-73,Ciamis,32.16163749986821,61.61596898000005,39.12170991243473,71.96923264784392,,
2014-03-73,Cirebon,33.92388439663116,44.18748500000004,38.43876805997035,82.85524688651043,,
2014-03-73,Garut,28.45545373254854,60.67601348000005,33.234952480800715,73.89304665199852,,
2014-03-73,Indramayu,30.037568726909075,63.49929800000001,35.73590427982975,66.7567099991083,,
2014-03-73,Kota Bandung,28.42935109218971,33.78303212000003,31.369534346041338,96.21154032185395,,
2014-03-73,Kota Cirebon,35.63333718113969,42.656212040000014,39.58944813787236,59.339512271548045,,
2014-03-73,Kuningan,29.68230832115508,39.71329681999998,33.560634539930334,90.60719879655572,,
2014-03-73,Majalengka,29.439953265482515,58.297071560000006,33.621588028114964,86.07294570744159,,
2014-03-73,Subang,30.939324411836488,60.33421148000002,36.74420699156888,64.01219055002936,,
2014-03-73,Sumedang,28.97329814923502,55.93180172000001,33.23312576275971,64.12030884233188,,
2014-03-89,Bandung,27.802490268516344,54.13734122000005,33.62258825802033,71.75630222336318,,
2014-03-89,Kota Tasikmalaya,38.410546760244586,53.92200595999998,45.87658015926652,10.84238719878585,,
2014-03-89,Tasikmalaya,30.81578221261562,52.91710808000005,37.87188765993184,19.706773361636493,,
2014-03-89,Ciamis,33.945119736632876,57.295591700000045,40.735131243034274,21.93430619696829,,
2014-03-89,Kota Banjar,39.83384084403451,57.07683842000006,46.94109610012196,3.6635403851641164,,
2014-03-89,Cirebon,27.357308175675144,45.44531635999999,35.62446026672082,59.367890587698554,,
2014-03-89,Garut,29.295503317936674,56.63249582000003,35.12423014294647,43.49926469633612,,
2014-03-89,Indramayu,25.66814085459365,62.68239122,31.731593555686306,90.10149166471804,,
2014-03-89,Kota Bandung,32.441871030274584,42.33491816000003,37.93923158350547,43.261029678865704,,
2014-03-89,Kota Cirebon,30.839333960829407,39.20742986000005,37.058439580325775,35.529092056786865,,
2014-03-89,Kuningan,28.213621812707043,43.84568300000001,33.3111793882636,64.09378748722824,,
2014-03-89,Majalengka,30.871170908769514,64.87334204000001,36.3720979733689,52.897811716008846,,
2014-03-89,Subang,25.823983589693018,47.80375016000005,30.239864902293377,89.00430069364042,,
2014-03-89,Sumedang,29.615992488343867,53.62805623999998,35.12388837311319,63.52851876347588,,
2014-04-105,Bandung,28.319307840982116,54.67055234000003,37.23989124290874,74.59764448688925,,
2014-04-105,Kota Tasikmalaya,34.175799592443305,47.36966161999999,40.623458377734636,7.308039765609645,,
2014-04-105,Tasikmalaya,30.58400196495002,48.189986420000025,36.73932668497578,32.67914633235623,,
2014-04-105,Ciamis,28.875443622843004,58.76875832000002,36.44490099257285,30.99600882097166,,
2014-04-105,Kota Banjar,21.21406368084619,42.423786680000035,36.23680723086744,54.697180599724796,,
2014-04-105,Cirebon,35.19940725014822,50.48005982000001,41.119064987377314,65.13349949206686,,
2014-04-105,Garut,29.70118071608991,59.68136966000003,36.45697598750617,35.215949001642734,,
2014-04-105,Kota Bandung,34.893959588703815,47.84818442000005,42.36660900568455,19.41009947897064,,
2014-04-105,Kota Cirebon,19.43744681545456,22.26430472000004,21.936174800000003,99.94465120491664,,
2014-04-105,Kuningan,32.236614616105726,48.56255060000001,38.87504551914318,24.838697984942655,,
2014-04-105,Majalengka,31.318037250208317,44.97362959999998,37.37284083886948,65.9402352063127,,
2014-04-105,Subang,26.04047702876223,36.459341780000045,31.86969943950688,94.47031317766022,,
2014-04-105,Sumedang,31.225128232492075,55.04653454000004,37.24277768817617,51.31969437349451,,
2014-05-121,Bandung,32.15175081218535,52.007914760000006,39.62273952832975,35.311325893744346,,
2014-05-121,Kota Tasikmalaya,34.55058173832563,45.23339912000006,40.68501153157054,4.596584512945798,,
2014-05-121,Tasikmalaya,31.75759751926873,51.450777500000015,35.56106150158321,3.3616880102872204,,
2014-05-121,Ciamis,32.478513707236274,64.07010734000005,37.622588582512,6.191640192190161,,
2014-05-121,Kota Banjar,35.41256657364579,49.86139820000005,40.93836799645192,4.38469901827855,,
2014-05-121,Cirebon,35.807320863127586,48.93511478000005,40.43740953273391,32.26187316702522,,
2014-05-121,Garut,30.41280814974409,59.2438631,35.37215180043178,11.03109807947282,,
2014-05-121,Indramayu,36.27150758335865,74.95650104000003,40.22888319301211,23.24951518624886,,
2014-05-121,Kota Bandung,39.66154816679079,50.38777328000003,45.81235938329015,20.455148665662023,,
2014-05-121,Kota Cirebon,40.20158942471757,48.95562289999998,45.55962559173656,24.079320644350723,,
2014-05-121,Kuningan,32.141144623492444,46.23829699999999,37.1868102088135,41.455543010899085,,
2014-05-121,Majalengka,35.267462657947554,72.68351774000001,39.867583965391326,24.07529356684582,,
2014-05-121,Subang,35.888911087617345,70.4549687,40.22817336044236,35.08761257539326,,
2014-05-121,Sumedang,33.5099989098344,53.62122020000004,38.122710696504406,30.50745823939851,,
2014-05-137,Bandung,17.40952561455058,27.620342059999984,24.139737370752194,99.71681918403075,,
2014-05-137,Tasikmalaya,22.9081314691714,37.46765768,30.444426762198287,91.77825423410255,,
2014-05-137,Ciamis,26.452883980465945,56.40348848000002,33.74769096625165,94.51188664227104,,
2014-05-137,Cirebon,36.71921249343598,54.46205312000001,42.743523677295144,35.52518115605527,,
2014-05-137,Garut,22.382185275074605,36.91735646000001,29.221503413364502,96.88063257359606,,
2014-05-137,Indramayu,34.67379670913568,69.70642232,39.73972386042168,71.3961849335866,,
2014-05-137,Kota Cirebon,37.70836854399517,50.80135370000005,42.81236964029852,63.812089558099515,,
2014-05-137,Kuningan,34.53157406946538,53.84339150000005,42.23964738859533,40.53851451437523,,
2014-05-137,Majalengka,33.283347082188904,61.74243572,39.737384817398336,64.93488372833502,,
2014-05-137,Subang,30.188850462933477,65.14678364000002,35.73764084940036,65.70979023674029,,
2014-05-137,Sumedang,29.303218032760565,47.062039819999995,37.12437232304644,50.28008729740312,,
2014-06-153,Bandung,28.60612289472844,58.45430048000003,35.871494672378915,9.50968625736727,,
2014-06-153,Kota Tasikmalaya,33.888374538573956,45.11718644000001,40.56109578393026,13.498326625006218,,
2014-06-153,Tasikmalaya,30.42289938583261,47.636267180000004,34.56126088279893,40.104004789832835,,
2014-06-153,Ciamis,31.64088154079206,59.069544080000014,37.37441717508851,35.551469790645655,,
2014-06-153,Kota Banjar,35.21211350163776,49.22906450000005,40.18815874887545,21.360280610216257,,
2014-06-153,Cirebon,36.349743320264025,48.67876328,41.56206177844003,0.21944189443240522,,
2014-06-153,Garut,28.984831404831,67.03694870000004,34.87198121653299,7.633454996994217,,
2014-06-153,Indramayu,35.516075021829316,73.97894732000003,39.620101362938094,0.4650494125976043,,
2014-06-153,Kota Bandung,35.36448455276284,46.38185384000002,39.68654249530977,0.963844268826413,,
2014-06-153,Kota Cirebon,40.45221343949417,48.50786228000004,45.190772327139754,0.0164270488081658,,
2014-06-153,Kuningan,32.03565360569709,46.87063069999999,37.31155038667869,16.86305916778304,,
2014-06-153,Majalengka,33.093608026862675,69.03649040000005,39.121149822321684,12.3131295273174,,
2014-06-153,Subang,33.154756856211776,67.38900476000003,38.370592732248944,4.168877091391315,,
2014-06-153,Sumedang,30.43750941117813,47.52347252000004,35.68656900616691,7.4411981184934,,
2014-06-169,Bandung,31.925882003634513,53.14953344000003,41.873163700145454,49.829819121549356,,
2014-06-169,Kota Tasikmalaya,33.72385496995108,43.31930792000003,38.063656894441834,61.48529395551022,,
2014-06-169,Tasikmalaya,28.777314131585744,42.37935242000003,35.12308582168926,69.76094965592556,,
2014-06-169,Ciamis,26.536054625205416,45.22314505999998,33.87425227299288,93.32699713243245,,
2014-06-169,Kota Banjar,23.323352149620074,27.022188560000018,26.16426554000003,99.52723139316772,,
2014-06-169,Cirebon,36.74212388401179,51.93271832000005,43.37142356495337,38.964670482957644,,
2014-06-169,Garut,29.551088006335103,55.21059950000006,36.3717421441598,34.163287693110505,,
2014-06-169,Indramayu,37.70709774778854,74.37543764000003,43.742798097075806,45.798784290019974,,
2014-06-169,Kota Bandung,41.391632212318314,52.47960152000002,46.93547943561637,0.40913731195966196,,
2014-06-169,Kota Cirebon,43.75522728043674,51.72421910000003,47.6888065161719,64.19172704223733,,
2014-06-169,Kuningan,33.88163234368536,47.08254794000004,39.870267510068835,68.14599707622784,,
2014-06-169,Majalengka,29.356545290677253,44.31395173999999,37.12222904020621,91.88891476898942,,
2014-06-169,Subang,37.57935444339778,77.44823761999999,44.24061527084872,43.12899545188188,,
2014-06-169,Sumedang,28.964915184599377,62.856710239999984,39.743234246439066,74.04612296940769,,
2014-07-185,Bandung,20.20799217851175,39.88077980000003,31.625642641931062,84.394863384091,,
2014-07-185,Ciamis,13.563704827368438,15.277871839999989,15.059118560000002,99.98012225950906,,
2014-07-185,Garut,17.736072330144513,37.66590284000006,27.745123816330995,86.91754735168954,,
2014-07-185,Indramayu,20.227620096374054,64.17606596000002,34.47266029731908,81.0016270256947,,
2014-07-185,Kuningan,7.055894201951245,7.266032960000018,7.266032960000018,99.99989060179854,,
2014-07-185,Majalengka,15.607685126731498,54.01429250000001,30.244990268487005,93.61862066358275,,
2014-07-185,Subang,29.965069517259884,72.54679694000004,39.244640488310374,19.081641098731005,,
2014-07-185,Sumedang,15.629446441441795,51.47470364000003,29.737921977435057,75.32419248160832,,
2014-07-201,Bandung,29.16859707812484,50.223708320000014,35.623454008260985,25.463686307117367,,
2014-07-201,Kota Tasikmalaya,32.51948065927691,43.736306360000015,38.06124569383948,26.427035869875553,,
2014-07-201,Tasikmalaya,29.599962710360668,48.90093458000001,33.06106468397824,36.690324629282465,,
2014-07-201,Ciamis,29.726139343152752,56.08219459999998,33.871347231037525,68.766671125665,,
2014-07-201,Kota Banjar,30.59985869018055,45.896495000000016,34.43470368601824,43.161093599331146,,
2014-07-201,Cirebon,31.42229602982558,45.36328388000004,38.061514603735496,42.73920041054225,,
2014-07-201,Garut,28.531420023734146,60.41624396000003,33.620903837945164,16.11636657973985,,
2014-07-201,Indramayu,32.40383163462811,70.93349150000006,39.24212582377439,77.36209158589664,,
2014-07-201,Kota Bandung,34.194977171543464,43.51413506000006,38.437594464044864,7.632877824270354,,
2014-07-201,Kota Cirebon,37.96950619110473,45.161620700000014,42.18916494588922,5.535570135013568,,
2014-07-201,Kuningan,29.669589500125245,43.95164162000003,36.18746088441304,72.5724709571346,,
2014-07-201,Majalengka,30.722084332264274,45.12060445999998,37.375304862124466,39.103859043505814,,
2014-07-201,Subang,33.26446221272567,69.18004724000002,39.37149734018821,14.260115986135247,,
2014-07-201,Sumedang,27.618887028884956,48.193404439999995,34.37234599481375,42.56806830540509,,
2014-08-217,Bandung,30.52740886523592,53.30676235999999,39.12309326647526,14.560553722360037,,
2014-08-217,Kota Tasikmalaya,34.10098799263866,46.08448610000005,40.18901148381265,0.015123675395285644,,
2014-08-217,Tasikmalaya,32.131318666577535,50.49714992000003,35.86999917047302,3.7127714750528154,,
2014-08-217,Ciamis,32.604001351005444,64.25126240000003,36.87283184767291,10.622118985682627,,
2014-08-217,Kota Banjar,35.461497102740154,50.302322780000054,39.56158073438475,0.02549762672132032,,
2014-08-217,Cirebon,37.37280533625341,51.76865336000003,43.31160467024043,11.37372977990807,,
2014-08-217,Garut,30.854324694050163,73.53802274000003,37.62196152825736,2.5604539005583673,,
2014-08-217,Indramayu,36.24519482837424,73.13127836000001,42.12218580007596,36.90027761598208,,
2014-08-217,Kota Bandung,38.68317380098457,49.91950454000005,44.18319327264062,2.115533057801021,,
2014-08-217,Kota Cirebon,41.97635916169633,49.18121222000002,45.94246637376042,0.025158543219713378,,
2014-08-217,Kuningan,34.19419236630243,51.78574346000005,41.6214061741943,9.748422737348273,,
2014-08-217,Majalengka,35.66901195960075,80.41507897999998,43.242148694298514,10.852024964645295,,
2014-08-217,Subang,34.77430332761853,71.15908081999999,40.622337491447944,18.27894780567141,,
2014-08-217,Sumedang,33.42234981912332,53.433229100000005,40.37381573801632,7.8664692782360515,,
2014-08-233,Bandung,29.90263162063201,51.98057060000002,37.37563999972231,24.28926699625752,,
2014-08-233,Kota Tasikmalaya,32.232042040475065,43.48337288000005,39.18480055699996,59.73500340073602,,
2014-08-233,Tasikmalaya,28.29914641496179,47.03469566000001,32.37072670689955,69.89062677112308,,
2014-08-233,Ciamis,30.140204468415217,61.000725380000006,35.12439836376823,51.30256375858836,,
2014-08-233,Kota Banjar,34.0810163925518,45.59229121999999,38.93750359017795,28.720014594511113,,
2014-08-233,Cirebon,38.450537541601335,61.92700880000001,44.87263753522278,0.3745945186790203,,
2014-08-233,Garut,28.75139214317127,72.64250149999998,34.8733839110885,28.378992901733707,,
2014-08-233,Indramayu,36.2372843364931,79.41701713999998,42.739536842088626,29.969572736341792,,
2014-08-233,Kota Bandung,36.14897224476654,45.39746408000002,40.93812018557704,21.933975657769953,,
2014-08-233,Kota Cirebon,43.62318671970905,51.69003889999999,46.9363380998868,0.015095125931828029,,
2014-08-233,Kuningan,33.41973051082303,51.778907419999996,41.37264612440372,8.670288934999263,,
2014-08-233,Majalengka,36.01038778122435,77.36278712000001,43.62241071574296,10.8254149374063,,
2014-08-233,Subang,33.08981020722877,70.00720808000005,40.24054477286447,36.69856786929526,,
2014-08-233,Sumedang,32.22780548912608,49.36236728000006,38.87299656874791,14.436845915456942,,
2014-09-249,Bandung,32.04704255445008,52.81456748000005,40.12791650401225,63.2256040382878,,
2014-09-249,Kota Tasikmalaya,33.66871227913661,47.21243270000002,41.561223136496395,83.34970324824458,,
2014-09-249,Tasikmalaya,29.01625351599341,43.06295641999998,33.437694441567416,80.85520030275168,,
2014-09-249,Ciamis,30.15518966592863,61.17162638000002,36.62384358136995,79.29239915736014,,
2014-09-249,Kota Banjar,27.698436136927857,32.29277539999998,30.826444820000006,99.85215974039947,,
2014-09-249,Cirebon,39.741829600327875,54.270644000000004,45.812496578991585,1.9519866519888605,,
2014-09-249,Garut,30.581298611570197,63.21902036000006,37.74134631852495,45.16362611368249,,
2014-09-249,Indramayu,41.49039486006183,85.86340286000001,47.871194506544136,0.47229220702047403,,
2014-09-249,Kota Bandung,36.12217214124451,47.19876062000003,42.38141408285715,86.0691450657106,,
2014-09-249,Kota Cirebon,44.68454913962382,54.4244549,47.93865483779706,0.012579271609856692,,
2014-09-249,Kuningan,34.267536608911456,50.08698751999998,41.871737608380386,19.72033354841595,,
2014-09-249,Majalengka,37.36813091082445,82.92390566000006,45.73285202053615,8.248963233202469,,
2014-09-249,Subang,39.00751775267428,81.94976996000003,46.238205811065654,15.019385836478783,,
2014-09-249,Sumedang,35.9531103105258,54.25355390000004,42.87296872273792,21.633891132258732,,
2014-09-265,Bandung,36.59827272784822,53.73743288000003,44.871254584404475,47.16391770905053,,
2014-09-265,Kota Tasikmalaya,31.80532898120359,45.831552620000025,40.1923228867485,71.14167933626157,,
2014-09-265,Tasikmalaya,28.07857489403696,47.352571520000026,34.372508798143336,74.69098267305216,,
2014-09-265,Ciamis,27.20050791781451,54.95082997999998,33.872611002843215,76.4210316847875,,
2014-09-265,Kota Banjar,27.383534978110514,39.14932352000005,33.81280487315792,85.15567946337106,,
2014-09-265,Cirebon,46.349687933508136,70.78309862000003,57.873619920813574,1.697291748979491,,
2014-09-265,Garut,32.13296356463456,52.206159920000005,42.62535892323834,63.527781333955446,,
2014-09-265,Indramayu,48.465443049911926,99.84994070000005,60.243805840397606,0.29473978432669085,,
2014-09-265,Kota Bandung,41.46035923969005,51.368745020000006,47.56304995664345,7.165101377420005,,
2014-09-265,Kota Cirebon,55.01491190140402,68.89635157999999,59.62075943100859,0.015095125931828034,,
2014-09-265,Kuningan,36.88096401806542,70.05847838,47.6229973679903,9.69764359060931,,
2014-09-265,Majalengka,42.28660260377716,99.84994070000005,58.244039203713115,11.133059252798569,,
2014-09-265,Subang,38.25491037808217,93.00364664000006,50.24863356419757,2.9429611299016534,,
2014-09-265,Sumedang,35.12631355223798,64.85283392000002,48.87365100530851,2.6356497510599044,,
2014-10-281,Bandung,28.66465798398309,47.49271034000003,39.87650206386472,95.38200656395398,,
2014-10-281,Kota Tasikmalaya,19.93860064902535,29.172123140000053,23.34220300642489,98.95137802991508,,
2014-10-281,Tasikmalaya,27.469859545096444,45.05908010000002,35.06246699748657,95.53043097884071,,
2014-10-281,Ciamis,27.54700648101751,43.42868456000002,33.06235647879583,91.80023062808996,,
2014-10-281,Kota Banjar,28.578146506506915,40.71135866000003,33.322331852857154,84.6554512570725,,
2014-10-281,Cirebon,37.15827947036637,62.508072200000015,49.62555931816578,29.850399831406342,,
2014-10-281,Garut,30.443592751393062,59.26095320000002,40.12304423233677,28.882641800751063,,
2014-10-281,Indramayu,39.76331034988537,90.28973875999998,49.738626339626926,46.4393367043285,,
2014-10-281,Kota Cirebon,40.1902369104963,52.40782310000003,45.93318033267081,0.8489972396638339,,
2014-10-281,Kuningan,28.378820786895577,50.23054436000001,39.873724280962236,42.344948609794606,,
2014-10-281,Majalengka,33.9511444774239,83.44002668000002,49.25022939775871,21.398644501771745,,
2014-10-281,Subang,32.854930334309415,66.34992668000001,43.12171329798109,82.7149338985308,,
2014-10-281,Sumedang,37.82718193948975,58.659381680000024,48.238771353966165,54.17471508260013,,
2014-10-297,Bandung,35.154598207195654,62.16968822000001,43.37287455637658,49.14546584947924,,
2014-10-297,Kota Tasikmalaya,26.122576465853943,30.47438876000001,28.456292094285736,99.48338923922742,,
2014-10-297,Tasikmalaya,26.96097505653583,33.36945170000001,30.688740753972613,99.72380802663555,,
2014-10-297,Ciamis,23.405318977669566,29.366950280000026,26.208699800000012,99.87808698461834,,
2014-10-297,Cirebon,38.892805652024514,54.40736479999998,44.62238052844319,50.54657185044466,,
2014-10-297,Garut,31.84169122281006,66.9002279,38.62453008099393,61.891608452796646,,
2014-10-297,Indramayu,40.12900589052015,79.75881914000001,46.121571799160385,17.809078853763534,,
2014-10-297,Kota Bandung,40.27352870246854,47.39358776000006,45.05955918158228,45.43403767433028,,
2014-10-297,Kota Cirebon,41.47960233787058,48.38481356,45.06698234691882,79.20736184358648,,
2014-10-297,Kuningan,26.285265309917893,41.524847420000015,34.061066684375014,99.25122178668562,,
2014-10-297,Majalengka,35.1624634254533,79.38967298,44.24074872042636,67.3973411891684,,
2014-10-297,Subang,36.88466003347318,77.74218733999999,43.873832096703836,28.50102571456805,,
2014-10-297,Sumedang,34.3475248745546,52.97179640000002,42.624405463307724,54.190002349688946,,
2014-11-313,Bandung,36.82112034152107,65.92951022,47.12194059638564,28.757558593917782,,
2014-11-313,Kota Tasikmalaya,25.976554543265188,35.50229618000003,31.333830900000024,98.9799784284228,,
2014-11-313,Tasikmalaya,28.23588274443472,44.70360602000005,36.87216446159106,96.66454846646624,,
2014-11-313,Ciamis,33.029927571331214,51.99424268000001,39.372947225702305,84.11908782840737,,
2014-11-313,Kota Banjar,33.043324693987,49.21881044000003,38.94008732004299,91.25815244448039,,
2014-11-313,Cirebon,45.42806266071709,65.05107908000002,54.374119850589985,36.04289492195105,,
2014-11-313,Garut,33.58380483605262,57.510926960000006,42.87223272437826,62.94962326999533,,
2014-11-313,Indramayu,39.21747083369946,74.42328992,49.242967697035326,78.35775197694602,,
2014-11-313,Kota Bandung,42.97225701100487,55.302886039999976,48.936237303173584,0.31258417216896334,,
2014-11-313,Kota Cirebon,48.140245248419156,60.11204018000001,53.62655800504164,0.8815652205141371,,
2014-11-313,Kuningan,38.38955286759944,64.22050022000002,49.125752957781934,45.1118840902753,,
2014-11-313,Majalengka,29.526329374212747,48.49077218000002,38.11879049000002,97.20380013092054,,
2014-11-313,Subang,34.54198689842639,64.46317964000002,42.875205519075564,66.0172727829907,,
2014-11-313,Sumedang,31.173869184787744,60.361555640000006,39.373707524675275,63.28278167964262,,
2014-12-345,Bandung,10.523712381902941,20.69543354000001,17.431695891034497,99.49922386338498,,
2014-12-345,Kota Tasikmalaya,13.623411604870507,31.267369400000007,24.617068365666384,98.47310339111735,,
2014-12-345,Tasikmalaya,13.891442028633548,42.36909836000001,28.24955639147384,69.89308629035871,,
2014-12-345,Ciamis,21.75478445931315,44.061018260000026,30.736463505529304,40.197168744023784,,
2014-12-345,Kota Banjar,15.05367700054379,33.53351666000003,25.126122228950646,52.51644254781138,,
2014-12-345,Cirebon,8.991661388537098,20.38439372000005,16.618755504157352,92.00094616534008,,
2014-12-345,Garut,20.30070349294701,47.91654482000001,29.236260862439547,57.31832990708748,,
2014-12-345,Indramayu,3.893661065824909,15.018102320000025,9.673612344864885,99.4725856951287,,
2014-12-345,Kota Bandung,4.448014929411977,8.342709259999992,6.264553100000057,99.10688239451648,,
2014-12-345,Kota Cirebon,12.448478975936657,16.945865600000047,15.557861512346971,91.33302985223945,,
2014-12-345,Kuningan,12.672191236889956,29.742932480000036,19.873615806716273,68.11955799165756,,
2014-12-345,Majalengka,23.70939316730648,35.300633000000005,30.623127428222006,86.59050213019486,,
2014-12-345,Sumedang,11.238862032100748,28.912353619999976,24.232997235549075,88.778768705798,,
2015-01-12,Tasikmalaya,28.07040161300973,54.93032186000005,36.73379040989302,77.75676724814635,,
2015-01-12,Ciamis,31.12033137112385,48.93511478000005,41.12758190849543,69.47413427067892,,
2015-01-12,Kota Banjar,23.550931860681583,37.30701074000001,33.86773711781817,75.08415700326034,,
2015-01-12,Cirebon,19.19890980553494,29.34302414000001,27.108322664000013,99.69114378599761,,
2015-01-12,Garut,-0.6370396407142632,10.892552180000052,8.885149034000023,99.9593531008867,,
2015-01-12,Indramayu,22.339414149035452,37.89832820000004,33.63185797828574,99.71811148127154,,
2015-01-12,Kuningan,17.488182450192173,31.97831756000005,27.37528641376716,98.124459149671,,
2015-01-12,Majalengka,17.92462672206388,29.780530699999986,26.635952300000042,99.95904340104471,,
2015-01-12,Sumedang,15.188581278538546,30.37526618000004,23.24428553977015,96.66319068965738,,
2015-01-28,Bandung,33.32364501279576,54.31849627999998,40.12545991631276,43.33234257399201,,
2015-01-28,Kota Tasikmalaya,24.69815079345471,36.056015419999994,32.357839838886164,92.4721977954714,,
2015-01-28,Tasikmalaya,31.446521480594804,50.141675840000005,36.23540653257489,52.58406800581661,,
2015-01-28,Ciamis,33.62606214413039,60.45042416000001,39.12260507738228,37.52427955547282,,
2015-01-28,Kota Banjar,37.482270664464224,51.83701375999999,43.18659568795813,10.427941271794024,,
2015-01-28,Cirebon,40.306632554164985,55.93180172000001,46.374152629865016,8.908664744169768,,
2015-01-28,Garut,31.87188536266297,62.36451536000004,36.739140555885534,52.00211997788888,,
2015-01-28,Indramayu,36.44852045533254,75.48629414000004,41.740853062804696,9.947914029916705,,
2015-01-28,Kota Bandung,36.92392478227354,45.20263694000005,42.30930579680003,20.389619370561665,,
2015-01-28,Kota Cirebon,45.31260935833484,54.43812697999999,50.6829316230547,2.978199283682008,,
2015-01-28,Kuningan,36.86538637386739,56.51970116000001,43.122346901465335,45.52705115416618,,
2015-01-28,Majalengka,35.65018255333023,70.33191998000001,41.742842225459235,29.933300916454648,,
2015-01-28,Subang,35.1875797670627,69.97986392000001,39.620123983310606,31.390921788718394,,
2015-01-28,Sumedang,33.65129035063034,55.78482686000001,38.62478751948913,31.973401654305505,,
2015-02-44,Bandung,24.308164072660283,32.15947262000003,27.030448775000018,96.52238396229583,,
2015-02-44,Kota Tasikmalaya,26.24224316352972,36.24742454,31.94164533745022,99.28955071126515,,
2015-02-44,Tasikmalaya,30.19381739500025,48.37455950000003,34.72797257872876,69.58548990751733,,
2015-02-44,Ciamis,33.029588795828396,65.32110266000001,38.73874028452297,56.55921130472502,,
2015-02-44,Kota Banjar,29.69267840848242,39.48428948000003,36.62877373942084,68.83445854965038,,
2015-02-44,Cirebon,25.847426371134954,32.92852712000001,31.36478297000002,99.93468334629938,,
2015-02-44,Garut,30.44090611918209,59.332731620000004,34.36918204768687,68.84396473591195,,
2015-02-44,Kuningan,25.94306984892444,29.346442160000038,28.03354270000002,99.85452114512773,,
2015-02-44,Majalengka,26.369170222535224,28.53978944000005,27.859603460000017,99.98565976475884,,
2015-03-60,Bandung,21.790320555120925,39.634682360000056,27.56749838571431,86.82750394843734,,
2015-03-60,Kota Tasikmalaya,17.15243211759165,22.274558780000007,21.43030784000001,99.92593276921797,,
2015-03-60,Tasikmalaya,18.564412096414003,34.00178540000002,23.871503669143802,86.12210961719603,,
2015-03-60,Ciamis,18.278171407658306,42.081984680000005,24.370885434466086,85.40130031472788,,
2015-03-60,Kota Banjar,22.81743525493251,36.04234334,30.37794421628867,60.03718392759419,,
2015-03-60,Cirebon,21.554896839975687,37.88123810000002,27.372023574796128,66.38591438167848,,
2015-03-60,Garut,21.41069402410711,30.614527580000015,25.619664330110407,94.87145276194029,,
2015-03-60,Indramayu,19.88921955265893,55.96256390000002,27.744777297985948,52.092051353820345,,
2015-03-60,Kota Cirebon,11.506884909234845,16.576719440000034,13.370616680000012,99.98130374925437,,
2015-03-60,Kuningan,12.406169483222207,21.310677140000053,18.563348620000014,99.29581118911642,,
2015-03-60,Majalengka,22.22965934392234,48.43266584000003,29.369393082536547,63.95146780710117,,
2015-03-60,Subang,18.702033159129574,49.03423736000002,24.872754222718843,71.60380640452621,,
2015-03-60,Sumedang,23.386892904638255,36.60289862000002,27.870555509775166,64.7065028815562,,
2015-03-76,Bandung,31.71861447949465,57.19646912000002,39.123392289685434,10.847697505017392,,
2015-03-76,Kota Tasikmalaya,38.840368197810285,53.17687760000001,47.62497875983742,5.679856351696548,,
2015-03-76,Tasikmalaya,34.26914721405657,55.63101596000001,38.87268120151892,19.16043001554908,,
2015-03-76,Ciamis,34.87112635723785,68.07260875999998,39.871553817721235,28.49252485719102,,
2015-03-76,Kota Banjar,38.89867457233545,54.49281530000002,45.688110350502804,1.5891952503687028,,
2015-03-76,Cirebon,36.596095331324165,52.50694568000006,42.18812189665498,20.612080435223834,,
2015-03-76,Garut,32.868719161326126,65.97394448,38.87432239412788,15.651132377370761,,
2015-03-76,Indramayu,36.4120243993146,76.33054507999998,40.87157679298263,8.272899923705337,,
2015-03-76,Kota Bandung,40.32522382647447,52.05234902000001,46.306174030200296,0.6632610915004081,,
2015-03-76,Kota Cirebon,42.98781931552886,52.48985558000004,48.433749565482266,15.240088471250472,,
2015-03-76,Kuningan,34.66594860903083,49.07867162000002,39.81081286176211,27.672798328139343,,
2015-03-76,Majalengka,36.35472794453764,70.92665546,41.12411909623772,24.928906003320897,,
2015-03-76,Subang,34.985253665344615,70.01404412,39.621726591922396,9.201760393882424,,
2015-03-76,Sumedang,34.23803862044194,56.150555000000054,38.37247446223482,17.508846817163633,,
2015-04-108,Bandung,26.085942230209113,46.586935040000014,33.377605701116416,86.45645066018753,,
2015-04-108,Kota Tasikmalaya,14.266635661988724,30.32741390000001,24.30582834296385,89.52812992218034,,
2015-04-108,Tasikmalaya,18.24093023929548,40.69426856000001,31.876334247010334,88.55010594776994,,
2015-04-108,Ciamis,23.492041741516875,40.89593174000004,29.62274349187444,65.65694942882439,,
2015-04-108,Kota Banjar,24.451875023569414,40.20549170000004,29.93696324035668,41.99476762718239,,
2015-04-108,Cirebon,28.29100856095064,48.630911000000026,36.74016691572005,20.70896290906554,,
2015-04-108,Garut,26.627807355648052,43.39450436000004,35.123336825506875,88.70065011558101,,
2015-04-108,Indramayu,36.12933206598238,80.37406274,44.23736633887718,20.22305628975097,,
2015-04-108,Kota Bandung,30.532117948410974,45.865732820000005,37.37643984706202,44.72174644787455,,
2015-04-108,Kota Cirebon,30.542358323838915,44.19090302000001,38.1330639003957,41.24775718986767,,
2015-04-108,Kuningan,21.505597311436095,41.67865832000001,30.124374164540683,48.1743429506963,,
2015-04-108,Majalengka,35.027460770229766,75.13082006000002,42.23128712542566,27.989651860249005,,
2015-04-108,Subang,34.66583018930543,74.83687034000002,42.24044791685068,35.79870854771912,,
2015-04-108,Sumedang,32.66707076656851,49.26666272,39.123578934279344,22.969401059997168,,
2015-05-124,Bandung,6.614547676456193,29.06616452000003,18.62459379037839,84.54128285238531,,
2015-05-124,Kota Tasikmalaya,8.889585241357276,23.60758658000003,17.615431355604645,80.19274055977365,,
2015-05-124,Tasikmalaya,1.4628087400921548,33.42072200000001,19.734136627175886,79.44719575500302,,
2015-05-124,Ciamis,5.010328610408278,31.007599880000043,23.499513500624307,63.0912934435928,,
2015-05-124,Kota Banjar,11.73720030738128,28.256093780000015,22.740704135756786,9.631719806769734,,
2015-05-124,Cirebon,10.313951559129071,34.76400386,25.74459506858797,89.57166380682648,,
2015-05-124,Garut,-1.4854307210245878,26.417199019999998,16.242561075273585,70.58635852594762,,
2015-05-124,Indramayu,7.966710362034369,45.39746408000002,31.24880280372127,77.81572763182459,,
2015-05-124,Kota Bandung,-8.52755493704298,4.128290600000014,-0.19550470000001496,99.89268545213564,,
2015-05-124,Kuningan,4.050634709473782,27.504129379999995,17.62732751705576,85.24052979349128,,
2015-05-124,Majalengka,9.579939611805852,35.49204212000001,24.74315492588098,69.69054691138462,,
2015-05-124,Subang,3.249132766750858,36.44225168000003,25.74417362306253,67.11329943245639,,
2015-05-124,Sumedang,-9.452289653934175,11.49070568000002,0.8734805202963957,98.39667090236878,,
2015-05-140,Bandung,28.427937946846026,65.75519120000001,36.12258095355411,0.3103522355153904,,
2015-05-140,Kota Tasikmalaya,29.792054244778857,41.35052840000003,36.56496693463407,53.960514965329175,,
2015-05-140,Tasikmalaya,28.932283162161507,48.32670722,32.68658408573918,18.87671276927369,,
2015-05-140,Ciamis,28.354431355191377,59.38741994000003,33.62377018787957,46.178486929910214,,
2015-05-140,Kota Banjar,31.098901993513252,44.173812920000046,34.68429437326175,49.86651501918199,,
2015-05-140,Cirebon,34.6128847765098,46.815942380000024,39.81176908239276,0.008059646538669918,,
2015-05-140,Garut,28.56337216682035,73.15178648000006,34.87242914345645,0.7024449522474123,,
2015-05-140,Indramayu,35.14236597913727,75.36324542,39.62079788921633,0.008359349929126708,,
2015-05-140,Kota Bandung,36.129799344662544,46.880884760000015,40.436674143636445,1.7873552666632917,,
2015-05-140,Kota Cirebon,38.83920310963516,45.629889440000056,42.8132376375186,0.03522196050759874,,
2015-05-140,Kuningan,29.74035458761842,44.70360602000005,35.062485756345346,7.63500098271606,,
2015-05-140,Majalengka,31.920544337258903,71.76065233999998,38.37239395809963,1.9423780649058178,,
2015-05-140,Subang,33.04109228167759,69.83972510000001,38.37132445533638,1.9158061032055058,,
2015-05-140,Sumedang,30.300108378539118,45.49316864000002,35.31181138673442,0.043634979200000944,,
2015-06-156,Bandung,12.349365513374792,46.59377108000001,19.37431873880084,61.51159478512598,,
2015-06-156,Kota Tasikmalaya,14.713208208725463,27.910873760000015,22.873077311262154,84.93804349520381,,
2015-06-156,Tasikmalaya,15.966570231098949,30.28981568000006,22.621726932971335,83.33825188141655,,
2015-06-156,Ciamis,13.220862575984922,36.12095780000004,22.876960444403913,86.24545438104924,,
2015-06-156,Kota Banjar,9.929673229276942,19.86143665999998,16.186396553755777,66.9114766718366,,
2015-06-156,Cirebon,-9.197222762481909,-1.0158294999999953,-3.072452133999974,99.92648893816379,,
2015-06-156,Garut,16.76157777847073,57.592959440000016,26.462425411242563,69.90957173228345,,
2015-06-156,Indramayu,-15.625586319999968,-11.885133099999962,-11.885133099999962,99.99986605018115,,
2015-06-156,Kuningan,1.2595278771419427,20.394647780000014,10.121880634862656,89.70746766768768,,
2015-06-156,Majalengka,9.957208179377291,24.253592360000027,17.371578489386373,91.79366698724212,,
2015-06-156,Subang,-1.52155212353316,5.553604940000014,2.0574241927757217,98.06808211785936,,
2015-06-156,Sumedang,5.4012039253410755,23.809249760000057,14.127230590342212,77.86894287584552,,
2015-06-172,Bandung,29.883539580818326,51.81308762000003,37.623639141150676,2.2324533682039283,,
2015-06-172,Kota Tasikmalaya,23.847612233348933,40.22258180000006,28.681860184347844,94.93076299284533,,
2015-06-172,Tasikmalaya,28.44683648727868,44.58055730000001,32.561452924307865,72.12019473368602,,
2015-06-172,Ciamis,30.097772754653718,54.304824199999985,36.877436281496024,93.99227141469176,,
2015-06-172,Kota Banjar,31.1141771897563,43.42526654000005,34.673431755428595,93.96351773159599,,
2015-06-172,Cirebon,37.35427579024829,50.95516459999999,42.68611939448902,0.39116776383677576,,
2015-06-172,Garut,29.365049696539813,74.01654554000004,35.12451769790551,13.197347323429726,,
2015-06-172,Indramayu,37.36326413501081,75.80075198000003,42.37146141722962,1.7855117120334435E-4,,
2015-06-172,Kota Bandung,37.70021560537542,48.42582980000003,41.809719775409846,0.6426337153313585,,
2015-06-172,Kota Cirebon,41.71947906899877,47.85843848000002,44.8101101223015,0.007547562965914013,,
2015-06-172,Kuningan,29.430628830936534,46.289567300000044,36.12000639640025,43.87996398860249,,
2015-06-172,Majalengka,33.95793701145809,76.27927478000004,40.87309216852387,11.459598672959398,,
2015-06-172,Subang,35.64960919008468,76.71678134000001,41.37301512327868,1.9742461983489391E-4,,
2015-06-172,Sumedang,32.83155761827168,47.584996880000006,39.06187107595452,0.15603831787880912,,
2015-07-188,Bandung,28.852217033123154,63.44802770000001,36.622791425686486,3.4025037632068935,,
2015-07-188,Kota Tasikmalaya,30.059506234660173,42.83053106,36.94037365285325,69.37838500589089,,
2015-07-188,Tasikmalaya,28.146098618208054,47.287629140000035,32.122400295654685,58.58104019988304,,
2015-07-188,Ciamis,28.336330496030047,54.13050518,32.869132110270144,59.29234922104406,,
2015-07-188,Kota Banjar,30.39040085102448,41.38129058000004,34.4341450411014,55.90252416881785,,
2015-07-188,Cirebon,36.9751809530199,52.94445224000003,42.31199797148902,0.0023027561539056907,,
2015-07-188,Garut,28.414151131363226,75.32906522000002,34.87276990473978,6.457845204148066,,
2015-07-188,Indramayu,37.141795125378195,79.43410724,42.622033109635346,0.013061464247958315,,
2015-07-188,Kota Bandung,36.14766907518021,44.95653950000002,39.809051444207846,0.8443594418070302,,
2015-07-188,Kota Cirebon,41.47918816618682,49.79303779999998,44.6912089157143,0.012579271609856696,,
2015-07-188,Kuningan,32.00105485148512,49.77936571999999,39.1249441210141,13.73282382272314,,
2015-07-188,Majalengka,33.53681057334084,78.04297310000004,41.371887610603075,6.0019823609588485,,
2015-07-188,Subang,35.39980681709313,77.9575226,41.62231987118537,6.589239918545315,,
2015-07-188,Sumedang,31.909448596090947,47.63284915999998,38.93656955671804,1.7738616857637217,,
2015-07-204,Bandung,29.142163007677233,64.97246461999998,36.62158414481423,15.671869856242864,,
2015-07-204,Kota Tasikmalaya,28.87570068867467,36.16197404000002,32.688014848222906,94.2846102345994,,
2015-07-204,Tasikmalaya,29.442197686318753,49.23248252000002,33.122107382763275,68.76554263356459,,
2015-07-204,Ciamis,29.89719573774181,59.12081438000001,34.875777165618366,84.47369361342547,,
2015-07-204,Kota Banjar,29.020474741175736,35.95005680000003,32.28107525461541,80.3038545146423,,
2015-07-204,Cirebon,33.120563294831,46.23487898000002,37.81240151699222,39.65560291553519,,
2015-07-204,Garut,29.928507188260856,80.01858865999998,37.2391646614402,8.89595193105133,,
2015-07-204,Indramayu,33.23218082425237,73.73968592000006,38.622714177376935,36.31571869592786,,
2015-07-204,Kota Bandung,35.04652371672344,45.014645840000014,38.93869050716758,14.814318371494814,,
2015-07-204,Kota Cirebon,33.65699239685976,43.17233306000003,37.560302298285734,64.29400885304469,,
2015-07-204,Kuningan,31.817616893377895,44.41991036000002,37.18577524416602,66.2603468240804,,
2015-07-204,Majalengka,32.751198152388255,73.51751462000004,38.87017280638574,63.945106778146666,,
2015-07-204,Subang,32.302454305566215,74.12592218000003,37.37279627179629,25.137576223493085,,
2015-07-204,Sumedang,30.395891634002613,46.80568832000006,35.56090831578052,59.78607911763378,,
2015-08-220,Bandung,18.74230272864175,41.01556244000005,25.12120289009294,3.659760027946886,,
2015-08-220,Kota Tasikmalaya,16.13033031059527,28.28001992000003,22.810739927087454,53.44815769073875,,
2015-08-220,Tasikmalaya,14.1192745542838,26.054888900000037,19.311449897703966,69.40766372445133,,
2015-08-220,Ciamis,12.098090303058095,30.518823020000013,18.62168933313027,76.45528501557214,,
2015-08-220,Kota Banjar,13.535935103617073,27.32981036000001,21.31048230382788,59.58728540087785,,
2015-08-220,Cirebon,19.993094263691855,85.50792878000004,30.74787361181415,5.905746724914611,,
2015-08-220,Garut,16.842106897557773,47.64652124000003,25.12349781677694,7.362564464518575,,
2015-08-220,Indramayu,22.656863070843176,64.50077786000003,32.24395369989436,39.973076581775416,,
2015-08-220,Kota Bandung,25.58219714420967,37.17028994000003,30.438986143124996,0.01795129222260498,,
2015-08-220,Kota Cirebon,19.170634713068115,26.143757420000043,22.063081637358835,6.40574988145886,,
2015-08-220,Kuningan,20.13268118113255,39.610756219999985,29.873840810871897,13.782104303043969,,
2015-08-220,Majalengka,18.535711944156716,56.659839980000015,25.370866065253278,13.753650842642795,,
2015-08-220,Subang,25.870637786833207,63.584748500000046,30.872063375337486,7.181647129808924,,
2015-08-220,Sumedang,20.801132633117053,36.10728572000005,27.87053010724831,10.656065484021097,,
2015-08-236,Bandung,29.387439824479323,55.16274722000003,38.37350988096607,0.20642603850982566,,
2015-08-236,Kota Tasikmalaya,33.6578305570902,44.83007276000001,40.18874293441862,40.6953925255283,,
2015-08-236,Tasikmalaya,29.301347123786194,49.46148986000003,35.871941395593865,66.05652824199075,,
2015-08-236,Ciamis,30.93203781049253,56.96746178000001,37.1245731170458,44.154893056428676,,
2015-08-236,Kota Banjar,34.60902107459646,48.71977952000003,40.31306251547821,17.79062356118098,,
2015-08-236,Cirebon,40.7193100115399,56.314619960000016,46.93572037861087,3.542701775239525E-4,,
2015-08-236,Garut,31.514033659335045,63.38308532000002,40.87225639787586,13.31794876337628,,
2015-08-236,Indramayu,39.82138441470168,85.32335569999998,47.240553171320784,0.1390884313112074,,
2015-08-236,Kota Bandung,36.334923245597544,45.75635618000001,40.68339747053762,0.12031670523678765,,
2015-08-236,Kota Cirebon,44.26379779386826,53.050410860000056,47.438558640323315,0.012579271609856692,,
2015-08-236,Kuningan,35.124408749745676,79.60159022000005,44.87135607223472,3.2870023747829533,,
2015-08-236,Majalengka,36.88485296401924,87.29213521999998,45.7349606604357,1.8313514040468464,,
2015-08-236,Subang,35.985324384783496,83.49471500000004,44.87322906284313,0.4814573919420757,,
2015-08-236,Sumedang,35.842752497346915,56.171063119999985,43.87448019795803,0.0014763961638825638,,
2015-09-252,Bandung,34.54824183940298,59.626681340000005,43.87458025993887,0.1399021515481069,,
2015-09-252,Kota Tasikmalaya,35.78562189475288,48.71977952000003,42.31091955807075,1.2881250254247307,,
2015-09-252,Tasikmalaya,31.42926229232606,48.53178842,36.812444175841996,21.710009249049467,,
2015-09-252,Ciamis,30.342542254566062,52.08311120000002,36.874494557162755,68.94766306679497,,
2015-09-252,Kota Banjar,34.08183009328397,48.22074859999998,38.929910622105275,84.30303658050063,,
2015-09-252,Cirebon,43.01041557630615,57.71259014000003,48.56166206355379,0.0023920183456935893,,
2015-09-252,Garut,33.89700588236842,71.55557113999998,42.87309243995632,0.049415788369870976,,
2015-09-252,Indramayu,43.28192369302514,89.15837413999998,49.87224972809462,0.006777071269894474,,
2015-09-252,Kota Bandung,42.11324585262475,54.23304578,46.812426955285034,0.0,,
2015-09-252,Kota Cirebon,45.67713670646193,55.449860899999976,48.933483633696966,0.01761098025379937,,
2015-09-252,Kuningan,37.35562997294347,56.05826846000002,47.37213133278773,1.8175983449362527,,
2015-09-252,Majalengka,39.60609735565973,90.81269582000004,48.7358457801478,0.4585345332494474,,
2015-09-252,Subang,38.54402079536163,86.75892410000006,47.73885830815565,0.07957925387620488,,
2015-09-252,Sumedang,37.26681158311691,58.76192228000002,45.62289486047932,0.06778968091741151,,
2015-09-268,Bandung,35.826659541003366,81.20805962000003,45.24314487613347,3.4187653925201236,,
2015-09-268,Kota Tasikmalaya,36.39060351635677,48.61723891999998,43.31099218020247,11.259694188486314,,
2015-09-268,Tasikmalaya,32.82302995423668,52.37364290000005,38.37262696223349,14.269821928212753,,
2015-09-268,Ciamis,32.91211384983758,60.703357640000036,40.123360618080135,29.55508111753677,,
2015-09-268,Kota Banjar,37.257702289557834,54.60219194000001,42.8648922524232,39.686886257035766,,
2015-09-268,Cirebon,41.5902982109156,56.19157124000003,47.56263330762923,0.13723593100389628,,
2015-09-268,Garut,34.60224823909113,80.64750434000001,43.62208748141932,0.08419024240683207,,
2015-09-268,Indramayu,42.32580360090993,88.20474655999999,49.62205119323171,0.4965710415278427,,
2015-09-268,Kota Bandung,43.14817569310976,54.561175700000035,47.68561847822307,0.3472727442144506,,
2015-09-268,Kota Cirebon,44.05740134085329,53.76819506000004,47.3093378887232,0.012579271609856692,,
2015-09-268,Kuningan,36.74841631144431,54.646626200000014,46.87331826426553,2.811446910751626,,
2015-09-268,Majalengka,38.68031345392472,88.97380106000003,47.742849557344115,2.9103855268022736,,
2015-09-268,Subang,38.71668505677629,87.60317504,48.23692750674702,0.4001252788364734,,
2015-09-268,Sumedang,38.106616732274034,57.743352319999985,46.37228901495152,2.309699520184378E-4,,
2015-10-284,Bandung,37.70903883188896,59.45236232000002,46.37191424606527,18.875440050077337,,
2015-10-284,Kota Tasikmalaya,40.77964273852322,53.7921212,48.31123868862807,4.768749574670389,,
2015-10-284,Tasikmalaya,37.11390613087286,58.690143860000035,43.371013511317116,25.746231309703422,,
2015-10-284,Ciamis,37.921499622630535,65.50225771999999,45.37197649592168,30.808317984510268,,
2015-10-284,Kota Banjar,42.06796039406677,59.36007577999999,48.31055367348934,10.745756799578723,,
2015-10-284,Cirebon,46.38296952106855,61.21264262,52.06102508531088,0.29790787622211234,,
2015-10-284,Garut,38.310288225632966,74.70356756000001,47.12226367339113,10.845233495520374,,
2015-10-284,Indramayu,45.21615845150042,90.80927780000002,52.2391747637198,3.1981382307269013,,
2015-10-284,Kota Bandung,42.76756564889241,51.20468005999999,46.937860264475205,1.1401258157484369,,
2015-10-284,Kota Cirebon,49.0890452836048,58.286817499999984,52.55813581336313,0.0025158543219713386,,
2015-10-284,Kuningan,40.98129535418359,59.35665776000002,51.3747638887812,2.1314659354842713,,
2015-10-284,Majalengka,43.58260814636545,92.34396878000001,52.23723763552539,4.780417151119885,,
2015-10-284,Subang,39.49639851365444,85.99670564000002,47.74093304665413,4.281221521298346,,
2015-10-284,Sumedang,39.51367630104014,60.92894696000002,49.623871309488706,14.304851796024376,,
2015-10-300,Bandung,41.11125766803926,69.64489795999998,52.12147189141876,3.5994282300224665,,
2015-10-300,Kota Tasikmalaya,43.447475974472376,56.940117620000024,50.62086811633214,0.2895731420557172,,
2015-10-300,Tasikmalaya,38.38131157315955,63.735141380000016,45.371311957351764,6.861366150297725,,
2015-10-300,Ciamis,37.15661697260811,63.59842058000004,45.12448075049867,33.736009776353555,,
2015-10-300,Kota Banjar,39.82555723349198,57.155452879999984,47.18376896083419,42.36003402712941,,
2015-10-300,Cirebon,54.84031558055881,75.28121294000005,61.622979809481485,8.856754438098813E-5,,
2015-10-300,Garut,39.275245422740824,91.80050360000001,50.74361515933154,1.992933922161825,,
2015-10-300,Indramayu,54.02123013201769,99.84994070000005,62.24183979631663,0.3792170788573866,,
2015-10-300,Kota Bandung,46.777942517714905,57.54510716000004,51.56035116088063,9.084271045712114,,
2015-10-300,Kota Cirebon,56.764984911547415,67.80258518000005,60.93391070878982,0.0,,
2015-10-300,Kuningan,45.91831287905789,72.77922230000001,59.87430625105483,5.828871660605821,,
2015-10-300,Majalengka,49.44993486573113,99.84994070000005,61.74155686246514,5.553598332801581,,
2015-10-300,Subang,46.2495745396644,98.94416539999997,57.23943279038294,2.588763889729633,,
2015-10-300,Sumedang,46.40094350918685,70.62928771999998,58.87299276495671,4.851612154187763,,
2015-11-316,Bandung,39.16512898156189,54.03138260000003,48.18691193177404,91.92558611942036,,
2015-11-316,Kota Tasikmalaya,40.76042028107261,50.84578796000005,45.18550308490746,84.99441397278574,,
2015-11-316,Tasikmalaya,37.170259213155255,47.256866960000025,41.93662633821433,95.4305868021567,,
2015-11-316,Ciamis,37.57831259341346,54.06214478000004,43.68550888723304,84.71749845591434,,
2015-11-316,Kota Banjar,39.479282684101,53.73401486,46.061823603145264,68.49687093413553,,
2015-11-316,Cirebon,50.53769408516675,65.20488998000002,56.37211224943878,29.397699505618043,,
2015-11-316,Garut,39.68015844901024,63.51297008000006,48.87117080783743,89.28893337993529,,
2015-11-316,Indramayu,50.266914138846,94.97242616000005,58.240155346352225,38.87006025340089,,
2015-11-316,Kota Bandung,43.227490331109486,54.40052876000004,47.68411946000002,76.91898312702664,,
2015-11-316,Kota Cirebon,52.5452617765275,61.181880439999986,56.312636498057444,13.242421210842192,,
2015-11-316,Kuningan,41.804644045183736,59.96506532000001,50.12350080235152,44.929884913862956,,
2015-11-316,Majalengka,46.6803032184577,99.07405016000001,57.73858210022366,57.578599412840504,,
2015-11-316,Subang,43.076579680883256,85.50109273999999,54.742691834406294,61.228429908386076,,
2015-11-316,Sumedang,43.01518607156835,63.50955206000003,53.37299020777123,36.16874348582645,,
2015-11-332,Bandung,24.606664546064486,42.65279401999999,35.12657597009373,73.11781476154815,,
2015-11-332,Kota Tasikmalaya,18.012136854047164,22.226706499999977,20.288689160000025,99.61433030973879,,
2015-11-332,Tasikmalaya,21.01504607463124,33.83430242000003,25.06164250294457,90.75072420537207,,
2015-11-332,Ciamis,30.361523504769924,62.10474584000002,38.12137105466245,53.153864262375826,,
2015-11-332,Kota Banjar,36.69172295547806,50.94149252,42.935010452857156,8.918997121860816,,
2015-11-332,Cirebon,45.35203306374784,63.80350178000003,54.87071794222428,28.932406611637358,,
2015-11-332,Garut,23.427019059416843,47.21243270000002,31.123345532083164,64.88379789522702,,
2015-11-332,Indramayu,43.01132213653198,59.79074630000002,52.3740543259692,90.12724751807066,,
2015-11-332,Kota Cirebon,51.78813877603769,62.65846508000004,56.12570013817452,1.2251125277508583,,
2015-11-332,Kuningan,32.55672051152402,54.60560996000004,44.12527346685238,34.85061118225485,,
2015-11-332,Majalengka,23.86663824821748,40.51994954000003,31.1076535816723,97.43264298572261,,
2015-11-332,Subang,13.3518111209057,32.333791640000015,31.06314270500001,99.80893531060376,,
2015-11-332,Sumedang,21.339188375740694,33.21564080000002,27.938060407557646,83.77283692190362,,
2015-12-348,Bandung,17.383482079222894,24.85516388000002,21.06263550513764,98.4731394580796,,
2015-12-348,Kota Tasikmalaya,22.12332402572335,34.40852977999998,26.11691480329749,83.23807851004806,,
2015-12-348,Tasikmalaya,20.10738838039383,32.22441500000002,24.811423666884014,92.43375101711953,,
2015-12-348,Ciamis,21.658316099770992,34.71273356000006,27.372225607417178,87.30929213962713,,
2015-12-348,Cirebon,34.669596235616,50.80477172000002,41.45510809122151,40.66959849088127,,
2015-12-348,Garut,25.111161802337,42.11958290000001,32.8714000687414,79.32209958551731,,
2015-12-348,Indramayu,29.345545007279007,44.816400680000015,39.376914014278924,95.8350935407596,,
2015-12-348,Kota Cirebon,36.581003983222274,50.39802734,43.06081372464256,12.074206455149408,,
2015-12-348,Kuningan,25.003075969990302,39.634682360000056,32.46124693870057,64.39246058665931,,
2015-12-348,Majalengka,24.91141511572459,46.05030590000001,37.375676020041894,74.67108341159741,,
2015-12-348,Sumedang,11.500792210301952,20.951785040000004,18.81374583515866,98.80284854607788,,
2015-12-364,Bandung,36.143598057549546,58.86446288000002,44.1246493795704,45.15915986733442,,
2015-12-364,Kota Tasikmalaya,39.793594120098426,54.54750362000004,47.372313772736234,39.45158465931616,,
2015-12-364,Tasikmalaya,35.016740446890786,54.05872676000001,41.1231200410403,44.04990231054411,,
2015-12-364,Ciamis,37.258861070419286,61.181880439999986,44.87556256699066,43.10524110921662,,
2015-12-364,Kota Banjar,43.23897937544792,57.76386044000003,49.122055859594624,26.32618598779912,,
2015-12-364,Cirebon,43.9998214810048,62.91139856000001,51.37385365592093,25.237928198548794,,
2015-12-364,Garut,34.77156585681485,65.39629910000002,41.12314957846116,42.348153054758185,,
2015-12-364,Indramayu,41.459402423228404,85.95568939999998,49.2456764974434,55.78850655549849,,
2015-12-364,Kota Bandung,41.57798272155231,52.038676940000016,47.68585517328128,44.63118543619185,,
2015-12-364,Kota Cirebon,45.40074321576271,54.39027470000002,49.56075666900047,45.70885034139647,,
2015-12-364,Kuningan,40.388480582547906,58.464554539999995,47.37070712932797,39.618785157105826,,
2015-12-364,Majalengka,39.71562405827964,86.43421220000005,44.23298836634921,41.629962436557015,,
2015-12-364,Subang,30.594980571149268,40.492605379999986,36.80794421562502,97.2112517514114,,
2015-12-364,Sumedang,36.226660681894515,61.97144306000001,42.3736274519789,61.31399312931421,,
2016-01-15,Bandung,21.639053035741732,36.462759800000015,28.81191264160415,93.82243403336888,,
2016-01-15,Kota Tasikmalaya,23.76620238633918,36.82848794000006,31.875346408855112,72.20094642728839,,
2016-01-15,Tasikmalaya,28.206094105787365,45.70850389999998,35.370676824452055,77.73239085804488,,
2016-01-15,Ciamis,29.678868608743915,59.98899146000002,39.24774082936767,44.86755805362582,,
2016-01-15,Kota Banjar,30.839330828649697,49.24957261999998,39.11833502824279,4.871599709446265,,
2016-01-15,Cirebon,25.38989829058414,47.75931590000005,35.86987192557457,76.45708614890711,,
2016-01-15,Garut,26.237221783307938,43.616675660000055,34.12122199514541,84.34163757126397,,
2016-01-15,Indramayu,25.72623661138565,50.41169941999999,33.62814730980573,96.15713387588195,,
2016-01-15,Kota Bandung,17.723351934826514,26.475305359999993,22.67902448000001,97.74808196255489,,
2016-01-15,Kota Cirebon,32.75063726820863,41.473577120000016,38.866859196397535,58.6183006992496,,
2016-01-15,Kuningan,28.964804674105842,51.52939196,38.2430370851568,57.9844879161207,,
2016-01-15,Majalengka,27.373738844046407,48.32670722,36.878822413323675,88.24119006796494,,
2016-01-15,Subang,15.00475425361478,25.097843300000022,19.31502616489364,98.27948919683784,,
2016-01-15,Sumedang,20.01202123289563,37.033569140000054,28.624293459760835,87.38423078376306,,
2016-02-47,Kota Tasikmalaya,23.916206478455383,43.015104140000005,34.248586013938805,74.12017353067874,,
2016-02-47,Tasikmalaya,25.100096454934956,45.06933416000004,35.249746227509945,71.2798646120123,,
2016-02-47,Ciamis,28.944830415234744,52.561634000000026,39.48386855081449,65.39789099056797,,
2016-02-47,Kota Banjar,20.047327679567594,40.36955666000006,34.11706182295974,66.08002790598836,,
2016-02-47,Garut,19.04142663571913,41.476995139999985,27.62317387678092,88.2742090858502,,
2016-03-63,Bandung,30.989276997273308,52.13438150000002,37.375377499926856,70.5732601481167,,
2016-03-63,Kota Tasikmalaya,36.95484561983302,50.64070676000006,45.62538939342706,25.077155456403855,,
2016-03-63,Tasikmalaya,33.53382361609265,51.49179374000005,37.23313714555664,33.28861145416809,,
2016-03-63,Ciamis,33.83344076368179,64.46317964000002,38.23585662351982,18.44889402772269,,
2016-03-63,Kota Banjar,36.0412176713086,50.897058259999994,43.6222807731833,11.393004658348758,,
2016-03-63,Cirebon,35.82907295165843,50.66121487999999,41.874718601461616,45.788611528065516,,
2016-03-63,Garut,32.70083217725548,62.84645618000002,36.87050486784661,56.903091964608564,,
2016-03-63,Indramayu,34.194521696744246,73.46624431999999,38.874432855180466,29.087332739553162,,
2016-03-63,Kota Bandung,33.11866838650383,39.050200940000025,37.68185360000003,98.75336506923709,,
2016-03-63,Kota Cirebon,36.95660480837393,47.22952280000004,42.31150682589922,63.09525853214992,,
2016-03-63,Kuningan,32.976932563280144,47.77982401999998,38.62254495612281,69.60312182502473,,
2016-03-63,Majalengka,33.31284586483669,66.65413046000003,38.87599413605262,36.515638920897516,,
2016-03-63,Subang,33.430365914486615,65.7381011,37.6257586923989,48.91413853895259,,
2016-03-63,Sumedang,32.54333985218822,46.617697220000025,36.186123876070944,67.8698585131967,,
2016-04-95,Bandung,32.51608744650158,47.02102358000002,41.6274901976318,84.54917364965645,,
2016-04-95,Kota Tasikmalaya,39.079571342851914,52.50694568000006,46.810238938343154,3.8124010336412426,,
2016-04-95,Tasikmalaya,35.06135661380798,55.21743554,39.62102377288859,19.032254022912852,,
2016-04-95,Ciamis,36.43670173668452,68.46568106000001,42.622589589705605,25.157289292017264,,
2016-04-95,Kota Banjar,40.66090733768661,56.218915400000014,45.81106932676631,5.183205887522021,,
2016-04-95,Cirebon,38.62990050437388,55.24136168000001,45.371646819069916,43.44669705786114,,
2016-04-95,Garut,32.22242970110089,61.896246620000056,37.87196754464864,43.42393215842569,,
2016-04-95,Indramayu,36.8057095140353,77.21581226,42.24205995006964,26.68228820583335,,
2016-04-95,Kota Bandung,39.80302740747873,50.107495640000025,45.68525823888816,3.279031777763252,,
2016-04-95,Kota Cirebon,41.44434449188586,55.16274722000003,49.12480293888114,27.133824309703826,,
2016-04-95,Kuningan,36.44434014025498,53.234983940000006,44.126447067903385,51.13669623088333,,
2016-04-95,Majalengka,38.53649180875916,73.28508926,43.872215194102694,35.94744086099785,,
2016-04-95,Subang,35.12579169505764,69.05699851999998,40.12247863633226,23.291456889784897,,
2016-04-95,Sumedang,34.26806205086426,52.90001798000003,39.87295849888901,29.493091197357828,,
2016-04-111,Bandung,30.631598482347055,54.646626200000014,37.12481939803122,63.66703817549582,,
2016-04-111,Kota Tasikmalaya,33.79378888101911,44.27635352000004,38.6221539272558,30.49742901320107,,
2016-04-111,Tasikmalaya,28.91793489070115,47.62259510000001,36.12289252536051,72.15149576043483,,
2016-04-111,Ciamis,31.072780542262937,52.86925580000002,37.37383871333442,54.24648969245839,,
2016-04-111,Kota Banjar,35.756007434043084,49.97761088000004,41.813059749285756,8.442390105135262,,
2016-04-111,Cirebon,40.72574865574192,60.22825286,50.127248693917664,13.405629711558936,,
2016-04-111,Garut,27.421084236602596,49.26324470000003,33.62288778049029,66.5580822342597,,
2016-04-111,Indramayu,29.827573023410608,65.04424304000003,37.23433667657745,64.84655233097035,,
2016-04-111,Kota Bandung,36.31942863626331,47.24319488000003,41.56000419714285,4.523137947771301,,
2016-04-111,Kota Cirebon,46.05282269432481,56.23942352000006,50.93854126611315,0.5725393810130145,,
2016-04-111,Kuningan,36.2918239268433,54.004038440000045,44.12216314205261,25.741250342225168,,
2016-04-111,Majalengka,34.67853689223256,65.93976428000002,40.872531868622936,32.639499341161006,,
2016-04-111,Subang,26.97186791389776,52.25743022000006,33.122960316025,52.91019726424342,,
2016-04-111,Sumedang,29.768914318437837,53.24523800000003,35.2395602951254,26.84384478868135,,
2016-05-127,Bandung,31.171892989049685,64.62382658000001,38.370331951808154,34.281992088418214,,
2016-05-127,Kota Tasikmalaya,31.230689718611274,44.40965630000005,37.312022971548856,21.40697628000926,,
2016-05-127,Tasikmalaya,34.06040033878628,55.47720506000002,38.6218160167606,13.53629913762676,,
2016-05-127,Ciamis,32.06760676002724,62.64479300000005,40.62478543497452,29.198322368403453,,
2016-05-127,Kota Banjar,38.66477447925094,54.82094522,44.186904268446604,3.9641552390886945,,
2016-05-127,Cirebon,15.686510516676767,25.825881560000028,20.936303420000012,99.75127767539522,,
2016-05-127,Garut,33.02446408207352,75.30855710000003,38.73621332183914,18.853374708962853,,
2016-05-127,Indramayu,25.936340361052558,60.84691448000001,35.228957594577125,97.73270889824933,,
2016-05-127,Kota Bandung,35.096391082037044,46.87404872000002,42.687254385573674,31.656951005849702,,
2016-05-127,Kuningan,23.522078515696684,38.50331774000006,30.86995292511377,86.69424540971802,,
2016-05-127,Majalengka,23.26005872639403,35.80308194000003,28.81262273729855,90.44860334940209,,
2016-05-127,Subang,27.515364454310166,67.59750398000006,38.24018815413079,71.76878796484712,,
2016-05-127,Sumedang,21.39692115225684,42.21186943999999,27.12024305892294,92.32042458726218,,
2016-05-143,Bandung,24.870830833048153,39.28262630000006,29.05949468281209,91.20787668778519,,
2016-05-143,Kota Tasikmalaya,24.09544143871357,36.821651900000006,30.441007846830324,85.65637473563028,,
2016-05-143,Tasikmalaya,22.15517162717302,43.06979246000003,29.87771460455511,74.86454849802941,,
2016-05-143,Ciamis,22.031572455173702,38.01112286,31.685163550285537,95.60588316298107,,
2016-05-143,Cirebon,20.757164411383844,31.639933580000047,26.059551136485425,90.65163247767266,,
2016-05-143,Garut,23.23803464244639,47.07571189999999,29.87452291151639,57.32868538661911,,
2016-05-143,Indramayu,-3.052851557241358,-0.8107483000000002,-1.925022819999981,99.99870369222934,,
2016-05-143,Kuningan,17.97909408662016,32.89434692000003,25.06172250864596,86.6759818395191,,
2016-05-143,Majalengka,19.85307684299043,27.58616186000006,22.9372686324186,94.66374777996643,,
2016-05-143,Sumedang,19.74696258413267,36.168810080000014,27.687523276578407,97.98040009819752,,
2016-06-159,Bandung,28.443668297414554,50.633870720000004,35.87263315720448,3.527822541471217,,
2016-06-159,Kota Tasikmalaya,31.286326913997918,42.74508056000002,37.311020567248384,10.338112612453354,,
2016-06-159,Tasikmalaya,27.905937181548392,47.47562024000001,31.87040704543571,16.796757134453465,,
2016-06-159,Ciamis,28.176183492991672,55.24136168000001,35.62331764328962,20.38495521546247,,
2016-06-159,Kota Banjar,32.80593622964911,46.01612570000003,36.562572646152354,4.033644892288627,,
2016-06-159,Cirebon,32.39806274219793,46.77492614000005,39.61902270979038,20.61871848584427,,
2016-06-159,Garut,27.343976071680352,50.5450022,33.73794856634279,25.54864424004083,,
2016-06-159,Indramayu,36.249595289957135,76.33054507999998,40.37406814577352,1.5274516611108913,,
2016-06-159,Kota Bandung,34.546409981981476,43.46628278000003,37.93811399670515,1.6326506350965972,,
2016-06-159,Kota Cirebon,29.515406228626517,39.132233420000034,35.619773944285704,68.24048646953808,,
2016-06-159,Kuningan,30.40532847944822,46.18702670000005,36.874519630187564,8.752516358751844,,
2016-06-159,Majalengka,31.491871120698836,72.94328726000003,38.37066794554728,10.318374423143473,,
2016-06-159,Subang,33.132163878337465,65.74151912000002,37.36993314522237,0.7286151254835608,,
2016-06-159,Sumedang,30.503205120654997,50.85604202000002,34.8715388092474,1.9494432317591044,,
2016-06-175,Bandung,20.648900436850553,40.50285944000001,27.371263042553597,89.45930487871304,,
2016-06-175,Kota Tasikmalaya,24.913646385657636,38.30507258,32.06004265143068,36.98122923013343,,
2016-06-175,Tasikmalaya,21.85519560987212,42.669884120000006,29.243175772306948,52.80558469270762,,
2016-06-175,Ciamis,21.4569035039526,50.750083399999994,30.122572401084327,36.75107167970904,,
2016-06-175,Kota Banjar,24.968554729262724,39.65177246000002,30.94221795838888,31.49725651256667,,
2016-06-175,Cirebon,23.688393295449373,38.7015629,31.374796170069935,23.046998468149653,,
2016-06-175,Garut,24.006598636310837,45.37011991999998,31.23715698952026,82.2020442592699,,
2016-06-175,Indramayu,31.439865565357856,73.57562096000004,38.23577671781629,27.874653245817893,,
2016-06-175,Kota Bandung,14.394034106825817,22.206198380000046,19.84472634000001,99.06922436466098,,
2016-06-175,Kota Cirebon,22.284708297599398,30.52224104000004,26.562043166233778,79.17890802450972,,
2016-06-175,Kuningan,23.166022110273218,40.04142674000002,30.87133820904726,18.916155374357977,,
2016-06-175,Majalengka,23.930183353938606,67.27279208000004,32.24312776432442,7.01801687195802,,
2016-06-175,Subang,27.394950112999485,63.37966730000005,33.87252730435635,52.55989107784445,,
2016-06-175,Sumedang,25.74373389497714,42.20161538000002,33.73640548147062,17.934867949926964,,
2016-07-191,Bandung,25.72380083332151,45.66065162000001,32.37317526397903,34.86772954428234,,
2016-07-191,Kota Tasikmalaya,26.391314494615216,38.23671218000004,32.1845747192617,37.69223358588879,,
2016-07-191,Tasikmalaya,21.551667959405293,36.13804790000006,27.373219874947143,78.08269888547883,,
2016-07-191,Ciamis,24.701851050655304,41.40521672,29.36846816733797,45.82688281711393,,
2016-07-191,Kota Banjar,20.409469384173228,36.55504633999999,28.437041839879466,19.701074474106424,,
2016-07-191,Cirebon,31.01605200119671,51.82334168,38.87554352675436,40.656833650131915,,
2016-07-191,Garut,21.008783023575493,46.64504138000001,27.736309815559157,40.42805762527196,,
2016-07-191,Indramayu,29.627489339502763,74.95991906,37.740241448009556,31.49241791953004,,
2016-07-191,Kota Bandung,32.097135599457,40.048262780000016,35.93840406928403,0.2981319551685162,,
2016-07-191,Kota Cirebon,34.94605544861964,44.61473750000005,40.312214115745896,0.012579271609856692,,
2016-07-191,Kuningan,27.004567699127158,45.10009634000005,34.37194170826466,16.70900960124272,,
2016-07-191,Majalengka,27.281703485534393,75.03511550000002,38.74903467235967,66.33351302256656,,
2016-07-191,Subang,30.738163845467426,64.75371134,36.11846961020355,7.7149131358541485,,
2016-07-191,Sumedang,24.506497985926146,45.59229121999999,30.374064682650022,16.115582626481867,,
2016-07-207,Bandung,23.428821747664816,43.585913480000045,31.438257366410134,7.182452259795273,,
2016-07-207,Kota Tasikmalaya,27.335353253216148,40.53703963999999,34.375638746502894,44.17315657870372,,
2016-07-207,Tasikmalaya,24.180571517532872,44.327623819999985,28.6216282640387,56.174543063254276,,
2016-07-207,Ciamis,26.647159524825348,54.157849339999984,30.869783988140636,46.14603957254773,,
2016-07-207,Kota Banjar,30.46633351203062,41.80854308000005,35.30789959299646,16.833023155421504,,
2016-07-207,Cirebon,32.98026204193008,51.75156326000001,39.12243636118281,9.237102026601857,,
2016-07-207,Garut,24.53534215139948,51.744727220000016,30.123054638744964,28.565164669221115,,
2016-07-207,Indramayu,31.985641907817687,73.82513642000004,38.73892907185603,20.974116337799526,,
2016-07-207,Kota Bandung,33.868094844623414,43.476536839999994,38.94191911901508,1.2308019669512553,,
2016-07-207,Kota Cirebon,36.312702305486376,43.68161803999999,40.68805795952672,3.3151659053000833,,
2016-07-207,Kuningan,28.515655698859916,43.57565942000002,34.56079835273886,14.179990601716163,,
2016-07-207,Majalengka,27.99031577544953,75.05562362,35.738623723045336,30.801151412509707,,
2016-07-207,Subang,32.9993835788536,70.7796806,40.374545144662285,18.38821424697256,,
2016-07-207,Sumedang,27.410252829348572,45.66065162000001,32.871462059199494,4.109409234431388,,
2016-08-223,Bandung,30.065111572877097,51.013270939999984,37.87277753410463,0.18193672861825996,,
2016-08-223,Kota Tasikmalaya,32.71126526465038,42.74166253999999,39.187083025880206,47.2474370920876,,
2016-08-223,Tasikmalaya,29.730001874250476,46.98342536000001,33.43705235034112,49.1267279684071,,
2016-08-223,Ciamis,30.369785028665365,57.216977240000006,34.872411113028804,49.119378885979444,,
2016-08-223,Kota Banjar,33.533387057734075,49.55377640000006,38.55961866430771,21.606751431551782,,
2016-08-223,Cirebon,35.519761861674134,48.46342802000004,40.31266418288149,0.19993515327527028,,
2016-08-223,Garut,29.611790261982726,60.611071100000004,35.62201714624292,8.825568500857708,,
2016-08-223,Indramayu,36.00225336140445,82.61970187999998,41.87196034582153,6.327658813045485,,
2016-08-223,Kota Bandung,36.481397645935985,44.97021158000001,41.56199399211549,1.0080612058541434,,
2016-08-223,Kota Cirebon,38.88692584761434,45.23681714000003,42.18302833540248,0.02767439754168475,,
2016-08-223,Kuningan,31.703719246679153,44.43016441999998,36.812252463892165,10.693625866060952,,
2016-08-223,Majalengka,34.8221899318913,81.04057664000004,42.23663284372841,2.908378448310085,,
2016-08-223,Subang,34.255664915083145,75.68112128000001,39.87203690241962,0.46394340723533223,,
2016-08-223,Sumedang,31.75085109222686,51.13631966000003,37.68730849409565,0.07113625436925516,,
2016-08-239,Bandung,16.93640230157832,38.94424232000006,20.934683956003518,91.67298584727773,,
2016-08-239,Kota Tasikmalaya,29.794848168499634,43.03561225999999,35.43606351295825,46.895620407153075,,
2016-08-239,Tasikmalaya,30.250326917505873,50.12116772000002,36.122520912655204,55.773795365126865,,
2016-08-239,Ciamis,29.286185137935007,53.973276260000034,34.62188475969119,57.94430031890939,,
2016-08-239,Kota Banjar,32.343875949096656,46.89797485999998,38.18672538138776,18.250764975578907,,
2016-08-239,Cirebon,29.88813387705876,44.59764740000003,37.43611636000168,51.548002296170814,,
2016-08-239,Garut,23.398708736252267,50.81844380000001,33.62763938828167,82.9656407857154,,
2016-08-239,Indramayu,27.346944165896797,60.94261904000001,34.12427438515037,80.01547568344235,,
2016-08-239,Kota Cirebon,34.9854624821709,42.10249280000005,39.05868835929881,41.861092875278146,,
2016-08-239,Kuningan,25.62813915588054,38.97500450000001,30.314688348615398,92.56727807058384,,
2016-08-239,Majalengka,25.2460253208811,41.459905040000024,33.87188958734579,78.40494034687873,,
2016-08-239,Subang,23.48859575689205,53.33068850000001,29.11869875078031,82.08348481714596,,
2016-08-239,Sumedang,20.448467162704095,29.68482614000004,25.81319235662784,96.52351500779115,,
2016-09-255,Bandung,17.45369805573235,33.352361599999995,24.877941589474794,82.96042371836454,,
2016-09-255,Kota Tasikmalaya,31.679282855653543,45.87598688000003,39.37778190527274,63.30117518333375,,
2016-09-255,Tasikmalaya,25.383850500343385,39.737222960000054,32.37158821175803,64.46465142710386,,
2016-09-255,Ciamis,30.326559202520322,62.948996780000016,36.12291873544337,45.77610550963401,,
2016-09-255,Kota Banjar,32.8301000865856,43.70896220000003,37.37347562202303,32.57866969427035,,
2016-09-255,Cirebon,36.2519253595277,55.907875579999995,46.74838238727592,57.71718918762417,,
2016-09-255,Garut,24.441613085550554,56.451340759999994,33.12402982358063,49.15679161086093,,
2016-09-255,Indramayu,29.393302721559383,68.85533534000001,39.729045821039534,92.10680084545767,,
2016-09-255,Kota Bandung,28.98632888533929,37.365117080000005,33.93373572909092,79.9952716368887,,
2016-09-255,Kota Cirebon,23.3523013022462,37.30359271999998,28.438221593520144,78.71370189513873,,
2016-09-255,Kuningan,31.65484560473515,52.072857139999996,40.87259685712852,29.728214725295597,,
2016-09-255,Majalengka,23.365888695653485,41.51801138000002,31.12235685265077,82.83159050829508,,
2016-09-255,Subang,26.05147447675595,65.86798585999998,40.249982727888664,51.19593391150219,,
2016-09-255,Sumedang,23.145524958726337,45.61963537999998,34.121934933307124,75.93234270562436,,
2016-09-271,Kota Tasikmalaya,9.61865178494021,19.512798620000012,14.809336973467781,98.7350174675029,,
2016-09-271,Tasikmalaya,17.816755545544346,40.441335080000044,26.621103892849636,58.847980154667624,,
2016-09-271,Ciamis,17.09043983779133,47.80716818000002,27.872192229868567,63.967167141601756,,
2016-09-271,Cirebon,24.66624729424807,48.62065694,34.37022907082475,76.08257151467993,,
2016-09-271,Garut,20.415163611701292,40.73186678000002,30.238947603374633,86.93499164584523,,
2016-09-271,Indramayu,28.383256220366867,67.11556316000002,38.24777138745244,72.92065672240764,,
2016-09-271,Kota Cirebon,28.980538133379756,52.91710808000005,44.12638497829008,55.89089756013431,,
2016-09-271,Kuningan,20.455103805812296,37.40955134000001,28.87390756708504,79.79323698421264,,
2016-09-271,Majalengka,29.273251898017488,68.76646682,39.24183821273595,43.34318135094475,,
2016-09-271,Subang,26.932509085201602,58.67647178000004,37.24089427081691,76.00242113300003,,
2016-09-271,Sumedang,27.45828080177173,46.443378199999984,37.6249390404554,62.143099852164355,,
2016-10-287,Bandung,31.475226135121513,46.34767364000004,37.87688723407505,95.45211059959611,,
2016-10-287,Kota Tasikmalaya,35.487855555708876,46.49464850000004,40.43895738574259,47.81405102738718,,
2016-10-287,Tasikmalaya,33.52404162761643,55.398590600000034,37.37056258528078,25.347433706735107,,
2016-10-287,Ciamis,34.12733350766982,64.05985328000003,40.245642521047095,28.847056221664708,,
2016-10-287,Kota Banjar,38.71281671571644,51.05770519999999,44.56116164877362,1.552439000757122,,
2016-10-287,Cirebon,36.371326881346135,49.006893200000036,40.621224507506575,78.2778396654589,,
2016-10-287,Garut,31.032202408819312,60.56321882000003,35.37544769224264,75.08275805522211,,
2016-10-287,Indramayu,35.55573815817988,72.05118404000001,41.116202908946484,86.96940150127992,,
2016-10-287,Kota Bandung,34.105695073841744,41.753854760000024,37.08882713000001,95.76017941933159,,
2016-10-287,Kota Cirebon,41.71307533564292,49.12994192000002,45.05991809229173,51.5981495940792,,
2016-10-287,Kuningan,31.225123070355586,43.37741426000002,35.31053515498755,89.93422612503878,,
2016-10-287,Majalengka,36.40161049230095,74.47797824000003,41.369726191124286,71.43168037482523,,
2016-10-287,Subang,28.07896735203425,52.09678328000001,33.36833463759777,92.57339523703749,,
2016-10-287,Sumedang,31.922294922994148,48.340379299999995,38.62392511311175,64.06438286506749,,
2016-10-303,Bandung,31.263947234819675,53.84339150000005,39.24201427919595,63.60112130622711,,
2016-10-303,Kota Tasikmalaya,33.2730933257531,49.02056528000003,41.37199394617255,44.58470759943773,,
2016-10-303,Tasikmalaya,26.988574955523536,50.09724158000006,33.12121280585009,56.89326393478614,,
2016-10-303,Ciamis,28.35607298043488,46.52199266000002,34.23879643469578,83.9286027555474,,
2016-10-303,Kota Banjar,21.10842237961541,30.08473448000001,29.423005808000006,99.01029968866379,,
2016-10-303,Cirebon,33.27625407261057,50.18269208000004,39.121128363880366,5.8779781948233945,,
2016-10-303,Garut,27.39569561622226,61.35961748,32.73433116026653,74.07663316175108,,
2016-10-303,Indramayu,36.77246212505471,73.71234176000002,40.62156477194489,1.4681686289542966,,
2016-10-303,Kota Bandung,41.11371201085611,55.022608400000024,46.808515726250135,3.633085749996081,,
2016-10-303,Kota Cirebon,36.497832693609766,47.61234104000005,42.36143837258141,19.183783848846673,,
2016-10-303,Kuningan,29.04474991606414,41.44965098,34.12280795547479,32.401064491342616,,
2016-10-303,Majalengka,34.373744832263945,70.60877960000005,39.372095557288894,27.67150087705923,,
2016-10-303,Subang,35.866015499825274,73.33294153999998,40.232699098180156,21.213834778875793,,
2016-10-303,Sumedang,31.805354875617283,61.02465152000002,36.73607917193052,27.753971694759162,,
2016-11-319,Bandung,25.398912377902754,33.9846953,30.187585809090933,99.67508882186047,,
2016-11-319,Kota Tasikmalaya,31.779126364960987,50.40486338000005,42.87305232625643,29.158198282865914,,
2016-11-319,Tasikmalaya,31.150413977103995,52.05234902000001,37.73058546386337,39.93496694110581,,
2016-11-319,Ciamis,32.26118016792314,57.45282062000001,40.242556403101744,18.230636489448948,,
2016-11-319,Kota Banjar,39.30148800840679,53.894661799999994,45.68784153407931,0.0,,
2016-11-319,Garut,29.96248832961859,63.56765840000003,37.234205796846716,67.40581015497511,,
2016-11-319,Kuningan,17.598122413175997,44.37889412000004,30.236829518956224,77.76588789634845,,
2016-11-319,Majalengka,17.770596014132167,33.608713100000045,28.879546192493965,99.23964490002714,,
2016-11-319,Subang,12.821302481818206,30.44362658,19.66319150000004,99.98062255274138,,
2016-11-319,Sumedang,15.620585312000019,18.88046492000001,18.88046492000001,99.99913386267994,,
2016-12-351,Bandung,28.24539351703087,52.729116980000015,35.87520614418042,62.354100257266374,,
2016-12-351,Kota Tasikmalaya,18.31631248538608,30.922149380000008,26.378442279360986,79.71936115587765,,
2016-12-351,Tasikmalaya,24.804621963449026,43.57565942000002,32.23988567407828,30.363955002262422,,
2016-12-351,Ciamis,20.460306429058686,42.27339380000001,30.245285126524138,59.64992620379035,,
2016-12-351,Kota Banjar,21.77865003445261,37.81287770000006,29.61409858415469,11.741161266007003,,
2016-12-351,Cirebon,27.759242011241295,50.11433168000002,38.24170919596905,30.223680424515177,,
2016-12-351,Garut,26.953868139653565,58.11933452000005,34.24397910486532,27.094072497309707,,
2016-12-351,Indramayu,32.05645521075695,76.27243873999998,40.441066841581566,26.487926106847326,,
2016-12-351,Kota Bandung,32.74638577687109,45.38379200000003,40.319063182727284,78.65418907593116,,
2016-12-351,Kota Cirebon,30.93306916150824,40.31828636,36.936600050882966,41.37928210738214,,
2016-12-351,Kuningan,20.9720199721694,38.93398825999998,31.624672806050665,59.022009785606855,,
2016-12-351,Majalengka,25.38147401355057,70.94716358000005,35.748590990942084,32.97612035724717,,
2016-12-351,Subang,27.270186362238956,68.97496604000003,35.74162516584121,47.76803918787058,,
2016-12-351,Sumedang,23.00410997702427,47.22268675999999,32.4540663960366,51.461424329286956,,
2017-01-01,Bandung,12.537220292775393,14.676300319999996,14.387477630000035,99.99078959196386,,
2017-01-01,Tasikmalaya,13.789134240000017,14.99759419999998,14.99759419999998,99.99969306162882,,
2017-01-01,Ciamis,12.430484833299182,25.552439960000015,22.115767336571455,99.7733436651371,,
2017-01-01,Kota Banjar,16.49729163097786,29.85572714,24.891102267561454,94.6295834215976,,
2017-01-01,Cirebon,29.572790169965163,41.620551980000016,33.37110234910839,0.9696458116519415,,
2017-01-01,Indramayu,28.210226838004864,63.74197742000001,32.7352603507936,40.96341266139839,,
2017-01-01,Kota Cirebon,33.261252940009115,42.017042300000014,37.30950936077982,0.6402405275124944,,
2017-01-01,Kuningan,24.262374931925443,35.95689284000002,29.121968257120738,30.828434808980333,,
2017-01-01,Majalengka,27.62042936703561,63.553986320000035,31.73600692808489,21.035823745210195,,
2017-01-01,Subang,27.788122186010536,61.803960080000024,32.23436543169989,42.63842386436028,,
2017-01-01,Sumedang,24.967656641259723,36.233752460000005,28.619584173788994,68.8379588772312,,
2017-02-49,Kota Tasikmalaya,12.935342875312493,33.9846953,29.744902186440687,98.46007072162132,,
2017-02-49,Tasikmalaya,7.971939895079052,33.79670420000002,25.50002866398258,96.58654559629954,,
2017-02-49,Ciamis,16.321117450182026,62.53199834000003,40.49605721863199,89.31121943292383,,
2017-02-49,Kota Banjar,24.596173715892892,49.57428451999999,41.25102010593748,10.987132906947286,,
2017-02-49,Garut,20.048188013232135,47.472202219999986,35.744446854653546,89.48554781901254,,
2017-03-65,Kota Tasikmalaya,21.8035096520641,28.963623920000032,25.688766373076948,95.99410108226664,,
2017-03-65,Tasikmalaya,16.98758455924932,31.04861612000002,23.310690335594536,87.14104042307194,,
2017-03-65,Ciamis,21.120003216475364,48.480518120000056,30.734513346507526,73.52971061246943,,
2017-03-65,Kota Banjar,17.897514692698273,35.78599184000001,29.108655127609328,67.2411976854602,,
2017-03-65,Garut,18.46046860642912,30.864043040000013,23.69016550615815,95.48268469548692,,
2017-03-65,Indramayu,22.741922976776625,55.99332608000003,31.12264531891736,95.83334859632505,,
2017-03-65,Subang,24.365044592422848,49.95368474000003,31.622219375666944,83.94076281748596,,
2017-03-81,Bandung,17.094417330051566,21.221808620000047,20.90735078,99.9523783617422,,
2017-03-81,Kota Tasikmalaya,14.270366939608204,33.089174060000005,24.381534097264492,89.54682123382281,,
2017-03-81,Tasikmalaya,14.049858162672024,33.60529508000002,24.87456364928113,66.52207524437826,,
2017-03-81,Ciamis,15.520525336393824,36.56188238000004,27.874280445800903,88.56546646003987,,
2017-03-81,Kota Banjar,23.217944836199422,41.835887240000034,36.1319674223158,54.19533523605482,,
2017-03-81,Cirebon,7.727197890866477,17.60212544000001,14.928385252884018,99.66663488886331,,
2017-03-81,Garut,14.04636368048636,31.513466839999978,24.621969097876395,85.21929369061937,,
2017-03-81,Indramayu,14.391687775550396,42.96041581999998,24.625606808517823,89.92298947223813,,
2017-03-81,Kuningan,19.294925397415952,36.39098138000003,25.372168310031768,84.8381394908184,,
2017-03-81,Majalengka,20.59507200083345,29.50708910000003,27.443174690000003,99.84673201985649,,
2017-03-81,Subang,7.494260858843032,35.01010130000003,14.863422176485342,95.11055777319591,,
2017-03-81,Sumedang,20.50704669272163,31.31180366000001,27.36684190805092,96.25715411877192,,
2017-04-97,Kota Tasikmalaya,21.815485295467948,39.84318158000002,32.73195397844157,82.64948696219811,,
2017-04-97,Tasikmalaya,18.388201730761,37.047241220000046,31.741919109155003,97.4419564895346,,
2017-04-97,Ciamis,26.156499345107964,57.19305110000005,35.73897339785572,78.56847638522532,,
2017-04-97,Kota Banjar,4.101249553079271,10.704561080000019,8.783633839999993,99.8798732736678,,
2017-04-97,Cirebon,11.616895573924541,23.25553051999998,19.18331948157897,99.7076034563043,,
2017-04-97,Garut,19.135705454780712,38.94766034000003,28.241970605614664,82.59477672411822,,
2017-04-97,Majalengka,14.02043680817191,23.734053320000044,20.31443824400003,99.65049059353305,,
2017-04-97,Sumedang,11.598673365190868,17.930255360000046,17.314545666363657,99.88653601107093,,
2017-04-113,Bandung,27.348732660689723,53.32385246000001,35.12501344316791,20.656593605894013,,
2017-04-113,Kota Tasikmalaya,30.75556126794393,50.44587962000003,42.50304544260969,40.571480276301685,,
2017-04-113,Tasikmalaya,25.5547532724219,46.29640333999998,36.471382860959615,56.691948339953015,,
2017-04-113,Ciamis,23.031273604727865,48.333543260000056,34.244366354945385,84.79968136392678,,
2017-04-113,Kota Banjar,7.263991369550399,22.05580550000002,17.34880029930729,84.45796827564908,,
2017-04-113,Cirebon,19.83738986382308,28.44066686000002,26.309738839545787,98.6315060554568,,
2017-04-113,Garut,23.739290910507233,46.85354060000003,32.47157632543287,55.13280446488598,,
2017-04-113,Indramayu,20.69073690852547,64.43583548000004,33.45782474115792,90.20599456849965,,
2017-04-113,Kota Bandung,32.070033653000955,43.87644518000002,37.62064864553167,0.03726437695766923,,
2017-04-113,Kuningan,16.46113798098712,37.330936880000024,29.62271882727757,85.54423254193996,,
2017-04-113,Majalengka,15.468358149802574,61.510010360000024,29.730379272582976,90.07507210176026,,
2017-04-113,Subang,20.310801985468412,45.342775759999995,26.370461499408236,56.493746957961065,,
2017-04-113,Sumedang,21.14729156618488,51.13631966000003,30.740598248817054,70.56265294767945,,
2017-05-129,Bandung,32.09017446255199,50.41511744000002,38.120357458933945,90.5826129106925,,
2017-05-129,Kota Tasikmalaya,31.4885992436406,38.78017736000004,35.69726004080002,98.97370084853019,,
2017-05-129,Tasikmalaya,29.817716558356718,39.45010927999999,33.06043390594038,71.51273039533069,,
2017-05-129,Ciamis,31.080100266322162,56.62565977999998,36.623328987594235,60.04088766727477,,
2017-05-129,Kota Banjar,35.9777894434216,45.605963299999985,41.06420349384615,77.31125267549326,,
2017-05-129,Cirebon,38.847624054252094,52.028422879999994,44.68775471614483,10.469616309976574,,
2017-05-129,Garut,29.710787977544754,58.78243040000001,33.620455440623296,87.95278810852601,,
2017-05-129,Indramayu,36.0057712744049,72.53996089999998,40.454900284459924,28.550339311447264,,
2017-05-129,Kota Bandung,35.16054986527943,44.53954106000003,39.55629576800002,33.12752790934023,,
2017-05-129,Kota Cirebon,44.305094325254196,52.52745379999999,48.93816198728764,0.005031708643942677,,
2017-05-129,Kuningan,34.083212241021,48.06010165999999,38.873937790734075,30.47086693580124,,
2017-05-129,Majalengka,35.4610018869124,70.25672354000005,41.37248400244714,28.324986307867324,,
2017-05-129,Subang,34.11757741581307,70.25672354000005,37.729705619405834,37.99820070311819,,
2017-05-129,Sumedang,32.4177918729609,47.058621800000026,36.62012538797116,43.92879086781756,,
2017-05-145,Bandung,28.888772006084416,48.21049454000001,35.311589023959826,11.07090895935794,,
2017-05-145,Kota Tasikmalaya,29.305486083879696,39.14248748,34.93802466348996,76.63889582722662,,
2017-05-145,Tasikmalaya,28.581264252082132,46.193862739999986,31.93683732505903,65.87649865602054,,
2017-05-145,Ciamis,29.057049051222766,53.139279380000005,33.87088908599951,56.729085679746326,,
2017-05-145,Kota Banjar,31.625033964372882,44.92577732000001,35.93646875794729,28.912370786118853,,
2017-05-145,Cirebon,37.17350063953543,51.160245799999984,42.68658674183878,0.0030112965089535964,,
2017-05-145,Garut,27.90249986219903,58.22871115999999,32.62100861579288,19.79831864439819,,
2017-05-145,Indramayu,36.03623962516942,77.25341048000001,41.12282775833173,0.002722569372327816,,
2017-05-145,Kota Bandung,35.16156103990018,43.13815285999999,38.809568884437475,1.5698004027134296,,
2017-05-145,Kota Cirebon,42.47819258661855,49.85798018000003,46.186392362994226,0.017610980253799365,,
2017-05-145,Kuningan,31.127235977927768,46.583517020000045,37.18626374883312,4.369594524430867,,
2017-05-145,Majalengka,32.376746737491125,75.73922762000001,39.12322970000943,1.9502764811347533,,
2017-05-145,Subang,33.523543736661836,70.95741764000002,38.372441109809444,4.904366739162186,,
2017-05-145,Sumedang,30.384911186645237,46.23146096000005,35.312155208441304,3.994624867276617,,
2017-06-161,Bandung,28.9900771275902,56.297529860000054,36.12353924954229,14.32429933332784,,
2017-06-161,Kota Tasikmalaya,30.50015338239637,40.889095699999984,36.813144827999935,59.697655754277136,,
2017-06-161,Tasikmalaya,28.49981479684893,46.877466740000045,32.56251614151371,76.7618247124795,,
2017-06-161,Ciamis,29.29108027171685,54.745748779999985,33.87402326394688,61.953368005782124,,
2017-06-161,Kota Banjar,31.55755740846986,47.77298798000004,35.31231208110902,68.21873055819323,,
2017-06-161,Cirebon,35.65200718183403,47.42776795999998,40.687231486174966,2.3636253275835615,,
2017-06-161,Garut,28.465377672405566,55.138821080000014,33.624466596154804,30.454738686139,,
2017-06-161,Indramayu,35.28938268132769,74.51557646000003,40.37281464193171,4.1638021008150465,,
2017-06-161,Kota Bandung,36.476538016123264,44.59081136000003,40.68454976917774,0.9098070832891227,,
2017-06-161,Kota Cirebon,39.80586494433376,46.52199266000002,43.53171246807231,0.015095125931828036,,
2017-06-161,Kuningan,31.290513284249478,46.07423204000003,36.68810319981535,10.600514655389244,,
2017-06-161,Majalengka,33.33366878257191,77.16454196000001,39.373131989553464,10.351862166078545,,
2017-06-161,Subang,34.32503651358752,71.56240718000004,39.62229126149461,2.9159272038448183,,
2017-06-161,Sumedang,30.462988881935786,46.27589522000005,36.06292062549735,2.9299197357225486,,
2017-06-177,Bandung,26.728130139717308,33.71808973999998,31.442620607272747,99.72284218062596,,
2017-06-177,Kota Tasikmalaya,29.223421815084137,38.94082430000003,33.18940599736844,90.45759040844187,,
2017-06-177,Tasikmalaya,29.76956982019008,45.98878153999999,32.81088199849616,72.65150625786092,,
2017-06-177,Ciamis,30.503279911216737,53.446901180000054,34.62155533285417,54.384367026346325,,
2017-06-177,Kota Banjar,32.86980208549092,47.39358776000006,37.187345588515385,17.58788281355976,,
2017-06-177,Cirebon,29.74963776449051,40.38664676000002,33.87097249178272,71.53493375557521,,
2017-06-177,Garut,30.628297947123368,59.346403699999996,36.12198254670416,60.998986534793964,,
2017-06-177,Indramayu,27.591996250998378,61.74243572,33.622290407913425,80.04413786495292,,
2017-06-177,Kota Cirebon,32.351064708998216,39.91496000000001,35.43820830500002,80.34897760613401,,
2017-06-177,Kuningan,28.94816168011555,40.22258180000006,33.869141275691774,69.45360590969445,,
2017-06-177,Majalengka,27.611701936136182,39.145905500000026,31.81129100743603,89.6469563453326,,
2017-06-177,Subang,29.654999632983206,61.13744617999998,34.36791230900007,85.30527542145904,,
2017-06-177,Sumedang,27.774986593969516,35.70054134000003,31.688604677826785,98.95755154061645,,
2017-07-193,Bandung,28.647448762691376,52.54454390000001,36.62487507983779,10.391625448555724,,
2017-07-193,Tasikmalaya,26.56631469555371,43.182587119999994,30.5620884661421,89.78334567163179,,
2017-07-193,Ciamis,25.982843251328347,35.89195046000003,30.064491813773635,89.00821991392769,,
2017-07-193,Kota Banjar,27.1778500246473,34.08039986000006,31.699748930000027,95.44031386217941,,
2017-07-193,Cirebon,32.585498576782214,47.26712101999999,39.871943101064694,6.835429123923337,,
2017-07-193,Garut,27.29010246349154,55.68570427999998,32.872189219241015,68.6490532253702,,
2017-07-193,Indramayu,29.966232079884524,71.74014422000005,37.73438629231444,16.49789105507013,,
2017-07-193,Kota Bandung,33.094168652200736,42.522909260000006,38.68777182510047,2.532058275094976,,
2017-07-193,Kota Cirebon,38.59652513771662,44.80956464000002,42.432678485652225,0.005031708643942677,,
2017-07-193,Kuningan,29.36387967771004,44.505360859999996,36.36934804035789,23.749911643905172,,
2017-07-193,Majalengka,33.25886354650661,73.77386611999998,39.738851178286744,20.517389984673564,,
2017-07-193,Subang,29.546213993037608,64.89043214000003,37.23857665085058,13.678896743449359,,
2017-07-193,Sumedang,27.75345393297994,45.77344628000003,35.122893693572635,21.823407638918123,,
2017-07-209,Bandung,31.370492830848338,54.677388380000025,39.12499691812753,22.14005260014215,,
2017-07-209,Kota Tasikmalaya,25.879014294339257,31.933883300000048,29.280293420000017,99.08995621433645,,
2017-07-209,Tasikmalaya,28.247942061319993,36.613152679999985,31.684832652347424,91.9611951204925,,
2017-07-209,Ciamis,30.315532141027937,58.41670226000002,36.86993914079186,96.49270779832256,,
2017-07-209,Kota Banjar,29.66930381605745,38.25380228000006,34.06376987807694,89.57693693019422,,
2017-07-209,Cirebon,36.66993920535712,52.79064133999998,43.23721875661199,51.92111165869394,,
2017-07-209,Garut,29.958098891921555,56.65642195999999,37.24176796644997,53.2311875310635,,
2017-07-209,Indramayu,39.179895189610036,78.93507632000001,45.43063409389566,17.68879005446167,,
2017-07-209,Kota Bandung,37.9161152882163,46.730491880000045,42.31226110690408,0.43143934457172933,,
2017-07-209,Kota Cirebon,34.78620777001033,40.21232773999998,38.03197278200002,94.54878498048778,,
2017-07-209,Kuningan,34.98595311803322,53.887825760000055,42.87469499018978,16.78580061626945,,
2017-07-209,Majalengka,36.48892594743454,80.39457086000004,44.243806134758735,21.211454466128092,,
2017-07-209,Subang,36.311603174733015,74.18744654,42.62377615755824,0.24870669985803204,,
2017-07-209,Sumedang,33.59447464386867,52.37706092000002,40.37576174423788,2.4619712163162535,,
2017-08-225,Bandung,29.290976954942646,49.731513440000015,37.87302524466287,10.536627828642988,,
2017-08-225,Kota Tasikmalaya,28.22926269475467,37.594124420000014,32.18340654168951,92.92168042358452,,
2017-08-225,Tasikmalaya,28.296901403875392,46.323747500000025,32.68782684213997,71.68800116599672,,
2017-08-225,Ciamis,27.62124507686187,54.82094522,33.874214989770586,77.98455958381555,,
2017-08-225,Kota Banjar,27.49542632492703,36.63024278,30.93817299517588,85.33706304173933,,
2017-08-225,Cirebon,33.992440006102,49.47516194000002,39.68822465321447,7.8449084491534,,
2017-08-225,Garut,28.705166975657846,59.67795164000006,35.23965422856365,14.094958496221174,,
2017-08-225,Indramayu,32.992395518736636,67.78207706,38.230930520924325,59.47546723333734,,
2017-08-225,Kota Bandung,37.30229514642711,47.84818442000005,41.93822509408297,0.2262318561062343,,
2017-08-225,Kota Cirebon,37.87430684758293,44.71386008000002,41.31408604828227,0.02012683457577071,,
2017-08-225,Kuningan,27.77919089739223,42.65963006000004,34.621912336695814,21.49792802474719,,
2017-08-225,Majalengka,33.29744402906648,68.63658206000002,39.620640650624104,35.58341326994699,,
2017-08-225,Subang,27.96188763770908,62.44996586000002,33.372618737152685,44.98179628186084,,
2017-08-225,Sumedang,29.45973578836076,51.70371097999998,37.24160313344602,31.689289818709053,,
2017-08-241,Kota Tasikmalaya,23.05003501454547,27.06662282000002,26.82622208000002,99.96393585098046,,
2017-08-241,Tasikmalaya,20.790499762176132,33.24640298000003,27.862259570595118,98.57538707717129,,
2017-08-241,Ciamis,28.691159427652163,55.57290962000002,35.62183164852125,85.92506779015133,,
2017-08-241,Kota Banjar,30.829885994231983,41.883739520000006,35.810579203077644,67.0871427301759,,
2017-08-241,Cirebon,35.32030947161246,54.89614166000001,45.24217542542887,75.59224734871486,,
2017-08-241,Garut,2.2045087498901332,14.06105672000001,11.43943538000002,99.99694808499639,,
2017-08-241,Indramayu,24.148191199698424,57.84931094000001,35.26915168212872,97.14338925962015,,
2017-08-241,Kuningan,31.285907378816606,50.022045140000046,40.87754670727865,58.78391542139846,,
2017-08-241,Subang,22.985882475392504,40.22258180000006,30.734661297568582,91.76838359250272,,
2017-08-241,Sumedang,10.257520398453545,16.624571720000006,15.209511440000028,99.96354026086823,,
2017-09-257,Bandung,35.40526064318224,57.216977240000006,42.87180309341066,57.672762265678124,,
2017-09-257,Tasikmalaya,31.485841272464448,49.01372924000003,35.05587836316354,99.15370430706434,,
2017-09-257,Ciamis,34.3048587673251,55.50796724000003,41.37851307010462,94.33164034529507,,
2017-09-257,Kota Banjar,34.860408214813226,46.668967520000024,39.313942753513516,89.61468218514045,,
2017-09-257,Cirebon,39.82349405294335,55.47720506000002,44.06032750698124,97.56408167480816,,
2017-09-257,Garut,36.41422208312304,64.71611312000005,45.878020605176324,73.46742647725749,,
2017-09-257,Indramayu,42.8174608646718,85.57970720000003,50.74204105432172,51.10794648470113,,
2017-09-257,Kota Bandung,39.662349609750905,50.29206872000003,44.31477266183403,8.72434097172237,,
2017-09-257,Kuningan,40.189501359459264,52.86583777999999,46.87444851577824,91.70704058185282,,
2017-09-257,Majalengka,40.072991955502474,88.92594878,50.24485535866599,74.53325530914697,,
2017-09-257,Subang,37.77690896169072,82.27106384000001,46.62338180180205,6.789294954805132,,
2017-09-257,Sumedang,36.10554811083899,54.561175700000035,43.373792547339505,47.35935156100787,,
2017-09-273,Bandung,34.71665652239377,55.135403060000044,44.37594656903403,81.53156613059679,,
2017-09-273,Kota Tasikmalaya,39.75485601788723,52.582142120000015,45.063751002375255,60.19630819602085,,
2017-09-273,Tasikmalaya,36.24286281121521,56.40690649999999,42.37607912576285,80.67324295657158,,
2017-09-273,Ciamis,38.23344938826489,65.14336562000005,45.12125018974333,68.39245153804458,,
2017-09-273,Kota Banjar,43.17552946637596,56.690602160000026,48.186288833652014,49.529868295228724,,
2017-09-273,Cirebon,45.13268260337078,66.01837874,51.622290583892436,22.740112274193226,,
2017-09-273,Garut,36.03134589018951,63.20193026000004,46.62342054898165,59.65745836542191,,
2017-09-273,Indramayu,43.43450962220273,92.01925688000006,52.741395158580644,25.15629274047321,,
2017-09-273,Kota Bandung,37.31340517534885,39.11172529999999,39.11172529999999,99.9808008654281,,
2017-09-273,Kota Cirebon,47.675171112906746,55.42251673999999,51.80935246412375,12.253276086301499,,
2017-09-273,Kuningan,40.766531158170636,57.43231250000002,47.87372996518039,47.22685431863693,,
2017-09-273,Majalengka,44.28848313894166,93.88207778000003,53.240363707040736,58.97303316848751,,
2017-09-273,Subang,38.534243106044066,84.16806494000002,47.24448095774784,25.44302471202763,,
2017-09-273,Sumedang,38.30693018199742,60.98021726000002,46.870920968493316,37.99466874250979,,
2017-11-305,Bandung,30.12646450678567,71.03945012000003,39.24935797250403,4.950736633633163,,
2017-11-305,Kota Tasikmalaya,30.7044645941492,43.274873660000026,37.18650203019289,5.769769605366354,,
2017-11-305,Tasikmalaya,26.795224411712955,46.880884760000015,31.872220310309075,9.217530342516405,,
2017-11-305,Ciamis,22.48014900830528,51.074795300000005,30.12369277789106,19.433274448982228,,
2017-11-305,Kota Banjar,23.35566448698984,39.41934709999998,30.62214039532874,40.977516834808654,,
2017-11-305,Cirebon,19.457473763069203,31.80399854000001,26.624718387607658,95.13436134110465,,
2017-11-305,Garut,28.073428350041628,69.10143277999998,36.24325586702859,0.44169722529625327,,
2017-11-305,Indramayu,20.9101973103968,45.79737241999999,30.126557871115704,97.14469751021379,,
2017-11-305,Kota Bandung,33.590531965436256,48.59331278000002,41.3739043381443,0.43550709793774983,,
2017-11-305,Kuningan,18.171956623036436,38.56826011999999,28.247275137708144,32.59732456825854,,
2017-11-305,Majalengka,22.683227636376348,49.86139820000005,38.24846442252439,44.940058357932486,,
2017-11-305,Subang,9.046130304918051,11.254862300000013,10.892552180000052,99.99986685213608,,
2017-11-305,Sumedang,26.933238659512284,53.68274456000006,37.24247017763823,34.721248456175296,,
2017-11-321,Bandung,35.82306474424725,67.37533268000004,43.878578841799346,47.24203292409824,,
2017-11-321,Kota Tasikmalaya,33.222767687254546,49.20172034000001,42.369054936878406,60.455056109291974,,
2017-11-321,Tasikmalaya,32.10159649777951,52.75304312000003,39.37240001166769,71.34244071952128,,
2017-11-321,Ciamis,33.537295764271775,67.69320854,41.747518859050686,60.69338738188369,,
2017-11-321,Kota Banjar,37.49411906651761,49.37262134000002,43.37121471296381,60.02544951294823,,
2017-11-321,Cirebon,38.25754131424285,58.59102128000001,45.233615157921335,45.9667420465616,,
2017-11-321,Garut,33.771105913166146,68.64341810000002,43.744767476634294,73.38228984862101,,
2017-11-321,Indramayu,42.902187815901684,86.42395814000002,48.7373514579052,30.771957660309457,,
2017-11-321,Kota Bandung,44.27291802792685,57.39813230000004,50.434417045785565,1.1984993227602723,,
2017-11-321,Kota Cirebon,43.31675595611384,55.757482700000025,49.562306526361766,2.3353047765122183,,
2017-11-321,Kuningan,31.464279475411477,51.95664446000001,39.46936094828691,52.723789304186994,,
2017-11-321,Majalengka,36.995885282650185,76.92528056000003,44.737603018530145,51.13686435890812,,
2017-11-321,Subang,39.86859729330182,80.44242314000002,45.11819356497406,9.964670785004435,,
2017-11-321,Sumedang,36.19009477233078,62.361097340000015,43.24313870404774,28.13294923000121,,
2017-12-337,Bandung,30.307744154625986,54.42787292000003,39.12328687097893,8.690823989662283,,
2017-12-337,Kota Tasikmalaya,35.731295009536964,50.14851188,44.31319069648436,4.6623804847559995,,
2017-12-337,Tasikmalaya,30.639034537404044,51.037197080000055,35.73815781335748,6.113859809238516,,
2017-12-337,Ciamis,30.553634837433126,61.24340480000001,37.74250243447687,7.168791226504739,,
2017-12-337,Kota Banjar,37.49887143424644,52.14805358000001,44.189419373956085,0.0,,
2017-12-337,Cirebon,32.84368653879216,50.18952811999998,39.240354635382545,22.155864485016284,,
2017-12-337,Garut,29.509060941201348,60.05735186000004,36.24021730188354,9.709296232592674,,
2017-12-337,Indramayu,29.053248261968463,73.15862252,39.43458561739486,51.4886023814508,,
2017-12-337,Kota Bandung,38.06027988912683,50.25105248,43.87453966362369,0.09403024339889823,,
2017-12-337,Kota Cirebon,38.00136805290807,48.69927140000004,43.939034228889184,34.54655721615094,,
2017-12-337,Kuningan,30.414184416947492,45.684577760000025,36.120951536376126,20.40664716753916,,
2017-12-337,Majalengka,32.024576016580475,71.65469372000001,39.24072868844243,4.020077364295227,,
2017-12-337,Subang,28.653275541100445,55.40884466,35.4571855396511,36.9025461831881,,
2017-12-337,Sumedang,29.731992543181825,55.22085356000002,37.739276874572276,11.755044065602293,,
2017-12-353,Bandung,16.602788924033163,26.454797240000005,24.684690132500016,99.88870324962276,,
2017-12-353,Kota Tasikmalaya,30.065387307554836,43.08688256000005,37.74098456621341,72.13949518555391,,
2017-12-353,Tasikmalaya,24.79282251898657,42.15034508000002,33.415074445255485,91.7907738423488,,
2017-12-353,Ciamis,28.39905436291496,51.71738306000003,35.46891738597035,64.50377837354708,,
2017-12-353,Kota Banjar,19.678178696289265,34.76400386,28.581115765166967,96.83627083510139,,
2017-12-353,Cirebon,23.172819560926502,25.056827060000046,24.903016159999993,99.99689596806223,,
2017-12-353,Garut,25.312650649570813,53.34777860000003,33.7465916868722,84.90256658325485,,
2017-12-353,Indramayu,22.64749072164558,32.69951978000006,30.566675300000043,99.99294008151685,,
2017-12-353,Kuningan,19.903230656803423,31.123812560000033,29.635225956867476,99.94659499995431,,
2017-12-353,Majalengka,24.915037767520023,33.48908240000003,30.68341967200002,99.38255115924134,,
2017-12-353,Sumedang,23.7409653593206,31.83134270000005,28.9417819385366,99.51324350682441,,
2018-01-04,Bandung,28.696824630763302,57.79462262000004,38.8720785959273,86.00518472658362,,
2018-01-04,Kota Tasikmalaya,30.481252999860786,47.38675172000001,37.8687190785309,26.602222625216065,,
2018-01-04,Tasikmalaya,28.231977225025823,49.502506100000005,35.739101633842644,67.84073250651032,,
2018-01-04,Ciamis,27.4595369166556,42.83053106,33.871003469949265,84.63085620086913,,
2018-01-04,Cirebon,28.26390225868895,44.68309790000001,36.247431360479695,76.53131929672291,,
2018-01-04,Garut,28.533552722471892,45.61279934000004,37.3762064570135,87.41817940595428,,
2018-01-04,Indramayu,27.91883438309956,58.12958858000002,34.87623293308338,91.82694684379383,,
2018-01-04,Kota Bandung,25.491469346338683,30.29323370000003,28.711933356363673,94.13923864052495,,
2018-01-04,Kota Cirebon,26.785876871649453,37.17370796,33.11594855000002,65.48966121999003,,
2018-01-04,Kuningan,27.851646493165173,49.16070410000003,37.245831230947864,54.47339711163488,,
2018-01-04,Majalengka,28.830212524408623,45.65039755999999,36.11955776355936,82.08927007257434,,
2018-01-04,Subang,32.218811540735075,62.672137160000034,39.624785755212336,66.31864662645746,,
2018-01-04,Sumedang,28.882843359254803,45.041990000000055,36.12139744897208,57.99087626118581,,
2018-02-52,Bandung,31.968874854331446,55.026026419999994,38.37198057698227,48.048425758902084,,
2018-02-52,Kota Tasikmalaya,35.346106896095165,47.95414304000002,41.066155158942706,26.135231814616773,,
2018-02-52,Tasikmalaya,32.6304458463348,52.301864480000006,36.73855017071243,49.661032108265346,,
2018-02-52,Ciamis,32.14388052907778,64.10770556,36.62251301030457,54.42748163358843,,
2018-02-52,Kota Banjar,33.91942687420171,50.10065960000003,38.185288696598285,41.06997279567081,,
2018-02-52,Cirebon,34.06024917221447,48.15238820000002,38.437676309578094,42.851379714931504,,
2018-02-52,Garut,31.60480915844236,63.321560960000056,37.623205063869456,54.97681676279013,,
2018-02-52,Indramayu,35.12829625388294,75.35299136000003,39.736165897724504,26.00394141640377,,
2018-02-52,Kota Bandung,38.009666816896896,49.79303779999998,42.56444812058642,20.555911084266693,,
2018-02-52,Kota Cirebon,36.65368758579918,45.00780980000002,40.93781262401325,64.96933321572948,,
2018-02-52,Kuningan,29.667025099243894,40.082442979999996,33.619634483286575,80.4889538086343,,
2018-02-52,Majalengka,33.717362175072125,68.44517294000002,38.120588666467626,54.34832142827144,,
2018-02-52,Subang,33.46479422748019,72.46134644000006,37.73763473524143,60.039654580421406,,
2018-02-52,Sumedang,32.34093464385799,52.28135636000002,36.122140184312904,58.472716264559445,,
2018-03-68,Kota Tasikmalaya,36.09133414984344,49.68366116000004,42.86770132560924,22.198999130521756,,
2018-03-68,Tasikmalaya,31.44629760516453,50.695395080000026,36.23905254516703,47.999971652001285,,
2018-03-68,Ciamis,32.83512674029036,67.54281566000003,37.62212530830074,42.06525036122052,,
2018-03-68,Kota Banjar,35.994615129163265,49.55377640000006,40.68565868395181,3.5619829022361493,,
2018-03-68,Cirebon,30.154914387288294,48.340379299999995,38.7412427755906,80.10646492642586,,
2018-03-68,Garut,26.977963290494255,49.94001265999998,32.73966178021623,93.60029688569306,,
2018-03-68,Indramayu,35.00032826032891,72.05802008,40.234052585930705,44.31054259096282,,
2018-03-68,Kuningan,31.586455552509346,46.72707386000002,37.736231010279084,50.85897273879244,,
2018-03-68,Majalengka,26.361700617036078,56.86833920000004,33.737254304356384,92.74368440423211,,
2018-03-68,Subang,33.545424131631044,69.00914624,38.236548985588186,66.39710861542977,,
2018-03-68,Sumedang,26.74031728467703,40.998472340000035,35.742463839714844,94.38211151670392,,
2018-03-84,Bandung,-0.7818265923076633,3.3148018400000296,3.178081040000052,99.99680146584141,,
2018-03-84,Kota Tasikmalaya,18.339369253044143,35.46811597999999,26.123449734208997,66.59755397931735,,
2018-03-84,Tasikmalaya,21.399649766258058,42.36909836000001,29.45833220908348,50.73772309842257,,
2018-03-84,Ciamis,19.052612501245072,38.63320250000004,27.74316803721076,73.65296267448326,,
2018-03-84,Kota Banjar,17.914517196971676,34.93832287999999,26.74722666849878,40.10629401658455,,
2018-03-84,Garut,14.96157268442887,38.558006060000025,24.244210054739632,87.68040037585544,,
2018-03-84,Indramayu,21.258815173780047,56.84099504000005,31.400003059383174,92.66928023971899,,
2018-03-84,Kuningan,12.715671750640258,27.67161236000004,21.737721031007112,96.48588310488509,,
2018-03-84,Majalengka,16.376306243297982,36.58580852,27.47578708025643,92.60309280657285,,
2018-03-84,Subang,26.512190962888578,58.314161660000025,33.44956213221198,56.90355620463586,,
2018-03-84,Sumedang,-4.007665985687438,19.44785624000002,17.536021149873225,99.98567646635792,,
2018-04-100,Bandung,30.56341784088805,55.85660528000005,38.37479309352658,3.9358073116689374,,
2018-04-100,Kota Tasikmalaya,37.20931494922977,50.989344800000026,44.56256252268377,1.0771189588463421,,
2018-04-100,Tasikmalaya,33.33399005720115,54.46888916,37.87028178723678,14.024938203676465,,
2018-04-100,Ciamis,34.6903645307628,67.32064436000002,40.37260885788734,12.39590493381542,,
2018-04-100,Kota Banjar,36.08417332033604,49.300842920000036,41.06534210349998,0.016358682832003396,,
2018-04-100,Cirebon,38.361396966780056,53.38879484000006,45.062293703375204,0.12886577707433772,,
2018-04-100,Garut,32.245505309713685,64.35038498000006,38.37023639790469,7.858885939213756,,
2018-04-100,Indramayu,36.96316782057694,76.53220826,41.87162386836124,6.539800003661276,,
2018-04-100,Kota Bandung,35.413115768649675,44.79931058,40.684570759140286,3.358783665552894,,
2018-04-100,Kota Cirebon,43.82111964756945,53.96985824000001,49.81079884931818,0.02264268889774206,,
2018-04-100,Kuningan,34.63035158629093,53.53235168000003,42.124439750585616,1.1762636925709173,,
2018-04-100,Majalengka,35.55408340843072,70.95741764000002,42.12113310517798,3.630443285251444,,
2018-04-100,Subang,35.47931082089321,78.34717688,42.23629254582249,1.595674822370043,,
2018-04-100,Sumedang,31.725145752890313,52.612904300000025,37.622464560452876,2.02130273909576,,
2018-04-116,Bandung,20.58684032748297,39.06387302000002,28.123405881904766,91.6755119261254,,
2018-04-116,Kota Tasikmalaya,23.885514126912977,34.26497294000001,30.18308524903227,89.10008656764418,,
2018-04-116,Tasikmalaya,17.899165674672854,39.24161006000003,29.24666998315345,70.87116781191146,,
2018-04-116,Ciamis,23.745571644175428,49.35894926000003,36.47183110932187,71.05641810877543,,
2018-04-116,Kota Banjar,11.485722440755202,19.87510874000003,18.940280270000017,99.76836960465847,,
2018-04-116,Cirebon,32.32682079572103,49.39654747999998,39.869968120809844,83.5380304103575,,
2018-04-116,Garut,24.03200924832388,52.41124112,32.461722553352615,59.742870219824084,,
2018-04-116,Indramayu,29.316079811444986,66.26105816,33.73288725590764,91.92521477248465,,
2018-04-116,Kota Cirebon,23.663268396205204,25.685742740000023,25.39521104000005,99.93479497563173,,
2018-04-116,Kuningan,30.74682033701184,46.92190100000005,38.12242599849646,83.02081775434263,,
2018-04-116,Majalengka,27.885740102105906,48.682181300000025,34.117369547425575,94.97776685334264,,
2018-04-116,Subang,25.090028865779168,34.65804523999998,30.61744921268156,96.38111289388488,,
2018-04-116,Sumedang,27.173304354249492,35.89195046000003,31.309323135830027,90.96802803873771,,
2018-05-132,Bandung,21.60692641467871,49.07867162000002,28.624461703243217,35.79171496494711,,
2018-05-132,Kota Tasikmalaya,25.224692705042063,34.60677494000004,31.81160639096771,67.84593012314497,,
2018-05-132,Tasikmalaya,24.410121941315598,40.30461428000001,30.123470675337828,63.646167292924815,,
2018-05-132,Ciamis,22.6312570106704,56.823904940000034,30.873172944698414,54.10966654062306,,
2018-05-132,Kota Banjar,22.026517807777843,33.93342500000006,27.940052285256744,59.86784483040891,,
2018-05-132,Cirebon,37.564996753054686,50.11433168000002,42.93714925038418,0.0,,
2018-05-132,Garut,25.284627889030414,52.438585279999984,31.872203773437086,38.42709702178547,,
2018-05-132,Indramayu,33.83594241019966,75.11372996,40.12300574810177,0.17397293766675884,,
2018-05-132,Kota Bandung,26.201659033458064,33.71808973999998,31.059172924730714,47.32062960605564,,
2018-05-132,Kota Cirebon,42.850395959516625,51.040615100000025,47.30941310992934,0.0,,
2018-05-132,Kuningan,30.347370080040317,51.21493412000001,37.623049978076914,6.299295489220421,,
2018-05-132,Majalengka,27.910870136508372,66.50373758,36.874924654068856,7.62856027494197,,
2018-05-132,Subang,27.834751126370467,68.09311688000003,33.6226107010307,0.587442877368864,,
2018-05-132,Sumedang,20.508351942759095,37.758189379999976,27.620352571408464,36.69457330164964,,
2018-05-148,Bandung,17.213460462502006,40.40031884000001,29.875390564362135,38.70155610299925,,
2018-05-148,Tasikmalaya,13.252890681524681,26.72482081999999,20.872545768330678,73.87514302358463,,
2018-05-148,Ciamis,6.9501275433505265,30.006120020000026,14.244682319552961,97.85964238500917,,
2018-05-148,Kota Banjar,4.674184388610214,12.280268299999989,9.43016546923079,93.25443565551336,,
2018-05-148,Cirebon,20.998952088536974,37.15319984000001,29.237940566749444,34.13920953543047,,
2018-05-148,Garut,10.551669282957036,33.78303212000003,20.37308869477039,69.5021452566943,,
2018-05-148,Indramayu,22.434710980728664,61.33910936000001,29.738832997577365,39.35526756917588,,
2018-05-148,Kota Bandung,27.055853426097993,37.495001839999986,34.1248794919469,15.72628537523312,,
2018-05-148,Kota Cirebon,24.53739093550927,37.38904322000002,34.86728521793695,65.7350310120976,,
2018-05-148,Kuningan,16.085098357326178,35.27670685999999,26.736511855228922,82.25990523483078,,
2018-05-148,Majalengka,21.37057989178045,59.712131839999984,29.7331847010423,56.740881232128174,,
2018-05-148,Subang,17.29198890769183,56.75212652000005,30.74305621104656,47.64026574695457,,
2018-05-148,Sumedang,16.082011707443,37.51550996000003,28.244048201791625,49.176110254330865,,
2018-06-164,Bandung,26.345789406422178,47.60892302000002,33.37301467114881,34.73823319329207,,
2018-06-164,Kota Tasikmalaya,27.610524909682457,34.38460364000002,31.062288200000022,92.05624729832537,,
2018-06-164,Tasikmalaya,25.506766977087402,33.79670420000002,29.062784274677032,93.98545795810838,,
2018-06-164,Ciamis,26.64735555876111,42.87154730000003,30.31167142872053,82.46266347118372,,
2018-06-164,Kota Banjar,28.958935424052328,42.87154730000003,33.18559443682522,64.02684748535367,,
2018-06-164,Cirebon,33.09505532396796,48.44633792000002,39.562040896101244,1.7182103609911699,,
2018-06-164,Garut,24.26550455788284,41.42572484000004,30.31130116773659,62.56369674424679,,
2018-06-164,Indramayu,33.414209826879684,71.51455490000001,38.37287797560064,11.315736857754459,,
2018-06-164,Kota Bandung,28.93258048319608,36.51744812000004,32.782324070967775,27.7835234089605,,
2018-06-164,Kota Cirebon,39.781063728080824,48.1352981,43.05858988141291,0.0,,
2018-06-164,Kuningan,30.096982964518258,44.59422938,35.43637634023835,13.238871672524011,,
2018-06-164,Majalengka,30.47975964307245,71.88711908000005,36.37044716726523,18.40284830681607,,
2018-06-164,Subang,27.668400520563672,62.853292220000014,33.119265572323854,45.602579022044445,,
2018-06-164,Sumedang,28.31769619126641,45.00780980000002,33.62206760412073,10.860443774887205,,
2018-06-180,Bandung,28.64247556513003,50.19636416000003,35.871930424613126,10.122908568768366,,
2018-06-180,Kota Tasikmalaya,29.664813282619015,37.590706400000045,33.30990889412919,85.40694130318333,,
2018-06-180,Tasikmalaya,26.826620278969884,40.80022717999998,29.810792054707175,86.92872493272107,,
2018-06-180,Ciamis,28.389901648996993,58.38594008000001,33.120455443424895,76.25914110391703,,
2018-06-180,Kota Banjar,31.899132561893595,43.38083228000005,37.81598499090912,58.20748663673362,,
2018-06-180,Cirebon,37.51039209193888,51.78232544000002,43.18649875786262,3.2986655420417796,,
2018-06-180,Garut,27.782910277631128,55.83267913999998,33.37510080965574,41.85421347839931,,
2018-06-180,Indramayu,35.13331283840901,74.06781583999998,40.23254848711672,16.820023875807717,,
2018-06-180,Kota Bandung,35.94275274804904,42.76217066000004,39.31068357208637,1.2854548499790839,,
2018-06-180,Kota Cirebon,41.8069146996134,51.78232544000002,46.432574337120954,47.87017639197283,,
2018-06-180,Kuningan,31.914676069505358,46.83986851999998,37.37165831500794,11.918376976110286,,
2018-06-180,Majalengka,34.518996358960685,75.95456288000003,41.234316772113935,39.58894815983702,,
2018-06-180,Subang,34.11121214503641,70.99843388,38.87173709273373,0.25976784935632324,,
2018-06-180,Sumedang,31.56977944714463,47.31497330000002,37.37401071791519,10.537057989802472,,
2018-07-196,Bandung,28.786465482698098,49.317933020000055,35.37242460163484,20.8659364037403,,
2018-07-196,Kota Tasikmalaya,29.89180906051019,40.64641628000004,35.55995141076145,80.53685321860932,,
2018-07-196,Tasikmalaya,27.27992958434095,39.94572218000002,31.18597734024896,66.10723874065869,,
2018-07-196,Ciamis,27.22066533815984,57.15887090000001,32.623741752142344,57.17329000727067,,
2018-07-196,Kota Banjar,29.85406170513603,39.22451996000001,34.0646186831105,61.562935822240895,,
2018-07-196,Cirebon,35.56434886202377,48.72319754,41.06336647879908,0.013746030211632811,,
2018-07-196,Garut,28.271419322623608,58.79952050000003,34.87302280462375,26.031540291561868,,
2018-07-196,Indramayu,34.69490045306796,73.65765343999999,40.120687300733934,5.792398275618239E-4,,
2018-07-196,Kota Bandung,33.9838591015343,41.48724920000001,37.56374091276972,1.069566823334689,,
2018-07-196,Kota Cirebon,39.24935933158998,45.43848032000005,41.80859577880781,0.02012683457577071,,
2018-07-196,Kuningan,31.02515309259997,46.28273125999999,37.87227278123741,18.407517775621603,,
2018-07-196,Majalengka,32.82220448703506,74.50874041999998,39.619943069333324,8.405691192777729,,
2018-07-196,Subang,32.79565206413314,74.15668435999999,38.37262662671262,3.994505831542458,,
2018-07-196,Sumedang,30.586099612651157,46.28614928000002,36.93697112678009,3.8460923935150237,,
2018-07-212,Bandung,30.00818754698477,50.92440241999998,38.12440027145802,0.9138703933823165,,
2018-07-212,Kota Tasikmalaya,34.045414917429575,43.14157088000002,39.814495635289255,73.0269120062898,,
2018-07-212,Tasikmalaya,29.23811484058831,49.06499954000003,33.374153233648705,83.88491554009609,,
2018-07-212,Ciamis,29.560545143273412,57.79462262000004,35.12626023241128,86.80925029997854,,
2018-07-212,Kota Banjar,31.261906451348707,41.02239847999999,35.312858994615404,86.26856172562724,,
2018-07-212,Cirebon,37.75951608933637,55.285795940000014,43.62330935785569,1.2193764169678305,,
2018-07-212,Garut,29.865018639769364,60.084696020000024,37.12403265541884,8.412148821616013,,
2018-07-212,Indramayu,36.32733312610292,81.00639644,43.23343998967905,1.4287779929599105,,
2018-07-212,Kota Bandung,36.10395206992566,45.91358509999998,40.18696491826054,0.08907272907410088,,
2018-07-212,Kota Cirebon,40.78863157071386,51.990824660000044,44.434524615056375,0.5272737354082911,,
2018-07-212,Kuningan,32.60727062679379,50.466387740000016,40.1235841142013,19.602908365119575,,
2018-07-212,Majalengka,36.831098860640935,84.6055715,44.73319566667858,10.040150361703024,,
2018-07-212,Subang,34.3500174089016,76.62449479999998,40.87067576093537,1.6312814644028044,,
2018-07-212,Sumedang,32.78495300326652,52.03525892000005,40.37470812999684,3.854589823338012,,
2018-08-228,Bandung,30.414046852230225,52.65392054000006,39.124394062066386,1.3135049305536908,,
2018-08-228,Kota Tasikmalaya,32.36160742784717,42.61861382000001,39.0598388762232,33.996525888744024,,
2018-08-228,Tasikmalaya,29.506098048217734,51.631932559999996,34.621766626866375,32.17988800111735,,
2018-08-228,Ciamis,30.385318272010895,60.02658968000003,36.624460705739736,11.735396443818356,,
2018-08-228,Kota Banjar,34.992293334552265,51.238860260000024,40.43755715284876,2.913556256026748,,
2018-08-228,Cirebon,38.25144215264075,53.40930295999999,44.43548664674508,0.07117704654900352,,
2018-08-228,Garut,29.9503389188296,62.57985062,38.37340061663638,7.910973118326625,,
2018-08-228,Indramayu,38.2858959465683,85.19347094,45.369270562656645,0.03147985049423546,,
2018-08-228,Kota Bandung,37.93873444101112,47.174834480000015,42.1879065470967,0.625381179286965,,
2018-08-228,Kota Cirebon,42.67106702830524,51.29013056000002,45.68935523676608,0.01509512593182803,,
2018-08-228,Kuningan,33.28720344144481,51.03036104,41.62041397285852,4.840234481199546,,
2018-08-228,Majalengka,36.64304174169178,85.25157727999999,44.73496954784768,6.975361041593153,,
2018-08-228,Subang,36.109872222139884,82.09674482000003,43.74059891234544,2.601279398159388,,
2018-08-228,Sumedang,33.91343724319277,58.35175988000003,41.87372172308711,0.1446841067669381,,
2018-09-244,Bandung,32.982234169205,55.42593476000002,40.87326180434172,55.60696829696244,,
2018-09-244,Kota Tasikmalaya,32.81358570101957,40.55412974000001,37.40117719100001,96.61522411971502,,
2018-09-244,Tasikmalaya,29.717376661297404,41.96235397999999,36.68558771110936,95.98014704961307,,
2018-09-244,Ciamis,30.345219092350042,41.183045419999985,36.43610822358177,97.13798558112022,,
2018-09-244,Cirebon,40.30141939793561,60.13254830000005,47.738041479801225,27.47304792373851,,
2018-09-244,Garut,33.32133778464599,53.942514080000024,41.37313842516285,66.34972263808186,,
2018-09-244,Indramayu,38.08617589761941,84.52695704000001,46.24629078096024,55.65522496687275,,
2018-09-244,Kota Bandung,34.40673387792641,39.76114910000001,37.8985911246154,87.1702484088529,,
2018-09-244,Kota Cirebon,46.13141476582553,55.48745912000004,49.43767617493175,0.2625663963553853,,
2018-09-244,Kuningan,33.13379705123682,53.07775502000004,41.12626105945627,70.83026842956632,,
2018-09-244,Majalengka,40.11098919166327,81.23882179999998,48.73720858316547,16.28543858191037,,
2018-09-244,Subang,28.558338235226824,48.46001000000001,36.36838967246577,93.39236086647065,,
2018-09-244,Sumedang,36.53567718665249,55.40542664000003,45.87417583616969,41.07475902712427,,
2018-09-260,Bandung,34.265244006902684,54.53383154000005,43.62426013395991,24.358126425651797,,
2018-09-260,Kota Tasikmalaya,34.47883287483206,46.72023782000002,41.12211549826089,69.04248581822779,,
2018-09-260,Tasikmalaya,31.339227521897893,52.25743022000006,36.62279575656348,71.16917380838255,,
2018-09-260,Ciamis,32.52239677547308,63.05495540000004,39.122736165110986,63.206110479683886,,
2018-09-260,Kota Banjar,37.28023587371562,49.04790944000001,43.06213243303574,52.204283061345656,,
2018-09-260,Cirebon,43.00541963646634,64.70927707999999,51.12370102860402,0.3308935556629235,,
2018-09-260,Garut,33.74425966484648,56.22233342000004,43.874371243239224,41.06035837005782,,
2018-09-260,Indramayu,42.68701942691215,92.74729514,53.24270874827464,0.8144851767942854,,
2018-09-260,Kota Bandung,37.485532501739314,45.865732820000005,42.68686900251552,10.973909922489385,,
2018-09-260,Kota Cirebon,46.50797519643151,58.90889714000002,50.807017842678576,0.022642688897742045,,
2018-09-260,Kuningan,38.374522323372524,58.18085888000002,48.374646335904885,7.70550767883765,,
2018-09-260,Majalengka,41.95847348068299,94.14868334000005,52.74064459915133,3.579678086840316,,
2018-09-260,Subang,40.02305731490324,92.14572362000001,50.23914147981797,0.2727371297704799,,
2018-09-260,Sumedang,38.73591970133379,61.70141948000003,48.62220488676214,1.8109880675805239,,
2018-10-276,Bandung,36.64171234036624,60.20774474000001,44.87328719390801,26.48337239362731,,
2018-10-276,Kota Tasikmalaya,34.21315806856423,47.76273392000002,41.6869630404688,58.16123024142003,,
2018-10-276,Tasikmalaya,31.521425318858142,51.269622440000035,37.37388475361972,50.2509648490674,,
2018-10-276,Ciamis,31.756189474425533,60.45384218000004,38.8737413783477,61.51557692425889,,
2018-10-276,Kota Banjar,36.09616572823122,51.12606560000006,42.80898611638081,62.51484276485798,,
2018-10-276,Cirebon,43.567644566235046,99.84994070000005,51.24337193509795,4.575664350707583,,
2018-10-276,Garut,35.27477785116479,65.98419854000002,45.121288515081666,12.11572922785467,,
2018-10-276,Indramayu,40.58174297960257,89.42156168000002,49.75414940302475,2.0333886251949402,,
2018-10-276,Kota Bandung,41.39173082241342,51.10213945999999,45.55692271119535,0.015050634635093789,,
2018-10-276,Kota Cirebon,49.13493596156725,61.37328955999999,53.18474565718503,0.0,,
2018-10-276,Kuningan,39.30566144143917,61.44164996000001,51.62341147731375,6.884985294895365,,
2018-10-276,Majalengka,40.382621152399366,86.16418862,50.2390300909334,8.25368786745895,,
2018-10-276,Subang,32.1743061833283,78.28907054000001,40.62397224108149,27.11236849396076,,
2018-10-276,Sumedang,32.89118965371215,55.68912230000001,43.37344678941465,14.709293768476428,,
2018-10-292,Bandung,29.84684398754669,54.332168360000026,38.87662058836936,87.19100730697198,,
2018-10-292,Kota Tasikmalaya,25.707782922018822,33.530098640000006,30.401755835000017,99.36154366419511,,
2018-10-292,Tasikmalaya,22.250328126704336,33.52326260000001,27.061669466190835,94.49120305400017,,
2018-10-292,Ciamis,27.468686427250905,57.005060000000014,40.12387678572752,95.24307045297068,,
2018-10-292,Cirebon,33.9473971619583,48.32328919999998,40.87101715938337,55.03650976466559,,
2018-10-292,Garut,31.169284285440195,73.62347324000001,41.243520262859036,66.86772119251656,,
2018-10-292,Indramayu,33.813105068417805,80.40140689999998,42.743706915688804,63.818958301022846,,
2018-10-292,Kota Bandung,31.983873964234057,39.65519047999999,37.56934377500003,86.07900621708023,,
2018-10-292,Kota Cirebon,30.637263936569628,38.592186260000005,35.94257785993694,81.22368589035884,,
2018-10-292,Kuningan,32.774524747100756,51.874611980000054,41.12303625488536,81.90782090944008,,
2018-10-292,Majalengka,31.101996357386472,73.36712174000002,40.371116622724664,89.25458490903976,,
2018-10-292,Subang,26.524031051531107,41.11810304000005,31.87711597814436,98.31483926492987,,
2018-10-292,Sumedang,25.209007911666337,40.97454620000002,33.19033060260565,93.61762995998745,,
2018-11-308,Cirebon,23.271493947746666,40.509695480000005,31.37075615364501,49.96521726771756,,
2018-11-308,Indramayu,24.235445789919478,70.67372197999998,36.238826691256214,78.36250852635499,,
2018-11-308,Kota Cirebon,23.208335555102053,36.85241408000002,29.304154394256454,28.663315746031692,,
2018-11-308,Kuningan,19.16635224602996,35.74839362,27.624616632235345,89.31431602830284,,
2018-11-308,Majalengka,24.112570096378654,60.25901504000001,34.74334364964316,83.36171400933686,,
2018-11-308,Subang,20.645959520113863,58.86104485999999,32.12797457475028,53.99693894362474,,
2018-11-308,Sumedang,15.93374075396596,34.22737472000006,24.123478088629813,83.85137146085368,,
2018-11-324,Bandung,35.79530244212211,60.296613260000015,43.87401949964031,32.13141412692542,,
2018-11-324,Kota Tasikmalaya,36.81492938130494,50.107495640000025,44.125745593022266,48.72929875645974,,
2018-11-324,Tasikmalaya,32.91082882819365,52.22325002000002,38.8731866641518,49.503882604555024,,
2018-11-324,Ciamis,34.32577924285926,60.006081559999984,40.37206484059225,46.59747158672338,,
2018-11-324,Kota Banjar,38.85015703591172,51.52597394000003,45.68397061171054,16.323746886804976,,
2018-11-324,Cirebon,41.75332247804252,56.07535856000004,49.375133010139436,55.394069444984915,,
2018-11-324,Garut,35.86321050843036,62.67555518000006,45.12201232928657,56.32154477501119,,
2018-11-324,Indramayu,38.99843099972677,76.93553462,47.62438713859034,81.10236178417833,,
2018-11-324,Kota Bandung,42.58988506042795,53.12902531999998,48.182533028370145,7.243178051071821,,
2018-11-324,Kota Cirebon,43.60151566666403,53.152951460000054,47.11541990852926,54.653748396019495,,
2018-11-324,Kuningan,36.52662344233598,54.37318460000006,43.37031181780264,40.67572298380732,,
2018-11-324,Majalengka,39.09433293139163,75.16158224000003,46.87402558226296,36.280268704669226,,
2018-11-324,Subang,30.23205380163984,71.65469372000001,37.37166551967344,73.3793006662823,,
2018-11-324,Sumedang,33.2903218193172,61.35961748,40.37554089292712,22.816942323492412,,
2018-12-340,Bandung,28.304812173052067,50.85262399999999,35.37245497809929,65.84522688811947,,
2018-12-340,Kota Tasikmalaya,14.645175490712344,21.38587358000001,19.068456020000013,99.7965702180691,,
2018-12-340,Tasikmalaya,22.03950382033761,36.2918588,29.624967236871928,95.95587176862205,,
2018-12-340,Ciamis,23.757552757187096,39.82609148000006,31.122106108219512,83.85440678068946,,
2018-12-340,Kota Banjar,18.225097485687858,35.676615200000015,27.3784187316279,86.17483876874176,,
2018-12-340,Cirebon,37.264679821370144,55.93521973999998,46.12651866779685,22.364049965543384,,
2018-12-340,Garut,27.021309189478597,42.49898312000005,34.37013705656177,93.51681553064678,,
2018-12-340,Indramayu,33.259958444337265,75.77340781999999,42.24729074237188,26.166315730563394,,
2018-12-340,Kota Bandung,33.31077034758157,44.28660758000001,39.188511516744185,36.91481250268998,,
2018-12-340,Kota Cirebon,43.72312562775529,57.40838636000001,50.62065910167575,28.06149379393001,,
2018-12-340,Kuningan,29.219164842437607,48.79155794000002,38.625125299865076,51.325917467423444,,
2018-12-340,Majalengka,34.87761301478005,70.12000274000002,42.74290268068644,42.00457299712658,,
2018-12-340,Subang,30.152180790660193,64.50419588,36.36916318626889,30.870035956216856,,
2018-12-340,Sumedang,27.96119090189912,53.166623540000046,34.87278652421129,45.934677494821706,,
2019-01-07,Bandung,35.41183037137031,57.55194319999998,42.3757218379552,59.900381147653114,,
2019-01-07,Kota Tasikmalaya,36.044813766666024,48.35063336000002,41.81158069842882,41.81503265961122,,
2019-01-07,Tasikmalaya,31.263973693627232,47.94388898,37.74203973505476,77.23628656933639,,
2019-01-07,Ciamis,32.74373932717096,59.84201660000002,37.73991616137244,58.74757069402726,,
2019-01-07,Kota Banjar,35.221535839045224,50.681723000000034,39.813797721136254,26.807318372177384,,
2019-01-07,Cirebon,37.59847562132041,50.517658040000015,42.62456157924037,29.51221664585525,,
2019-01-07,Garut,34.198016296757395,54.21595567999998,40.87319830802198,71.60415400076161,,
2019-01-07,Indramayu,36.923735632249866,76.12204586000001,42.374515513489456,41.54477420275996,,
2019-01-07,Kota Bandung,38.764535281996935,49.437563720000014,45.18880588232562,66.43082886676531,,
2019-01-07,Kota Cirebon,42.56214698231328,50.175856039999985,47.193805071252974,33.14560127043737,,
2019-01-07,Kuningan,33.88096591171873,49.63580888000001,39.87232143015704,43.705891882949366,,
2019-01-07,Majalengka,35.08330247772808,68.88609752000002,39.87064271598658,41.44319351248862,,
2019-01-07,Subang,36.00212787597407,76.17673418000004,41.24061399331427,41.37457082664397,,
2019-01-07,Sumedang,33.46038444004852,54.37318460000006,38.87378262803892,33.51392504027805,,
2019-02-39,Bandung,34.70530520479465,59.04561794000006,42.872511251799914,39.487330918452926,,
2019-02-39,Kota Tasikmalaya,31.920246683551944,46.22120690000003,38.87326386405092,47.15334182661917,,
2019-02-39,Tasikmalaya,29.734332988874147,49.847726120000004,35.37323929292728,63.03666619445868,,
2019-02-39,Ciamis,28.529338982330447,60.71019368000003,35.2424328797823,55.36916245004425,,
2019-02-39,Kota Banjar,30.34237532485456,42.26313974000004,35.56236642789845,40.97905647554583,,
2019-02-39,Cirebon,16.17404264614723,34.53157850000002,28.613746708868074,97.55933375978205,,
2019-02-39,Garut,32.32306349186044,55.53189338000004,39.12434304732446,61.63745165664082,,
2019-02-39,Indramayu,35.096142290176495,81.69683648,44.239631462085384,66.7123472690111,,
2019-02-39,Kota Bandung,41.29534511639091,53.515261580000015,46.686329152846604,0.763069396829076,,
2019-02-39,Kuningan,23.01414148191174,39.68253464000003,31.245784622066306,66.34228459460036,,
2019-02-39,Majalengka,30.185137633787598,46.27589522000005,36.62534929632571,72.35003284155445,,
2019-02-39,Subang,36.76502488980842,76.18698824,41.73777316619615,36.00939501745435,,
2019-02-39,Sumedang,32.280266577608025,61.602296900000056,39.12211565886746,46.29220584696081,,
2019-02-55,Bandung,24.112777539123595,40.36613864000003,30.62273849341252,93.22977881252842,,
2019-02-55,Kota Tasikmalaya,32.18674379204232,43.996075880000035,38.62234648605218,70.1863253536747,,
2019-02-55,Tasikmalaya,29.837427103721385,46.00587164000001,33.730903661402934,54.35680240469348,,
2019-02-55,Ciamis,31.273328384706343,60.01291760000004,36.450802999355325,50.98589113215275,,
2019-02-55,Kota Banjar,31.03403209726412,46.764672080000025,38.623950811044516,50.34260882232851,,
2019-02-55,Cirebon,34.86342992295216,54.024546559999976,43.23787715909614,62.69959112914706,,
2019-02-55,Garut,29.973801873702424,60.01633562000001,37.236901787145726,86.62773791661806,,
2019-02-55,Indramayu,30.06221000458446,42.56734352000001,36.74724433510689,96.14980206729395,,
2019-02-55,Kota Bandung,30.8686688231049,44.89159712000003,36.430218376712354,30.462597630570055,,
2019-02-55,Kota Cirebon,30.217159693104538,45.28125140000003,37.251669342783444,66.52372667679714,,
2019-02-55,Kuningan,32.35499268891172,47.72171767999998,38.238616498017926,55.487140733564125,,
2019-02-55,Majalengka,24.12238984891923,38.64003853999998,32.26186352628058,98.53902058271137,,
2019-02-55,Subang,26.539654662690324,43.64401982000004,31.36693301483871,96.51234318447105,,
2019-02-55,Sumedang,24.67271175629964,34.350423439999986,29.233984969316527,95.92009604473328,,
2019-03-71,Kota Tasikmalaya,-3.536616127178371,10.543914140000027,1.5736066475918546,96.6860096117839,,
2019-03-71,Tasikmalaya,0.410272182110909,26.44796120000001,18.7482790458419,86.54846801227787,,
2019-03-71,Ciamis,-0.4463429527881036,19.18466870000003,9.370526987815682,84.05490566750652,,
2019-03-71,Garut,5.066634782940113,17.345773940000015,12.373016983996749,97.5047751526905,,
2019-03-87,Bandung,23.58036145815276,35.594582720000005,29.06190647813561,93.89753410919062,,
2019-03-87,Kota Tasikmalaya,31.48205439081739,46.884302779999985,38.62701881778028,42.146439606237,,
2019-03-87,Tasikmalaya,28.805259568579846,48.84966428000001,37.12480075630591,68.13458888344228,,
2019-03-87,Ciamis,31.568136979017275,56.51628314000004,37.12500204813064,36.354951917716825,,
2019-03-87,Kota Banjar,33.10451409375911,51.23544224,37.873718275476584,6.881015307530536,,
2019-03-87,Cirebon,31.2724154387262,46.06739600000003,37.872162664668075,92.55313632401175,,
2019-03-87,Garut,29.320958213763134,59.999245520000045,34.6218187421784,65.46886726157152,,
2019-03-87,Indramayu,24.388774082093803,63.80008376000001,35.731435399016625,95.31695822495053,,
2019-03-87,Kota Bandung,18.378089825161737,23.26578458000006,22.09511273000001,96.3992719347165,,
2019-03-87,Kuningan,28.142513480006823,48.897516559999985,37.741503174491974,31.047253150800163,,
2019-03-87,Majalengka,23.95751694783409,38.19227792000004,31.73327756073152,84.18907759765442,,
2019-03-87,Subang,28.68791150676034,71.47353866000003,38.741302657222214,76.31299331219759,,
2019-03-87,Sumedang,16.65952310296762,28.830321140000024,23.37575894410053,99.13577248441648,,
2019-04-103,Bandung,21.05300076584302,51.60458840000001,30.872006445384525,18.815487107416477,,
2019-04-103,Kota Tasikmalaya,31.173738913300667,42.89205542000002,36.06394477493473,9.86358657695871,,
2019-04-103,Tasikmalaya,22.137788172359752,46.668967520000024,33.24156321715042,37.445758272334835,,
2019-04-103,Ciamis,21.08382830580168,43.421848520000026,31.23685885432685,35.38233608968937,,
2019-04-103,Kota Banjar,15.090233704863664,39.91154198000004,26.368099134767597,65.83121020172365,,
2019-04-103,Cirebon,21.101578542461574,41.606879900000024,30.621463751564097,5.585870624448977,,
2019-04-103,Garut,22.743384896349536,50.18611010000001,32.74023488799255,29.771829125660055,,
2019-04-103,Indramayu,18.572790384455704,52.66075658,27.620591408541582,79.45317098658764,,
2019-04-103,Kota Bandung,31.425188632465808,44.864252960000044,37.68581452697988,6.963712593923016,,
2019-04-103,Kota Cirebon,30.41457716938566,42.69381026000002,37.310920393013724,0.0,,
2019-04-103,Kuningan,25.23275839503318,45.40771814000004,33.37498001063579,8.215693751303407,,
2019-04-103,Majalengka,19.08138551568434,44.833490780000034,27.8752975022712,37.18154489900721,,
2019-04-103,Subang,13.249816106593833,40.820735300000024,20.621357454385436,63.93932066261959,,
2019-04-103,Sumedang,18.289040921765736,45.94092926000002,25.872962715374758,16.78417949847031,,
2019-04-119,Bandung,20.72873612113165,31.848432800000012,23.936879576250014,96.56596116749368,,
2019-04-119,Kota Tasikmalaya,26.551990973342907,35.50229618000003,30.179897372278898,95.33344054490851,,
2019-04-119,Tasikmalaya,24.03460432389503,39.573158000000035,29.370924522129407,61.669553728540116,,
2019-04-119,Ciamis,24.63895279645047,50.96883667999998,30.236164104936236,56.11454750554431,,
2019-04-119,Kota Banjar,23.046485856858695,45.82129856000006,29.366109937566353,77.14253905735758,,
2019-04-119,Cirebon,29.16346793760359,41.753854760000024,35.620168362178475,93.72183647602706,,
2019-04-119,Garut,26.537293414311897,48.125044040000034,32.123543130883206,85.68400972876715,,
2019-04-119,Indramayu,27.5844040962933,33.23956694000003,31.065220599672152,99.18807542170399,,
2019-04-119,Kuningan,26.193379794632786,38.43153932000001,32.37110565482184,89.25335869822048,,
2019-04-119,Majalengka,25.162423784766446,37.75477136000001,31.376147886500018,99.30227594014762,,
2019-04-119,Sumedang,22.90131177729242,30.026628140000014,27.933050199285738,99.47708402863023,,
2019-05-135,Bandung,21.524915272811327,41.883739520000006,29.872729877793486,36.979949281338804,,
2019-05-135,Kota Tasikmalaya,22.145710947415747,23.935716500000012,23.508464000000032,99.96548699717486,,
2019-05-135,Tasikmalaya,20.494949634663058,30.73415828000003,24.809798142881256,97.9029067721762,,
2019-05-135,Ciamis,23.90616700799283,46.37159978,29.120037619393504,76.72610124588608,,
2019-05-135,Kota Banjar,24.771307844065152,40.77630104000002,28.18741144146919,47.68544017085731,,
2019-05-135,Cirebon,25.900068135741446,38.294818520000035,31.372466869479826,50.89404872365277,,
2019-05-135,Garut,23.807380180449186,54.60560996000004,29.738515908078995,58.427889571532255,,
2019-05-135,Indramayu,27.713744967731117,62.84645618000002,33.734759080126594,62.53805989138876,,
2019-05-135,Kota Bandung,31.533813053002095,42.90572750000001,35.6878482484445,0.5408524573653638,,
2019-05-135,Kota Cirebon,23.960469875190405,32.214160940000056,27.80714299853092,16.24250349407767,,
2019-05-135,Kuningan,26.359328264984185,40.33879448000005,32.62304553732793,32.51596788303613,,
2019-05-135,Majalengka,25.502672149052195,57.381042200000024,32.122212921549526,26.665818054237068,,
2019-05-135,Subang,28.251383071291457,61.76636186000002,35.87288150237058,2.3485461486811934,,
2019-05-135,Sumedang,23.698920127317948,43.95164162000003,28.872420687012724,12.589913715196383,,
2019-05-151,Bandung,25.399724836707588,61.89282860000003,35.125566013834835,6.587203247247874,,
2019-05-151,Kota Tasikmalaya,11.499671933348464,16.85016103999999,15.694870280000032,99.60038976349962,,
2019-05-151,Tasikmalaya,19.022601980034914,30.782010560000003,25.060063990724352,90.1899416491031,,
2019-05-151,Ciamis,21.802891122525054,30.40602836000005,25.94242955932306,98.9527764644717,,
2019-05-151,Kota Banjar,19.832808589945568,26.659878440000057,24.424493360000024,98.39862661907853,,
2019-05-151,Cirebon,37.98055453489253,51.72080108,45.122116576949104,40.44463588618253,,
2019-05-151,Garut,23.531259532526704,60.098368100000016,31.740368789017154,45.400895790355584,,
2019-05-151,Indramayu,38.32806879715128,77.11327166000001,43.62325508495901,0.005164294921767016,,
2019-05-151,Kota Bandung,35.969353406323584,46.976589320000016,41.06283493751477,0.19012058387851372,,
2019-05-151,Kota Cirebon,42.825935654600016,50.48347783999998,47.11711286153219,0.0,,
2019-05-151,Kuningan,22.897774393241427,42.41695063999998,33.37384008325848,96.69136020262657,,
2019-05-151,Majalengka,33.536398563991476,76.50144608000005,42.740747073070764,47.51240270616381,,
2019-05-151,Subang,36.58342013457246,77.48583584000005,43.243639691006514,0.0,,
2019-05-151,Sumedang,27.343411171019817,47.438022020000005,36.87366972553339,43.660812056928535,,
2019-06-167,Bandung,28.922494184071834,51.97031654,37.86848473952412,82.98466330316712,,
2019-06-167,Kota Tasikmalaya,30.169716257002353,38.325580700000046,34.437385704249905,70.51968187816425,,
2019-06-167,Tasikmalaya,27.04598727288219,39.38516690000006,32.12035146724181,79.71191826395147,,
2019-06-167,Ciamis,28.834304837171754,59.32247756000004,33.6239835840547,73.75837407857053,,
2019-06-167,Kota Banjar,33.46191766171463,44.81298265999999,39.68731050356167,84.36695840096556,,
2019-06-167,Cirebon,37.88228705373088,52.29502844000001,44.12386689716017,43.02689627523532,,
2019-06-167,Garut,28.723423738766083,70.26697760000002,35.243816870298,34.236725438539736,,
2019-06-167,Indramayu,33.201178045453176,56.91619148000001,39.22350504531513,98.26497682768714,,
2019-06-167,Kota Bandung,33.506969070123745,43.490208919999986,38.80795182522492,85.16481974164432,,
2019-06-167,Kota Cirebon,41.2069900576619,50.21345426000005,45.813755834191696,8.241297462578391,,
2019-06-167,Kuningan,32.86612686316077,48.67534526000003,39.622726723063295,33.10862626520135,,
2019-06-167,Majalengka,28.732891839240235,52.98546848000001,34.62031106936597,81.26816903382723,,
2019-06-167,Subang,32.416191148263955,58.35175988000003,37.73679419173456,91.77613689965868,,
2019-06-167,Sumedang,29.850418690419346,43.879863200000045,35.12115256012455,88.87486058415934,,
2019-07-183,Bandung,28.007041690127796,52.70519084,33.87229264670632,20.803066119726825,,
2019-07-183,Kota Tasikmalaya,28.211768223464137,38.00428682000006,33.43614531689409,17.17025768416153,,
2019-07-183,Tasikmalaya,26.857953790556977,46.42287008000005,30.937114231509657,19.16002838769347,,
2019-07-183,Ciamis,27.22574342869124,55.730138539999984,31.623264086896462,11.777369630865255,,
2019-07-183,Kota Banjar,30.884515752230076,46.08106808000002,35.56231698475414,0.004089670708000849,,
2019-07-183,Cirebon,33.835753907768115,45.85206074000001,38.18636047407977,0.045590751286594684,,
2019-07-183,Garut,27.319094436352813,60.96996320000005,33.121685519870816,20.482387276575412,,
2019-07-183,Indramayu,33.80187759844145,75.45894998000006,39.12169002161053,1.816514568223596,,
2019-07-183,Kota Bandung,34.46338935581334,41.880321500000036,37.43634134233251,2.2047429001233456,,
2019-07-183,Kota Cirebon,37.58769993460845,44.51561492000002,40.187066229763786,0.3929863111873033,,
2019-07-183,Kuningan,29.487689933221464,44.04051014000004,35.561888575341996,6.84333393088271,,
2019-07-183,Majalengka,31.506310720713074,76.70994530000002,38.62364852142156,4.831192118263483,,
2019-07-183,Subang,31.334486055334875,68.86900742,36.12124876610909,7.524793324454312,,
2019-07-183,Sumedang,30.10444628698404,49.030819339999994,35.93776414291843,11.693187595158197,,
2019-07-199,Bandung,27.76984168995238,48.189986420000025,34.3702554873255,0.6802786771033034,,
2019-07-199,Kota Tasikmalaya,23.946930508149535,30.385520240000005,27.277075194285732,99.21247699418282,,
2019-07-199,Tasikmalaya,25.379016772972754,39.20401184000002,29.062220021260924,91.35996517524052,,
2019-07-199,Ciamis,25.88449611590424,51.85068583999998,29.620720895957543,87.76049396020326,,
2019-07-199,Kota Banjar,28.16894231106495,44.20115708000003,31.684055064152837,74.47487358440257,,
2019-07-199,Cirebon,34.70755764228728,48.65483714000004,39.936752662677996,0.04802618509522013,,
2019-07-199,Garut,27.739016415504427,54.875633540000024,34.37165916672905,23.783536665751683,,
2019-07-199,Indramayu,34.238612984819554,79.11964940000001,40.374122287315075,0.05707757445259417,,
2019-07-199,Kota Bandung,33.216914544309056,41.85297734000005,36.813117735413925,1.2038345671654114,,
2019-07-199,Kota Cirebon,40.097710602332455,49.78961978000001,42.93574806905843,0.0327061061856274,,
2019-07-199,Kuningan,30.45943937377833,45.38037398000006,37.12236505617621,9.609884887061849,,
2019-07-199,Majalengka,31.965400364344195,78.56934818000002,38.87282697416629,6.683961600253236,,
2019-07-199,Subang,33.24611985223402,74.75825587999998,39.121941910446395,0.026963332567505174,,
2019-07-199,Sumedang,30.56542165940596,45.40088209999999,36.81256886649868,0.055155850983132415,,
2019-08-215,Bandung,29.925264566364515,52.452257359999976,37.37417078067158,5.700676660001502,,
2019-08-215,Kota Tasikmalaya,26.215856549454504,31.513466839999978,29.029135970000016,99.56095567333622,,
2019-08-215,Tasikmalaya,27.153513787287427,36.343129100000056,31.309303100047597,97.33243606398167,,
2019-08-215,Ciamis,29.504268745734112,55.62417992000002,35.37490843103138,82.12217731687159,,
2019-08-215,Kota Banjar,32.00255367030853,56.09244866000006,37.12347818998232,29.233089178210058,,
2019-08-215,Cirebon,36.752503312816785,50.30915881999999,42.18810374644883,1.0815274596273363,,
2019-08-215,Garut,29.54092577246928,58.4064482,36.87309339564975,55.07817518434358,,
2019-08-215,Indramayu,36.91007979097012,82.78376684,44.37162647980541,0.6200776497258912,,
2019-08-215,Kota Bandung,35.843534891923696,44.720696120000014,39.93787659128628,0.5142812338386762,,
2019-08-215,Kota Cirebon,40.223625435384626,47.79691412,42.9402670149688,0.042769523473512754,,
2019-08-215,Kuningan,33.102814893205014,48.08060978000003,40.62355786381463,25.250439610298315,,
2019-08-215,Majalengka,35.72589662948069,81.47808320000001,43.23789889864819,16.0607363495752,,
2019-08-215,Subang,35.593704606789316,78.31299668000003,42.124710919844595,1.783265446886853,,
2019-08-215,Sumedang,33.44117871902815,51.70029296000001,40.87390832470589,2.8312586563065807,,
2019-08-231,Bandung,31.584474286454164,55.8942035,40.12249114336214,0.49613881505612706,,
2019-08-231,Kota Tasikmalaya,31.416547511256315,40.39690082000004,35.81201814942437,65.24654670375737,,
2019-08-231,Tasikmalaya,29.727704581107258,46.95266318000006,34.87287013631819,83.19126491324947,,
2019-08-231,Ciamis,29.505800754056178,54.14417725999999,35.62631704865193,83.42977571030389,,
2019-08-231,Kota Banjar,30.79703783806514,45.62647142000003,35.43788273755945,75.48593641096639,,
2019-08-231,Cirebon,37.22467039713477,50.92098440000001,43.06211100890507,0.038313277728105104,,
2019-08-231,Garut,31.405133847057016,61.03832360000001,39.872669174333076,14.60449369877501,,
2019-08-231,Indramayu,37.25062600400687,81.43706696000004,44.871872131743054,0.02407126959675768,,
2019-08-231,Kota Bandung,38.192506241327045,48.14555216000002,42.56543345000008,0.034564055763730575,,
2019-08-231,Kota Cirebon,39.99345051487087,47.24661290000006,42.56244404793997,0.05283294076139811,,
2019-08-231,Kuningan,33.820628288309734,50.842369940000026,42.12520632494132,14.023615508096936,,
2019-08-231,Majalengka,36.252591196172595,80.36380868000003,43.73771845678132,8.759352838582561,,
2019-08-231,Subang,36.68289980571952,82.69831634000002,44.37315088038854,0.013536505794837847,,
2019-08-231,Sumedang,34.855853204561456,51.85068583999998,42.37378887797149,0.05521246126548987,,
2019-09-247,Bandung,34.55623031718958,57.268247540000004,42.62559454008125,21.664101299725814,,
2019-09-247,Kota Tasikmalaya,31.059194978259434,42.15718112000002,38.69050982233769,93.49029564162137,,
2019-09-247,Tasikmalaya,30.6142807926365,46.617697220000025,35.560858018255416,83.67358318872836,,
2019-09-247,Ciamis,29.795936014525907,48.52153436000003,35.81308986531376,84.37698444294509,,
2019-09-247,Kota Banjar,32.28181966969027,48.28227296,36.6860307637812,78.51527578881522,,
2019-09-247,Cirebon,38.906247911863844,54.83461729999999,44.81084258986018,0.34244206880279743,,
2019-09-247,Garut,32.073332834913906,64.62040855999999,39.62261327313342,11.859031026940107,,
2019-09-247,Indramayu,40.09145905790238,87.07338193999999,47.873695332055455,0.13689802350027241,,
2019-09-247,Kota Bandung,40.13365995358914,51.25936838000001,45.06587420110432,3.549034843486968,,
2019-09-247,Kota Cirebon,42.49944435845598,51.07137727999998,45.43389997244618,0.01509512593182803,,
2019-09-247,Kuningan,35.216451536771395,53.07775502000004,43.62375454348605,7.295479069221604,,
2019-09-247,Majalengka,38.20611385947066,88.1774024,47.24084374378707,11.068029064788243,,
2019-09-247,Subang,38.26722223931051,82.26422780000001,45.234654178770384,4.97757912328615,,
2019-09-247,Sumedang,35.99545539511133,67.92905192,43.87615275785698,4.904518086108885,,
2019-09-263,Bandung,33.153259410721894,62.75758766000001,41.621770684030835,0.0287703988156002,,
2019-09-263,Kota Tasikmalaya,31.971958567961707,43.66452794000003,38.56370567391299,41.34624434430425,,
2019-09-263,Tasikmalaya,27.083747838088808,51.65585870000001,34.12177826230405,62.13361766356478,,
2019-09-263,Ciamis,29.713060724031596,51.65585870000001,35.874109224295815,41.70185693553855,,
2019-09-263,Kota Banjar,31.276379586242488,46.98342536000001,36.43339357545527,14.219720900021562,,
2019-09-263,Cirebon,36.97485843880757,56.427414620000036,43.621540337763584,15.53083329361108,,
2019-09-263,Garut,31.272728519328457,63.59500256000001,39.622672786686586,7.732657201665583,,
2019-09-263,Indramayu,37.920232958829295,85.14903668,44.73963659622246,8.411512099528355,,
2019-09-263,Kota Bandung,38.78387654586484,48.340379299999995,42.93933802999999,0.018276589301744705,,
2019-09-263,Kota Cirebon,40.897053823025765,50.203200200000026,43.93079127349608,14.916825856115604,,
2019-09-263,Kuningan,33.35952991179902,52.23350407999999,43.372379495196334,33.72612278264742,,
2019-09-263,Majalengka,35.84516868190038,83.29305182000002,43.73513071349405,29.656959580182303,,
2019-09-263,Subang,36.10046637114542,79.18800980000003,43.12102394233522,0.04961659816902518,,
2019-09-263,Sumedang,34.10234648809935,52.06602110000006,41.62023749375625,0.31866177024256764,,
2019-10-279,Bandung,37.138673707240976,63.27029066,46.87023592339196,2.8086824330467217,,
2019-10-279,Kota Tasikmalaya,37.37000166024602,51.39608917999999,46.375612999385424,59.30338328556336,,
2019-10-279,Tasikmalaya,33.594695799905445,53.23840196000003,40.6229353605104,68.54386906706158,,
2019-10-279,Ciamis,34.823928475269426,63.64969087999998,41.87375870540354,63.06481176263035,,
2019-10-279,Kota Banjar,38.79682283135772,57.40155032000001,44.37203929967034,53.395617503523255,,
2019-10-279,Cirebon,47.334940877874885,65.30059454000002,54.62426505476379,1.67898883177853,,
2019-10-279,Garut,36.11405387254398,69.36462032000003,45.874109973519985,18.384671488980636,,
2019-10-279,Indramayu,46.097319220381934,92.37814897999999,53.74007881409143,0.3857470425375067,,
2019-10-279,Kota Bandung,44.17389612770087,53.65198238000005,48.43440972775532,0.11728270572301146,,
2019-10-279,Kota Cirebon,52.17544723567134,62.69264528000002,55.81228024630702,0.005031708643942675,,
2019-10-279,Kuningan,41.299550280616515,61.20922460000003,52.37378803607006,5.321289502512061,,
2019-10-279,Majalengka,42.79037000240995,95.26979390000002,52.74256344141485,6.407838608352494,,
2019-10-279,Subang,41.19003554974485,89.88983042000001,50.73560584181212,0.57525693538436,,
2019-10-279,Sumedang,40.41399402720737,61.786869980000006,49.62533101314665,1.2689396323029907,,
2019-10-295,Bandung,36.419970308347736,67.30355426000006,44.87290641436034,0.2789529696175236,,
2019-10-295,Kota Tasikmalaya,36.54761714737198,49.01372924000003,43.18544620470504,49.92638518685795,,
2019-10-295,Tasikmalaya,33.80362399900614,57.52459904,39.373384660944176,45.3492510761253,,
2019-10-295,Ciamis,34.57557350027608,61.74243572,41.873419154671936,34.57148659030535,,
2019-10-295,Kota Banjar,39.411762455135424,57.11101861999998,44.13003617071741,16.576130356249074,,
2019-10-295,Cirebon,44.742953366636314,59.45236232000002,51.4356953224062,0.011243910251944031,,
2019-10-295,Garut,35.64248626880045,69.15270308000004,44.374548140296596,12.15704543977653,,
2019-10-295,Indramayu,41.81447741121077,95.68679234000001,53.2447955167048,3.3239406961061166,,
2019-10-295,Kota Bandung,41.55687237262106,50.39802734,45.05732263576567,0.003973279926218531,,
2019-10-295,Kota Cirebon,46.123258138523155,57.726262220000024,51.309422386336564,0.012579271609856689,,
2019-10-295,Kuningan,39.94601860661785,60.79564418000001,50.619764625571364,2.89639476240783,,
2019-10-295,Majalengka,42.18922285690963,99.84994070000005,52.244542140741366,1.8224058853054108,,
2019-10-295,Subang,36.22483856279791,79.82376152,45.73960344301303,6.840953776272393,,
2019-10-295,Sumedang,36.190770498189025,72.79631240000003,45.372548364120036,0.5051090938336394,,
2019-11-311,Bandung,37.421347814714224,80.31253837999998,48.24563886789121,0.5186675663855018,,
2019-11-311,Kota Tasikmalaya,40.96918039484853,54.024546559999976,48.18565546264929,3.87786548597068E-4,,
2019-11-311,Tasikmalaya,36.845097510967776,59.51730470000001,42.62290102382819,0.31141338550506414,,
2019-11-311,Ciamis,37.37340808945591,64.20682814000003,44.62397979343907,0.8908565547132445,,
2019-11-311,Kota Banjar,42.09776083500727,60.49827644000004,48.186777720044056,0.0,,
2019-11-311,Cirebon,45.3035450948118,62.73024350000003,52.23685966336036,4.09401910944452,,
2019-11-311,Garut,38.629716264026925,79.00343672000002,50.747758278662715,0.3376933769722668,,
2019-11-311,Indramayu,50.06064353326437,99.78158030000003,58.23808239951059,0.011497869238884751,,
2019-11-311,Kota Bandung,44.94445318840629,56.55046334000002,50.437469137716405,0.04364784213353176,,
2019-11-311,Kota Cirebon,47.7185146120579,58.99776566000003,51.94581405505109,0.010063417287885354,,
2019-11-311,Kuningan,41.2421352244895,63.40359344000001,53.37467093628943,0.43504018106997383,,
2019-11-311,Majalengka,40.31751778357441,99.25520522,55.24992980410777,24.12708052186902,,
2019-11-311,Subang,41.52905982559755,90.98359682,52.23638907360785,2.0581294779093664,,
2019-11-311,Sumedang,34.64274069820888,61.082757860000015,49.25171323116707,18.44197629249232,,
2019-11-327,Bandung,36.746606121393135,61.294675100000006,45.621018369119426,60.7860689458793,,
2019-11-327,Kota Tasikmalaya,38.14944639329948,51.269622440000035,46.62254897322152,64.56562241832066,,
2019-11-327,Tasikmalaya,36.68527804965422,58.81661059999999,45.37186263963624,75.70880234865024,,
2019-11-327,Ciamis,35.63149084408151,57.97919569999999,44.62236626904593,83.80347893182712,,
2019-11-327,Kota Banjar,34.31051913476013,46.272477200000026,40.692656286415115,90.98395472493957,,
2019-11-327,Cirebon,36.0961300518556,44.93603138000003,41.30400356968696,99.08495277988378,,
2019-11-327,Garut,38.34495784817572,74.40619981999998,50.373819519625116,60.46320448969196,,
2019-11-327,Indramayu,36.825318740055124,78.25830836,46.2427151186188,86.89900659029325,,
2019-11-327,Kota Bandung,41.209730305361525,52.24375814000001,46.68563584033925,29.23289634314379,,
2019-11-327,Kota Cirebon,33.025152665594135,35.68345124000001,34.69735247000003,98.81277327850943,,
2019-11-327,Kuningan,31.731578552539233,45.64697954000002,39.81336775236997,96.99822423297763,,
2019-11-327,Majalengka,34.685534258457416,60.45726020000001,42.876475378004365,88.17601414102705,,
2019-11-327,Subang,33.669758804101896,82.81794704000004,45.24815699014986,54.5063677272433,,
2019-11-327,Sumedang,34.78088233208376,53.58704,42.37431405457789,61.598645479886585,,
2019-12-343,Bandung,25.321215524565552,42.84420313999999,33.12381710973634,70.84861344862274,,
2019-12-343,Kota Tasikmalaya,27.15753124889439,37.050659240000016,33.18917227715688,92.5360913320962,,
2019-12-343,Tasikmalaya,26.86018515010936,45.74268410000002,32.736265051908816,73.78553975537868,,
2019-12-343,Ciamis,28.214475590376065,55.610507840000025,38.75490367146588,68.48209101838977,,
2019-12-343,Kota Banjar,34.41412916612618,55.37808247999999,41.73447490203583,21.485512742464994,,
2019-12-343,Cirebon,31.158357366721912,49.29742490000001,40.12299508969921,93.3468758781646,,
2019-12-343,Garut,18.847333926851057,30.94949354000005,23.443111457600015,99.63506936785527,,
2019-12-343,Indramayu,34.305506459929866,49.62555482000005,41.62074797757022,94.9816748277968,,
2019-12-343,Kota Bandung,28.669721808894,35.25278072000003,32.43353086193303,43.93326985318842,,
2019-12-343,Kuningan,24.66471655497843,37.73084521999999,30.620657355093908,84.47980256903628,,
2019-12-343,Majalengka,30.910058289541098,37.64197669999999,35.43795125878052,97.72165304790512,,
2019-12-343,Subang,14.485106556600238,23.02310516,18.18765237200002,98.06107823219648,,
2019-12-343,Sumedang,25.854982746898095,47.62601312000004,34.37085905171678,79.29971794538197,,
2019-12-359,Kota Tasikmalaya,25.823409399388314,39.37491283999998,35.12402321137519,61.208347447623204,,
2019-12-359,Tasikmalaya,26.786223758575932,54.70131451999998,37.455233529117734,72.17931734985716,,
2019-12-359,Ciamis,27.32997826148806,55.56265556000005,39.240225726622356,49.59971733063044,,
2019-12-359,Kota Banjar,33.03349128539387,55.135403060000044,43.62838470594554,25.689416239601226,,
2019-12-359,Cirebon,11.364063817731475,16.614317659999983,15.564119621600021,99.90611041451099,,
2019-12-359,Garut,23.42340957026031,37.28650262000002,32.11798009852465,96.61638385225928,,
2019-12-359,Kuningan,16.749961111318463,38.26747436000005,23.621594557576792,88.97623052208749,,
2020-01-10,Kota Tasikmalaya,14.52037746731436,25.37812094000003,21.113518881757336,91.02629991183562,,
2020-01-10,Tasikmalaya,13.118725379920889,34.37434958000006,27.45009689882158,79.44652142678194,,
2020-01-10,Ciamis,8.459242401008723,39.35098670000002,21.470011438789243,72.04840773641922,,
2020-01-10,Kota Banjar,7.706486651785099,22.452295820000018,18.122887306120706,56.85196929004795,,
2020-01-10,Garut,10.402383661649964,40.16789348000003,23.744291193638535,90.88103151285081,,
2020-01-10,Kuningan,1.68497717507308,18.74032610000006,11.370203919564588,98.95618551039024,,
2020-01-10,Majalengka,-3.8237185685714046,1.2195555800000193,0.9136427900000399,99.99198831927842,,
2020-01-26,Bandung,31.258468464598653,53.891243780000025,37.871718416630294,23.728207943263747,,
2020-01-26,Kota Tasikmalaya,34.323934235085844,45.831552620000025,39.691125579157486,53.64695228286524,,
2020-01-26,Tasikmalaya,32.49707658365108,50.63045269999998,36.87320663802984,56.68133388948343,,
2020-01-26,Ciamis,32.46746223658675,64.56572024000002,38.62505690099896,53.348321875122174,,
2020-01-26,Kota Banjar,35.12181574068821,48.340379299999995,39.68777424625218,39.47395340849326,,
2020-01-26,Cirebon,35.899707938087005,48.97954904000005,40.187690274374816,23.302387323918524,,
2020-01-26,Garut,32.52425543347803,56.218915400000014,38.37384945236548,38.53187824489734,,
2020-01-26,Indramayu,36.56596617146564,71.86661096,40.37178110763625,21.93393379492525,,
2020-01-26,Kota Bandung,37.43050777777883,47.766151939999986,41.686447459560135,1.418854198337519,,
2020-01-26,Kota Cirebon,38.56980069446158,46.81252436,42.68511012699707,4.633078926197856,,
2020-01-26,Kuningan,32.26989184342061,46.18360868000002,37.563717640892015,47.51664985778618,,
2020-01-26,Majalengka,33.663195422406446,69.21764546000003,38.11838846720859,33.88320789132358,,
2020-01-26,Subang,35.68927698167832,69.05699851999998,39.86861029376243,53.83565596565724,,
2020-01-26,Sumedang,33.07498794625501,56.188153220000004,37.12108598155771,35.00468685585283,,
2020-02-42,Bandung,16.336691427703364,28.074938719999977,22.11744025032994,90.52271162666857,,
2020-02-42,Cirebon,11.914286112717711,30.55983925999999,24.47446130572731,91.27397924585277,,
2020-02-42,Indramayu,24.33983438602124,67.52572556000001,34.46259191622085,52.920190718918015,,
2020-02-42,Kota Bandung,20.267546886968816,29.975357840000015,26.06343395000002,27.685256088738758,,
2020-02-42,Kuningan,6.992702876520012,27.64085018000003,20.244475345661694,82.27964968312274,,
2020-02-42,Majalengka,12.862982337326619,48.20365850000002,30.23772749664289,90.70338060478413,,
2020-02-42,Subang,25.775978007969915,59.75998412000001,32.73450787313946,50.79539986843008,,
2020-02-42,Sumedang,-5.253330177128559,8.499938180000015,5.374129342252278,99.52890440177688,,
2020-02-58,Bandung,30.38192136808375,54.123669140000004,36.875341017860165,62.628880698820886,,
2020-02-58,Kota Tasikmalaya,35.12528500621546,48.42924782,40.811162241910594,3.4265138787665217,,
2020-02-58,Tasikmalaya,31.531159737737422,49.22906450000005,34.87093566342753,20.423707036020666,,
2020-02-58,Ciamis,31.353229179133386,60.75462793999998,35.87273112536133,18.46847827137416,,
2020-02-58,Kota Banjar,33.64363412786219,49.943430680000006,38.62476420880577,3.003988765433994,,
2020-02-58,Cirebon,33.25278950122361,46.69631168000001,38.37160900667806,45.70095709770093,,
2020-02-58,Garut,30.33556102580009,59.90012294000002,34.12068571551381,38.252731135437266,,
2020-02-58,Indramayu,32.59478763971707,68.41441076000001,37.42017993817296,89.45315603553303,,
2020-02-58,Kota Bandung,35.51576824506537,43.74997844000001,39.81344480600002,90.06902149162221,,
2020-02-58,Kota Cirebon,35.09352098042774,43.391086340000015,40.190924965512984,27.679310857184102,,
2020-02-58,Kuningan,29.139448674773895,42.44087678000005,34.62074403485474,61.40273996778621,,
2020-02-58,Majalengka,31.07001280894249,63.37966730000005,36.36983438660689,41.16644532171003,,
2020-02-58,Subang,30.852359206670933,60.74779190000004,36.23389448944145,75.24221779754477,,
2020-02-58,Sumedang,31.769205032324003,48.894098540000016,35.87167714532935,62.66568771033756,,
2020-03-74,Bandung,33.704632350765465,61.66040324000005,42.12810374806569,62.61489189025162,,
2020-03-74,Kota Tasikmalaya,34.54808105901555,45.458988439999985,40.55925720108191,67.05836453684415,,
2020-03-74,Tasikmalaya,30.061940768926224,48.91802468000003,35.74395136844013,78.59473280755338,,
2020-03-74,Ciamis,33.08357150305494,59.148158540000054,38.626172663333364,77.98404491801195,,
2020-03-74,Kota Banjar,31.879391858061876,50.64070676000006,36.69503189497546,74.33549065690661,,
2020-03-74,Cirebon,37.50188209859753,54.417618860000005,44.37286974860781,24.94772535136412,,
2020-03-74,Garut,30.24170564097458,59.55148489999999,36.744944959887135,48.232017782366924,,
2020-03-74,Indramayu,37.13832700787933,77.45165564000001,43.23856888984713,7.457749565697252,,
2020-03-74,Kota Bandung,37.72625555033113,52.39415101999998,45.4358785435821,52.468767603314916,,
2020-03-74,Kota Cirebon,42.88264321133976,51.83359574000002,47.56198213257584,0.005031708643942681,,
2020-03-74,Kuningan,33.233668835561126,45.917003120000004,37.68683952794638,53.350333260422936,,
2020-03-74,Majalengka,36.441945428788536,74.65571527999998,41.87156077088611,34.3515623768801,,
2020-03-74,Subang,37.6998911578986,81.41655884,43.242313072753234,13.684239003478238,,
2020-03-74,Sumedang,34.26196269031279,56.58122552000003,38.62371583289993,56.271804950422464,,
2020-03-90,Tasikmalaya,13.773762359198841,21.030399500000044,17.559861351428587,99.68073153329497,,
2020-03-90,Ciamis,21.106391872989022,43.999493900000004,29.736099913066024,70.50751087644164,,
2020-03-90,Kota Banjar,27.979626278265375,43.70896220000003,36.373545258222265,9.631890877962746,,
2020-03-90,Cirebon,20.461991143345806,42.88863739999999,32.12449532117299,40.51619359951053,,
2020-03-90,Garut,5.7324813200000335,5.823628520000057,5.823628520000057,99.9998982719569,,
2020-03-90,Indramayu,9.236843735558903,54.304824199999985,23.248882812079,83.0510167859578,,
2020-03-90,Kota Cirebon,17.220207273494594,25.682324719999997,21.675735944470002,67.15036185878023,,
2020-03-90,Kuningan,19.759513562698597,42.632285900000056,30.123120597810072,52.88035295405593,,
2020-03-90,Majalengka,16.46647873376519,39.870525740000005,23.87214275720229,73.48589590538481,,
2020-03-90,Sumedang,11.396966818896836,29.780530699999986,23.873212421428573,94.3153541808955,,
2020-04-106,Bandung,34.181748320262294,60.12913028000003,41.622513811400275,36.803859615349495,,
2020-04-106,Kota Tasikmalaya,40.255763066178226,52.10361932000001,46.68343313801424,41.71984094668581,,
2020-04-106,Tasikmalaya,37.263762155324606,57.613467560000004,41.87016529777519,54.4342446275173,,
2020-04-106,Ciamis,40.23187519878684,70.93007348000003,46.37335285800308,42.15498767384559,,
2020-04-106,Kota Banjar,44.04275262733474,58.79952050000003,49.9340667003102,30.995643698799714,,
2020-04-106,Cirebon,37.605646519476664,49.48883402000001,43.620922358658255,81.53725068253628,,
2020-04-106,Garut,34.37455181643268,64.92119432000004,40.374672015329246,53.712199855297385,,
2020-04-106,Indramayu,32.6931977029945,67.03694870000004,36.872440554484704,71.12806443075321,,
2020-04-106,Kota Bandung,39.877631825921775,51.1773359,44.811476635862,9.13482260781538,,
2020-04-106,Kota Cirebon,41.55928476695179,44.30027966,43.590328577808094,97.65454301134149,,
2020-04-106,Kuningan,39.17774864561584,54.67055234000003,45.372534471602535,69.91407835611496,,
2020-04-106,Majalengka,36.44472887133176,66.69856472000004,40.87217084678321,77.18456956259863,,
2020-04-106,Subang,32.69606267260372,69.91150352,38.37267375081884,71.20827384977106,,
2020-04-106,Sumedang,34.257450194543345,59.425018160000036,39.62310212136071,48.274388390095204,,
2020-05-122,Bandung,31.374896820776378,46.70656574000003,36.3712810460318,86.23576306016048,,
2020-05-122,Kota Tasikmalaya,32.94246995752718,36.725947340000005,34.844327330000006,99.69595101419489,,
2020-05-122,Tasikmalaya,32.05493815050511,47.04153170000001,37.6235587892981,89.60512254168748,,
2020-05-122,Ciamis,33.5583442903556,52.74278906000001,38.73257171333924,80.31570126176214,,
2020-05-122,Kota Banjar,32.923458351704575,37.64197669999999,35.68641352400002,99.34019979244253,,
2020-05-122,Cirebon,39.8777744016672,58.92940526000001,46.61969889105824,47.97479091217254,,
2020-05-122,Garut,35.29729376167826,76.12204586000001,42.24291904665677,55.82735465980334,,
2020-05-122,Indramayu,37.840216197896815,69.46716092000003,42.87078217683295,90.7160044034179,,
2020-05-122,Kota Cirebon,46.23239798336297,55.65494210000003,52.55973089159441,19.925428104677685,,
2020-05-122,Kuningan,35.8318627323882,49.31109698,41.37110594693883,69.16386462493763,,
2020-05-122,Majalengka,39.21052099461708,73.41497402000005,45.36991932817528,52.147103371356664,,
2020-05-122,Subang,21.95933598348137,25.69599679999999,25.282904668571454,99.94569242214722,,
2020-05-122,Sumedang,35.33275381434274,52.77355124000002,43.874539287732844,84.48557917139784,,
2020-05-138,Bandung,24.489949140170935,46.63478731999999,32.62340435502903,50.53596422542608,,
2020-05-138,Kota Tasikmalaya,25.017940637749042,35.19125636000001,29.318835075384637,95.96215811578317,,
2020-05-138,Tasikmalaya,24.175141361764247,37.73084521999999,27.86937343975549,88.7200700950411,,
2020-05-138,Ciamis,22.84363294934624,38.08973732000004,27.313515952397882,86.38045560286062,,
2020-05-138,Kota Banjar,13.85352190257542,25.210637959999985,20.06313332192565,91.0146326012244,,
2020-05-138,Cirebon,29.448304430528708,46.78859822000004,35.1255012949528,2.670525414488119,,
2020-05-138,Garut,23.4961911801487,52.763297179999995,29.23680882898455,62.41158190196554,,
2020-05-138,Indramayu,25.4909331127313,62.19019634000006,32.12265097922376,13.539249297988121,,
2020-05-138,Kota Bandung,28.787163804065184,37.04382320000002,34.93857705920173,84.82018634834829,,
2020-05-138,Kota Cirebon,32.97969528367629,42.14009102,37.93937811507391,1.147949795781691,,
2020-05-138,Kuningan,26.30687509665074,43.22018534000006,32.620710946883236,23.821754836211383,,
2020-05-138,Majalengka,27.294563955496177,56.71794632000001,33.62162078149974,9.277570630925752,,
2020-05-138,Subang,25.812784158155136,65.16729176000001,32.73887750334193,20.28223643844634,,
2020-05-138,Sumedang,23.92076643971047,42.69039224000005,31.624782968376472,5.607259563121793,,
2020-06-154,Bandung,24.34524885306061,42.23921360000003,30.372020425055958,88.29740270692564,,
2020-06-154,Kota Tasikmalaya,25.762366066926393,33.32501744000001,29.934954505461068,88.32291061938248,,
2020-06-154,Tasikmalaya,23.888481242209618,44.22166520000002,29.73607813541368,65.7253794548016,,
2020-06-154,Ciamis,19.012082190291082,38.09315534000001,26.372654876587987,96.35845614441988,,
2020-06-154,Cirebon,25.437663966066175,37.50525590000001,31.12329167236654,85.43933801880416,,
2020-06-154,Garut,23.572945088516626,46.733909900000015,29.73825187618322,67.28790799751445,,
2020-06-154,Indramayu,30.767226467531696,66.30891043999998,35.226785266830355,44.26121957359227,,
2020-06-154,Kota Bandung,19.893907850000005,20.18956658000002,20.18956658000002,99.99535225276308,,
2020-06-154,Kuningan,22.390719780936774,30.81960878000001,26.68343767389833,98.39921465966258,,
2020-06-154,Majalengka,25.587084688686645,60.83324240000002,33.23411121934957,94.15424316894384,,
2020-06-154,Subang,25.758540314431674,54.171521419999976,32.61722677078038,79.50260674927321,,
2020-06-154,Sumedang,23.318863790497986,39.019438760000014,30.120808211479865,88.28940315792893,,
2020-06-170,Bandung,30.67599727878011,47.882364619999976,39.12483461083106,39.65367583978815,,
2020-06-170,Tasikmalaya,25.02575467842119,29.54126930000001,27.708405973102224,99.9694332179822,,
2020-06-170,Cirebon,34.49509222978562,50.27497862000001,42.37286462209354,79.09556886780938,,
2020-06-170,Garut,30.156110678817182,44.03709212000001,37.12243766000001,89.199076671954,,
2020-06-170,Indramayu,34.81323923115341,77.86181804,42.743419485202914,25.313818735815484,,
2020-06-170,Kota Bandung,40.94575579494784,51.27645848000003,46.81006802020348,0.3147053213808891,,
2020-06-170,Kuningan,22.134447207940056,31.896285079999984,27.37847697017434,99.53941163299206,,
2020-06-170,Majalengka,36.04310828427921,74.99751728000001,44.24412272148941,43.9948260357324,,
2020-06-170,Subang,35.18025766469803,77.85156398000004,42.738424764957344,7.308241806568049,,
2020-06-170,Sumedang,33.87172818952549,51.46444958000001,41.74134569789202,12.754881739014257,,
2020-07-186,Bandung,21.346066157911036,31.93046528000002,28.132431569230786,98.49789515597946,,
2020-07-186,Tasikmalaya,26.42109153653795,34.890470600000015,30.0632891609678,98.54504096979942,,
2020-07-186,Ciamis,27.815730498627424,48.90435260000004,34.6225494858065,93.63211286304295,,
2020-07-186,Cirebon,31.737110580182794,45.15478466000002,36.87140383847081,26.168411178694008,,
2020-07-186,Garut,24.04259149332615,36.117539780000016,30.122951224468835,95.33581073132879,,
2020-07-186,Indramayu,31.349694912314746,67.78549508000003,36.24224468179088,62.99284723489439,,
2020-07-186,Kota Cirebon,35.338261768212305,41.56586365999999,38.43513797193935,5.391505410270719,,
2020-07-186,Kuningan,27.654863697843982,38.50331774000006,33.12199257878325,87.62353362013367,,
2020-07-186,Majalengka,27.027138196572178,52.811149460000024,34.88153465386008,96.40845475135134,,
2020-07-186,Subang,31.698872321041666,66.06623102000003,38.6240960286154,76.92569980862714,,
2020-07-186,Sumedang,22.61564596817048,35.297214980000035,28.620157362765603,96.29553362579894,,
2020-07-202,Bandung,30.113726666409736,55.34732029999998,37.62085118549778,18.96136523729592,,
2020-07-202,Kota Tasikmalaya,26.320989860582806,31.732220120000022,27.849970858181845,98.86482711373134,,
2020-07-202,Tasikmalaya,29.199889015485823,40.46184320000003,32.3105407616339,82.89071661111497,,
2020-07-202,Ciamis,30.276062341033757,59.742894019999994,35.623154321595614,83.45341083814066,,
2020-07-202,Kota Banjar,32.98710903477405,46.21437086000003,37.069325231781065,82.08455327364096,,
2020-07-202,Cirebon,36.5795148333925,49.95026672000006,42.43750753476281,37.986761493076756,,
2020-07-202,Garut,30.547098098732555,58.34492383999998,36.873083095135854,47.7109851923672,,
2020-07-202,Indramayu,36.70873000267592,72.64250149999998,41.86584575591459,77.86033278222631,,
2020-07-202,Kota Bandung,37.76618522737061,45.8281346,41.55933462778446,1.9893427887380097,,
2020-07-202,Kota Cirebon,39.11039957927815,46.09132213999999,43.434316223380414,65.05227747959144,,
2020-07-202,Kuningan,33.19031331057673,48.50102623999999,39.6881522262077,36.115281369891264,,
2020-07-202,Majalengka,34.249515236560434,76.12888190000001,41.37092027350727,43.74188635813326,,
2020-07-202,Subang,35.502539934991056,72.93303320000001,42.12627580683423,17.32565476914806,,
2020-07-202,Sumedang,32.510871441682454,48.81548408000003,38.31129606681105,9.405092596691588,,
2020-08-218,Bandung,19.58261981836566,38.099991380000006,26.622596126940234,47.763801744880276,,
2020-08-218,Tasikmalaya,15.002679300329133,22.226706499999977,19.566418206985944,99.05678533998999,,
2020-08-218,Ciamis,20.46590327914298,41.33685632000004,28.12736868716459,92.21995203521368,,
2020-08-218,Kota Banjar,18.79959124088592,38.851955780000026,29.617770278805818,77.38810640895501,,
2020-08-218,Cirebon,12.102163683451362,24.03825710000001,17.31095686482549,96.55782238763283,,
2020-08-218,Garut,16.372631344944473,39.45010927999999,22.370490931125783,74.38377219495761,,
2020-08-218,Indramayu,24.49017934983698,71.06679428000001,38.74431715863999,39.23992693353443,,
2020-08-218,Kota Bandung,20.906230455703085,29.483162960000016,25.68622814134477,31.913218178186646,,
2020-08-218,Kuningan,16.832641100113523,35.37582944000002,24.869762020733212,57.8257170315372,,
2020-08-218,Majalengka,15.504212454140823,53.30676235999999,24.125278558207388,88.43795187730703,,
2020-08-218,Subang,19.7995003207636,61.021233499999994,29.748225765398598,49.477771215376784,,
2020-08-218,Sumedang,23.006420027737164,42.929653640000026,33.623483565665914,62.36472050283074,,
2020-08-234,Bandung,31.7689557105986,54.20228359999999,41.372801581073404,16.408959382625003,,
2020-08-234,Kota Tasikmalaya,36.53455653969727,50.90047628000002,44.373264132460584,0.16319578696527753,,
2020-08-234,Tasikmalaya,32.922027352949385,53.877571699999976,37.87120865484984,12.386109848666402,,
2020-08-234,Ciamis,33.189504656479606,59.84885264000002,38.87311191615106,27.410432876958286,,
2020-08-234,Kota Banjar,37.60394455411515,53.7921212,44.687239085106405,11.001922546180863,,
2020-08-234,Cirebon,37.25310276224956,50.65437884000005,42.87182683214516,29.43965516702431,,
2020-08-234,Garut,32.299050739137215,64.59648242000003,40.62393780953703,7.201961588633226,,
2020-08-234,Indramayu,37.33121214206121,84.26035148000005,45.23725063783068,36.03024554844655,,
2020-08-234,Kota Bandung,39.50645340105083,48.41215771999998,44.43318670804179,1.153917993675034,,
2020-08-234,Kota Cirebon,39.57709027104956,47.07229388000002,43.183900019571475,29.91148533868625,,
2020-08-234,Kuningan,34.74016448649543,56.27360371999998,43.87523536224193,2.6137361958962817,,
2020-08-234,Majalengka,37.50084574942369,82.60944782000001,45.23574302601395,10.367766718613344,,
2020-08-234,Subang,34.34068990603643,73.51409660000002,40.87468505417486,38.47746558004898,,
2020-08-234,Sumedang,34.934515927269686,55.50796724000003,42.87291227566269,15.906912144007416,,
2020-09-250,Bandung,32.82902400358682,54.13734122000005,41.87378037472224,9.018327909685674,,
2020-09-250,Kota Tasikmalaya,30.946018034950644,41.54535554000006,36.93707684249024,72.19653174356047,,
2020-09-250,Tasikmalaya,28.84892811720876,45.03515396,32.81134389664905,63.568778299500565,,
2020-09-250,Ciamis,29.66639563142379,60.11204018000001,35.373358993851745,54.34333789464139,,
2020-09-250,Kota Banjar,31.80197623623743,45.66406963999998,36.692694106957816,55.362128980996985,,
2020-09-250,Cirebon,39.185310176137925,57.76386044000003,47.12359588862283,4.807852677733079,,
2020-09-250,Garut,30.91026725839726,60.330793459999995,38.87459540350929,27.795326980801633,,
2020-09-250,Indramayu,40.930152068196904,88.63541708000002,50.73500898826784,57.11884364383874,,
2020-09-250,Kota Bandung,41.04381516761193,51.23202422000003,45.432929689230775,0.10086773446371128,,
2020-09-250,Kota Cirebon,47.30384567142636,56.82048692000001,50.68190374498697,0.01761098025379937,,
2020-09-250,Kuningan,35.22708761529893,52.322372599999994,43.37280428381446,19.013890660227258,,
2020-09-250,Majalengka,39.16806731268873,86.55726091999998,48.236423689625674,14.9945293646078,,
2020-09-250,Subang,38.653550268922935,84.75938240000005,47.240615796565216,5.397244480763129,,
2020-09-250,Sumedang,36.01123690630023,54.889305620000016,43.62114342957598,4.543207034902721,,
2020-09-266,Bandung,32.21671581340035,42.67330214000003,37.81648585143676,99.70883448553641,,
2020-09-266,Tasikmalaya,26.19259774190084,34.40169374000004,29.437722124790305,99.00690190314656,,
2020-09-266,Cirebon,43.3205508249341,60.76830002000003,50.12092364619733,45.81026229844407,,
2020-09-266,Garut,31.381445693117904,39.20401184000002,35.695684153684226,99.88604001228745,,
2020-09-266,Indramayu,44.32561885134194,83.65877996,50.22959209481442,55.136941082935756,,
2020-09-266,Kota Bandung,38.946117466903985,45.08642426000006,43.23100907000003,96.9299285752885,,
2020-09-266,Kota Cirebon,48.8432406284303,58.00653986000003,53.433964923750025,47.287553861481165,,
2020-09-266,Kuningan,38.44610038029927,62.86012826000001,48.370547998381255,64.90632617424194,,
2020-09-266,Majalengka,44.3336576042827,85.84289474000002,51.73807173338302,75.40550939138609,,
2020-09-266,Subang,38.2080574864565,79.88186786000006,46.454107085137856,80.10030357218373,,
2020-09-266,Sumedang,38.614478605217,56.47868491999998,46.38052000118482,91.91397430843325,,
2020-10-282,Bandung,32.11051272989386,51.81308762000003,41.372859978997255,35.879046025952945,,
2020-10-282,Kota Tasikmalaya,25.561171403960106,34.17952244000003,29.066420871500032,91.1799500667791,,
2020-10-282,Tasikmalaya,23.450686082036402,36.78063566000003,27.43827724733248,95.7328276119544,,
2020-10-282,Ciamis,25.273537972516706,43.89011726000001,32.1198822646939,97.75108360661487,,
2020-10-282,Kota Banjar,26.537757486278768,31.093050380000022,29.654918465000016,97.7586867078351,,
2020-10-282,Cirebon,33.14790595787644,53.026484719999985,42.8715186045217,52.87746990742279,,
2020-10-282,Garut,22.102814483950866,52.68468272000001,28.872292394807364,60.97173568326338,,
2020-10-282,Indramayu,39.70926706793094,84.85850498000002,47.74590577826353,0.5763217163096296,,
2020-10-282,Kota Bandung,41.0862516461362,51.77207138000006,46.37244373555559,20.68249981793783,,
2020-10-282,Kota Cirebon,28.07892504987485,34.692225440000016,31.806502273819344,64.57809320342446,,
2020-10-282,Kuningan,30.138182144624956,50.76033746000002,41.376740823152495,77.52343835712868,,
2020-10-282,Majalengka,38.78090927858727,99.84994070000005,48.24148359846613,38.64515421748771,,
2020-10-282,Subang,32.84955426371597,74.85737846,42.24569865233017,17.237713630571637,,
2020-10-282,Sumedang,32.89532806185832,53.30676235999999,41.62208204839036,15.89573818003458,,
2020-10-298,Bandung,35.45623092599124,59.29171538000003,41.8715455558521,58.11467009834052,,
2020-10-298,Kota Tasikmalaya,25.791350503917705,31.773236360000055,30.24652076000005,99.81244361412502,,
2020-10-298,Tasikmalaya,26.370531069257023,43.97214974000002,29.817828692049158,99.09103524871963,,
2020-10-298,Ciamis,28.309650911888212,49.55719442000003,33.624500256425634,93.49826352477217,,
2020-10-298,Kota Banjar,33.16023417594065,42.461384899999985,38.68888024684214,92.7676819786522,,
2020-10-298,Cirebon,35.959265165766254,50.81844380000001,41.37087877786866,17.235126046481128,,
2020-10-298,Garut,30.980025659964397,49.05474548000001,37.867021948812656,95.03943607866525,,
2020-10-298,Indramayu,36.9183120120952,78.15918578000003,45.62580843456077,49.39325903813586,,
2020-10-298,Kota Bandung,41.32855387616618,53.942514080000024,46.68554561510154,1.7775583581911756,,
2020-10-298,Kota Cirebon,41.79722083282121,49.86481622000002,45.937563724436124,2.6226646705582484,,
2020-10-298,Kuningan,33.01454202484976,50.432207540000036,40.374670407538865,64.8335464266015,,
2020-10-298,Majalengka,36.67613109776998,73.36370371999999,42.12204227008968,49.65189319870133,,
2020-10-298,Subang,40.000201986271456,81.89166362000003,50.25085538831498,27.829144831906678,,
2020-10-298,Sumedang,34.214506957845984,51.66953078000006,39.87155141134608,45.34362402895978,,
2020-11-330,Bandung,22.842989562245066,43.421848520000026,28.872857578766826,40.132691679285045,,
2020-11-330,Kota Tasikmalaya,29.790144397728614,43.996075880000035,37.12481707273995,20.431490852989725,,
2020-11-330,Tasikmalaya,25.3100043217185,47.11331012000005,34.24517252397702,69.33498446294018,,
2020-11-330,Ciamis,22.590686666425373,38.71523497999999,29.120457635732276,66.56047147081173,,
2020-11-330,Kota Banjar,20.02711325673733,27.77073494000001,26.44240903397805,91.63559964796755,,
2020-11-330,Cirebon,30.16583767438808,52.59581420000001,41.74305528873367,29.664792822869668,,
2020-11-330,Garut,25.794658940170077,50.565510320000044,35.87314851769963,60.450859356157835,,
2020-11-330,Indramayu,23.417882198987733,44.64208166000003,32.12500758500005,94.01149340801635,,
2020-11-330,Kota Bandung,16.736613467873212,23.122227740000028,21.557458183999994,98.24127214814602,,
2020-11-330,Kota Cirebon,39.81317174682083,49.23248252000002,44.870445237905294,17.16562470833354,,
2020-11-330,Kuningan,25.579511978060538,48.39848563999999,35.87402429474976,32.888415986916,,
2020-11-330,Majalengka,25.47655608310436,53.600712079999994,33.24445622655438,37.70802862313588,,
2020-11-330,Subang,-1.6545109514285465,-0.5954130399999826,-0.5954130399999826,99.99920638940381,,
2020-11-330,Sumedang,22.852221021772223,46.98684337999998,34.12192498505024,54.047383612463584,,
2020-12-362,Bandung,30.399489526326885,56.22575144000001,39.1247556355676,57.62219109557874,,
2020-12-362,Kota Tasikmalaya,26.57443359417357,41.31634819999999,36.24120983516206,56.53419193837388,,
2020-12-362,Tasikmalaya,24.26646850625706,44.16697687999999,31.736811576909606,74.06862466848686,,
2020-12-362,Ciamis,22.112772171249546,62.460219919999986,33.240424586837165,43.824148538300584,,
2020-12-362,Kota Banjar,28.444733359888065,44.33104184000001,35.62401127976562,30.50430050258842,,
2020-12-362,Cirebon,27.304493062193128,49.24615460000001,38.24488035758855,43.39573564014809,,
2020-12-362,Garut,22.835824216311238,42.25630369999999,32.12206567281867,85.12525797504406,,
2020-12-362,Indramayu,30.220886401453154,73.98578336000003,39.24002381175105,24.662076033753163,,
2020-12-362,Kota Bandung,34.88145462063274,47.882364619999976,41.873536067790006,16.78756771017117,,
2020-12-362,Kota Cirebon,11.407399964692553,24.41082128000005,19.356430477481663,96.1567414733751,,
2020-12-362,Kuningan,19.218338925689217,37.00622498000001,28.46749012152904,31.18386837957885,,
2020-12-362,Majalengka,29.54599431863372,71.36758004,38.24405624886203,20.370442638455735,,
2020-12-362,Subang,24.05023526175723,64.58964637999998,34.23577719798659,69.70036733660655,,
2020-12-362,Sumedang,27.537391054155215,54.335586379999995,34.37330118975594,35.921021419052835,,
2021-01-12,Bandung,29.869274490427493,55.62076190000005,36.62378614154554,54.034414303833614,,
2021-01-12,Kota Tasikmalaya,30.771393694801702,43.421848520000026,38.12385877278124,54.82148018125602,,
2021-01-12,Tasikmalaya,29.073353064898047,48.95562289999998,35.62242368568425,67.4785290457225,,
2021-01-12,Ciamis,29.513232842409572,49.83063602000004,36.47119314351359,43.26782122455125,,
2021-01-12,Kota Banjar,31.874097663238693,48.79497595999999,36.11828142424899,75.66724247270044,,
2021-01-12,Cirebon,25.964804689151947,37.67273888,32.061718059881336,69.8099009150771,,
2021-01-12,Garut,27.466324201811048,55.95230984,34.121146637513604,68.38508301123993,,
2021-01-12,Indramayu,19.85533396402977,53.06750096000002,25.231139559934235,68.218318411631,,
2021-01-12,Kota Bandung,33.40051919785507,45.02489990000004,38.30899690944172,26.814457621756983,,
2021-01-12,Kota Cirebon,28.204989890914145,31.304967620000014,31.222935140000004,99.85429750342402,,
2021-01-12,Kuningan,27.879064701566083,40.20207368000001,32.62091312083186,57.17147517023407,,
2021-01-12,Majalengka,25.542997101293327,49.324769059999994,31.873454962762242,44.15025158565202,,
2021-01-12,Subang,20.99353720745025,52.612904300000025,25.3687074727507,82.17048146597803,,
2021-01-12,Sumedang,24.58533328974349,51.31747472000001,30.872587667156235,53.79151328808862,,
2021-01-28,Bandung,16.968684494084528,20.05626380000001,19.311135440000015,99.98223985956923,,
2021-01-28,Kota Tasikmalaya,24.732704280595357,39.35440472000005,33.74727116290306,59.47352121211432,,
2021-01-28,Tasikmalaya,25.02417927981152,42.44087678000005,33.239005324286175,74.69966321117009,,
2021-01-28,Ciamis,27.416030041795196,60.80931626000006,32.73687423523852,39.39739848874577,,
2021-01-28,Kota Banjar,29.280943446059084,43.54147922000004,34.62716933659888,1.838715950317182,,
2021-01-28,Cirebon,26.665320308371783,40.52336756,33.37631578625157,70.45365115915892,,
2021-01-28,Garut,24.33950353546495,49.25982668000006,31.872772327540154,64.13354501458991,,
2021-01-28,Indramayu,25.845348168277958,62.477310020000004,34.23830547908261,96.65735434598834,,
2021-01-28,Kota Cirebon,31.952122183689358,41.26849592000002,37.93858546989591,29.193726899770887,,
2021-01-28,Kuningan,25.66099852511025,38.08973732000004,29.812371938669244,42.55426353874937,,
2021-01-28,Majalengka,26.77594386930691,38.622948440000016,32.12492030811516,40.53325667676956,,
2021-01-28,Subang,22.77096186261765,35.50571420000006,29.68978467605635,98.56694640040942,,
2021-01-28,Sumedang,28.39520964343473,41.68549436000001,33.62159226242556,69.0879847560557,,
2021-02-44,Bandung,24.304276450401353,36.250842560000024,30.69774893652175,99.1876290234596,,
2021-02-44,Kota Tasikmalaya,29.561545770919754,46.173354620000055,36.37451057652036,68.13786496131826,,
2021-02-44,Tasikmalaya,31.31735900770076,57.46991072000003,38.455316919058674,58.25504811107176,,
2021-02-44,Ciamis,29.5720449175049,61.803960080000024,37.119648235182815,70.4212528877575,,
2021-02-44,Kota Banjar,26.748793958612712,48.03617552000003,33.375392330028355,78.52825314259788,,
2021-02-44,Cirebon,25.341161705429716,38.88955400000003,31.56395570642361,82.66530006829913,,
2021-02-44,Garut,20.435493122836668,44.39598422000006,29.122752763433976,94.98446282158986,,
2021-02-44,Indramayu,28.030069589319925,70.31141186000002,36.239206672469635,63.89919912233839,,
2021-02-44,Kuningan,19.50183435423644,26.60519012000003,23.161323275878907,99.53797463276878,,
2021-02-44,Majalengka,26.00778316132282,60.97679923999999,35.87264798228866,79.29682852529653,,
2021-02-44,Subang,30.512629955761366,63.212184320000006,37.37417624362212,90.38707725167062,,
2021-02-44,Sumedang,19.058035066064157,33.1472804,26.379395162798396,95.38190118459639,,
2021-03-60,Bandung,31.046594530425036,52.941034220000006,43.62631502740503,77.45477265160464,,
2021-03-60,Kota Tasikmalaya,36.084540727104745,52.0147508,45.745278115263375,40.65994579352349,,
2021-03-60,Tasikmalaya,28.685046075375777,57.69550004000001,39.2393124553576,56.215963426812586,,
2021-03-60,Ciamis,29.185684925691337,69.55602944000003,41.24104174071646,61.702119539350576,,
2021-03-60,Cirebon,23.722201281515467,41.33343830000001,34.87454639030586,98.087173748252,,
2021-03-60,Garut,24.814027095328807,53.50500752000005,37.249251594544276,93.0264008605225,,
2021-03-60,Indramayu,27.57880550174804,68.31528818000004,40.23102340024488,89.42990560211193,,
2021-03-60,Kota Bandung,42.66126975023962,53.139279380000005,49.0568953730516,0.8003417398843965,,
2021-03-60,Kuningan,13.971903365000017,16.935611540000025,16.935611540000025,99.99909279540266,,
2021-03-60,Majalengka,31.1895711777584,74.91206678000003,42.73839662384083,67.61256115051609,,
2021-03-60,Subang,25.80330792602186,69.66198806,38.44795426357215,84.06487971591075,,
2021-03-60,Sumedang,32.030371905444134,60.45384218000004,40.47472911235927,73.75344124282695,,
2021-03-76,Bandung,34.230282539111016,57.46991072000003,41.8745463989309,26.80320296081169,,
2021-03-76,Kota Tasikmalaya,36.81861567779541,49.42047362000005,43.06194168250614,5.085572705605763,,
2021-03-76,Tasikmalaya,33.74014990381558,54.16126736000001,38.12177504679784,8.708429654584192,,
2021-03-76,Ciamis,34.224212930063125,67.32064436000002,39.1225523522217,11.244418215569539,,
2021-03-76,Kota Banjar,36.98245103002771,52.25743022000006,41.93737614153841,2.977860313688434,,
2021-03-76,Cirebon,38.666575918964966,54.23988182000005,45.31129891781073,8.43050941147902,,
2021-03-76,Garut,33.60183173991947,63.24636452000004,39.123926948653455,20.81869774178207,,
2021-03-76,Indramayu,38.38620794372981,78.30616064000003,43.87321781561754,19.21822615118474,,
2021-03-76,Kota Bandung,40.65726402590331,51.71738306000003,45.308682036243084,17.225825034529272,,
2021-03-76,Kota Cirebon,44.502266807026295,54.70473254000001,50.56410044059605,2.440733871745888,,
2021-03-76,Kuningan,34.55564076043256,53.27941820000001,41.12169775197165,7.886537687985753,,
2021-03-76,Majalengka,37.043402234005,73.11418825999999,42.37081946105445,17.581716641772612,,
2021-03-76,Subang,37.229099867083214,79.37941892000003,42.622524456175164,7.342646753947708,,
2021-03-76,Sumedang,35.429878674002715,59.36691182000004,40.12099074362444,12.580239697264894,,
2021-04-92,Tasikmalaya,13.038797357029727,29.893325360000006,24.62188401500002,99.13116072020402,,
2021-04-92,Ciamis,14.71523766020243,42.66646609999998,27.374365535698264,96.35698748309615,,
2021-04-92,Cirebon,15.782986225657693,36.30894890000002,24.119035890182506,78.44384719740958,,
2021-04-92,Garut,18.604895330278264,34.37434958000006,28.2425252148575,96.726065500157,,
2021-04-92,Indramayu,15.35145924642346,64.12821368000004,29.48978390474431,68.86763671082635,,
2021-04-92,Majalengka,18.741778230904412,53.320434439999985,26.62145019885793,62.991954654114124,,
2021-04-92,Subang,14.25763171568697,49.65631700000006,29.48892608190132,85.63630793823688,,
2021-04-92,Sumedang,14.255749078864103,31.882612999999992,25.619142653139882,97.51231571411358,,
2021-04-108,Bandung,21.460259978201357,38.882717960000036,27.371033597846743,65.62141138192668,,
2021-04-108,Kota Tasikmalaya,28.70534478894274,44.994137720000026,39.124725440250565,9.74654803439742,,
2021-04-108,Tasikmalaya,16.908464860426303,43.739724379999984,28.12517800665037,12.616350406151442,,
2021-04-108,Ciamis,22.017321284422763,43.92087944000002,29.74326771971905,36.63401404898484,,
2021-04-108,Kota Banjar,20.87225431539123,36.82506992000003,30.61987072603762,2.2717399076349185,,
2021-04-108,Cirebon,25.592924671537524,44.62840958000004,36.6239080109168,60.694277785024454,,
2021-04-108,Garut,18.622882647669712,39.13906946000003,28.874425069551712,57.391447529108106,,
2021-04-108,Indramayu,21.508100214668357,59.49679658000002,28.745042061097223,64.06342976094905,,
2021-04-108,Kota Cirebon,22.065085992789633,28.24925774000002,25.55872770718956,78.24873255205691,,
2021-04-108,Kuningan,22.00743968374116,42.081984680000005,30.12246236254812,18.485092959328032,,
2021-04-108,Majalengka,27.533573154342392,57.92792540000005,35.12344084490245,20.095691757436857,,
2021-04-108,Subang,20.993647058323926,43.65769190000003,26.86897441267213,88.88155291591218,,
2021-04-108,Sumedang,24.633932721487945,42.406696580000016,31.87458549652153,45.92269536245808,,
2021-05-124,Bandung,17.872651105916034,39.41592908000001,26.624547069071973,42.39359969680473,,
2021-05-124,Kota Tasikmalaya,19.181493802898203,32.70635582,27.061523890314028,20.94885133442293,,
2021-05-124,Tasikmalaya,13.049875003912588,32.55254492000006,22.122405894183718,63.78544215031412,,
2021-05-124,Ciamis,14.909371494527328,33.089174060000005,22.873948870421195,58.02330760158216,,
2021-05-124,Kota Banjar,18.80896499780752,30.88113314000003,24.05956709805179,1.9853907874153056,,
2021-05-124,Cirebon,26.071217508473048,39.98673842000005,32.37267291101001,54.91623052418804,,
2021-05-124,Garut,17.631375002884884,62.77467776000003,26.742988802471782,42.216871684844044,,
2021-05-124,Indramayu,25.731775816496825,62.46705596000004,32.23762288751505,25.61056601651804,,
2021-05-124,Kota Bandung,26.06987884112399,35.854352240000026,30.811443336498566,29.341681305642865,,
2021-05-124,Kota Cirebon,31.699463605082613,41.87348545999998,38.88237081734376,63.65041385310288,,
2021-05-124,Kuningan,17.676505879676156,33.73859786000003,25.62116912519722,77.83499672656265,,
2021-05-124,Majalengka,28.196876647210196,62.32349912000001,38.372651603747094,39.5426055570353,,
2021-05-124,Subang,21.378397840385276,55.466950999999995,30.239328883128405,19.387176801008017,,
2021-05-124,Sumedang,22.654172307792376,46.436542160000045,34.12475441742825,24.555670762260526,,
2021-05-140,Bandung,31.90403887896905,53.10168116,38.374265238261955,37.58304334365494,,
2021-05-140,Kota Tasikmalaya,31.003808335410486,41.323184240000046,36.06464835768809,82.28837100375502,,
2021-05-140,Tasikmalaya,28.95284846770055,44.49852482000006,32.6866103925331,82.86403637770985,,
2021-05-140,Ciamis,30.919501921016387,51.973734560000025,36.12124574051753,61.939207175653564,,
2021-05-140,Kota Banjar,35.242512916538324,46.97317129999999,40.81307640333337,30.525935662529957,,
2021-05-140,Cirebon,36.62823501796283,49.468325900000025,41.87269918507944,2.1462382001807954,,
2021-05-140,Garut,30.996589378934324,72.71427992000002,36.37103859051542,40.09361379013944,,
2021-05-140,Indramayu,36.370954893537316,74.75825587999998,41.1217655581572,0.4332736046180941,,
2021-05-140,Kota Bandung,37.242389104154704,47.85160244000002,41.31007712198346,0.044107608727614205,,
2021-05-140,Kota Cirebon,41.12894019358249,48.23442068000003,44.6565332884211,0.0,,
2021-05-140,Kuningan,32.70215192216875,48.29252702000002,38.372597929014695,14.800474668419545,,
2021-05-140,Majalengka,35.32901515884454,73.94818514000002,41.62219091401326,12.057734729631587,,
2021-05-140,Subang,34.75017720714417,72.33829772000001,39.871045972046716,5.281019827901157,,
2021-05-140,Sumedang,32.51435411561783,50.63728874000003,37.870749914026966,16.582546579857407,,
2021-06-156,Bandung,28.846273261061665,65.71075694000001,36.87497241300089,0.6674569305613527,,
2021-06-156,Kota Tasikmalaya,33.99130383951544,45.684577760000025,40.93514120054921,0.011633596457912032,,
2021-06-156,Tasikmalaya,31.461914370536444,50.715903200000014,35.62271937222428,0.1223265096123162,,
2021-06-156,Ciamis,31.391947455725038,61.34936342000003,36.372592407932885,2.931241089406855,,
2021-06-156,Kota Banjar,34.106405782706915,49.33160510000005,38.68549026759086,0.6461679718641341,,
2021-06-156,Cirebon,35.951287776469975,48.535206440000024,40.68756572165711,0.662945435876868,,
2021-06-156,Garut,29.635904313302827,76.29636488000006,36.371750446927656,0.06429555204933071,,
2021-06-156,Indramayu,35.72860548184098,74.09174198000005,39.87246109542587,0.11458946271948543,,
2021-06-156,Kota Bandung,37.143627089526156,46.12208432,41.062320502376274,0.5520124996215509,,
2021-06-156,Kota Cirebon,39.51322203402519,46.36476374000006,43.09619331854673,0.03019025186365613,,
2021-06-156,Kuningan,31.413446074033402,45.46582448000004,36.56113107977808,18.048650168797273,,
2021-06-156,Majalengka,33.2946523520358,74.24213486000002,38.62469834703205,10.219350366248396,,
2021-06-156,Subang,33.46346722430838,69.56286548000003,38.37346351618051,3.4038543693103365,,
2021-06-156,Sumedang,30.98197876159675,51.580662260000054,36.06216149176544,0.9318969562612146,,
2021-06-172,Bandung,23.867500491244805,55.35415634000003,29.873604037092207,37.93156633146949,,
2021-06-172,Kota Tasikmalaya,28.23669342792405,40.80022717999998,36.87761717691008,28.82280093661855,,
2021-06-172,Tasikmalaya,23.8605483852225,40.03800871999999,29.872071586304905,61.958028185213124,,
2021-06-172,Ciamis,21.95705939687647,41.555609600000025,27.62027771172569,52.70420343099874,,
2021-06-172,Kota Banjar,23.215306201215654,41.30267612,29.561851400925462,11.646390498064413,,
2021-06-172,Cirebon,30.12191871773391,46.75441802,37.12466372227971,27.813472041824227,,
2021-06-172,Garut,22.353083398551323,54.595355900000015,27.370320952379306,60.386042283923494,,
2021-06-172,Indramayu,27.992225268799697,66.41145104000003,35.73249288081516,63.97343827102978,,
2021-06-172,Kota Bandung,31.688781912916586,43.538061200000016,35.18657528882666,0.46505939107085975,,
2021-06-172,Kota Cirebon,31.807182648947705,40.967710160000024,37.43114734503179,2.33707080758529,,
2021-06-172,Kuningan,26.289482172645467,40.557547760000034,32.62184152547478,27.625524074455804,,
2021-06-172,Majalengka,23.200522868668873,59.73263996000003,29.2329071783721,28.266538397400932,,
2021-06-172,Subang,28.669922667420455,66.76008908000006,36.7393904498662,35.9743671499046,,
2021-06-172,Sumedang,21.779251185090093,38.96133242000002,26.622862204567006,24.876692954836326,,
2021-07-188,Bandung,27.150821644932716,52.609486280000056,33.87271442171756,11.815015280608916,,
2021-07-188,Kota Tasikmalaya,31.588111472783062,41.95551794000005,38.06352031775683,2.2634112366094814,,
2021-07-188,Tasikmalaya,28.509415476827936,46.91848298000002,32.37158618192285,12.54754458651646,,
2021-07-188,Ciamis,28.454334212547966,59.18917478000003,33.12246927971579,28.552064954889417,,
2021-07-188,Kota Banjar,31.27297594112578,43.90720736000003,35.687275572351695,29.607203166420824,,
2021-07-188,Cirebon,34.62726512033464,47.45853013999999,39.62127853794366,0.08927608473603603,,
2021-07-188,Garut,27.780662952445965,58.91231516000005,33.62275871887153,5.836633456704979,,
2021-07-188,Indramayu,32.92560986102565,70.62245168000004,37.12286075266139,0.03234886457366352,,
2021-07-188,Kota Bandung,33.26213892263805,42.17768924000001,37.1838337277583,2.0656922214356404,,
2021-07-188,Kota Cirebon,38.31222974474452,44.78905652000003,41.68690743687585,0.04025366915154142,,
2021-07-188,Kuningan,30.180925943192925,45.49658666000005,36.061812241449324,4.754065461002037,,
2021-07-188,Majalengka,31.43355155825671,72.6595916,37.621538305681156,2.8283720013690874,,
2021-07-188,Subang,31.767015847828148,68.48960720000002,36.37005020450424,10.285343384795695,,
2021-07-188,Sumedang,29.01868747149835,46.798852280000006,34.06164440709144,9.682316546013016,,
2021-07-204,Bandung,27.108565796401464,45.82129856000006,33.375730531949124,40.23983910240991,,
2021-07-204,Kota Tasikmalaya,30.262217015347396,39.89103385999999,35.06666199125005,74.72610445981147,,
2021-07-204,Tasikmalaya,26.438370518735574,46.70314772000006,30.870826612479206,88.77949844590351,,
2021-07-204,Ciamis,29.148725845762584,52.65392054000006,36.372964699009785,65.64678808169666,,
2021-07-204,Kota Banjar,33.99584288373962,48.95562289999998,38.686644815847266,21.790468527912303,,
2021-07-204,Cirebon,29.287573868579166,44.587393340000006,36.371070294061134,72.31381410704685,,
2021-07-204,Garut,24.604636827209266,50.565510320000044,30.123839719729855,38.91749648349044,,
2021-07-204,Indramayu,25.87380288806589,34.203448579999986,28.438966535496352,99.65208929743731,,
2021-07-204,Kota Bandung,31.54413741300337,40.17472952000003,35.30936558064784,10.553754741277562,,
2021-07-204,Kota Cirebon,28.162124529229484,30.488060840000003,29.712170300000025,98.23688929116247,,
2021-07-204,Kuningan,20.768934067425146,31.503212780000013,27.190836875874908,90.61472444410431,,
2021-07-204,Majalengka,24.18783634629744,34.610192960000006,29.062109023486197,74.30281381447779,,
2021-07-204,Sumedang,23.98224822623609,46.61086118000003,31.123597047037844,71.48710384028172,,
2021-08-220,Bandung,33.0082776730981,57.100764560000016,39.87058362966988,39.27819692551899,,
2021-08-220,Kota Tasikmalaya,35.44548060200871,46.737327919999984,41.81266071011058,18.446353722921938,,
2021-08-220,Tasikmalaya,31.722394310099293,51.420015320000005,36.062559831863,36.17070511656046,,
2021-08-220,Ciamis,32.640743451163566,59.869360760000006,37.874277706300454,50.52314797997779,,
2021-08-220,Kota Banjar,35.19295184629507,49.93317662000004,39.18184394074074,43.21109984743919,,
2021-08-220,Cirebon,37.031386503898354,53.631474260000005,43.31310986374087,29.353642188482187,,
2021-08-220,Garut,31.484510047672174,61.311765200000025,38.12301917636557,21.10946405848193,,
2021-08-220,Indramayu,34.48337099181961,73.99945544000002,40.622986081889685,48.91102814338832,,
2021-08-220,Kota Bandung,38.128927138885416,49.16070410000003,42.061292355329485,1.5174579139499913,,
2021-08-220,Kota Cirebon,40.7275221479594,46.23146096000005,44.56330568374407,25.836659687390767,,
2021-08-220,Kuningan,34.596964721205886,52.10361932000001,41.87238063572677,44.867940628190816,,
2021-08-220,Majalengka,36.850909854049284,76.63133084000003,43.37002578933903,37.559145747790716,,
2021-08-220,Subang,34.53893307501072,74.04730772000005,40.12017253105111,34.445322513519706,,
2021-08-220,Sumedang,34.10993774365801,51.71738306000003,41.1231969644735,26.724289306929528,,
2021-08-236,Bandung,19.77653732247702,35.591164700000036,26.122831151326675,77.13578380909225,,
2021-08-236,Kota Tasikmalaya,22.763943650338774,31.817670620000058,26.93549902775002,88.49448259579754,,
2021-08-236,Tasikmalaya,23.545254409501812,39.66886255999998,29.37051675420276,89.08855957342513,,
2021-08-236,Ciamis,21.89309807829102,42.83053106,28.871970334348234,77.97851752499386,,
2021-08-236,Kota Banjar,23.95303979330724,34.37776760000003,28.681622822235607,64.90651694373291,,
2021-08-236,Cirebon,23.506952711279354,40.02775466000003,32.87227000049795,68.26621724183497,,
2021-08-236,Garut,22.585207911197855,45.87256886,29.620979708758924,72.30747398485524,,
2021-08-236,Indramayu,17.437854656405175,53.55969584000002,26.377771255534874,91.28300435090367,,
2021-08-236,Kota Bandung,25.49158109807261,35.66636114000005,31.55822011520002,40.986556276643064,,
2021-08-236,Kota Cirebon,21.706626653015256,31.595499320000044,26.932586025388538,63.99744389200882,,
2021-08-236,Kuningan,18.349653329899162,35.874860360000014,28.127243858160135,78.54088017191631,,
2021-08-236,Majalengka,21.659811780426807,47.07571189999999,32.1231515575681,81.5356667629996,,
2021-08-236,Subang,9.896227793994472,13.599624020000022,12.536391932000026,99.68518985604679,,
2021-08-236,Sumedang,16.84259063246492,32.511528680000026,24.11952470839163,92.24984968045285,,
2021-09-252,Bandung,26.260802856385297,51.46786759999998,36.87753468179199,5.4572542807461035,,
2021-09-252,Kota Tasikmalaya,31.035019709429438,47.325227359999985,38.62487953902436,57.71283037417984,,
2021-09-252,Tasikmalaya,27.655398077222337,46.40919800000006,33.62381689838375,51.31409237303198,,
2021-09-252,Ciamis,29.235750127001577,55.251615740000034,35.62320988889563,51.536113345424106,,
2021-09-252,Kota Banjar,31.08835738296219,46.39210790000004,37.12157365328888,43.45526388065642,,
2021-09-252,Cirebon,40.95441221898543,57.179379020000056,47.873957524587,0.06049163281221488,,
2021-09-252,Garut,26.824133787995944,56.96404375999998,37.74507479956385,19.672150689238606,,
2021-09-252,Indramayu,35.5340909319311,84.92686537999998,45.742329554302735,19.272984977260847,,
2021-09-252,Kota Bandung,34.84813628356415,45.165038719999984,41.3723446511111,5.3764645986827,,
2021-09-252,Kota Cirebon,45.09945146464133,54.68422442000002,48.31123198325012,0.007547562965914015,,
2021-09-252,Kuningan,34.85381873714262,55.169583260000024,43.87531534124871,8.879359570951287,,
2021-09-252,Majalengka,38.467872966453704,86.82728450000002,47.73882101869085,6.036598260483917,,
2021-09-252,Subang,27.488544449815002,67.22835782000004,38.74768261052457,32.36345715443596,,
2021-09-252,Sumedang,31.91970486466229,56.61882374000004,42.12408241095521,1.044870020821669,,
2021-09-268,Bandung,37.54362356941202,67.27279208000004,47.62788729633685,59.19913844174225,,
2021-09-268,Kota Tasikmalaya,30.955695944453307,38.21962208000002,34.18346265750003,94.21604653134436,,
2021-09-268,Tasikmalaya,30.92806178462716,41.72992862000001,35.06304102349168,95.70056818853115,,
2021-09-268,Ciamis,31.836412404060525,49.170958160000055,35.37396384960739,86.85559402641384,,
2021-09-268,Kota Banjar,33.90806271627183,49.170958160000055,37.68525168409286,70.24029755695628,,
2021-09-268,Cirebon,40.47504119744897,54.103161020000016,47.12176891772002,23.63302177609866,,
2021-09-268,Garut,34.5668863915015,58.88497100000001,44.62317507902473,60.97682677034538,,
2021-09-268,Indramayu,42.63755947559878,85.78820642000005,50.73975590500773,31.14197640259188,,
2021-09-268,Kota Bandung,43.22153302906204,52.00107872000001,49.05554893570486,43.40611588030813,,
2021-09-268,Kota Cirebon,46.58575916769353,54.04505468000002,50.68887830560443,23.629288569674635,,
2021-09-268,Kuningan,35.623885217746846,52.22666804000005,42.62438070713925,67.27126506698585,,
2021-09-268,Majalengka,41.309809397296576,89.08317770000002,49.73814438962599,55.256531310502325,,
2021-09-268,Subang,38.362894156504595,74.38569170000005,46.62447376823611,50.46862434463548,,
2021-09-268,Sumedang,37.21428255798529,60.34446553999999,45.12349812725669,57.53154858201807,,
2021-10-284,Bandung,17.063216100626803,23.771651539999993,21.028379760909115,99.37743037467447,,
2021-10-284,Tasikmalaya,16.278723909532268,25.207219940000016,21.567628347716354,99.83252024801553,,
2021-10-284,Ciamis,20.416617197541918,29.288335820000043,24.056090247826106,99.22840609526963,,
2021-10-284,Cirebon,23.312639522020113,39.12197936000001,30.372406603098906,60.04610124766591,,
2021-10-284,Garut,16.90516817451567,27.309302240000022,23.927598702500013,99.83490941465665,,
2021-10-284,Indramayu,20.034227826977016,47.84134838,25.34518365636365,99.83658535024472,,
2021-10-284,Kota Cirebon,19.389194233939488,27.44260502000003,22.80710478655775,58.052568924048984,,
2021-10-284,Kuningan,18.380476537426585,36.91393844000004,25.873786498238047,60.902505870458754,,
2021-10-284,Subang,13.401232533378538,27.572489780000012,19.43896938800001,97.39199914457511,,
2021-10-300,Kota Tasikmalaya,23.195910858167963,27.55881770000002,27.28708511000002,99.94919996213379,,
2021-10-300,Tasikmalaya,20.12590525914676,30.08473448000001,26.130734015328475,99.58270023226288,,
2021-10-300,Ciamis,23.67000746983608,31.09646840000005,27.517801459999987,99.98472482358247,,
2021-10-300,Cirebon,24.91511119470127,43.10397266000001,34.37419163083181,91.03693324951072,,
2021-10-300,Garut,25.118269058072272,40.885677680000015,35.86844407684214,99.63384784138184,,
2021-10-300,Indramayu,29.789422482319022,72.12638048000002,42.745957664488955,92.75878116312019,,
2021-10-300,Kuningan,15.602415183756118,31.933883300000048,26.882815629666684,98.33106550960566,,
2021-10-300,Majalengka,22.570033357585338,35.461279940000054,31.56678795200002,99.23022176947404,,
2021-10-300,Sumedang,1.8796477454545646,3.892447220000008,3.817250779999995,99.99809449789585,,
2021-11-332,Bandung,17.87124810946761,43.85935508,26.872039472928016,65.66014383141507,,
2021-11-332,Tasikmalaya,10.43836431964631,24.506525839999995,19.129247947142865,98.80112413323045,,
2021-11-332,Ciamis,9.402068210305133,32.91827306000005,19.121490107722217,86.24178423184598,,
2021-11-332,Kota Banjar,-12.714247094285692,-8.778152919999968,-8.778152919999968,99.99522871750736,,
2021-11-332,Cirebon,2.06356586993077,12.936528140000007,8.819278905714295,99.61632539774156,,
2021-11-332,Garut,12.01861851381093,30.34450400000003,22.369098600700656,86.53740031750733,,
2021-11-332,Indramayu,9.164132963590514,46.28614928000002,20.741344379230057,87.18892168464491,,
2021-11-332,Kota Bandung,21.79623442394542,41.15228324000003,32.12558007514851,16.646554204521752,,
2021-11-332,Majalengka,6.731023168093228,31.03152602,16.625505327748595,92.07443751961875,,
2021-11-332,Subang,4.79758640783311,43.883281220000015,16.739766808866754,74.69416947324804,,
2021-11-332,Sumedang,6.010737256975864,34.86312644000003,20.242832901644817,66.61791894868556,,
2021-12-348,Bandung,22.079498982284417,46.180190659999994,29.62318521743871,50.44707836420926,,
2021-12-348,Kota Tasikmalaya,21.341482443997325,37.75477136000001,30.36944214200003,67.86734506501699,,
2021-12-348,Tasikmalaya,13.895667649800613,33.27032912000004,23.371338575251272,91.13592504033758,,
2021-12-348,Ciamis,18.56869574615211,47.913126799999986,30.246084198228825,82.0244874693402,,
2021-12-348,Kota Banjar,27.172063336976624,43.17233306000003,36.8807572028653,21.775895400657408,,
2021-12-348,Cirebon,19.510130314546473,38.411031200000025,30.737185414631934,91.40209584569867,,
2021-12-348,Garut,18.981710500822903,47.291047160000005,29.370499105237105,86.62474758327885,,
2021-12-348,Indramayu,11.072113142086414,37.82996780000002,16.84598295081404,99.73116734663087,,
2021-12-348,Kuningan,16.377989472056235,39.24161006000003,28.74278062414151,71.22979036476255,,
2021-12-348,Majalengka,15.765987484395632,28.734616580000022,23.377298214275765,98.11486485920983,,
2021-12-348,Subang,20.450820603294556,50.22029029999999,30.123495994413716,83.68206260581445,,
2021-12-348,Sumedang,12.566875092606397,30.009538040000052,19.37738236833937,89.6879973199152,,
2021-12-364,Bandung,14.123345441969747,25.976274439999997,19.374333932244923,96.24826211695402,,
2021-12-364,Kota Tasikmalaya,-2.7268357792486415,6.613191140000026,3.06530683631934,93.28953170212057,,
2021-12-364,Tasikmalaya,-4.509996819779109,13.76710700000001,4.120927047923141,62.798357103207,,
2021-12-364,Ciamis,-2.919699517344865,24.127125620000015,7.125388775937314,76.05486390306318,,
2021-12-364,Kota Banjar,-5.357411877166364,11.343730820000019,2.626116335194024,51.654321251653066,,
2021-12-364,Garut,1.4524021977144834,21.221808620000047,11.371385580661928,83.60568892268891,,
2021-12-364,Kuningan,7.931122673293838,22.39760750000005,15.307150626054344,96.6528146802354,,
2021-12-364,Majalengka,12.818844389199262,27.569071760000043,22.221766830727507,93.27256780429022,,
2022-01-31,Bandung,13.411440816649629,42.44771281999999,19.240261377530246,77.18587813448623,,
2022-01-31,Kota Tasikmalaya,6.309892618521335,21.672987260000014,12.685312358018365,54.78531262249018,,
2022-01-31,Tasikmalaya,5.4608414926217455,21.895158560000027,13.371230915458684,71.67454175124318,,
2022-01-31,Ciamis,-2.167574337646655,17.130438679999997,7.377243215284679,92.2567301712519,,
2022-01-31,Kota Banjar,-8.683246230564963,-2.2258085799999776,-4.691642065246802,96.83472317540208,,
2022-01-31,Cirebon,9.308840041029196,23.96989670000005,16.376045804237048,75.07565717499999,,
2022-01-31,Garut,13.81588833126817,36.3943994,21.122234475834556,47.07451025026072,,
2022-01-31,Indramayu,0.3388874618038649,11.856433820000007,5.153696599999989,99.94587955898558,,
2022-01-31,Kota Bandung,25.773469737917367,39.28946234,32.12379182585367,45.666713025073584,,
2022-01-31,Kota Cirebon,7.217648010732463,14.877963500000021,10.466990267326647,63.90957644655211,,
2022-01-31,Kuningan,4.071221302206566,20.69885155999998,14.61971870149069,91.07422653737216,,
2022-01-31,Majalengka,8.757105531802589,25.66523461999998,16.743037894893913,76.9564818044143,,
2022-01-31,Subang,11.0301957398192,23.16324398000006,16.372428061354597,89.3808600396819,,
2022-01-31,Sumedang,10.099491934325362,20.114370140000005,14.12046960499942,87.88131435108751,,
2022-02-47,Bandung,31.55668784029362,55.09096880000004,39.12326165487967,58.44590179784146,,
2022-02-47,Kota Tasikmalaya,30.769580526795796,41.40521672,35.31534816140398,82.93425763397747,,
2022-02-47,Tasikmalaya,29.413938315258783,46.85354060000003,33.11934500301927,80.65858735149482,,
2022-02-47,Ciamis,30.920927505478936,61.578370759999984,35.6212789358719,58.99181669731806,,
2022-02-47,Kota Banjar,32.06507249040037,42.639121939999995,35.437460505469964,61.09566020449684,,
2022-02-47,Cirebon,34.702416534843294,50.24421644000006,40.748372312305804,30.30570751623638,,
2022-02-47,Garut,29.816412569546472,45.73584806000002,35.1252023608354,77.13091210820032,,
2022-02-47,Indramayu,36.26940067665003,78.02246498,42.37384193110102,1.7943739664085265,,
2022-02-47,Kota Bandung,37.973612537038726,48.84282824000002,43.18639440381406,7.049272578045823,,
2022-02-47,Kota Cirebon,40.47974191171955,50.07331543999999,46.30686937023258,36.62307431083842,,
2022-02-47,Kuningan,31.128646347474557,44.77880246000001,37.24448092470709,37.76063743491782,,
2022-02-47,Majalengka,34.42456831166629,74.66255132000003,40.87212212261488,31.036146192587523,,
2022-02-47,Subang,35.69621730998833,74.57368280000003,41.36993491896469,16.043897413926246,,
2022-02-47,Sumedang,32.937591081899924,49.909250480000026,37.62040804515761,40.87685242373726,,
2022-03-63,Kota Tasikmalaya,22.71770642577838,27.99974228000002,26.523157640000022,99.70605779616342,,
2022-03-63,Tasikmalaya,17.083899532341583,35.83384411999998,25.124001864743583,90.839914745119,,
2022-03-63,Ciamis,16.935843580849497,35.53305836000004,24.37120359492065,86.90836381644829,,
2022-03-63,Cirebon,17.60482628655563,28.847411240000042,24.565394549183512,97.71884807509662,,
2022-03-63,Garut,13.59634389364102,34.65804523999998,20.369791769091805,96.12203285624663,,
2022-03-63,Indramayu,18.485893592602707,50.55183824000005,26.121308426654075,97.57649757378445,,
2022-03-63,Kuningan,14.104919727489014,16.836488959999997,15.654521974755259,99.97513340339839,,
2022-03-63,Majalengka,20.164947220508303,50.98592678,28.880362106745785,98.85102412896192,,
2022-03-79,Bandung,30.246579901285696,56.451340759999994,38.37411334879289,19.356278241604254,,
2022-03-79,Kota Tasikmalaya,28.366813874351937,41.82905119999998,37.24704825668878,90.313761137933,,
2022-03-79,Tasikmalaya,28.70363287064545,48.76421377999998,37.732730030046504,67.01138128282757,,
2022-03-79,Ciamis,24.093754234885157,45.77344628000003,32.237387172090415,84.86534788116946,,
2022-03-79,Cirebon,29.334677673043277,47.67728341999998,38.481484706610274,27.499409098183307,,
2022-03-79,Garut,30.0219102541123,58.82686466000001,39.243236368809626,35.89371635035284,,
2022-03-79,Indramayu,34.743442996153135,79.29738644000003,42.7398667641316,4.3280001006016136,,
2022-03-79,Kota Bandung,32.94961659479124,45.028317920000006,41.37656004032003,42.651448363523286,,
2022-03-79,Kota Cirebon,38.72341051187254,47.619177079999986,43.81580677823401,0.0,,
2022-03-79,Kuningan,21.89885898525393,37.35486302000004,30.469541676905443,88.15355515782309,,
2022-03-79,Majalengka,29.962362552475167,70.55750929999999,39.44715830953024,53.380225519743185,,
2022-03-79,Subang,35.233945580604335,76.83983006000005,43.7410618570677,41.363612199410994,,
2022-03-79,Sumedang,24.16442601858601,50.435625560000005,38.747386109210915,82.28159006942975,,
2022-04-95,Bandung,34.29052102091921,59.41818211999998,41.62326379743725,47.385467055386854,,
2022-04-95,Kota Tasikmalaya,34.102819522660305,48.039593540000055,41.81064995106665,8.858255272281278,,
2022-04-95,Tasikmalaya,31.17254861477001,50.81844380000001,36.12186773537342,35.20406149626229,,
2022-04-95,Ciamis,31.181021440654696,58.32099770000002,36.372030031234594,40.584926461927644,,
2022-04-95,Kota Banjar,34.44194238751813,50.09382356000003,39.43459362726456,3.230553849669849,,
2022-04-95,Cirebon,39.725907233906234,57.596377459999985,45.623070095822406,17.30611623287765,,
2022-04-95,Garut,31.516011523669118,60.361555640000006,38.12260057218612,42.82513832263427,,
2022-04-95,Indramayu,42.702155671873605,83.44686272000001,48.45030313875326,20.155049791950898,,
2022-04-95,Kota Bandung,41.47981952164348,53.43664712000003,47.06518560831863,24.64813298238911,,
2022-04-95,Kota Cirebon,42.13871449657906,51.03377906000003,48.31444151421019,37.59065215087784,,
2022-04-95,Kuningan,32.88414054918248,48.162642259999984,39.62343066494303,52.63498464710386,,
2022-04-95,Majalengka,39.31672553349332,77.18163206000003,45.234802167964915,28.732211761925075,,
2022-04-95,Subang,38.87602509747355,80.17239956000003,44.73592238679446,52.01552330604194,,
2022-04-95,Sumedang,35.68729571629422,60.04367978000005,41.37268987788917,33.10055426765145,,
2022-05-127,Bandung,22.98219915870521,59.951393240000016,30.62724864134325,72.12484843919403,,
2022-05-127,Kota Tasikmalaya,32.46755371133595,45.49658666000005,39.93654307469299,27.310466853184362,,
2022-05-127,Tasikmalaya,27.895843780966704,46.28273125999999,32.87201536872925,42.57066585947722,,
2022-05-127,Ciamis,27.952695908101592,52.01816882000003,33.873428938865906,41.746720360178315,,
2022-05-127,Kota Banjar,31.463319041323256,45.18212882,37.31043485800236,38.958387600546054,,
2022-05-127,Cirebon,32.728465818144386,51.78232544000002,39.373113911349435,21.448627635827428,,
2022-05-127,Garut,25.878447722146753,56.78288870000006,32.62195662600222,47.37287140533334,,
2022-05-127,Indramayu,35.96432297165393,74.91548480000006,41.23527928801179,26.696675635109298,,
2022-05-127,Kota Bandung,28.486048998705,39.901287920000016,33.810243055463005,31.20753265052773,,
2022-05-127,Kota Cirebon,34.93794552423465,43.33981604000002,40.06137023767792,1.5811009812621135,,
2022-05-127,Kuningan,30.965655765862937,47.058621800000026,36.87379653175109,29.092482209554788,,
2022-05-127,Majalengka,31.745430483536268,70.12000274000002,39.12063363673946,30.355880705791545,,
2022-05-127,Subang,28.414335252938848,65.72442902,38.2375449305825,45.74177196321201,,
2022-05-127,Sumedang,27.84737230757873,46.22120690000003,36.87427177560246,23.89567684166145,,
2022-05-143,Bandung,19.98426119381641,42.61861382000001,27.869874388921037,77.72732247257487,,
2022-05-143,Tasikmalaya,15.69854095520422,43.99265786000001,32.49383189190097,92.5180713343018,,
2022-05-143,Ciamis,15.06808054801526,36.428579600000035,25.870386305697544,94.36216950985565,,
2022-05-143,Kota Banjar,6.533550262751496,7.912038740000014,7.912038740000014,99.97626387196927,,
2022-05-143,Cirebon,22.8876164758916,40.46526122,33.123680008902454,68.45770582996596,,
2022-05-143,Garut,20.19560879516739,47.256866960000025,29.458751299133915,50.369481655430214,,
2022-05-143,Indramayu,-11.404331619999978,-10.145360919999973,-10.145360919999973,99.99932993472605,,
2022-05-143,Kota Bandung,26.229502541994602,39.921796040000004,33.437335648727284,25.383969310617488,,
2022-05-143,Kota Cirebon,22.948679386136444,35.153658140000005,30.435098040774584,27.83962504101829,,
2022-05-143,Kuningan,23.436928387193877,38.97158648000004,31.12142293737186,91.57363051284588,,
2022-05-143,Majalengka,18.353784254586326,40.15763942000001,28.62244014879298,67.63985947736427,,
2022-05-143,Subang,9.90451396719156,24.950868440000022,16.69226842679613,94.43523715478621,,
2022-05-143,Sumedang,18.20955160214665,39.37491283999998,26.11943284279511,74.79356868063397,,
2022-06-159,Bandung,20.24119641909037,32.86358474000002,24.68730718528273,86.10399637188236,,
2022-06-159,Kota Tasikmalaya,17.445965275726177,28.796140939999987,23.189606368297905,91.98020919943747,,
2022-06-159,Tasikmalaya,14.148886660890794,35.01010130000003,22.62180115564276,70.65086202698666,,
2022-06-159,Ciamis,15.200057981667705,37.50183788000004,24.873949819244164,55.12566784574755,,
2022-06-159,Kota Banjar,21.683726015057974,40.294360220000044,33.12721257083236,18.04342668964542,,
2022-06-159,Cirebon,6.918264522261506,8.458921939999982,8.277407088421066,99.94987076988036,,
2022-06-159,Garut,12.505267867220509,22.483058000000028,17.56388504654547,99.24755007706983,,
2022-06-159,Indramayu,16.096942540591446,58.642291580000006,32.23919209174086,89.57616408749361,,
2022-06-159,Kota Bandung,17.92020312725048,25.37812094000003,21.782626824615402,92.74819458549972,,
2022-06-159,Kuningan,7.075641146388134,17.335519879999993,9.81325782212768,99.21617344907546,,
2022-06-159,Majalengka,12.977823577089463,29.240483540000014,21.870327714899958,89.29132352772784,,
2022-06-159,Subang,19.50959824233337,46.75783604000003,30.23671534479107,50.42761960941342,,
2022-06-159,Sumedang,10.757319491167063,26.59493606000001,20.120443288596505,83.0500114753571,,
2022-06-175,Bandung,19.875289483381582,31.469032580000032,26.05784060053546,96.90558673133424,,
2022-06-175,Tasikmalaya,14.669160456000021,16.662169940000013,16.011037130000005,99.99693061628831,,
2022-06-175,Ciamis,17.451008466123312,22.10365778000005,19.774277150000017,99.66095870290071,,
2022-06-175,Cirebon,21.740140248714194,34.64779118000001,27.741694889775133,54.24477392095791,,
2022-06-175,Garut,19.781264308010822,34.14192422000002,24.622316484966095,96.75628466964658,,
2022-06-175,Indramayu,21.828284046164704,57.596377459999985,27.733157657600266,77.91055676656157,,
2022-06-175,Kota Bandung,23.604219046578947,33.19171466,30.434161293846167,93.00245341800635,,
2022-06-175,Kota Cirebon,26.169769762782128,34.30940720000001,30.434070075102056,21.640106151293445,,
2022-06-175,Kuningan,23.91550813340099,39.556067900000016,31.371933893909976,50.813326709830534,,
2022-06-175,Majalengka,21.882281618958487,52.45909340000003,29.372159568536425,51.244842647197956,,
2022-06-175,Subang,19.59480290068755,35.76548372000002,25.62217775986608,75.88765708942994,,
2022-06-175,Sumedang,20.580867089219247,37.953016520000006,28.123872962202654,45.97663069575342,,
2022-07-191,Bandung,26.66550328541276,39.81241940000001,32.689791569230785,97.83850666301386,,
2022-07-191,Ciamis,29.730185830717303,50.52449408000001,36.12381326597152,92.17179304913708,,
2022-07-191,Kota Banjar,32.190875328331,44.898433160000025,36.313732164216795,63.50742455660146,,
2022-07-191,Cirebon,34.25616862088809,49.82379997999999,40.37437863340657,67.11773653921628,,
2022-07-191,Garut,23.58831841796294,38.95107836,26.93866482030891,98.67992765283162,,
2022-07-191,Indramayu,33.08043692819054,71.59316936000005,39.245553804714,54.54326129970891,,
2022-07-191,Kota Cirebon,38.94685957432692,47.06545784000002,43.93835973216713,4.3836541688890005,,
2022-07-191,Kuningan,29.907878629060477,43.476536839999994,35.81248499081537,58.54963991418934,,
2022-07-191,Majalengka,28.427850768739074,43.322725940000055,33.312871545674405,79.57387717060341,,
2022-07-191,Subang,33.27554576360693,65.84064169999999,38.626135531588176,80.24139276063565,,
2022-07-191,Sumedang,27.073225854536485,39.5389778,31.810758500135943,86.15346482350049,,
2022-07-207,Bandung,24.57407734477378,62.559342500000014,30.871165626485833,2.4588706513838257,,
2022-07-207,Kota Tasikmalaya,26.442642517478582,37.84022186000004,32.68614929000013,44.43040048845892,,
2022-07-207,Tasikmalaya,24.480008583502116,44.621573539999986,29.36849264454988,28.039673080435755,,
2022-07-207,Ciamis,24.677931399328337,56.871757220000006,31.624180736179486,39.412754886882304,,
2022-07-207,Kota Banjar,29.929312595157423,44.80956464000002,34.43314252261932,31.920395762513078,,
2022-07-207,Cirebon,31.716507589125452,46.68605762000004,37.371710989488044,0.042417601931831105,,
2022-07-207,Garut,23.779119013919694,64.30936874000002,30.37210668968684,1.0646596624275506,,
2022-07-207,Indramayu,30.582110558538982,69.24157160000004,35.87212887632713,0.26223363282751566,,
2022-07-207,Kota Bandung,32.292921288953,41.295840080000005,35.812491474355525,0.4826490709783648,,
2022-07-207,Kota Cirebon,36.283083969649454,44.33104184000001,40.30965265180214,0.0025158543219713394,,
2022-07-207,Kuningan,28.002584903426598,43.23385742000005,35.12351557985979,5.413510111023517,,
2022-07-207,Majalengka,27.07515620122205,75.07954976000002,34.873880341135525,0.6761512663087765,,
2022-07-207,Subang,28.16411384014226,66.93099008000002,34.37231529244633,3.420247653372842,,
2022-07-207,Sumedang,24.502831881940168,43.555151300000034,31.6227331973051,2.628239012217055,,
2022-08-223,Bandung,31.058601129398554,54.038218640000025,37.87569443686054,72.75616275724767,,
2022-08-223,Tasikmalaya,28.742085761757963,39.13906946000003,32.81076405053739,98.24184791546894,,
2022-08-223,Ciamis,27.120994728588766,40.69426856000001,30.436940922367345,92.26890662791865,,
2022-08-223,Kota Banjar,29.331204512213862,38.899808060000055,33.05984524322583,72.30779984403117,,
2022-08-223,Cirebon,35.274689937687675,73.56536690000001,41.621336833551695,48.398445598611964,,
2022-08-223,Garut,30.623975664601527,46.20069878000004,36.626119617540006,90.1983284690732,,
2022-08-223,Indramayu,36.56914259557439,77.47558178000003,41.87247251743477,16.763391893863787,,
2022-08-223,Kota Bandung,38.44162057516268,48.14555216000002,42.062836123865885,2.3310118454067816,,
2022-08-223,Kota Cirebon,41.18807404000529,48.138716120000026,45.30957824545905,14.195890534487843,,
2022-08-223,Kuningan,33.73735199300789,47.33548142000001,40.18626336691047,69.61814199055226,,
2022-08-223,Majalengka,34.96321616808867,73.62005522000004,41.11951409758008,48.61444773829378,,
2022-08-223,Subang,33.966451519707306,74.53950259999999,39.37239158546226,32.771162193558226,,
2022-08-223,Sumedang,32.367907762967484,53.76819506000004,38.37320575106294,35.6240685598886,,
2022-08-239,Bandung,29.44160827421355,54.27748004,37.87192130630988,23.10027466693966,,
2022-08-239,Kota Tasikmalaya,33.2909186183872,49.52985025999999,41.871923872587885,46.87470426523377,,
2022-08-239,Tasikmalaya,25.609934544352313,45.28808744000003,32.74298370866511,68.80433549767197,,
2022-08-239,Ciamis,26.857903768262254,49.440981739999984,34.24199812212618,55.154818464547006,,
2022-08-239,Kota Banjar,33.928977167375805,49.25982668000006,39.55843422153846,18.27989786515177,,
2022-08-239,Cirebon,36.04114097975289,52.44200330000001,44.372968408333506,35.20759982329839,,
2022-08-239,Garut,27.18320733596306,54.73207669999999,34.74320887835034,30.330446711303377,,
2022-08-239,Indramayu,34.52770369660207,79.55031991999999,43.23764000961879,43.444540500871426,,
2022-08-239,Kota Bandung,35.53345224978553,44.79931058,40.69001261609511,4.715618934353065,,
2022-08-239,Kota Cirebon,39.21219858303161,49.08208964000005,43.87550491806023,51.191449410313325,,
2022-08-239,Kuningan,31.77847210723917,49.22906450000005,40.123571343335705,12.425411253780537,,
2022-08-239,Majalengka,30.78490108357856,79.55031991999999,42.24449616388492,30.264108480644015,,
2022-08-239,Subang,25.58652760623478,55.51822130000005,35.24523050752358,56.90636345485114,,
2022-08-239,Sumedang,23.36563086698348,50.025463160000015,35.48263496349503,46.965317955070105,,
2022-09-255,Bandung,30.78678939237808,65.5330199,38.12391847181278,65.35211013896705,,
2022-09-255,Kota Tasikmalaya,31.626351315596928,41.86323140000002,37.19008418241126,35.592907764209045,,
2022-09-255,Tasikmalaya,28.39560368268553,42.129836960000034,33.873252138376195,74.23341794070583,,
2022-09-255,Ciamis,30.146691957526695,46.92873703999999,35.12282088024996,62.49878636637233,,
2022-09-255,Kota Banjar,33.1862080846086,45.93409322000002,38.31505716954363,16.024163806013277,,
2022-09-255,Cirebon,32.337007532793585,48.25834682000004,37.8698486478388,60.587708453093406,,
2022-09-255,Garut,29.51133759934267,48.26518285999998,35.237435577553384,78.15768823391801,,
2022-09-255,Indramayu,32.61185583631956,78.77101135999999,40.7426081475568,63.37232307389237,,
2022-09-255,Kota Bandung,36.066149589505706,48.07035572000001,41.31064785993608,48.872776907659116,,
2022-09-255,Kota Cirebon,33.56916713953195,41.62738802000001,37.8079042606401,36.80442301002345,,
2022-09-255,Kuningan,28.69464509140854,40.85491550000006,33.873199748360506,74.48239071109289,,
2022-09-255,Majalengka,33.323511989248395,78.13867765999998,40.732242332784715,71.58329374290477,,
2022-09-255,Subang,31.266966249109785,61.540772540000034,37.371438250330435,52.83135423574264,,
2022-09-255,Sumedang,30.119091031550663,49.437563720000014,36.121708232951725,68.46741967067723,,
2022-09-271,Bandung,35.205861683658846,72.88176290000001,45.37235524905678,20.077774964318337,,
2022-09-271,Kota Tasikmalaya,34.30743815924633,46.84328654000001,40.812737925019334,73.67705060196255,,
2022-09-271,Tasikmalaya,30.939268334381392,50.55183824000005,36.3719777320698,77.3974625160108,,
2022-09-271,Ciamis,31.072739580504265,51.52939196,36.37094910392926,69.55955192193278,,
2022-09-271,Kota Banjar,33.09913383808998,45.165038719999984,37.5617803987225,53.648006318942144,,
2022-09-271,Cirebon,43.16655217848921,60.935783000000015,50.3730041279002,0.7824515337905039,,
2022-09-271,Garut,32.182865257242135,67.50521744000002,40.87452427402279,48.309391215748356,,
2022-09-271,Indramayu,44.10885434847837,93.63256232000003,52.243504995875085,4.796215453477395,,
2022-09-271,Kota Bandung,45.57653645583247,56.45817680000005,50.81249827862067,0.013451634568780688,,
2022-09-271,Kota Cirebon,48.095373944468044,57.43914854000002,51.43948288429438,0.002515854321971344,,
2022-09-271,Kuningan,36.130090474180015,55.350738320000005,44.62147875688186,12.458451289448739,,
2022-09-271,Majalengka,41.844018501421196,91.11689960000001,52.23895073220726,13.085139253162495,,
2022-09-271,Subang,39.100159673409124,87.19984868000006,48.743137650779275,11.710101928741759,,
2022-09-271,Sumedang,37.09896643489714,58.57051316000002,46.37270890166808,2.8796142537318015,,
2022-10-287,Bandung,32.801064525877315,54.84828937999998,40.37802577578802,51.93267280189902,,
2022-10-287,Kota Tasikmalaya,26.652980896011762,28.994386100000042,28.59105973999999,99.93315016121655,,
2022-10-287,Tasikmalaya,27.707915414789817,36.60289862000002,32.061455003362056,98.48771116794879,,
2022-10-287,Ciamis,29.62697296393011,46.06055995999998,36.62682475999998,99.9239248083018,,
2022-10-287,Garut,30.602862234748006,46.95949922,36.121219024491445,77.2382559674186,,
2022-10-287,Indramayu,31.742287014617563,62.83620212000005,39.38110020467155,98.90048809284528,,
2022-10-287,Kota Bandung,39.32186975704612,49.75543958000003,43.93704079627003,6.5762734093222734,,
2022-10-287,Majalengka,31.287205982595818,62.43629378000003,37.12914815125099,93.55865965566316,,
2022-10-287,Subang,33.51827110635269,69.02281832000006,41.125337872569304,57.13501213153845,,
2022-10-287,Sumedang,31.193124818556633,60.50169446000001,37.12389512056874,52.780184633122474,,
2022-10-303,Bandung,26.18131451866607,65.50909376000004,35.376801657905006,23.351923000059966,,
2022-10-303,Kota Tasikmalaya,21.1492163857143,22.8761303,22.732573460000026,99.99185648247946,,
2022-10-303,Tasikmalaya,21.525923933531683,32.41924214000005,25.55973441078003,87.88604364493516,,
2022-10-303,Ciamis,21.86600339122234,38.04872108000001,29.87679310872454,88.96539828035782,,
2022-10-303,Kota Banjar,24.13210729214946,40.69085054000004,30.624789949366185,78.00590596564008,,
2022-10-303,Cirebon,26.134714855108328,41.880321500000036,34.12349603801717,20.93533252208704,,
2022-10-303,Garut,24.601694737340683,59.80100035999999,30.871704332599663,61.84029390689951,,
2022-10-303,Indramayu,29.980722941558888,69.48425101999999,37.12434362733112,9.862049317771193,,
2022-10-303,Kota Bandung,35.17412202167306,45.17529278000001,40.81165724193057,3.0492678082121896,,
2022-10-303,Kota Cirebon,33.746545686891125,41.904247639999994,38.688231384108455,0.017610980253799376,,
2022-10-303,Kuningan,24.530539735543755,41.39838068000006,31.625021913764773,34.50808452412188,,
2022-10-303,Majalengka,24.264176446235155,75.31881116,32.747066486366336,15.478575338723463,,
2022-10-303,Subang,29.613929903267458,68.46226304000004,36.36999011598514,2.7973026878021776,,
2022-10-303,Sumedang,25.82070047942726,52.028422879999994,31.873029639186665,11.8794089305021,,
2022-11-319,Kota Tasikmalaya,17.825201473357275,32.94561722000003,27.627988637181236,57.72061499905141,,
2022-11-319,Tasikmalaya,14.463399851943022,32.14238252000001,24.36967058046441,95.93085354965643,,
2022-11-319,Ciamis,10.482070113884044,31.81425260000003,20.61923803882055,74.06769149633232,,
2022-11-319,Kota Banjar,0.23239558368414592,12.30419444000006,7.559399370832891,87.28015113070705,,
2022-11-319,Cirebon,14.795116466767336,29.82154694000002,22.37393413922177,79.88928098338958,,
2022-11-319,Garut,19.01958568089856,33.28741922000006,25.87230515682017,94.57723372354002,,
2022-11-319,Indramayu,21.62693408285495,65.44756940000002,30.239560018018366,63.64198165991395,,
2022-11-319,Kuningan,6.985152158912173,21.67640528000004,14.619893957015321,86.43383529477585,,
2022-11-319,Majalengka,19.039380892385932,53.01623066000002,27.37145872737165,64.7831032357244,,
2022-11-319,Subang,23.429167758349696,70.11316670000002,33.74091181921927,60.09294008847624,,
2022-11-319,Sumedang,20.827971967789548,40.10978713999998,28.124258159941554,57.884941439810454,,
2022-12-335,Bandung,35.732743464842294,68.32554224,46.12216313725779,39.18219115651082,,
2022-12-335,Kota Tasikmalaya,36.44404756565262,51.78916148000002,44.62397054594674,25.839546852408812,,
2022-12-335,Tasikmalaya,29.8809441386384,52.89659996,35.87360483548259,72.79402008408374,,
2022-12-335,Ciamis,31.156044569893776,57.84589291999998,37.240654917731035,73.12377636325071,,
2022-12-335,Kota Banjar,31.320188347456785,43.391086340000015,36.12234723158903,82.65726487901728,,
2022-12-335,Cirebon,28.967932742823706,45.21972704000001,35.61754706765102,88.70658396398402,,
2022-12-335,Garut,30.4062918792227,71.05654021999999,37.74239208654982,66.41695981867831,,
2022-12-335,Indramayu,25.211126421076717,36.021835220000014,30.69799254583556,98.97459991974684,,
2022-12-335,Kota Bandung,45.85168334857025,60.76830002000003,51.624903567258094,3.692244162219343,,
2022-12-335,Kota Cirebon,30.800133437770672,34.55550463999998,32.76275315000001,99.72278245200489,,
2022-12-335,Kuningan,28.599490892522972,43.25436553999998,36.36882627914896,91.90641272630401,,
2022-12-335,Majalengka,28.92246578381468,54.86196146000003,37.871300380451466,75.40404909789224,,
2022-12-335,Subang,22.263347167087204,27.487039279999976,27.02834099600002,99.94853003953648,,
2022-12-335,Sumedang,31.10278809478008,65.57403613999998,39.74562505979082,63.16684970884398,,
2022-12-351,Bandung,31.96390420910172,57.78778657999999,40.374629707309,13.441981781168732,,
2022-12-351,Kota Tasikmalaya,34.89010879369843,45.08300624000003,39.68861169365818,33.76957495172625,,
2022-12-351,Tasikmalaya,32.64690611622098,55.07729672000005,37.123866428866826,33.381085498904405,,
2022-12-351,Ciamis,33.41201919237367,64.33329488000004,39.62317938651085,34.045748736144645,,
2022-12-351,Kota Banjar,37.08800802042633,52.141217540000014,41.69115577920796,8.483046243350097,,
2022-12-351,Cirebon,42.29233349918491,57.497254880000014,48.12327191650684,2.1311049590975637,,
2022-12-351,Garut,31.884288469611494,61.41088778000005,37.37294574123901,20.790266273992508,,
2022-12-351,Indramayu,38.456185143025955,74.60444498000004,42.734831537743574,25.953014925142366,,
2022-12-351,Kota Bandung,40.48444800392015,53.26916414000004,45.18944280347466,0.11711243832770717,,
2022-12-351,Kota Cirebon,47.74285975734625,56.68718414,53.06218485560756,0.0025158543219713386,,
2022-12-351,Kuningan,35.31040539309741,52.811149460000024,42.238609227913074,14.261804150430205,,
2022-12-351,Majalengka,36.69599817683994,72.53312486000004,42.72037195931581,10.543257245019385,,
2022-12-351,Subang,35.641061068390464,74.56684675999998,40.871330626784996,10.169466461623546,,
2022-12-351,Sumedang,33.4766799774557,59.37374785999998,39.24148237397765,21.834801703668777,,
2023-01-02,Bandung,16.972112519316767,33.58478696000003,25.37439090157678,93.95850482624286,,
2023-01-02,Kota Tasikmalaya,12.057728003831093,17.656813759999977,16.18438785413319,99.35694801341131,,
2023-01-02,Tasikmalaya,11.340170457109874,40.345630519999986,25.242054041633903,81.02434046426914,,
2023-01-02,Ciamis,8.332939977281335,32.47393046000002,19.373557937157216,87.25804751298173,,
2023-01-02,Cirebon,12.786254826034462,25.791701360000047,19.12177615784952,63.81441685954832,,
2023-01-02,Garut,6.330762503770097,28.943115799999987,20.250324192652748,79.74058488405913,,
2023-01-02,Indramayu,7.586064779701631,43.63718377999999,18.25187962564379,80.26505361335109,,
2023-01-02,Kuningan,10.101751079175584,24.75945932000002,16.86690814005463,91.00389238800727,,
2023-01-02,Majalengka,10.53584238581366,31.995407660000012,18.73719800505348,62.8474175446176,,
2023-01-02,Subang,9.300875493507117,36.44908772000002,19.234593185720513,63.86818252847615,,
2023-01-02,Sumedang,6.424866975312286,23.009433080000008,14.624841938637074,69.77610855239932,,
2023-02-50,Bandung,31.345799267445617,55.938637760000006,39.12111866558246,64.7231900671955,,
2023-02-50,Kota Tasikmalaya,37.9892285744549,50.55183824000005,44.31366551283858,10.682304349330284,,
2023-02-50,Tasikmalaya,34.76361571381477,54.42103688000003,38.37109346745093,15.99454140265745,,
2023-02-50,Ciamis,34.40951575527843,62.28931892000003,39.23781685605024,19.67537468170783,,
2023-02-50,Kota Banjar,37.7078678545567,53.52893366000001,43.316599285611055,3.0468902130571403,,
2023-02-50,Cirebon,35.67061942066797,51.24569630000002,40.123817786848875,56.90920102586081,,
2023-02-50,Garut,32.73328834740146,74.49506833999999,38.23971317719149,24.119029216267375,,
2023-02-50,Indramayu,27.056900992164127,51.84726782000001,34.637514780000025,98.54131159625756,,
2023-02-50,Kota Bandung,39.42707357681951,51.16366382000001,44.559982421796796,41.723409170048235,,
2023-02-50,Kota Cirebon,39.00339462192372,47.26028498000005,43.568196699840236,53.36774232758157,,
2023-02-50,Kuningan,32.6934628164734,44.48827075999998,36.937187964448476,61.43064985039811,,
2023-02-50,Majalengka,32.791963403029015,47.157744380000054,37.43499644752745,74.3924567199674,,
2023-02-50,Subang,28.72853589746447,50.155347920000054,33.120904619223495,89.83773521566476,,
2023-02-50,Sumedang,32.23593589180456,54.37660262000003,36.87458907240608,78.77248555320314,,
2023-03-66,Bandung,31.61174397312117,60.67601348000005,41.37502180511598,15.031882222810555,,
2023-03-66,Kota Tasikmalaya,31.34577301568997,47.18508854000004,41.3696804872215,17.201172636108332,,
2023-03-66,Tasikmalaya,29.900227572160325,47.749061840000024,34.37061523613324,19.003800635292098,,
2023-03-66,Ciamis,27.72852904080082,62.733661520000055,35.242138679900066,26.558206993592627,,
2023-03-66,Kota Banjar,31.22697954425633,43.81492082,37.06493525586467,9.000451066622194,,
2023-03-66,Cirebon,30.29940554612498,44.12254261999999,36.87467577231485,33.01974911753035,,
2023-03-66,Garut,30.43340169940663,57.722844200000054,36.37092047866147,21.182914213515833,,
2023-03-66,Indramayu,30.28919781906992,65.11943947999998,36.23913777925921,56.32612418252862,,
2023-03-66,Kota Bandung,41.321676512896936,53.874153680000006,47.18530216624998,1.4233107182494908,,
2023-03-66,Kota Cirebon,37.83737838071587,46.39210790000004,42.935263117799074,25.082870268146646,,
2023-03-66,Kuningan,21.706090712536135,40.735284800000045,30.872708429572146,54.57876032792404,,
2023-03-66,Majalengka,31.942276549078084,64.07352536000002,36.87248573609302,32.749446425072506,,
2023-03-66,Subang,28.726665049810244,69.69616826000004,35.237312622212656,50.31797895602785,,
2023-03-66,Sumedang,31.16823954308251,56.55729938000002,36.36881648538874,35.37345914227368,,
2023-03-82,Bandung,15.129074816704078,18.784760360000007,17.155097252857168,99.89529722016226,,
2023-03-82,Kota Tasikmalaya,1.6276151460846828,6.3636756800000285,5.386121960000025,99.99076763868024,,
2023-03-82,Tasikmalaya,14.538917316576093,34.78451198000005,24.86868829745068,93.89649317521129,,
2023-03-82,Ciamis,20.212751296032586,41.13177512000004,34.624814137952285,94.38442910014314,,
2023-03-82,Kota Banjar,21.399391139088657,32.97979742000001,27.8560930610811,92.89023845052265,,
2023-03-82,Cirebon,24.58618423320228,46.85354060000003,32.12225636419351,51.98073081436304,,
2023-03-82,Garut,4.565959137827299,12.611816240000053,12.290522360000011,99.99827408135393,,
2023-03-82,Indramayu,24.0816970766514,62.40211357999999,33.74444244467284,64.80044996335643,,
2023-03-82,Kota Cirebon,33.00863222203069,42.99117799999999,40.371089776714086,61.60343584798398,,
2023-03-82,Kuningan,28.790974549088254,49.533268280000016,36.737367566565055,71.27433351754733,,
2023-03-82,Majalengka,21.615178478320676,46.4604683,28.62285665039344,91.33206058366159,,
2023-03-82,Subang,15.895439152868065,38.790431420000004,24.374314479261827,71.02572980058068,,
2023-03-82,Sumedang,17.841765360291763,36.87634022000003,28.121000608571464,89.46555989609482,,
2023-04-98,Bandung,31.700962600242402,56.940117620000024,40.12410956150098,38.69257664838226,,
2023-04-98,Kota Tasikmalaya,35.79785674641924,47.54056262000006,43.06168550494434,8.900216818302614,,
2023-04-98,Tasikmalaya,31.799644166654563,52.168561700000055,36.12199561411141,23.035647587041396,,
2023-04-98,Ciamis,30.919590737488676,63.817173860000025,37.73905458074186,29.273913368791664,,
2023-04-98,Kota Banjar,34.97296344600815,51.337982839999995,42.05786960422113,11.560192000684284,,
2023-04-98,Cirebon,37.367346348947315,53.467409299999986,43.37240437788292,18.234284647863007,,
2023-04-98,Garut,30.92866985075388,62.67555518000006,36.62225706708406,31.557657501653342,,
2023-04-98,Indramayu,36.83192681797587,78.18311191999999,42.124336162008014,9.294629918996986,,
2023-04-98,Kota Bandung,38.28904480767772,50.432207540000036,43.68818100829164,23.441097900292228,,
2023-04-98,Kota Cirebon,38.29433219128855,47.95414304000002,44.05349861600001,86.53952821515833,,
2023-04-98,Kuningan,31.353228846268465,48.84624626000004,38.1217126642752,34.388904522521045,,
2023-04-98,Majalengka,36.12130125498472,70.96425368000001,41.62215088808927,22.35715147531474,,
2023-04-98,Subang,35.184049300827716,78.39161114000001,41.37220155651483,11.404111263825266,,
2023-04-98,Sumedang,32.55511906692251,53.50158950000002,37.372072951746595,32.79673367547288,,
2023-04-114,Bandung,34.84908945659747,61.73901769999998,43.62211967894609,31.761842260176827,,
2023-04-114,Kota Tasikmalaya,36.75760646025067,50.12458574000004,42.939415502252096,47.315325590528545,,
2023-04-114,Tasikmalaya,33.72738867908847,49.77594770000002,38.119865408254036,59.39937601395155,,
2023-04-114,Ciamis,34.08567940422506,57.43231250000002,39.37375753300772,60.37016365487096,,
2023-04-114,Kota Banjar,37.45063119878502,49.69391522000001,42.314105436352285,28.66109393345459,,
2023-04-114,Cirebon,38.442192882389485,53.65881841999999,44.62387273685862,16.69665204818247,,
2023-04-114,Garut,33.54282839462106,64.68876896,39.621092300392164,37.34695241385164,,
2023-04-114,Indramayu,39.68734248817236,80.07327698000006,44.624124720256724,5.4336545572584845,,
2023-04-114,Kota Bandung,40.92799262611514,53.713506740000014,46.186205704999956,2.4263465825173958,,
2023-04-114,Kota Cirebon,43.2967711018442,51.00301688000002,47.81233597274459,7.165301100405079,,
2023-04-114,Kuningan,35.23140062331441,50.91756638000004,41.12226846564076,54.62849529995978,,
2023-04-114,Majalengka,38.701085840466156,74.25580694000001,44.37242124147595,22.55346656316138,,
2023-04-114,Subang,38.15032241607306,81.22173170000002,44.374533491384554,7.857470377858518,,
2023-04-114,Sumedang,35.522270841819854,56.92644554000003,41.87345393735125,19.125259909694467,,
2023-05-130,Bandung,31.57822734523087,55.40542664000003,40.121775119587625,10.64158130604604,,
2023-05-130,Kota Tasikmalaya,35.28118371061266,45.783700339999996,41.31150129997468,32.96920936785844,,
2023-05-130,Tasikmalaya,31.413527573348418,45.486332600000026,35.811510435845804,68.13865464661592,,
2023-05-130,Ciamis,32.30745720163658,52.26084824000003,37.62446148015146,58.883449659728825,,
2023-05-130,Kota Banjar,35.51130182192802,47.82084026000001,40.68920140690572,43.40300965015268,,
2023-05-130,Cirebon,35.8393599989517,46.82277842000002,40.56324324445963,22.28098993312811,,
2023-05-130,Garut,31.565081247485043,60.327375440000026,37.12177116269173,18.15977270592668,,
2023-05-130,Indramayu,35.73385583471712,70.93007348000003,40.23338542165293,41.55150643275101,,
2023-05-130,Kota Bandung,39.50436741137965,49.75202156,43.93613049663056,0.018012241119064524,,
2023-05-130,Kota Cirebon,38.7495896976608,45.88965896000002,42.56006077080309,22.095742168145474,,
2023-05-130,Kuningan,32.54665933249663,46.84328654000001,38.370753757310666,41.74283751149178,,
2023-05-130,Majalengka,34.76613863129594,69.38854646000004,40.3735169082445,36.466461273522114,,
2023-05-130,Subang,35.63847187033187,80.14505540000005,42.244123639597554,31.479719040160624,,
2023-05-130,Sumedang,33.290953069636366,54.626118080000026,38.121713929540675,7.210382825766358,,
2023-05-146,Bandung,29.83447772276706,60.37522772,38.12383967386265,13.172825363932924,,
2023-05-146,Kota Tasikmalaya,32.17213891086136,43.74314240000001,39.875395353997796,44.266655717399395,,
2023-05-146,Tasikmalaya,28.78223658043565,42.72457244000003,33.122001373265576,53.23618124467142,,
2023-05-146,Ciamis,30.25952447248504,61.592042839999976,35.874089486472286,42.59207261034386,,
2023-05-146,Kota Banjar,33.26975575698304,46.75783604000003,38.43381117760482,40.188285231811456,,
2023-05-146,Cirebon,36.12626984528014,49.29400687999998,41.62323815100014,9.32047534499766,,
2023-05-146,Garut,27.924399035025733,44.12596064000002,35.24122942652642,63.186978434143406,,
2023-05-146,Indramayu,36.815864608571296,72.66984566000002,40.62293303375421,1.768856165485378,,
2023-05-146,Kota Bandung,38.3705148605104,48.309617119999984,42.309457057837946,0.33495870565869523,,
2023-05-146,Kota Cirebon,41.540878529616265,48.1352981,45.15643643428772,0.0,,
2023-05-146,Kuningan,30.000208945662767,44.293443620000005,37.12341196198037,26.533762932460963,,
2023-05-146,Majalengka,33.42407451518935,69.44323478000001,39.62231975493624,7.30397803353182,,
2023-05-146,Subang,35.26501884660234,76.80223183999999,40.62369992525133,0.09629338866807044,,
2023-05-146,Sumedang,32.19005687393782,49.55377640000006,37.621234234840784,1.2038699622322908,,
2023-06-162,Bandung,28.779254009029604,51.65244068000004,36.37117678932414,0.6882491820167519,,
2023-06-162,Kota Tasikmalaya,31.97776770432974,43.71579824000003,39.06325045207142,42.598461856060446,,
2023-06-162,Tasikmalaya,29.03354956788839,47.287629140000035,32.810707133778266,44.076465385773496,,
2023-06-162,Ciamis,29.071468604299174,58.14326066000001,34.37359096508135,44.14642873313867,,
2023-06-162,Kota Banjar,32.16369474252436,48.69243535999999,36.3110078392729,37.14119187171261,,
2023-06-162,Cirebon,36.430678747267386,50.77059152000004,41.37235924711063,0.8305864312049065,,
2023-06-162,Garut,28.723767745468297,72.33487969999999,34.87124297521304,2.293464823098495,,
2023-06-162,Indramayu,36.34700882555159,73.90716889999999,40.62238331992499,0.001742893206613601,,
2023-06-162,Kota Bandung,36.02599794403441,45.58203716000003,40.06220369303365,0.709202789621136,,
2023-06-162,Kota Cirebon,40.84625240966843,48.54204248000002,44.31339821449394,0.010063417287885354,,
2023-06-162,Kuningan,31.516617288900807,45.88965896000002,37.81206538099599,3.529145065388967,,
2023-06-162,Majalengka,33.1338637457368,72.13321652000002,39.873099393198494,0.6388901524436306,,
2023-06-162,Subang,33.55629752825722,73.33635956,39.37154392867418,0.08984919927042995,,
2023-06-162,Sumedang,30.893513631260642,50.175856039999985,36.56071372951748,0.07805516307898394,,
2023-06-178,Bandung,31.357784916883286,51.75498128000004,37.121392321763764,54.456802862628926,,
2023-06-178,Ciamis,26.668548339002026,29.32935206000002,28.31420012000001,99.9934853903401,,
2023-06-178,Cirebon,38.03188997411135,52.77013322000005,43.311600397345636,1.9570169411859966,,
2023-06-178,Garut,29.234785755025747,45.752938159999985,36.56283624604653,97.95531742055013,,
2023-06-178,Indramayu,37.60548179181898,74.19428258000005,41.37043965456684,0.19805504074637564,,
2023-06-178,Kota Bandung,35.314672586466784,45.22998110000003,39.36788484597826,43.44222305461663,,
2023-06-178,Kota Cirebon,42.64313074005612,49.030819339999994,46.09475993292664,0.010063417287885358,,
2023-06-178,Kuningan,33.152679985490344,47.434604000000036,38.62364041044588,30.152382681857954,,
2023-06-178,Majalengka,35.30779237912984,74.55659270000001,40.6224904075243,30.245502477552506,,
2023-06-178,Subang,35.99044718549994,74.06097980000004,41.24150635131081,13.465611758605228,,
2023-06-178,Sumedang,31.699976968614173,45.53418488,36.62192779344303,30.817860116562855,,
2023-07-194,Bandung,28.113833643565982,67.70346260000002,35.62560708958004,0.6667247423049097,,
2023-07-194,Tasikmalaya,21.50131198288233,27.312720259999992,25.047354261714297,99.7941391761717,,
2023-07-194,Ciamis,23.059867333833473,27.29563016000003,25.660262954545466,99.93816359035395,,
2023-07-194,Cirebon,30.140551327462386,51.22860620000006,38.62618474014706,40.806565940662445,,
2023-07-194,Garut,26.00193262476717,61.294675100000006,34.372266542077895,36.30412526503377,,
2023-07-194,Indramayu,31.295489547387696,70.95399961999999,38.741015818859736,46.83653688543728,,
2023-07-194,Kota Bandung,35.080243419020185,44.293443620000005,39.688082960837285,0.06451478650444277,,
2023-07-194,Kota Cirebon,31.434078494079408,42.70406432000004,39.38273459919073,70.77962477660695,,
2023-07-194,Kuningan,29.558419271208994,45.605963299999985,36.62287619395682,21.277142887078046,,
2023-07-194,Majalengka,24.689227022219946,66.22345994,31.741698955481887,75.63747084802317,,
2023-07-194,Subang,28.617308640386238,72.25284722000004,36.244555261338014,57.51169856003303,,
2023-07-194,Sumedang,28.216073170761188,45.87256886,34.873148131234736,39.04955402804503,,
2023-07-210,Bandung,25.08871570093152,63.77957564000002,33.12304379216479,1.6207940874842093,,
2023-07-210,Kota Tasikmalaya,24.889623129253582,35.09555180000001,29.938607708507675,83.38699462763556,,
2023-07-210,Tasikmalaya,22.805158480849407,40.393482800000015,27.370689302179173,73.78299303622238,,
2023-07-210,Ciamis,24.674786802428333,54.40052876000004,29.370104345129832,81.19327028331517,,
2023-07-210,Kota Banjar,27.312524642417117,39.07412708000004,31.813239217185952,63.28743769433453,,
2023-07-210,Cirebon,33.1747958870966,77.63281070000005,38.23723928607908,1.208914332372363,,
2023-07-210,Garut,24.627049706537356,69.56286548000003,31.62499563400993,6.628641462181468,,
2023-07-210,Indramayu,33.08048039916478,77.14061582,38.73128843443397,1.1187216508856421,,
2023-07-210,Kota Bandung,33.457791762885634,42.81002294000001,36.81232366061592,0.052041838576931225,,
2023-07-210,Kota Cirebon,36.949134533488774,43.92771548000002,40.190575468367555,0.7433806886179395,,
2023-07-210,Kuningan,29.13147911074386,42.89205542000002,36.123162860646815,17.905614243951767,,
2023-07-210,Majalengka,31.39562917637778,75.80075198000003,37.86985611580917,12.638120471372382,,
2023-07-210,Subang,31.32664573833718,71.03603210000006,37.37231714889622,1.0779928778795222,,
2023-07-210,Sumedang,28.01538037851421,46.42287008000005,34.12237095801015,2.5874635315994947,,
2023-08-226,Bandung,29.391741530085515,52.794059360000006,37.3741584601337,0.5224022808857745,,
2023-08-226,Kota Tasikmalaya,27.08889001041723,40.936947980000014,32.81687950766584,73.68169795761942,,
2023-08-226,Tasikmalaya,24.41102607031032,42.96725186000003,31.23994701846316,68.9827767611602,,
2023-08-226,Ciamis,25.89234824344391,49.22564648000002,31.624335389093055,79.49674855529743,,
2023-08-226,Kota Banjar,29.779979755853795,44.64891770000003,33.557056583050866,73.24488507156582,,
2023-08-226,Cirebon,37.100828635108364,54.010874479999984,43.12024902732685,0.004872256912064712,,
2023-08-226,Garut,28.940512029273233,64.47685172000001,37.37449656264313,1.4403855593903088,,
2023-08-226,Indramayu,36.09982933860716,83.02644626000006,43.36908567804539,0.017197281887399347,,
2023-08-226,Kota Bandung,37.032737690836214,46.10841224000001,41.312809672884626,0.5564751752788403,,
2023-08-226,Kota Cirebon,41.450913221749474,49.734931459999984,44.30538437392548,0.0025158543219713394,,
2023-08-226,Kuningan,31.909046324054113,47.82084026000001,40.12362103239862,9.40781632894634,,
2023-08-226,Majalengka,34.79740178969323,84.91661132000002,43.23818420806906,0.4684278830599393,,
2023-08-226,Subang,34.31773014112858,80.80473326000003,42.12636149909129,0.4368419116507131,,
2023-08-226,Sumedang,32.13887302807311,48.798393980000014,39.56238445170524,0.005160819780835508,,
2023-08-242,Bandung,29.926531103017354,56.38981640000003,38.62500503726828,7.8617833269092845,,
2023-08-242,Kota Tasikmalaya,30.829338834575548,44.064436279999995,38.938158571483164,54.39559778627105,,
2023-08-242,Tasikmalaya,27.68861909433191,48.483936140000026,33.12317237821546,38.37613047040446,,
2023-08-242,Ciamis,28.532050439440447,57.63055766000002,35.37439540493894,63.28172253755473,,
2023-08-242,Kota Banjar,30.951927003106423,40.89934976000001,35.94313198025974,74.00593536850137,,
2023-08-242,Cirebon,35.64262687835648,54.50990539999998,43.37254650856487,10.98484289083188,,
2023-08-242,Garut,30.182940509192044,69.07750664000002,39.24577538678515,4.00820375572737,,
2023-08-242,Indramayu,35.41439448632339,78.43946342000004,43.74206211344661,13.366009715700066,,
2023-08-242,Kota Bandung,34.86672576262268,43.127898800000025,39.183677141725305,5.687418429900966,,
2023-08-242,Kota Cirebon,39.59833531306816,46.83303248000004,42.684555431463565,0.0025158543219713394,,
2023-08-242,Kuningan,32.80340613961174,49.59479264000004,41.37219575575412,25.944380863369304,,
2023-08-242,Majalengka,33.39981775787651,82.75984070000004,42.24320977351431,28.914261860172534,,
2023-08-242,Subang,34.388192566997866,81.92242580000004,42.24634027339583,3.1295463090402023,,
2023-08-242,Sumedang,31.899200731849255,47.865274520000014,39.12246962046722,38.00801178606149,,
2023-09-258,Bandung,32.81055667727492,53.76477704000001,40.87196814919131,6.9760972076227805,,
2023-09-258,Kota Tasikmalaya,26.756538544271542,30.122332700000015,29.240483540000014,99.92300079876425,,
2023-09-258,Tasikmalaya,29.392398946604562,46.97317129999999,33.120950331217564,82.86648974480384,,
2023-09-258,Ciamis,31.39717625147547,60.412825940000005,37.37313745234005,79.91856171596538,,
2023-09-258,Kota Banjar,33.19538114554535,43.182587119999994,37.81080552537503,72.30841730411841,,
2023-09-258,Cirebon,40.82678283537275,56.63249582000003,46.86990252868799,0.0030112965089535964,,
2023-09-258,Garut,32.33604904823637,60.42308000000003,41.123470487310406,29.60318214179869,,
2023-09-258,Indramayu,39.57743932895934,84.78330854000001,47.23695172050661,0.3776529914671049,,
2023-09-258,Kota Bandung,38.409016698352495,47.95756105999999,42.31647090500018,0.35640378962516356,,
2023-09-258,Kota Cirebon,44.91297537586156,53.299926320000054,47.56002954225531,0.0025158543219713377,,
2023-09-258,Kuningan,35.74232122792924,53.06066492000002,44.1236197831386,14.267607295132212,,
2023-09-258,Majalengka,38.185860603967946,82.94441377999999,46.74372021004817,17.262015070318604,,
2023-09-258,Subang,37.068386619180046,83.49813302000001,46.24484979691106,1.5946933291748364,,
2023-09-258,Sumedang,34.76523968440007,51.334564820000026,42.124102919018505,2.8931194291321267,,
2023-10-274,Bandung,34.1149828702568,58.51582484000005,44.87189932691976,0.08102112962232363,,
2023-10-274,Kota Tasikmalaya,35.010939995443735,49.170958160000055,44.06295666867902,52.324358355830604,,
2023-10-274,Tasikmalaya,31.315401438765377,53.631474260000005,37.372513199188745,49.57613696706608,,
2023-10-274,Ciamis,32.2810436776975,61.41430580000002,39.37443808381403,50.325821317913054,,
2023-10-274,Kota Banjar,36.36230098630333,50.19636416000003,42.06299104853658,52.48274419577491,,
2023-10-274,Cirebon,41.16976589549311,60.01291760000004,48.12255542558739,0.020724805385151215,,
2023-10-274,Garut,34.03573220835719,71.44277648000002,43.6228253207802,2.648479867082308,,
2023-10-274,Indramayu,40.28839488833074,88.73112164000003,49.74318483142887,0.8928174392985168,,
2023-10-274,Kota Bandung,43.92737476335451,53.057246899999996,48.06006470843237,0.01965658233770934,,
2023-10-274,Kota Cirebon,44.99233701039798,56.99822396000002,48.30993503655288,0.0,,
2023-10-274,Kuningan,37.16390548940368,55.938637760000006,46.373382396185306,6.47046898724345,,
2023-10-274,Majalengka,38.62873903879775,88.17398437999998,48.74700325489416,3.8190439786672283,,
2023-10-274,Subang,39.728188832966744,88.42008182000001,49.74791585283551,5.976254909630122E-4,,
2023-10-274,Sumedang,35.56627468555687,55.35415634000003,43.874372763802626,0.04551330836862146,,
2023-10-290,Bandung,39.48901081055947,63.31814294000003,49.37283834719993,13.225178702399287,,
2023-10-290,Kota Tasikmalaya,36.596042627083634,50.38777328000003,43.437973335174455,50.98077225029871,,
2023-10-290,Tasikmalaya,32.752703356755106,55.039698499999986,40.87320221707956,55.212105902934184,,
2023-10-290,Ciamis,33.59534825058605,62.19019634000006,40.37441352287192,40.024721170776246,,
2023-10-290,Kota Banjar,35.752847851010685,50.01179108000002,42.44126971582862,32.573513501593396,,
2023-10-290,Cirebon,47.3573201346674,63.82059188000005,53.871025415765224,0.05349479680611682,,
2023-10-290,Garut,37.19079467161615,70.06531442000005,49.12328395464948,10.24924170852797,,
2023-10-290,Indramayu,48.050249055411,97.11894272,57.237746181719785,0.0066090380034185235,,
2023-10-290,Kota Bandung,45.88521256065285,54.04505468000002,50.06430550813134,3.112840225814919,,
2023-10-290,Kota Cirebon,51.17866059679521,64.19999210000003,54.810865925024395,0.0,,
2023-10-290,Kuningan,40.67070544100825,63.74881346000001,52.1250522580428,2.1752453761634634,,
2023-10-290,Majalengka,46.48241323805584,96.40799456000002,57.23906524702796,0.0821436871928091,,
2023-10-290,Subang,44.34496726200773,93.88549580000006,53.742466480198885,0.05378083426338029,,
2023-10-290,Sumedang,42.875156289844256,66.99251444000004,53.123334929027585,0.31203383838415605,,
2023-11-306,Bandung,39.51106955773781,81.09184693999998,48.73816517168368,30.145651704185017,,
2023-11-306,Kota Tasikmalaya,38.66368783673645,52.08652921999999,46.43566046307579,42.34981160036838,,
2023-11-306,Tasikmalaya,34.87688788279935,59.20284686000002,41.62324785242993,54.91275379112292,,
2023-11-306,Ciamis,36.02981064965922,68.61949196,44.37426138690646,37.500968268177246,,
2023-11-306,Kota Banjar,40.66001873231089,58.49873474000003,47.62084053632472,47.17276118929224,,
2023-11-306,Cirebon,43.188044804310884,59.561738960000014,50.37168745213348,4.316994327912172,,
2023-11-306,Garut,36.73563347652565,86.54017082000001,47.74688006268727,28.771126966730282,,
2023-11-306,Indramayu,37.0075997381904,82.04205650000006,44.24777380782305,68.62702912121408,,
2023-11-306,Kota Bandung,46.722449627390404,55.95914588000005,51.060781418000055,0.001635992974597071,,
2023-11-306,Kota Cirebon,45.92246232827007,57.43231250000002,50.684191285591645,2.480898746039009,,
2023-11-306,Kuningan,38.17422414434531,55.98307202000001,48.12334405933428,12.21618793470184,,
2023-11-306,Majalengka,36.32721183394994,88.61149094000001,47.73509528327852,44.13888632547665,,
2023-11-306,Subang,31.145318810622435,49.18463024000005,39.12471772044494,78.73270657523153,,
2023-11-306,Sumedang,32.46335270901484,59.014855760000046,43.372845717379015,46.77088994031337,,
2023-11-322,Bandung,34.504463966615326,67.75473290000002,45.12313186299858,32.7074424979298,,
2023-11-322,Kota Tasikmalaya,28.719906503843813,41.59662584,36.311892187532735,54.14675439767049,,
2023-11-322,Tasikmalaya,23.88930318383074,41.68891238000003,30.62158371607117,56.195909986153936,,
2023-11-322,Ciamis,26.59372403519639,53.37170474000004,35.24347029085936,75.32016506225636,,
2023-11-322,Kota Banjar,29.184848390325566,46.52199266000002,38.116124434400014,62.74010877722185,,
2023-11-322,Cirebon,30.13429657007527,48.10111790000002,37.37341208389013,59.0497893113576,,
2023-11-322,Garut,29.560796055042733,73.90375088000002,40.7471847541164,22.200382211047113,,
2023-11-322,Indramayu,41.83363479895117,92.32687868000005,52.742299843775264,38.67492453889561,,
2023-11-322,Kota Bandung,44.56037365099711,56.071940540000014,49.30872910328772,0.7031846779189961,,
2023-11-322,Kota Cirebon,28.747894241633784,39.603920180000046,34.80686205465224,20.099239106992083,,
2023-11-322,Kuningan,22.955617562910632,42.87154730000003,33.12565450540425,80.23317458774774,,
2023-11-322,Majalengka,34.10420225574122,91.69112696000002,53.24627505049794,31.934471701681005,,
2023-11-322,Subang,38.843522974270094,74.98726322000005,47.24904132838157,32.445739120344065,,
2023-11-322,Sumedang,34.555971358226074,59.90012294000002,46.122900146689055,21.98328934208669,,
2023-12-354,Bandung,35.480796717641056,70.48573088,47.12308000994617,1.2114365647357936,,
2023-12-354,Kota Tasikmalaya,40.03452320848192,54.034800620000055,48.62255306109513,22.725303034277648,,
2023-12-354,Tasikmalaya,33.71240775665288,56.512865120000015,40.623823581688306,36.796151362489056,,
2023-12-354,Ciamis,35.59006851358959,66.26105816,43.623677250409564,37.158991610307865,,
2023-12-354,Kota Banjar,41.15214218293458,56.07535856000004,49.63046658788171,31.98309870072762,,
2023-12-354,Cirebon,43.559843264039294,61.70825552000002,51.124240257222574,17.06790635480536,,
2023-12-354,Garut,34.673973871832004,86.42054012000006,46.74693414441095,7.195523490167929,,
2023-12-354,Indramayu,45.19836827676969,94.34692849999999,54.74456064975944,9.999193297770844,,
2023-12-354,Kota Bandung,46.77045457181853,57.69550004000001,52.06464744589226,0.017997657128516156,,
2023-12-354,Kota Cirebon,44.60373102836896,54.366348560000006,48.813854792536276,14.678569518777243,,
2023-12-354,Kuningan,38.26839106647188,58.99776566000003,48.37374136934861,11.554769373500937,,
2023-12-354,Majalengka,40.264780606976785,91.54073408,50.243591085423496,3.5168595926643946,,
2023-12-354,Subang,39.52100254712029,75.22310660000005,47.12315913254754,31.75965364609043,,
2023-12-354,Sumedang,37.13315940909954,64.31620478000002,45.62324409150331,16.83267277210222,,
2024-01-05,Bandung,25.624558690291998,48.36430544000001,34.62148702847702,98.20049731232744,,
2024-01-05,Kota Tasikmalaya,34.5816304383562,47.913126799999986,40.937694108756084,31.45183101782944,,
2024-01-05,Tasikmalaya,31.053629187962365,50.18269208000004,36.23751867808093,46.32821863981708,,
2024-01-05,Ciamis,29.758380461250095,49.878488300000015,36.2374171446844,72.12461986715087,,
2024-01-05,Kota Banjar,26.265360003631027,39.99699248000002,34.11731999951482,82.76618376921951,,
2024-01-05,Cirebon,26.147175440000012,26.147175440000012,26.147175440000012,99.99991143245562,,
2024-01-05,Garut,30.824943515796544,55.43960684000001,37.74498809218263,64.55175907613192,,
2024-01-05,Indramayu,32.43554842753226,60.68284951999999,39.71490033555559,98.88861277889404,,
2024-01-05,Kuningan,27.359410951058685,44.68993394000006,36.62167424741986,92.15941518958984,,
2024-01-05,Majalengka,29.841980789392235,42.73140848000003,38.122360564486016,86.82266239373857,,
2024-01-05,Subang,28.70099238324523,42.87496532,37.61623089467627,98.49369335368444,,
2024-01-05,Sumedang,29.239094667256563,44.457508580000024,37.74472500005628,81.32754445341673,,
2024-01-21,Bandung,7.105149703728393,9.713335280000024,9.358715705000023,99.95591982798115,,
2024-01-21,Kota Tasikmalaya,10.898828194135763,17.58161732000002,15.058264055000013,99.45627003326221,,
2024-01-21,Tasikmalaya,19.64724520959525,31.88603102000002,26.624092855137757,91.99693839473522,,
2024-01-21,Ciamis,20.831323803449475,54.57484778000003,33.74473643327787,62.93133138807795,,
2024-01-21,Kota Banjar,23.243138117320758,37.737681260000045,29.8114017724553,7.696827097142367,,
2024-01-21,Cirebon,3.6279966418554537,8.373471440000003,7.682227160000017,99.85127494820952,,
2024-01-21,Garut,22.269383983132997,38.94424232000006,32.12160929063876,92.18438883794168,,
2024-01-21,Indramayu,22.011344701864292,55.82926112000001,29.62055569395574,94.2340631883967,,
2024-01-21,Kuningan,6.24779457220415,22.971834860000058,14.46836840422111,88.23219052572561,,
2024-01-21,Majalengka,7.137723088147793,38.31874465999999,13.872068993382674,84.53508715770027,,
2024-01-21,Subang,24.75264862086214,50.10065960000003,31.875311358542817,91.2781393746153,,
2024-01-21,Sumedang,4.030760344544751,17.185127000000023,8.372814194629063,95.24791143949017,,
2024-02-37,Kota Tasikmalaya,29.74981104651699,46.14942847999998,37.61950609179106,58.249735297662234,,
2024-02-37,Tasikmalaya,27.148597825892054,45.633307460000026,35.742399269021064,68.00639550431875,,
2024-02-37,Ciamis,19.31194890192882,43.46286476,29.37255397309676,81.44816274058645,,
2024-02-37,Kota Banjar,18.906715079816603,37.86072998000003,32.73130736600002,93.68572484401449,,
2024-02-37,Cirebon,17.77442601075783,33.824048360000006,24.876555362730574,96.8476341483275,,
2024-02-37,Garut,24.969228841210338,41.96919002000004,34.87356449279503,95.86341814046702,,
2024-02-37,Indramayu,27.59319958023696,62.00562325999999,35.23925984461004,86.1108238360006,,
2024-02-37,Kota Cirebon,4.945487992748736,8.568298580000032,8.164972220000012,98.49172066873973,,
2024-02-37,Kuningan,24.047578342991994,42.29048390000003,33.74382977229601,61.67733330754438,,
2024-02-37,Majalengka,21.868112174307257,41.57611772000001,34.75423825930115,79.5721853317481,,
2024-02-37,Subang,12.563230469661876,41.654732179999996,21.105913567052163,99.52850829263994,,
2024-02-37,Sumedang,19.966692668297892,36.48326792,29.739626526229593,92.40468627525777,,
2024-02-53,Bandung,8.419987621166891,22.58218058,12.921302414545472,99.84067798232267,,
2024-02-53,Kota Tasikmalaya,9.6310225890367,15.592329680000034,13.349538890000014,98.80601586199057,,
2024-02-53,Tasikmalaya,9.480466909081299,30.501732919999995,21.874619092007734,84.3720185768678,,
2024-02-53,Ciamis,17.374621527360937,58.22871115999999,31.74714504765959,14.327259577986526,,
2024-02-53,Kota Banjar,27.255660675618945,39.781657220000056,33.31216795402491,0.3210418235654575,,
2024-02-53,Cirebon,26.356160834348906,46.357927700000005,35.46699285372025,15.726259837891782,,
2024-02-53,Garut,13.038331542375659,44.1533048,21.374878810101627,72.33139478297642,,
2024-02-53,Indramayu,23.39410159764748,57.07683842000006,30.73448344559593,81.78488928617298,,
2024-02-53,Kota Cirebon,35.72320212854626,45.07617019999998,41.61847729379433,0.10150238927231836,,
2024-02-53,Kuningan,16.399962544074356,36.33971108000003,24.625660360206428,24.884236394535524,,
2024-02-53,Majalengka,17.087645753968083,62.12183593999998,29.475385062754224,65.88457508087649,,
2024-02-53,Subang,25.921238588232136,53.15636948000002,38.743385780165305,92.45173583437372,,
2024-02-53,Sumedang,10.310977230591917,26.779509140000016,20.61618239151337,97.65932378619188,,
2024-03-85,Bandung,32.08686216813696,57.179379020000056,39.125271613427536,48.88131984539962,,
2024-03-85,Kota Tasikmalaya,33.16347459872863,45.10351436000002,40.11964432090048,74.73864593301259,,
2024-03-85,Tasikmalaya,30.199130541068943,48.76421377999998,35.74115494367702,73.58213055999569,,
2024-03-85,Ciamis,30.998616060750376,60.07102394000003,36.62190281986535,69.95536445394463,,
2024-03-85,Kota Banjar,32.84602892414878,47.70462758000002,38.87895479791533,43.05239924006962,,
2024-03-85,Cirebon,35.92050160629279,51.23544224,42.18684391544204,8.91639999036941,,
2024-03-85,Garut,31.09379620867548,62.05347554000002,37.74247111904665,46.89023805268089,,
2024-03-85,Indramayu,35.50432303383956,75.35299136000003,41.24294136528594,16.347274443657316,,
2024-03-85,Kota Bandung,36.94834844442716,49.33160510000005,44.31507968660002,46.19023484322617,,
2024-03-85,Kota Cirebon,40.81896127781621,47.95414304000002,45.18617562161076,0.5032596592526901,,
2024-03-85,Kuningan,32.58351964068273,48.58989475999999,38.062363189318454,37.25843535585266,,
2024-03-85,Majalengka,35.19852950830113,74.75141984000004,41.875024244735705,36.7150322155503,,
2024-03-85,Subang,35.10682951277432,74.92232084,41.24273778702347,18.595239566067594,,
2024-03-85,Sumedang,34.067913815121685,51.73789118000002,39.12261260990446,24.792924455620607,,
2024-04-101,Bandung,24.85294553905553,41.56586365999999,28.562287107131084,93.9960203767474,,
2024-04-101,Kota Tasikmalaya,27.827108403039556,40.444753100000014,34.44100097000001,90.66743615683758,,
2024-04-101,Tasikmalaya,22.574504056272534,41.176209380000046,30.87213131140516,83.57261370509221,,
2024-04-101,Ciamis,25.778678909062084,47.65335728000002,35.624311213996826,67.00622855879864,,
2024-04-101,Kota Banjar,28.387668065008892,46.65871346000006,37.622780300702004,27.49102043298384,,
2024-04-101,Cirebon,8.374287168324337,18.13533656000004,13.61291632000002,99.75137318941367,,
2024-04-101,Garut,27.148762684678772,69.93884767999998,34.238572399291144,60.173811657291196,,
2024-04-101,Indramayu,17.131138202340313,52.698354800000004,28.36910439333333,96.51536789962805,,
2024-04-101,Kota Bandung,29.102648252563366,36.07994156000001,32.53327435896553,82.10208142554954,,
2024-04-101,Kuningan,16.5583365671009,30.170184980000045,21.934949472075484,98.54139970960793,,
2024-04-101,Majalengka,28.49902523213171,41.56244564000002,34.37411567277691,75.2794301698753,,
2024-04-101,Subang,23.539673286198916,67.22493980000002,32.74721000789774,78.82159234418496,,
2024-04-101,Sumedang,19.70947561431467,33.68732756000003,28.12269815981913,93.408721487886,,
2024-04-117,Bandung,31.582074891381858,65.58087218000003,40.74685020333222,27.815966306688473,,
2024-04-117,Kota Tasikmalaya,39.77854030694088,54.414200840000035,46.869268061026666,7.178312238885631,,
2024-04-117,Tasikmalaya,35.269843028805894,56.37614431999998,40.43854997016008,10.844854460135949,,
2024-04-117,Ciamis,37.87745839617968,66.26105816,43.45978011667579,18.47907437050479,,
2024-04-117,Kota Banjar,41.96387546490984,59.312223500000016,48.873563612227585,2.978565982359618,,
2024-04-117,Cirebon,32.383546968943435,56.65642195999999,46.24162846215026,56.60986287062787,,
2024-04-117,Garut,32.06270299308852,71.22060518,38.464683895677176,31.95203275212836,,
2024-04-117,Indramayu,37.92485810128611,79.15041158000002,45.45411369204424,29.15644441441742,,
2024-04-117,Kota Bandung,41.81807149978161,53.320434439999985,46.434515865443,0.21956575799375713,,
2024-04-117,Kota Cirebon,13.984670624564181,22.537746319999997,20.935484999092207,98.13834673050425,,
2024-04-117,Kuningan,37.24311929734343,57.93134342000002,45.47848099619141,10.50820718055523,,
2024-04-117,Majalengka,37.41771781314115,71.95547948000001,48.46245954518848,67.94771527261346,,
2024-04-117,Subang,36.4052955158875,70.77284456000001,43.4597862221637,34.277966509759345,,
2024-04-117,Sumedang,34.27164632061008,59.165248640000016,41.46264978709288,54.54991286250957,,
2024-05-133,Bandung,29.858753075304755,53.31018038000002,39.12553373101194,44.96302052130825,,
2024-05-133,Kota Tasikmalaya,28.567109595735044,42.32466410000001,35.872137157945545,50.46349692983303,,
2024-05-133,Tasikmalaya,24.586393036752575,41.69233040000006,31.62512334880738,60.386362493050186,,
2024-05-133,Ciamis,23.95948708833526,57.48358280000002,32.37197024798174,46.82423006999614,,
2024-05-133,Kota Banjar,17.172890179611187,31.417762280000034,23.62248746507868,65.48567312170846,,
2024-05-133,Cirebon,25.859546374814908,45.56494706000001,38.624480952745635,88.99085348034261,,
2024-05-133,Garut,27.54611790707006,56.9366996,35.12607502208033,46.807947447877964,,
2024-05-133,Indramayu,23.231950119010627,58.56709513999999,34.225039155365046,93.8040680913671,,
2024-05-133,Kota Bandung,38.491108449185106,49.8101279,43.561855151381216,0.0,,
2024-05-133,Kota Cirebon,24.79446066011645,31.175082860000032,30.464134700000045,99.93051309023669,,
2024-05-133,Kuningan,18.087114211327286,25.2858344,21.432253643734683,97.3934381322249,,
2024-05-133,Majalengka,15.277395106206797,26.06856098000003,22.18806407909843,96.90736266382585,,
2024-05-133,Subang,30.83647101567581,76.23484052000003,40.24519093320041,50.3788474189214,,
2024-05-133,Sumedang,26.045812489775766,53.597294060000024,35.37439927160385,37.021595731273024,,
2024-05-149,Bandung,25.106040314049757,47.07571189999999,30.869620879295628,20.377272694153802,,
2024-05-149,Kota Tasikmalaya,28.00620955412024,40.328540420000024,34.56197880197141,33.1656635541093,,
2024-05-149,Tasikmalaya,25.57695592863136,41.641060100000004,31.687683101387325,17.538339230593568,,
2024-05-149,Ciamis,29.86754260374119,59.937721160000024,36.3728587234749,18.192316841044466,,
2024-05-149,Kota Banjar,33.57244240779015,45.82471658000003,38.68469008674086,8.30496647739688,,
2024-05-149,Cirebon,35.08893997383325,48.52495238000006,39.9354580401559,2.1765269110642795,,
2024-05-149,Garut,25.988309315465738,61.67749334000001,31.62275140482441,22.453799725058225,,
2024-05-149,Indramayu,36.69369243205343,74.26606100000004,40.87020430676258,0.79977340437975,,
2024-05-149,Kota Bandung,29.62404126827577,38.462301500000024,33.435483155000085,9.156958121241232,,
2024-05-149,Kota Cirebon,38.87772746338477,46.42287008000005,42.81342596868424,5.397523728452689,,
2024-05-149,Kuningan,31.914906922794533,46.77492614000005,37.43564091458588,19.50752647470569,,
2024-05-149,Majalengka,32.37640036055107,72.77922230000001,40.12292634117744,16.8081790333658,,
2024-05-149,Subang,32.1436009742729,67.87094558000001,39.622615064682506,6.719295281193767,,
2024-05-149,Sumedang,27.978038755851674,49.878488300000015,35.37440365059301,19.989670842592837,,
2024-06-165,Bandung,22.983239917043267,43.68845408000004,29.364413427181443,81.09055379148602,,
2024-06-165,Kota Tasikmalaya,28.613322343588898,38.04188504000001,34.12139638714333,26.922540397283512,,
2024-06-165,Tasikmalaya,23.744072771441097,43.71921626000005,30.738409774640317,68.15142154420784,,
2024-06-165,Ciamis,24.41745316538086,48.77446784000006,32.24329175724079,66.71325357868878,,
2024-06-165,Garut,21.454662164856025,52.71202688000005,28.240773139776273,67.4667948350651,,
2024-06-165,Majalengka,13.200745045096543,20.032337660000053,18.041341010000025,99.98256281254713,,
2024-06-165,Subang,20.179094252304996,23.320472900000027,22.2844323049702,99.95161770274109,,
2024-06-165,Sumedang,20.940469454575695,28.11595496000001,24.80986730252714,98.63210514125396,,
2024-06-181,Bandung,32.59054775207944,53.33068850000001,40.37386242732941,67.64529719208751,,
2024-06-181,Kota Tasikmalaya,30.043997291391875,39.94230416000005,35.31360576096559,66.84814164702064,,
2024-06-181,Tasikmalaya,27.50813599529677,36.24400652000003,31.374562087558413,89.09906890251797,,
2024-06-181,Ciamis,29.48712514783244,51.13973768000005,34.87123529404565,80.23657338903328,,
2024-06-181,Kota Banjar,29.43080292040346,42.601523720000046,34.062861270716546,45.70681738751568,,
2024-06-181,Cirebon,31.06932957602903,43.832010920000016,36.43712912971188,91.48529411294797,,
2024-06-181,Garut,30.717932323581266,45.30175952000002,36.62248503366881,77.85749862194268,,
2024-06-181,Indramayu,30.520855181370102,69.48425101999999,38.73627698427845,91.39696418044998,,
2024-06-181,Kota Bandung,34.9883286157268,44.833490780000034,41.634853797917955,83.7559668958085,,
2024-06-181,Kuningan,28.69139414832082,40.277270120000026,33.874700251397016,75.34040376972801,,
2024-06-181,Majalengka,29.161649268519113,69.48425101999999,36.25812645624303,95.93690853047615,,
2024-06-181,Subang,28.981877319155434,52.66075658,35.62286408774984,62.373177195726115,,
2024-06-181,Sumedang,29.201021820562065,43.63718377999999,34.1210358679904,52.877811782341425,,
2024-07-197,Bandung,26.30830309625787,65.56036405999998,32.620918386824144,9.762625537999844,,
2024-07-197,Kota Tasikmalaya,26.042395454943616,34.14192422000002,29.184936421005045,93.35435136426733,,
2024-07-197,Tasikmalaya,25.90450277736419,36.38756336000006,29.313191202048912,96.74717801463387,,
2024-07-197,Ciamis,27.534754288512072,53.21105780000005,31.625032765009923,89.00980694184666,,
2024-07-197,Kota Banjar,29.01372474128066,40.195237640000016,33.06098208464775,47.29160488167683,,
2024-07-197,Cirebon,33.47690213649441,46.90139288,38.122029681523834,0.049774959942115296,,
2024-07-197,Garut,25.72298514701736,62.702899340000045,31.121097050787927,50.26735491356832,,
2024-07-197,Indramayu,32.568851540013696,71.21376914000001,36.62094188632634,8.523260009969047,,
2024-07-197,Kota Bandung,32.350231891792426,40.15080338000001,35.43656058860761,1.1503356235946294,,
2024-07-197,Kota Cirebon,37.15749587971745,42.933071659999996,40.05701209882437,0.017610980253799376,,
2024-07-197,Kuningan,28.958187229747324,42.375934400000006,34.06269938901737,14.991575241542215,,
2024-07-197,Majalengka,31.059756359161565,73.20647480000002,36.621242921327735,19.354398886763686,,
2024-07-197,Subang,30.4980490894741,66.56184392,35.12380051720915,52.84895226485116,,
2024-07-197,Sumedang,28.259216036109184,41.79145298000003,33.43681314269111,19.768873758313983,,
2024-07-213,Bandung,29.70129196307051,68.14096916000005,37.37281037276822,0.1745056857676977,,
2024-07-213,Kota Tasikmalaya,32.40298828931736,41.95209992000002,37.813510666666744,66.01131652392691,,
2024-07-213,Tasikmalaya,29.7546481996118,42.52632728000003,33.81115794554719,62.22949156901285,,
2024-07-213,Ciamis,30.090440689516953,58.66621772000002,35.12215885002724,66.54745480750644,,
2024-07-213,Kota Banjar,32.9699930570545,44.04392816000001,38.934095073125015,45.781233356476896,,
2024-07-213,Cirebon,36.188715852510555,49.90241444000003,40.93605556385438,10.712265332302714,,
2024-07-213,Garut,30.043096641894802,78.24805430000004,37.1230917169884,4.01066810872262,,
2024-07-213,Indramayu,36.989805041563194,79.88186786000006,43.12181445588012,0.830587535791302,,
2024-07-213,Kota Bandung,37.4530015366005,46.92531902000002,40.80808296077351,0.035355977903953645,,
2024-07-213,Kota Cirebon,40.01687524200564,46.74416396000004,42.84412629833961,0.007547562965914017,,
2024-07-213,Kuningan,30.497719107129154,43.84226497999998,36.186965523343595,26.56315250727727,,
2024-07-213,Majalengka,35.139463627010485,79.50930368000002,42.62019135670419,10.506262791148584,,
2024-07-213,Subang,34.90231335764182,75.61617890000002,40.87347861064225,0.13685050509308996,,
2024-07-213,Sumedang,32.05131556113201,50.48347783999998,38.68685720092436,0.15585671209300644,,
2024-08-229,Bandung,28.230575033409348,49.95710276,36.87326332015671,64.10016671446608,,
2024-08-229,Kota Tasikmalaya,28.378537916836237,40.444753100000014,35.624685197260334,44.08688243566445,,
2024-08-229,Tasikmalaya,23.93207911131513,42.64253996000002,31.12159251802242,54.5152009268999,,
2024-08-229,Ciamis,25.233027833398594,44.57372126000001,31.121512997425157,59.447675491363725,,
2024-08-229,Kota Banjar,28.571771731226598,42.06831260000001,36.87687931426028,40.598856095046074,,
2024-08-229,Cirebon,34.29734788196765,50.04938930000003,40.7430552478641,23.527661825303063,,
2024-08-229,Garut,23.186665128933544,49.77594770000002,33.74343356188668,50.37712943453345,,
2024-08-229,Indramayu,35.4432614335285,83.78524670000002,44.73162997905259,25.231351447877547,,
2024-08-229,Kota Bandung,27.814104726305427,38.83486568000001,35.939425474238114,77.71988681753189,,
2024-08-229,Kota Cirebon,35.975243462745276,44.92577732000001,40.87425599464482,10.688108849078535,,
2024-08-229,Kuningan,29.824425554864074,48.46001000000001,38.24377355072491,37.23353258965603,,
2024-08-229,Majalengka,34.87921421310242,81.60796796,43.737971156454414,4.019024717367004,,
2024-08-229,Subang,29.091232708230066,75.04195154000001,36.74196705636656,12.855786412452847,,
2024-08-229,Sumedang,28.61415760922305,48.74028764000002,37.37419187800225,19.453583696488668,,
2024-09-245,Bandung,34.021417818852846,71.55557113999998,42.37319044185399,37.017663209353294,,
2024-09-245,Kota Tasikmalaya,21.93767425383671,27.84934940000005,23.908372340000028,99.87940598704412,,
2024-09-245,Tasikmalaya,25.12572292773152,34.19661254000005,30.655116567500023,99.920602466071,,
2024-09-245,Ciamis,31.91586143308674,59.39083796,39.120432899733686,98.93864192349842,,
2024-09-245,Cirebon,40.4265243238482,63.88895228000001,46.621672288173116,0.8787348742437426,,
2024-09-245,Garut,31.538437152126697,52.63341242000001,38.875630376585754,75.33783311233653,,
2024-09-245,Indramayu,33.73556034382625,88.21500062000001,45.24107959805479,39.08092134473184,,
2024-09-245,Kota Bandung,41.4048622065048,50.90047628000002,45.43611521947368,4.743093699026389,,
2024-09-245,Kota Cirebon,45.02181963084734,54.089488940000024,47.9367378517055,0.0,,
2024-09-245,Kuningan,35.17464167260337,51.05086916000005,43.62292891942759,32.24022097037344,,
2024-09-245,Majalengka,38.84992401253056,88.18423844000006,47.23639378272648,23.36329078836486,,
2024-09-245,Subang,30.462459752965437,75.08296777999999,38.74416892789128,56.88832172937378,,
2024-09-245,Sumedang,33.59760249410209,52.561634000000026,41.87230342426625,31.898837534118908,,
2024-09-261,Bandung,32.008999306255646,75.15816422,41.2411556321215,1.238367381212625,,
2024-09-261,Kota Tasikmalaya,31.985629088543295,46.49464850000004,40.31179212199997,52.49542240790348,,
2024-09-261,Tasikmalaya,29.452099580593146,49.74176750000004,34.37115655566183,48.2014504123301,,
2024-09-261,Ciamis,29.76297699055828,61.42114184000002,35.621607018420534,52.000369497349055,,
2024-09-261,Kota Banjar,34.25451560662498,47.619177079999986,39.43830938180904,42.47728194604171,,
2024-09-261,Cirebon,40.93116305789823,90.51532808000002,47.73714374169359,0.021256210651437138,,
2024-09-261,Garut,31.016174376068214,80.51761958000003,39.74517036635102,4.811700060104676,,
2024-09-261,Indramayu,39.602844072087365,91.50997189999998,50.24190865540125,0.01097503779958488,,
2024-09-261,Kota Bandung,40.88480183775191,50.67830498000001,45.1860118767347,0.08990476116088279,,
2024-09-261,Kota Cirebon,45.74376619836995,55.01577236000003,48.80753781706577,0.010063417287885358,,
2024-09-261,Kuningan,34.383395194395405,51.59091632000002,42.623628976125445,8.666360679798421,,
2024-09-261,Majalengka,38.58430562192928,93.05491694,49.74212764444583,2.3905796553837777,,
2024-09-261,Subang,37.246108354192145,89.94793676,47.742857676358234,0.030811442591090768,,
2024-09-261,Sumedang,35.18989088009026,55.24819772000001,44.37411909508139,0.04045393421377055,,
2024-10-293,Bandung,34.913808128816335,54.80727314000001,42.87455020442212,69.92809693497698,,
2024-10-293,Kota Tasikmalaya,33.04842368140834,47.605504999999994,42.37661297750001,44.66859723538603,,
2024-10-293,Tasikmalaya,25.567155573126456,48.51128030000001,36.37333913539938,80.64295863810048,,
2024-10-293,Ciamis,29.048510497468094,45.226563080000005,34.87401061418627,72.47906687090196,,
2024-10-293,Kota Banjar,28.83182334795613,37.412969360000034,32.69001341187502,91.77365677371758,,
2024-10-293,Cirebon,37.59611118612246,57.09392852000002,46.37187420978742,46.14850522367202,,
2024-10-293,Garut,31.850716145234667,75.94772684000003,41.74347598397929,76.84800331430792,,
2024-10-293,Indramayu,34.882335878136104,82.78718486000002,48.74949403741431,78.2219978275046,,
2024-10-293,Kota Bandung,37.79951708952121,46.583517020000045,42.0626045066,59.57236980545327,,
2024-10-293,Kota Cirebon,42.644005697832384,51.54648206000002,46.87176731075881,9.601200585414645,,
2024-10-293,Kuningan,28.501869001280564,45.06249811999999,36.37325537858379,65.20102803001896,,
2024-10-293,Majalengka,36.355653793179165,83.14607696000002,48.746436931948175,63.9042850933073,,
2024-10-293,Subang,33.587663946521126,75.07271372000002,45.245922700743506,36.759724844864905,,
2024-10-293,Sumedang,30.29329997959812,53.463991280000016,40.872486184550226,49.19789230589401,,
2024-11-309,Bandung,32.164498987178895,54.26038993999998,38.62111600848864,86.74314611286648,,
2024-11-309,Kota Tasikmalaya,37.97305194964089,53.57336792000001,45.12432206388378,1.62188454377863,,
2024-11-309,Tasikmalaya,32.878049342461644,51.61484245999998,38.738638507908924,44.468130784185114,,
2024-11-309,Ciamis,33.88241123214859,57.57245132000003,40.24360410534843,40.118041132878425,,
2024-11-309,Kota Banjar,37.99495310434525,53.91175190000001,44.86883831361178,48.46790109679348,,
2024-11-309,Cirebon,36.453574850572195,52.63683044000004,43.23567212485822,88.64553869718851,,
2024-11-309,Garut,32.9321249155822,53.463991280000016,38.62724518360979,75.06351443056258,,
2024-11-309,Indramayu,39.75515761673357,70.99843388,47.36523085333337,99.10666502767728,,
2024-11-309,Kota Bandung,34.899944814460696,44.59764740000003,39.936820881037484,86.14639427653626,,
2024-11-309,Kota Cirebon,38.964696255838085,47.79007808000006,44.56234270874254,72.08490919541791,,
2024-11-309,Kuningan,30.070887547006233,46.34767364000004,37.62257025266179,83.81954054546078,,
2024-11-309,Majalengka,35.882876311005745,60.40257187999998,45.12769024071636,89.23355362009858,,
2024-11-309,Subang,24.708774621919883,33.284001200000034,30.17872590474657,99.17553804667403,,
2024-11-309,Sumedang,27.99491128903385,37.14636380000002,32.87037310934811,97.89388509452309,,
2024-11-325,Bandung,31.6375459921906,56.22916945999998,39.12367206550798,48.9393543204944,,
2024-11-325,Kota Tasikmalaya,30.212244519476883,41.77778090000004,36.06055835878834,13.036448513922103,,
2024-11-325,Tasikmalaya,24.541291956076613,45.633307460000026,32.62336935358149,32.73495976503383,,
2024-11-325,Ciamis,26.099443343975484,46.03663382000002,31.872912802374774,40.416843150061275,,
2024-11-325,Kota Banjar,28.29129030486083,45.35644783999999,33.06074721226512,3.249296837254491,,
2024-11-325,Cirebon,24.718689973406914,45.85206074000001,34.873769422607126,56.56741053632571,,
2024-11-325,Garut,27.154308453672215,62.75758766000001,35.62231620831143,37.468906847260115,,
2024-11-325,Indramayu,25.32127890994689,59.37374785999998,32.11655270289309,92.55386861473826,,
2024-11-325,Kota Bandung,29.449846283308446,38.32216268000002,34.437478316734705,41.28218684374726,,
2024-11-325,Kota Cirebon,27.733608343778638,38.147843660000035,33.43305198398369,55.48388166131627,,
2024-11-325,Kuningan,25.83685450890901,41.38129058000004,32.12304614643884,27.611519622310677,,
2024-11-325,Majalengka,25.10887418206057,39.87394376000003,31.373122453858375,62.82597438479405,,
2024-11-325,Subang,23.628506258721494,55.32681218000005,33.12304402744006,57.41261198713038,,
2024-11-325,Sumedang,21.958440541708526,45.95801935999998,29.122028887246763,50.99630881485082,,
2024-12-357,Tasikmalaya,22.326345225771007,44.68993394000006,33.75137899402517,93.51235679449258,,
2024-12-357,Ciamis,20.764933468628772,53.24865602,31.240269812174223,95.76384815822773,,
2024-12-357,Cirebon,24.64928707026637,31.35965594000004,29.895871822793808,99.96287561130882,,
2024-12-357,Garut,19.712741933353698,56.94695366000002,30.232204692579113,96.27293500111594,,
2024-12-357,Indramayu,22.596695645311737,47.63968520000003,27.602554404897983,99.88882549538383,,
2024-12-357,Kota Cirebon,27.96491678951086,35.95347482,33.56598785000001,97.41686877363051,,
2024-12-357,Subang,25.423460979993607,43.77390458000002,36.31407593000003,99.93563919201722,,
2025-01-07,Bandung,36.05203201683474,60.01633562000001,42.873249128807934,64.82927349771363,,
2025-01-07,Kota Tasikmalaya,37.37133402313264,51.03036104,45.37374130901241,35.74993546395422,,
2025-01-07,Tasikmalaya,32.43592134681583,50.45613367999999,37.742238696736706,42.955560692266964,,
2025-01-07,Ciamis,32.99664598492257,61.35961748,39.24469495153986,54.34548654262649,,
2025-01-07,Kota Banjar,35.642530776800704,47.287629140000035,40.563539905134405,31.95366643656697,,
2025-01-07,Cirebon,37.36757945379199,53.07775502000004,41.93752399425394,7.697965167961647,,
2025-01-07,Garut,33.72715467384396,69.28600586000005,40.24083895978553,49.71374348570094,,
2025-01-07,Indramayu,37.48308648869931,77.76953150000003,43.22980060694647,40.689387431294946,,
2025-01-07,Kota Bandung,42.35319613287242,53.85022753999999,46.934868234067714,5.5122630729299384,,
2025-01-07,Kota Cirebon,41.37026111028659,48.36088742000004,45.55943963754988,2.721384820933328,,
2025-01-07,Kuningan,34.40045019594601,51.81308762000003,39.872070902289224,48.666541172007214,,
2025-01-07,Majalengka,35.620126227729706,73.65081740000005,41.12345483205573,35.74749391683207,,
2025-01-07,Subang,36.92554925999066,73.58587502,42.87214588468397,44.8292277351004,,
2025-01-07,Sumedang,34.1602832121989,53.08459105999998,39.123909557257974,41.887112050131215,,
2025-01-23,Bandung,5.109531443316738,29.900161400000002,14.873439314676478,49.390569735176186,,
2025-01-23,Tasikmalaya,-9.914944149818803,3.8138327600000252,-0.37566740769793033,97.49665156985496,,
2025-01-23,Ciamis,-10.108440166710547,1.192211420000035,-3.6202772039723112,98.30088087726979,,
2025-01-23,Kota Banjar,-3.824716054354447,1.7903649200000018,0.4710092000000145,98.90309685636637,,
2025-01-23,Garut,1.2950544757408227,20.41515590000006,12.12454333896352,80.11833892163635,,
2025-01-23,Indramayu,0.1914332805286225,28.95678787999998,8.368690538607616,98.71802262707033,,
2025-01-23,Kota Bandung,5.140830336739136,17.15778283999998,9.689865696199226,18.761708860570568,,
2025-01-23,Kuningan,-11.350497046677992,2.2893958399999974,-5.691078186448344,94.81738620729652,,
2025-01-23,Majalengka,-6.33391259926139,6.5345766799999865,1.8770872061893964,94.50397936841587,,
2025-01-23,Subang,-1.4770279696174298,14.228539700000056,6.1236035435385805,93.44385282057402,,
2025-01-23,Sumedang,2.1351460105326745,29.117434820000028,11.37030397240336,56.4359206498291,,
2025-02-39,Bandung,25.97543304396741,60.12571226,32.87174966661844,91.18139597316541,,
2025-02-39,Kota Tasikmalaya,35.154975637103014,50.23396237999998,43.121365537362216,43.31262477127243,,
2025-02-39,Tasikmalaya,31.131444756044598,47.94047096000003,36.62221995435946,77.8787565936481,,
2025-02-39,Ciamis,32.26024364226982,64.1658119,38.74129872396558,62.38662702002197,,
2025-02-39,Kota Banjar,32.92383011448836,46.125502340000025,38.69093549471429,54.879408842108546,,
2025-02-39,Garut,28.574974426228934,44.13963272000001,35.86886116993806,95.83545233568455,,
2025-02-39,Kuningan,25.069315495665183,39.81583741999998,31.125822730663216,90.55240304593283,,
2025-02-39,Majalengka,25.117065400263115,35.87827837999998,30.87007651646484,95.39388185394498,,
2025-02-39,Sumedang,24.186650541008174,36.87634022000003,31.123648733333358,97.74515991936032,,
2025-02-55,Bandung,24.554869789292347,53.467409299999986,30.62134572196409,57.768054359367795,,
2025-02-55,Kota Tasikmalaya,30.620276376973823,49.18463024000005,39.373794995868565,15.351003473731058,,
2025-02-55,Tasikmalaya,26.688142278275492,44.07469034000002,33.873229811507024,62.65482269018228,,
2025-02-55,Ciamis,25.98976864768478,58.871298920000015,34.12066798728068,46.09319340009161,,
2025-02-55,Kota Banjar,22.470195197482198,37.10534756000004,31.12993407846708,37.559188293919,,
2025-02-55,Cirebon,26.898665278636216,42.09565676,33.87007904319259,84.45263479275191,,
2025-02-55,Garut,25.493189795333105,50.897058259999994,32.12378056959602,54.86141894562462,,
2025-02-55,Indramayu,21.601430528591763,57.37078814000006,30.74152707079353,89.3003680284211,,
2025-02-55,Kota Bandung,32.86910083170978,44.27977154000001,40.617728289415375,50.285832217434134,,
2025-02-55,Kota Cirebon,29.678314585367872,37.25574044000001,35.06670371120001,91.27581636512917,,
2025-02-55,Kuningan,25.03917747186518,39.63126434000003,32.11805485758297,92.31923558537422,,
2025-02-55,Majalengka,22.085254182712795,38.920316179999986,31.62723934033834,73.85867364052778,,
2025-02-55,Subang,23.71838322005018,55.675450220000016,30.871236923249075,68.56202147136683,,
2025-02-55,Sumedang,21.393507869563372,49.440981739999984,29.62596721897878,83.86584150190643,,
2025-04-103,Bandung,12.287871650612262,13.726090760000034,13.579115900000033,99.9949675849642,,
2025-04-103,Kota Tasikmalaya,7.121813586564933,14.604521900000009,11.054675083181836,93.86537039508227,,
2025-04-103,Tasikmalaya,11.416100875172317,25.28241638000003,16.621048560406173,83.27407287352474,,
2025-04-103,Ciamis,10.900186852827266,42.49898312000005,20.74185505079001,77.71451293255838,,
2025-04-103,Kota Banjar,11.512918216631698,24.434747420000008,18.37291295859184,73.69721067083299,,
2025-04-103,Cirebon,7.230637624190543,24.20232206000003,17.87306541202868,95.57502342733108,,
2025-04-103,Garut,13.383710080307292,27.96898010000001,15.68911800243904,99.78106010113319,,
2025-04-103,Indramayu,13.981556827730317,47.75931590000005,21.738857094910898,50.100269863243795,,
2025-04-103,Kuningan,5.858360236900206,19.164160580000043,12.125165720380025,87.19590227660854,,
2025-04-103,Majalengka,5.2660574636250805,30.043718240000032,13.630705543018406,95.94106341001205,,
2025-04-103,Subang,17.80718142461158,60.300031279999985,25.742513760233265,35.55378194019704,,
2025-04-103,Sumedang,11.930144218444692,25.043154980000054,20.120027353842243,87.60303269525048,,
2025-04-119,Bandung,24.959709422381618,50.49714992000003,31.625120262160873,25.506445175713477,,
2025-04-119,Kota Tasikmalaya,32.02531836249164,44.13963272000001,38.6886213203165,56.41775408477996,,
2025-04-119,Tasikmalaya,28.823636684679112,46.98000734000004,33.12175460520682,41.92267040951558,,
2025-04-119,Ciamis,31.337199050204948,55.002100280000036,37.12457652388982,36.73773339932342,,
2025-04-119,Kota Banjar,36.06217734397435,50.50398596000002,41.940226171080155,0.6427358560542823,,
2025-04-119,Cirebon,33.114837356194066,54.19544756000005,40.121362835212466,0.28976313537609605,,
2025-04-119,Garut,25.954660092145723,58.87813496000001,31.872326581737372,33.70215851801676,,
2025-04-119,Indramayu,34.48835487821566,78.72657709999999,41.24066972586245,2.6438336283714614,,
2025-04-119,Kota Bandung,31.84653715567976,40.36955666000006,36.062281789999915,3.883604468461937,,
2025-04-119,Kota Cirebon,35.33358926020694,45.37695596000003,41.93793667690556,0.6012595846650094,,
2025-04-119,Kuningan,30.548846958944665,48.29594503999999,36.873669448576855,9.151595364644633,,
2025-04-119,Majalengka,32.026934596212634,69.10826882000003,38.874895944265745,12.425263487202448,,
2025-04-119,Subang,33.04826910393365,76.04684942000006,40.37675998804675,0.8844466539218627,,
2025-04-119,Sumedang,28.114136755467776,47.13381823999998,34.62295855729366,1.2907767090606868,,
2025-05-135,Bandung,30.614262825260113,62.11158188000002,37.1236368064377,33.167186624171045,,
2025-05-135,Kota Tasikmalaya,34.106554082777265,47.42776795999998,40.125030397927056,5.278194648317515,,
2025-05-135,Tasikmalaya,30.45466590496251,48.976131020000025,35.62083017841185,15.465677762145985,,
2025-05-135,Ciamis,31.382489882962503,59.38741994000003,37.87201699894788,11.359196014115176,,
2025-05-135,Kota Banjar,37.31145630051719,51.10897550000004,42.5638353147758,0.0,,
2025-05-135,Cirebon,23.47567690551069,37.54627214000004,30.871174380061447,75.07453601408508,,
2025-05-135,Garut,30.037217065068067,66.45246728000001,35.37282238495801,19.929749030277527,,
2025-05-135,Indramayu,25.990049165134067,66.43195916000002,33.448902415981344,69.09842024166443,,
2025-05-135,Kota Bandung,35.38163059390865,45.780282320000026,39.93649701377554,4.062159306888189,,
2025-05-135,Kota Cirebon,19.27299068346536,24.622738519999984,22.080870980000004,97.2451197852506,,
2025-05-135,Kuningan,30.792668129946836,48.11820799999998,36.37208346900157,26.80981254312818,,
2025-05-135,Majalengka,29.52818261966177,49.174376180000024,36.23230558141269,35.908364875052335,,
2025-05-135,Subang,24.42627929366192,59.43869024000003,32.2426559605776,50.41496596505064,,
2025-05-135,Sumedang,29.859628495023774,49.748603539999976,35.8719014043785,20.381936169750922,,
2025-05-151,Bandung,29.318966515915974,53.93909606,36.12076786794957,5.470518090964088,,
2025-05-151,Kota Tasikmalaya,34.629509914204974,46.40919800000006,41.686398232324755,0.28565117535441575,,
2025-05-151,Tasikmalaya,31.170339820513796,53.82288338000001,36.12066301983345,0.5856210257047959,,
2025-05-151,Ciamis,32.64870819053662,66.12775538000005,39.37418268600032,0.43928642437785004,,
2025-05-151,Kota Banjar,37.286117788118396,52.21299596000006,43.43742209235498,0.0,,
2025-05-151,Cirebon,37.60598491503317,52.45909340000003,42.93897590282392,0.15871303953073074,,
2025-05-151,Garut,28.988163217750298,60.37180970000003,33.8721985156513,2.32503398911755,,
2025-05-151,Indramayu,36.24217219954554,74.23871684000005,39.87074600286149,6.210957366656725,,
2025-05-151,Kota Bandung,35.92341556659434,44.00291192000003,39.185005907133764,0.7249878629097897,,
2025-05-151,Kota Cirebon,41.93635149105321,50.169020000000046,46.18665315573342,0.0025158543219713386,,
2025-05-151,Kuningan,33.17908686606154,48.64458308000002,39.18667645335174,2.3473782578717697,,
2025-05-151,Majalengka,33.42848974153278,70.17810908000001,38.87232326203909,2.0305601488619627,,
2025-05-151,Subang,33.1850264470113,72.92961518000004,39.11981895512194,17.65687055113507,,
2025-05-151,Sumedang,29.954336622777568,49.909250480000026,34.872085212856184,11.973240473509597,,
2025-06-167,Bandung,26.67652055948501,54.875633540000024,36.624208204560084,16.064081605609967,,
2025-06-167,Kota Tasikmalaya,34.6827256655472,44.10203450000006,39.937185495336976,32.02945048745146,,
2025-06-167,Tasikmalaya,31.78896375865861,49.39654747999998,35.36940258139255,58.6235822593538,,
2025-06-167,Ciamis,32.12493764021607,61.82446820000001,37.123646176397614,49.119503530581945,,
2025-06-167,Kota Banjar,34.977438692645926,48.682181300000025,39.18805592809949,30.44437747126035,,
2025-06-167,Cirebon,36.238155524263505,48.98638507999999,41.06259797867318,7.227910466006569,,
2025-06-167,Garut,27.403844241908946,56.512865120000015,35.73706358925374,26.900353166715725,,
2025-06-167,Indramayu,36.74222840285913,75.07954976000002,40.62468716562981,10.689160428930137,,
2025-06-167,Kota Bandung,33.20955788459412,43.391086340000015,37.43791119914918,4.156971030558889,,
2025-06-167,Kota Cirebon,40.315113402259655,46.75783604000003,43.71614880099684,0.0025158543219713394,,
2025-06-167,Kuningan,32.72824060584879,46.71681980000005,37.938486642791446,27.46409294580298,,
2025-06-167,Majalengka,34.297534551613815,71.73672620000002,39.87251265396981,34.03276797744652,,
2025-06-167,Subang,33.0194945221413,67.74789686000003,39.62127841066624,6.734321636507811,,
2025-06-167,Sumedang,31.7159285450358,51.46103156000004,36.87382363541193,8.914372477986443,,
2025-07-183,Bandung,25.57608216913846,62.02954940000001,31.374850214072055,74.37977842620023,,
2025-07-183,Kota Tasikmalaya,33.17716138105558,43.274873660000026,37.563580855682794,39.815576321145,,
2025-07-183,Tasikmalaya,30.459258050839804,46.51857464,33.870511645670526,58.50421519735684,,
2025-07-183,Ciamis,31.813867845574936,55.94889182000003,36.12265189439008,43.58705763220219,,
2025-07-183,Kota Banjar,34.265189446270426,48.87359042000003,38.81453714273658,5.022233240870241,,
2025-07-183,Cirebon,36.19149371750403,50.517658040000015,40.437703941170255,0.3044476342344638,,
2025-07-183,Garut,30.28676104187736,70.22254334000002,35.123159352744516,29.999837428081065,,
2025-07-183,Indramayu,35.24431301678706,73.81146434000004,39.23363669767437,34.40179008107975,,
2025-07-183,Kota Cirebon,39.64833990584949,46.39552592000001,42.719889921070774,0.00754756296591402,,
2025-07-183,Kuningan,32.6619413042682,45.455570420000015,36.93564769680451,29.50619211312019,,
2025-07-183,Majalengka,34.88623807069376,71.72305412000003,40.37432155325157,18.796222226275802,,
2025-07-183,Subang,8.160523439376503,10.543914140000027,9.5795442114286,99.85487814232427,,
2025-07-183,Sumedang,32.84567378015004,48.730033580000054,38.37336487997467,48.1329568837114,,
2025-07-199,Bandung,27.125392500886473,48.83599220000002,33.8727560530556,16.938013406824613,,
2025-07-199,Kota Tasikmalaya,29.462489403838212,40.76262896000003,35.937398005361764,38.08300228908112,,
2025-07-199,Tasikmalaya,26.878295908369452,41.85297734000005,30.68723528348617,23.0135577874985,,
2025-07-199,Ciamis,26.56509245808316,57.148616840000045,32.37150861876203,53.2571990847696,,
2025-07-199,Kota Banjar,28.98404280003198,41.066832739999995,33.81072282359906,32.04729316590628,,
2025-07-199,Cirebon,33.975430747916555,65.76202724000001,38.87421202726971,0.029115104089510162,,
2025-07-199,Garut,27.239816344510622,59.363493800000015,33.121918601758566,7.455777320748572,,
2025-07-199,Indramayu,31.941579620849925,71.59316936000005,37.62236352303265,10.590303965584306,,
2025-07-199,Kota Bandung,32.82678489197864,41.51459336000005,36.43665571376706,1.2294079080696645,,
2025-07-199,Kota Cirebon,36.65454490421716,42.62203183999998,39.966081690434805,0.020126834575770716,,
2025-07-199,Kuningan,28.433204546929726,44.734368200000006,34.31330880085133,16.188302030752595,,
2025-07-199,Majalengka,31.60260785767408,74.18061050000006,37.62190430128831,6.4462872832618245,,
2025-07-199,Subang,26.66990415329646,61.113520040000026,31.623550508678765,51.48111024461007,,
2025-07-199,Sumedang,28.735185475163668,47.321809340000016,33.81192733573938,9.69036086713602,,
2025-08-215,Bandung,31.106010195921435,57.14178079999999,39.125088405977685,7.1828830859809205,,
2025-08-215,Kota Tasikmalaya,32.45921010991209,41.904247639999994,37.69025973138308,74.82421749806957,,
2025-08-215,Tasikmalaya,29.650071253341885,42.94674373999999,34.36929113046039,85.2540275857912,,
2025-08-215,Ciamis,29.305672914261006,53.08459105999998,33.620980145240964,94.15916268992946,,
2025-08-215,Kota Banjar,29.34958013142635,33.65656538000002,32.28691593714287,98.66678873309093,,
2025-08-215,Cirebon,38.14646914412225,52.96496036000002,43.622491596003066,7.618995914125633,,
2025-08-215,Garut,30.61779066118221,55.138821080000014,36.8734358420046,34.9973409151975,,
2025-08-215,Indramayu,36.27880931286973,75.53414642000001,42.7336635818205,24.341319209680222,,
2025-08-215,Kota Bandung,39.607514246585005,48.96929498000003,43.6871734265117,0.008098830505054985,,
2025-08-215,Kota Cirebon,42.49492761601323,49.95368474000003,45.78209071542192,0.005031708643942675,,
2025-08-215,Kuningan,34.3712586964801,48.36430544000001,40.68757453526635,46.59184756657399,,
2025-08-215,Majalengka,37.08168604249707,81.94635194,44.37229486088439,14.208766847568535,,
2025-08-215,Subang,33.52743201322115,73.10735222000005,39.745882596948704,37.67361155347667,,
2025-08-215,Sumedang,33.80518858812855,52.55479796000003,40.62349969334069,3.1264011186409175,,
2025-09-247,Bandung,31.679500493811712,63.07204550000006,41.12158657827445,14.882886727058867,,
2025-09-247,Kota Tasikmalaya,37.09522927861402,49.95368474000003,44.06498764223539,38.110008960910676,,
2025-09-247,Tasikmalaya,32.22455793518984,48.418993760000035,37.37312766135156,59.443180867365875,,
2025-09-247,Ciamis,32.38768395849872,58.25263730000006,37.87154783295945,58.02684970559573,,
2025-09-247,Kota Banjar,35.56904526259798,48.88726250000002,39.43220536571428,49.45580783359044,,
2025-09-247,Cirebon,36.991013599819965,55.83267913999998,43.62126397938484,29.52878537580488,,
2025-09-247,Garut,32.01248178103462,63.31472492,39.87053162501699,34.68906440178425,,
2025-09-247,Indramayu,35.97774666799853,83.61434570000006,43.23913562410666,25.018718483025044,,
2025-09-247,Kota Bandung,41.05356934152387,51.70029296000001,45.687681567399096,0.3423987409573095,,
2025-09-247,Kota Cirebon,41.627293802330634,49.89899642,46.5656533059183,33.88513418185696,,
2025-09-247,Kuningan,34.67504641136185,51.79941554000004,42.37477582309926,15.835641956561872,,
2025-09-247,Majalengka,36.014892069622604,83.41951856000003,43.73754975883321,26.808273631658842,,
2025-09-247,Subang,34.86512243441361,72.99455755999998,41.124036789093296,25.481869113046507,,
2025-09-247,Sumedang,34.18819751177426,56.77947068000003,40.874020505060855,18.992380631886952,,
2025-09-263,Bandung,23.2487086749544,62.10474584000002,29.624451344431964,86.71552274390189,,
2025-09-263,Kota Tasikmalaya,24.034915760595638,39.17666768000004,33.1306308448,57.86219510757839,,
2025-09-263,Tasikmalaya,19.9029122499233,38.52040784000002,28.62224233975158,89.32820515057786,,
2025-09-263,Ciamis,24.203267989644868,52.98205045999998,31.36980978872425,92.63818071531902,,
2025-09-263,Cirebon,26.6707629954552,46.552754840000034,37.120224998999774,83.94670676208544,,
2025-09-263,Garut,27.43928384309551,70.38660830000003,35.44816235462709,62.91735145335691,,
2025-09-263,Kuningan,22.333344832393262,41.25140582000006,30.876301242406694,89.96436518130015,,
2025-09-263,Majalengka,20.487071828805497,26.383018820000018,24.310300419090925,99.84351969099376,,
2025-10-279,Bandung,31.038721362687237,71.03945012000003,40.74409679917166,13.05879672198868,,
2025-10-279,Kota Tasikmalaya,34.50957275822584,48.54546049999999,40.31257529772378,64.07985665584283,,
2025-10-279,Tasikmalaya,30.985018043885553,49.813545920000024,36.87392309540244,62.44282844861895,,
2025-10-279,Ciamis,33.2352042155614,63.376249280000025,38.74418231246413,49.262685911397455,,
2025-10-279,Kota Banjar,36.97513372931034,50.353593079999996,43.06563722000003,41.820812280773225,,
2025-10-279,Cirebon,40.55083266067139,57.79462262000004,47.37122484505363,1.4686270209255443,,
2025-10-279,Garut,29.711944314977494,70.26014156000002,40.6242571264516,22.71931769890295,,
2025-10-279,Indramayu,40.54356956654469,87.22035679999999,49.242501246867675,0.31712305182331846,,
2025-10-279,Kota Bandung,42.294343502696805,51.13973768000005,47.56163285469495,20.29375800983992,,
2025-10-279,Kota Cirebon,45.716284208728965,54.773092940000026,49.56122979162998,1.1497355590455214,,
2025-10-279,Kuningan,36.48493870299474,54.09632498000002,45.12341353597355,15.829362974154416,,
2025-10-279,Majalengka,40.64497330993228,88.57731074000003,50.24040425564663,10.70845680780153,,
2025-10-279,Subang,38.416898947833396,82.64704604000002,46.3722359964119,0.7726607347569981,,
2025-10-279,Sumedang,36.43946121045008,57.350280020000014,44.872904683405665,11.456214235916299,,
2025-11-311,Bandung,31.966549030667206,64.94512046,41.37274799549362,31.22329021655369,,
2025-11-311,Kota Tasikmalaya,25.440962088836915,44.51219690000005,36.87370928028985,64.44696733810763,,
2025-11-311,Tasikmalaya,25.79479984933645,43.66452794000003,31.740764033207903,54.35268836058218,,
2025-11-311,Ciamis,25.729546203983585,50.81502578000004,37.749885218838095,48.43020854620659,,
2025-11-311,Kota Banjar,30.429635588996298,48.29936306000002,41.3711150951724,17.35021681268973,,
2025-11-311,Cirebon,19.076954637124935,32.238087080000014,27.1272999050968,99.03525944101195,,
2025-11-311,Garut,26.786386150408084,60.38206376000005,33.23761037099364,65.02241847074552,,
2025-11-311,Indramayu,31.35927739779157,64.52128598000002,40.24241875170199,84.65864228361478,,
2025-11-311,Kota Bandung,33.742151812111814,48.309617119999984,44.06463517458931,64.2902475741545,,
2025-11-311,Kuningan,22.572689883243072,42.717736400000035,33.122055338175954,86.3468862565079,,
2025-11-311,Majalengka,31.12759508326273,59.41476410000001,39.750237495372396,95.3765259845894,,
2025-11-311,Subang,14.827452760000021,19.587995060000026,18.730072039999982,99.99747145627617,,
2025-11-311,Sumedang,25.170641095179988,54.29457014000002,36.249999088928554,90.1724407169537,,
2025-12-343,Bandung,9.394772525459455,18.548916980000058,12.968330586956546,99.35206270686645,,
2025-12-343,Kota Tasikmalaya,15.512345679465673,24.226248199999986,20.941530980000024,98.84790137143375,,
2025-12-343,Tasikmalaya,16.447602665107876,33.44123012,24.120917001240375,89.6848560360471,,
2025-12-343,Ciamis,17.239636882767172,29.237065519999987,23.121822305223485,93.51840978086533,,
2025-12-343,Garut,16.08765676472036,47.53714460000003,23.873578454363546,88.30480384129243,,
2025-12-343,Indramayu,11.457579484817835,17.335519879999993,15.809801202500019,99.9336938736629,,
2025-12-343,Kuningan,19.06557537978727,38.95107836,28.1228330679385,71.78046474122945,,
2025-12-343,Majalengka,21.74975186772829,33.824048360000006,27.87299315624787,94.6346435577109,,
2025-12-343,Sumedang,15.558116575205602,24.807311600000048,21.94480123142858,99.72503004568091,,
2025-12-359,Bandung,23.477549186209547,47.56107073999999,34.87164775127338,87.17121682372246,,
2025-12-359,Kota Tasikmalaya,22.638770247966463,36.233752460000005,30.3132740909474,88.04550637129502,,
2025-12-359,Tasikmalaya,29.604272538772104,51.990824660000044,35.87091404887527,68.48034472728608,,
2025-12-359,Ciamis,26.693794523153,53.453737219999994,33.621432546865215,58.401457221748174,,
2025-12-359,Kota Banjar,30.575920675676915,47.08938397999998,37.56105949483599,1.301921276511857,,
2025-12-359,Cirebon,35.45675050314301,51.37216304000003,41.22852576939071,40.284087240878904,,
2025-12-359,Garut,26.851082383534884,59.859106699999984,34.87435817893628,86.1357430752908,,
2025-12-359,Indramayu,39.21340072170631,81.22856774000002,46.239988933944296,16.41087766059817,,
2025-12-359,Kota Bandung,33.18805355325787,46.97317129999999,40.81257532579576,65.30644475283042,,
2025-12-359,Kota Cirebon,31.31933950139816,42.09565676,37.30332979538464,82.46938895916836,,
2025-12-359,Kuningan,29.491668861137565,51.60458840000001,39.37228420737401,64.72818172795188,,
2025-12-359,Majalengka,36.492145784565686,77.48583584000005,43.73082708015648,53.94128606846712,,
2025-12-359,Subang,39.87396417742066,82.76667673999998,46.372695371949426,13.90712857514449,,
2025-12-359,Sumedang,33.89035890790483,53.18029562000004,41.12336764880829,52.559150012098854,,
2026-01-10,Bandung,22.252539016144265,46.27589522000005,29.874775673081103,91.61354329655134,,
2026-01-10,Kota Tasikmalaya,37.43878930984366,52.79064133999998,46.37106613842578,10.646437895413968,,
2026-01-10,Tasikmalaya,29.495693787623136,50.75691944000005,37.23930011093318,31.89591490599489,,
2026-01-10,Ciamis,29.254047212971123,54.451799059999985,36.242876078861,38.08343890445609,,
2026-01-10,Kota Banjar,32.3328649330199,47.256866960000025,39.812848987213144,0.6429924628438038,,
2026-01-10,Garut,25.77943004621395,47.714881640000044,33.87466835824979,72.16786866486906,,
2026-01-10,Kota Bandung,25.696495261250007,28.505609240000013,28.269765860000007,99.87544800305194,,
2026-01-10,Kuningan,23.321605663906155,40.51311350000003,29.37195657182689,77.54448402142616,,
2026-01-10,Majalengka,18.47549528917392,32.16289064,25.060960046265233,91.55879576842906,,
2026-01-10,Sumedang,17.53722438308255,31.229771180000057,21.68282343837528,96.43634128687124,,
2026-01-26,Bandung,21.469242495274077,32.17314470000002,26.812213376818193,96.62097373762246,,
2026-01-26,Kota Tasikmalaya,27.551615846446442,40.49944142000004,35.312965629145445,49.906658257021114,,
2026-01-26,Tasikmalaya,25.494298166593875,44.587393340000006,32.622355452097516,53.325277763645,,
2026-01-26,Ciamis,24.345935215741306,50.82186181999998,30.874371621490607,68.497600573745,,
2026-01-26,Cirebon,16.83398441495419,19.000095620000025,18.43612231999998,99.99628572031524,,
2026-01-26,Garut,26.196059838890946,62.11499990000004,33.61990818210973,85.6590758959762,,
2026-01-26,Kota Bandung,30.206760775294846,41.029234520000045,33.93650121800002,91.26047069415873,,
2026-01-26,Kuningan,23.14175959317016,32.38164391999999,25.686982496406813,96.7249973330853,,
2026-01-26,Sumedang,24.785035173494496,30.23170934000001,28.718014768571443,99.90680362436056,,
2026-02-42,Bandung,29.58009097814424,58.71406999999999,38.624135506381954,48.306737571605304,,
2026-02-42,Kota Tasikmalaya,30.762678811790746,43.49362694000001,38.06212075612913,35.57315954413028,,
2026-02-42,Tasikmalaya,29.84600040068494,49.26324470000003,36.62443923873969,40.31673675342464,,
2026-02-42,Ciamis,28.27197091681711,65.55694604000001,36.8735330755034,42.9732945303133,,
2026-02-42,Kota Banjar,29.456926352141597,44.583975320000036,35.378474517606065,13.203953615649787,,
2026-02-42,Cirebon,28.05769458786161,38.937406280000005,33.68501451537211,82.64819923843586,,
2026-02-42,Garut,29.520005976368942,64.48368776000001,36.62196654014063,41.061851871512445,,
2026-02-42,Indramayu,18.031382818880065,44.31053372000002,31.52918973200003,99.92829510974794,,
2026-02-42,Kota Bandung,35.638731554431175,48.08744582000003,41.06282965351356,37.562362139598264,,
2026-02-42,Kota Cirebon,32.296331856622245,39.08779916000003,36.28328376736845,67.97208921081291,,
2026-02-42,Kuningan,20.826047101098084,36.47984989999998,29.937576865808957,88.51619566847275,,
2026-02-42,Majalengka,26.958078649213512,41.02239847999999,32.37252941611756,71.50394681741518,,
2026-02-42,Subang,17.334715640000024,19.758896059999984,19.758896059999984,99.99821186859167,,
2026-02-42,Sumedang,26.225327071714606,49.63580888000001,33.3819062680185,89.23964048702723,,
2026-03-74,Bandung,30.445069009874135,59.37032984000001,37.37275455534057,27.511200494706046,,
2026-03-74,Kota Tasikmalaya,35.67844088911659,49.96735682000002,42.379272060556325,57.74409205292294,,
2026-03-74,Tasikmalaya,35.51288992702776,57.381042200000024,40.62345559927659,41.472575982032104,,
2026-03-74,Ciamis,33.151607764236076,68.41782878000004,39.87366359086635,40.507274313280504,,
2026-03-74,Kota Banjar,35.44015409305731,50.55525626000002,40.43594067845673,20.135988233509483,,
2026-03-74,Cirebon,33.7656163853998,48.730033580000054,39.62374601891578,65.86515354493227,,
2026-03-74,Garut,33.1820125290902,69.38171041999999,40.623186288721485,18.969660214519187,,
2026-03-74,Indramayu,30.48534681777765,74.53950259999999,35.244685281236706,40.623109563304375,,
2026-03-74,Kota Bandung,37.73204746583056,47.44827608000003,42.81175207654836,0.015955452099647122,,
2026-03-74,Kota Cirebon,32.72077800917556,41.44623296000003,38.67314822851325,90.38288540273697,,
2026-03-74,Kuningan,31.775604736833827,45.390628040000024,36.62142776569501,43.20430468700025,,
2026-03-74,Majalengka,29.84970288017984,59.61984530000001,34.37080044318874,56.09468697201731,,
2026-03-74,Subang,30.32645050499271,64.09745150000003,34.87319623074344,7.733628569271178,,
2026-03-74,Sumedang,28.979420224952893,49.24957261999998,33.37283275215595,21.36977472771438,,
2026-03-90,Bandung,27.355276979501635,56.335128080000004,34.62474585882398,80.50206467755864,,
2026-03-90,Kota Tasikmalaya,34.19028766193298,45.29834149999999,41.12407430408222,38.75515043266706,,
2026-03-90,Tasikmalaya,26.207336705632137,44.77196642000001,34.37098785811539,67.81590794626423,,
2026-03-90,Ciamis,28.496456786672514,49.54010432000001,35.73821328948218,44.73660052244977,,
2026-03-90,Kota Banjar,32.54074708303752,48.186568400000056,37.37195442859197,15.07102728919651,,
2026-03-90,Cirebon,32.206386738870826,51.96348050000006,38.62465738230581,58.470106050291356,,
2026-03-90,Garut,26.586857377521177,52.694936780000035,33.623038148938704,62.5490259570573,,
2026-03-90,Indramayu,33.21184551491957,72.38273198000002,39.24161108669995,63.794491093020426,,
2026-03-90,Kota Bandung,32.59376434520567,42.96383384000001,39.563830860677996,76.26676487192515,,
2026-03-90,Kota Cirebon,36.86511509181656,46.21778888000006,43.311606551957176,67.50239400804402,,
2026-03-90,Kuningan,23.750322759914713,36.99938894000002,30.06387876474578,96.17019517570058,,
2026-03-90,Majalengka,30.261075858977733,54.50648738000001,36.73617255555385,83.39040134433384,,
2026-03-90,Subang,32.788499715748586,68.72203256,38.7399034353023,40.13066132931933,,
2026-03-90,Sumedang,30.778470364647287,45.28808744000003,35.73814917161553,49.36308246845981,,
2026-04-106,Bandung,32.97272047197721,58.91573318000002,40.62430718545257,48.660385082698376,,
2026-04-106,Kota Tasikmalaya,35.48516854532777,46.93557308000004,42.815425882457916,50.35513264010778,,
2026-04-106,Tasikmalaya,27.979545426007295,45.80762648000001,34.87155504763537,74.34297434291321,,
2026-04-106,Ciamis,33.310893313225904,52.37022488000002,39.12477399576895,48.412340421998366,,
2026-04-106,Kota Banjar,37.61062087509185,51.90537416000001,43.188814789049374,1.903060102789728,,
2026-04-106,Cirebon,39.40696500947279,55.22427158000005,45.87275686940708,7.220913630000473,,
2026-04-106,Garut,26.69045303543666,60.31712138,36.12396641727249,58.54642059734911,,
2026-04-106,Indramayu,37.8134151769689,79.14357554000003,43.3720042786934,16.700208686594788,,
2026-04-106,Kota Bandung,40.214808095007996,50.743247360000055,44.31003233851741,3.125334495382983,,
2026-04-106,Kota Cirebon,44.4201873603408,52.582142120000015,48.93726436036061,3.290165219606455,,
2026-04-106,Kuningan,36.17373444250642,54.34242242000005,42.62448674563998,14.211822217142936,,
2026-04-106,Majalengka,37.528813930090685,72.24601117999998,43.12256141007333,20.64409704526019,,
2026-04-106,Subang,37.029258691908495,78.16260380000006,42.373184288342976,12.01454353544265,,
2026-04-106,Sumedang,34.407922531556906,52.41807716000005,40.12122853971636,12.610783888331406,,
2026-05-122,Bandung,25.51038119973827,59.014855760000046,33.12367488427908,13.493141607812786,,
2026-05-122,Kota Tasikmalaya,30.3016610735679,42.17768924000001,36.3117314315538,24.70705957808063,,
2026-05-122,Tasikmalaya,26.833522703722196,49.94001265999998,32.8713703975048,26.702772578452823,,
2026-05-122,Ciamis,26.581101165928274,51.78232544000002,33.12411832951992,56.56858227689702,,
2026-05-122,Kota Banjar,29.489124480273773,42.49556510000002,35.6898771518361,14.943175629304747,,
2026-05-122,Cirebon,30.277797869783846,46.49806652000001,39.473748870878644,44.4866828659368,,
2026-05-122,Garut,25.51128905085962,65.70733891999998,33.24137390816841,3.592928228296361,,
2026-05-122,Indramayu,18.396294332641187,30.891387200000054,24.118999196068586,98.60694594935374,,
2026-05-122,Kota Bandung,33.63079151173092,44.79247454000006,37.809498120144106,9.455945810720143,,
2026-05-122,Kota Cirebon,38.1077204398828,47.67386540000001,43.312755349248846,7.753349983355909,,
2026-05-122,Kuningan,26.837199720824913,47.11331012000005,35.874091077292945,56.68479044039253,,
2026-05-122,Majalengka,22.857337444624168,38.31532664000002,29.872568409953683,89.42292049896349,,
2026-05-122,Subang,12.342308422608706,17.89607516000001,16.279351700000007,99.97044218929494,,
2026-05-122,Sumedang,21.128614163696387,40.48918736000002,28.375260142178234,76.12544219027471,,
2026-05-138,Bandung,31.61766655320878,59.91379502000001,40.375064157171785,6.629323705703763,,
2026-05-138,Kota Tasikmalaya,33.85688073408666,45.011227820000045,40.440304720348,57.81022714787169,,
2026-05-138,Tasikmalaya,31.02148544133972,50.052807320000056,34.87062391977101,49.33795412846035,,
2026-05-138,Ciamis,31.64404311081061,60.02658968000003,37.37220447766779,56.772096961452235,,
2026-05-138,Kota Banjar,34.315810547075536,48.25834682000004,38.811089650425046,28.623228394075824,,
2026-05-138,Cirebon,38.591457225029146,53.65198238000005,44.31143953839594,0.928250730703081,,
2026-05-138,Garut,30.250895905927642,59.1413225,36.37161294790994,10.830121344253715,,
2026-05-138,Indramayu,39.530721494554264,86.17102466000006,44.2395231844282,0.6176796627787889,,
2026-05-138,Kota Bandung,38.3601811217189,49.16070410000003,42.43731116368178,0.638895791724574,,
2026-05-138,Kota Cirebon,41.6672536373447,50.73982934000003,46.62423969304283,6.695112592867083,,
2026-05-138,Kuningan,32.76227724219534,46.55617286000006,38.24133693859915,19.348977944190082,,
2026-05-138,Majalengka,36.40834702077378,73.32952352000001,43.371234037682974,5.756382169679673,,
2026-05-138,Subang,37.34835895360808,77.06541937999998,43.874325020824905,3.935528339186552,,
2026-05-138,Sumedang,33.63842793339301,53.351196619999996,39.371462338686456,1.1716944892693455,,
2019-09-247,Tasikmalaya,33.0319430805506,41.70942050000002,37.808747103882965,77.04860570799991,,
2019-09-247,Ciamis,27.53160069770024,30.52224104000004,29.77027664000002,87.22295115455024,,
2019-09-247,Garut,31.96351469205961,62.02954940000001,36.62143878909094,0.03585263974550531,,
2019-09-263,Tasikmalaya,27.816400905223365,38.475973580000016,34.558768029790706,75.02105988249421,,
2019-09-263,Ciamis,17.56932021780396,20.69543354000001,19.239357020000057,65.99151784865253,,
2019-09-263,Garut,29.328205749448404,58.90889714000002,33.12243047081082,18.302425351545264,,
2014-02-32,Bandung,23.25472338331877,35.78599184000001,29.8140834373913,65.6171021466115,,
2014-02-32,Bekasi,22.725342998009666,36.17906414000004,29.189385850107566,92.75578546338204,,
2014-02-32,Bogor,25.93452366963661,46.51173860000006,33.12223971988572,90.37845710442771,,
2014-02-32,Cianjur,24.542957337192384,34.333333340000024,28.176439053043506,97.72246572386284,,
2014-02-32,Indramayu,25.889251261527203,55.436188819999984,32.87039285556506,73.94456519627698,,
2014-02-32,Karawang,26.174697420965895,34.722987620000026,31.435722214553422,95.54392784070563,,
2014-02-32,Kota Bogor,25.879326789121478,33.18829664000003,29.819568086315805,84.31341226641764,,
2014-02-32,Purwakarta,28.359652391008705,46.50832058000003,34.87476997254524,74.7656792147256,,
2014-02-32,Subang,27.148092884615963,59.63351738000006,35.12641260465584,74.2756777712573,,
2014-02-32,Sumedang,20.431180777209356,31.882612999999992,28.61392586113923,69.45349476447427,,
2014-02-32,Kota Bekasi,28.86162535315633,38.869045880000044,33.56898537070075,83.26727029973688,,
2014-02-32,Kota Depok,30.704156493266236,43.31930792000003,35.12939503626101,74.57652370842067,,
2014-03-64,Bandung,32.219895611908186,42.553671440000016,35.43492169159809,54.463396347974424,,
2014-03-64,Bekasi,33.38277704311212,59.216518940000014,40.482459608959985,78.15427176367804,,
2014-03-64,Bogor,32.52320559688342,53.433229100000005,40.245003252683624,63.38364161670873,,
2014-03-64,Cianjur,29.97454949499667,38.968168460000015,33.31304841501136,37.839900728221046,,
2014-03-64,Indramayu,34.42721089721344,67.36166060000005,41.73400998191957,42.541351416249356,,
2014-03-64,Karawang,33.99121601652278,57.4664927,39.4538980070311,58.73669875435347,,
2014-03-64,Kota Bogor,38.93695762708605,53.50158950000002,44.189434517827564,31.530160410490893,,
2014-03-64,Purwakarta,31.5324691379656,52.17881576000002,36.23797475217923,57.14412778846742,,
2014-03-64,Subang,30.877503015835806,61.77661592000004,35.73561977569693,70.813889979772,,
2014-03-64,Sumedang,31.399123271870085,42.13667300000003,34.871210405561676,36.253613280559314,,
2014-03-64,Kota Depok,35.24632513933495,51.29013056000002,42.37220536581383,74.16462002570499,,
2014-03-80,Bandung,-1.244641958997172,13.073248939999985,8.12066613575002,74.21967393541253,,
2014-03-80,Bekasi,-2.401904676842553,16.351130119999993,5.621978319822809,89.53769553406214,,
2014-03-80,Bogor,3.2666443049009035,27.340064420000033,17.750077989710313,86.8985460342562,,
2014-03-80,Cianjur,-1.8875397591777805,20.292107180000016,10.100105605625021,68.02437038027098,,
2014-03-80,Indramayu,-5.186026353796376,7.0370256200000085,3.631467546588697,88.5333067889818,,
2014-03-80,Karawang,-9.68322201188574,14.22512168000003,5.878672331225037,92.74547453660547,,
2014-03-80,Kota Bogor,8.118526186627898,27.599833940000053,20.87067393930437,72.41226758797715,,
2014-03-80,Purwakarta,-2.885912210911923,29.55835940000003,13.744382060390976,63.18691964410642,,
2014-03-80,Subang,-1.1776383742486745,21.608044880000023,12.12309350622482,82.59172741474238,,
2014-03-80,Sumedang,0.8120218010230121,26.444543179999982,16.246451582000027,42.43057744117378,,
2014-03-80,Kota Bekasi,-3.124749820806312,6.144922400000041,2.6832047822413987,81.91353823620511,,
2014-04-96,Bandung,16.826477944230167,27.510965420000048,20.437862976358634,93.63710398964702,,
2014-04-96,Bekasi,21.47434618965439,39.330478579999976,32.2454735128426,89.03909830870744,,
2014-04-96,Bogor,11.709026989239707,26.60519012000003,20.61496619030802,99.72010305169763,,
2014-04-96,Cianjur,10.405857423732435,10.420865420000041,10.420865420000041,99.99867762869026,,
2014-04-96,Indramayu,25.09418369502895,58.04755610000001,33.742686079410866,38.520670467924866,,
2014-04-96,Karawang,28.036001817688767,57.95185154000001,37.740683533055055,60.584179664988746,,
2014-04-96,Purwakarta,16.398751475428412,31.762982300000033,24.877883673621305,85.61098078328271,,
2014-04-96,Subang,20.290645872888184,57.11443664000001,30.238958572857438,84.3480713006876,,
2014-04-96,Sumedang,16.412989141083948,29.267827699999998,23.119688183084154,63.28553895263689,,
2014-04-96,Kota Bekasi,23.910162731428578,40.882259660000045,30.619562442401243,90.06422294195501,,
2014-04-96,Kota Depok,19.017651629187977,25.750685120000014,22.419937537567577,99.56572883218283,,
2014-04-112,Bandung,23.603517682787984,35.396337560000006,31.061315154641274,1.4166142362150804,,
2014-04-112,Bekasi,29.793483614496182,55.71646645999999,42.74267966574633,8.940726668550107,,
2014-04-112,Bogor,31.87543233453764,56.76238058000001,41.62419168524987,2.9629049411552364,,
2014-04-112,Cianjur,32.22521003259922,41.733346640000036,36.06337481812106,3.085383243703468,,
2014-04-112,Indramayu,-9.987751684344131,-3.5656724199999985,-3.8476590699999917,99.96924514841132,,
2014-04-112,Karawang,25.349135637894044,52.616322319999995,41.74049608401504,10.228747285598528,,
2014-04-112,Kota Bogor,37.48821698849395,53.63831030000006,45.122547227209616,0.0,,
2014-04-112,Purwakarta,17.755858079252963,40.85833352000003,31.627317207370954,19.590444297062408,,
2014-04-112,Subang,12.947697797155733,36.78063566000003,23.62373167182944,49.295613200453815,,
2014-04-112,Sumedang,-0.8934244593823047,12.413571079999997,6.067001696534675,68.3276351189427,,
2014-04-112,Kota Bekasi,37.507455441506366,54.366348560000006,43.87391928548867,0.10085915840100526,,
2014-04-112,Kota Depok,42.797496580400626,59.17208468000001,51.12266970516851,0.1165915025056056,,
2014-05-128,Bandung,21.3934647270072,31.240025240000023,24.561580374266754,54.418104712984025,,
2014-05-128,Bekasi,25.444593393921547,40.766046980000056,33.31396463339856,90.30527261713777,,
2014-05-128,Bogor,23.203620863718896,45.02148188000001,33.871776125926225,56.10328257859335,,
2014-05-128,Cianjur,19.098721043331274,25.795119380000017,23.05989116596167,65.67633106083744,,
2014-05-128,Indramayu,25.88473175078249,54.06214478000004,29.620832744401703,63.057729215648706,,
2014-05-128,Karawang,20.12992172467699,33.01739564000002,26.93678100617598,92.09115894495756,,
2014-05-128,Kota Bogor,28.553014528902462,40.51994954000003,33.93759250968817,36.84380688605617,,
2014-05-128,Purwakarta,19.373846133381498,34.62044702000003,25.870820906924422,63.255679808763965,,
2014-05-128,Subang,24.380101838274452,58.74141415999998,29.87234374957648,69.81454114171581,,
2014-05-128,Sumedang,21.979336509186126,33.00030554,26.13090669200775,46.61949752083544,,
2014-05-128,Kota Bekasi,21.802852314030176,37.87782007999999,28.553198595384636,94.08519998666934,,
2014-05-128,Kota Depok,27.683407982820665,42.047804480000025,34.871354334701806,37.38886555885863,,
2014-05-144,Bandung,19.316714169425225,29.40796652000006,25.063689532247473,73.96226001729642,,
2014-05-144,Bekasi,36.31278729575195,61.12377409999999,42.87345254103181,15.925900955720337,,
2014-05-144,Bogor,32.50850086153686,54.03138260000003,41.37307782198231,30.81111547668978,,
2014-05-144,Cianjur,29.172166974757122,37.79920562000001,33.186819965272164,10.48639935188783,,
2014-05-144,Indramayu,28.716493739192476,67.59408596000003,38.23312767068395,59.2284041179959,,
2014-05-144,Karawang,32.6706204629939,60.79222616000004,39.737655664757405,16.43297094666835,,
2014-05-144,Kota Bogor,38.456455412774055,54.660298280000006,43.935465268759685,0.0,,
2014-05-144,Purwakarta,24.742019736754408,47.48587429999998,33.238303890412794,28.54188199570782,,
2014-05-144,Subang,21.283398766114303,62.569596560000036,30.24200702508544,36.51965297328094,,
2014-05-144,Sumedang,13.569338500858416,27.67844839999998,21.618437653856443,47.94923116553056,,
2014-05-144,Kota Bekasi,38.90770085822886,51.57382622,44.6246791003678,15.24778551156116,,
2014-05-144,Kota Depok,36.9956232109995,50.172438020000016,43.12221204658657,3.468296452878112,,
2014-06-160,Bandung,28.6476335025054,39.66202652000004,32.561533504537266,25.466693994782513,,
2014-06-160,Bekasi,36.47137131937811,59.60617322000002,42.623668128233206,30.757768487706667,,
2014-06-160,Bogor,33.48387605391482,51.618260480000004,39.87353823606373,10.094626808088533,,
2014-06-160,Cianjur,31.04670890118086,41.03948858000001,33.80835398979004,15.395355003989591,,
2014-06-160,Indramayu,36.47798574137438,72.47843654000002,40.12572572486716,17.165983459962824,,
2014-06-160,Karawang,35.84711837757215,68.69810642000004,41.124215656304315,18.13061047371046,,
2014-06-160,Kota Bogor,38.044990607896715,47.43118598000001,42.06546318519632,5.109406571544033,,
2014-06-160,Purwakarta,32.54035386952699,52.547961920000034,37.8716957065814,2.1120888409010474,,
2014-06-160,Subang,33.760631813992156,71.21376914000001,38.62178934120726,12.790548685310101,,
2014-06-160,Sumedang,30.359395189868426,38.78359538000001,33.18461055060005,16.508828024292406,,
2014-06-160,Kota Bekasi,39.998253666900716,50.42195348000001,44.31014464751072,31.686075320135092,,
2014-06-160,Kota Depok,39.24063173045392,50.48005982000001,44.31310811751368,5.560739173220946,,
2014-06-176,Bandung,31.85677450836391,42.72457244000003,35.313208464414025,32.849293027619865,,
2014-06-176,Bekasi,38.53087969896837,62.15259811999999,44.875413021548496,17.79571702162257,,
2014-06-176,Bogor,35.70692531976754,57.53485310000002,44.74592939303091,38.93186483005108,,
2014-06-176,Cianjur,31.93122118377845,42.099074780000024,36.18817224106122,26.432902075118754,,
2014-06-176,Indramayu,37.17548479332341,72.04434800000001,40.62318757255855,10.655812273825003,,
2014-06-176,Karawang,38.23114878017196,65.24932424000002,43.62240547291356,8.158956759299382,,
2014-06-176,Kota Bogor,41.10733257200597,49.77594770000002,46.06636157504857,32.86228198037214,,
2014-06-176,Purwakarta,35.637606425321685,57.53485310000002,42.1231864156414,22.38321227955156,,
2014-06-176,Subang,36.384833305912736,73.16204054000002,41.2359280306405,8.692424271360002,,
2014-06-176,Sumedang,33.117133961006964,43.965313700000024,36.93812355358236,0.977531072186548,,
2014-06-176,Kota Bekasi,42.816835805865644,55.316558120000025,47.81116872979189,22.59218291471251,,
2014-06-176,Kota Depok,42.69602642002345,55.005518300000006,48.73817380700517,31.603558939568373,,
2014-07-192,Bandung,29.74269282891746,38.643456560000004,32.68730175540783,70.81408815170197,,
2014-07-192,Bekasi,32.669932067337726,51.46786759999998,37.8729763911762,52.5117818290302,,
2014-07-192,Bogor,32.40221905443514,50.80818973999999,38.624555942991144,19.594197863677532,,
2014-07-192,Cianjur,30.18948905966664,41.719674560000044,33.43611120538946,18.305703682286154,,
2014-07-192,Indramayu,33.93277326335992,66.53791778000004,38.62289935968021,6.568999280990408,,
2014-07-192,Karawang,32.093231047526174,57.528017060000025,37.125874133623746,35.175927010524454,,
2014-07-192,Kota Bogor,37.67916199180491,51.21493412000001,42.81515810611506,29.40644876468838,,
2014-07-192,Purwakarta,32.11407757411295,49.26324470000003,37.0621917690163,21.306251709587468,,
2014-07-192,Subang,32.758032498104185,68.65709018000001,37.37300070479736,13.700004440145147,,
2014-07-192,Sumedang,30.49545504462594,38.49989972000003,34.437673170594316,53.5912972157619,,
2014-07-192,Kota Bekasi,36.294143019976595,45.75635618000001,40.43818811565415,72.18034135124178,,
2014-07-192,Kota Depok,38.532141681548666,48.51128030000001,43.562251978265515,9.462726344087265,,
2014-07-208,Bandung,29.345665073456523,43.69529011999998,37.865750110343775,51.39244055317609,,
2014-07-208,Bekasi,23.913292864392254,39.5389778,32.87124513943882,85.65699978034742,,
2014-07-208,Bogor,25.800093694055214,41.85981337999999,34.619527434950136,85.54829735097917,,
2014-07-208,Cianjur,28.97285677932052,43.17233306000003,34.86659517953843,13.801120499602797,,
2014-07-208,Indramayu,3.0730518516386844,10.239710360000004,8.537536400000022,99.71321878406654,,
2014-07-208,Karawang,20.36375878151562,39.27579026000001,31.749293627849557,82.9068722892025,,
2014-07-208,Purwakarta,29.399425522583897,47.57474281999998,37.733224743201056,33.37510544304817,,
2014-07-208,Subang,20.927480260019106,49.04790944000001,29.73969496304131,57.96120853570723,,
2014-07-208,Sumedang,19.95398452668146,33.37970575999998,28.12418431602499,24.820060237216815,,
2014-07-208,Kota Bekasi,14.172184053170751,17.643141679999985,17.301339680000012,99.97447391670097,,
2014-08-224,Bandung,32.66544112609456,44.43358244000001,37.940518097469905,61.88817070156964,,
2014-08-224,Bekasi,36.67646295375076,60.45726020000001,43.374748754916624,19.154372798421313,,
2014-08-224,Bogor,36.160805124869114,56.58464354,42.374257449974436,9.657350183915268,,
2014-08-224,Cianjur,33.049492083138496,41.12493907999999,36.842256894776426,13.886034320100949,,
2014-08-224,Indramayu,33.46616817339232,69.32018606000003,41.36849044688336,4.360235493075133,,
2014-08-224,Karawang,34.83564975694373,60.49827644000004,41.12441506410231,23.437804617301484,,
2014-08-224,Kota Bogor,42.42530566198003,56.63591384000006,46.811790850854564,0.06782163884197667,,
2014-08-224,Purwakarta,34.110312594059,54.595355900000015,39.62255969810372,20.231049516201587,,
2014-08-224,Subang,33.926692499613324,74.34809347999999,39.871400821036104,9.215877027515651,,
2014-08-224,Sumedang,32.44303331440874,44.37205807999999,37.18528996858632,8.316358701274387,,
2014-08-224,Kota Bekasi,41.71819249178982,55.91471162000005,47.061178656605605,9.562170906100283,,
2014-08-224,Kota Depok,42.13998982364857,54.04505468000002,47.563079363414396,0.46326209401852775,,
2014-08-240,Bandung,30.34796688981785,41.00530838000003,36.06255112799241,53.6576350302792,,
2014-08-240,Bekasi,37.50879008934111,59.74631204000002,43.62355673421696,7.5000539359104685,,
2014-08-240,Bogor,36.01745918338579,53.99378438000002,42.62428371104261,5.106043178526474,,
2014-08-240,Cianjur,31.92521573777248,42.49556510000002,36.313516883581734,21.8284188586427,,
2014-08-240,Indramayu,39.41215492682634,74.68989548000002,46.119646191895654,1.21310775751678,,
2014-08-240,Karawang,36.346273062827194,65.36211890000004,43.373100304218795,3.159008546140498,,
2014-08-240,Kota Bogor,41.44564075787601,53.857063580000045,46.31299120032662,0.5087116520264917,,
2014-08-240,Purwakarta,35.527836596693895,56.465012839999986,42.87130487695347,12.246956813074386,,
2014-08-240,Subang,37.105246506788745,79.81692548000001,44.37243599450665,6.616166930365475,,
2014-08-240,Sumedang,34.46185400709725,46.911646940000026,40.05980655487544,13.61559236005789,,
2014-08-240,Kota Bekasi,41.950215981076695,53.221311860000014,46.30991529167776,9.33267054225289,,
2014-08-240,Kota Depok,42.1136550148843,52.94787026000006,47.31190372144694,2.031711184158161,,
2014-09-256,Bandung,30.56934497622997,42.95357978000004,36.93712076099546,5.775917675586213,,
2014-09-256,Bekasi,39.21182718744985,63.62918276000005,46.62217474352363,0.6364290890416417,,
2014-09-256,Bogor,37.32996008288255,57.14519882000002,44.623840383615416,0.07433909872108767,,
2014-09-256,Cianjur,34.286480605381435,47.22268675999999,38.43457760539906,0.0,,
2014-09-256,Indramayu,41.905768263239025,81.72076262000002,51.874230034777646,0.007554655797407085,,
2014-09-256,Karawang,37.72234240052569,68.05551866000002,46.12428900581547,0.5568201849344021,,
2014-09-256,Kota Bogor,43.136453575425186,54.93032186000005,48.062571252310335,0.0,,
2014-09-256,Purwakarta,37.18641451574585,59.60617322000002,45.622695559585445,0.02594665124731234,,
2014-09-256,Subang,38.98712760929803,88.81315412000004,48.24079055452391,0.008391820814207735,,
2014-09-256,Sumedang,37.39037051729929,55.754064680000056,45.12238596401063,0.0,,
2014-09-256,Kota Bekasi,44.95643345937836,59.46603440000001,48.62118727768644,0.009338810963056042,,
2014-09-256,Kota Depok,43.568441776295366,56.133464900000035,49.31330388250939,0.0,,
2014-09-272,Bandung,32.08718491941602,44.48485274000001,38.81135697060346,60.539028706661554,,
2014-09-272,Bekasi,39.42573556016979,63.64285484000004,45.87281520133508,19.371228331456113,,
2014-09-272,Bogor,37.81656492140867,55.49087714000001,45.12228041878733,21.6274412806474,,
2014-09-272,Cianjur,34.643369063049825,47.03469566000001,39.31820468507063,8.51541911921936,,
2014-09-272,Indramayu,41.72778786266347,80.83207742000002,50.622598802095624,5.24832682084992,,
2014-09-272,Karawang,37.76404600687624,63.01393916000001,44.62199255230179,11.088503910437089,,
2014-09-272,Kota Bogor,43.78548188011502,56.17789916000004,48.31117544357791,0.07081244046128433,,
2014-09-272,Purwakarta,36.53126642825601,54.595355900000015,44.37435162907215,19.941147449323346,,
2014-09-272,Subang,38.82702437257316,86.86146470000006,47.24083918054911,10.625349926050829,,
2014-09-272,Sumedang,36.89135477838478,56.16080906000002,44.623406893226864,23.682449668009365,,
2014-09-272,Kota Bekasi,44.77803630761114,61.6535672,49.363235209242504,50.76068338610889,,
2014-09-272,Kota Depok,42.85637852138562,54.95424800000001,48.81085882714129,41.624151931673055,,
2014-10-288,Bekasi,39.07095535105078,59.74631204000002,44.87385977866222,64.14659210535825,,
2014-10-288,Bogor,35.87073989007689,55.087550780000015,43.37282311823182,35.226098767749754,,
2014-10-288,Indramayu,38.27756283989287,70.72157426000001,44.374318732468346,49.2041255435494,,
2014-10-288,Karawang,34.17946062800415,61.28783906000001,42.87352581992576,76.16754243907677,,
2014-10-288,Kota Bogor,40.26029196253378,54.92690384000002,45.31251682409028,14.903382174692739,,
2014-10-288,Purwakarta,30.479463332107116,48.46001000000001,39.31233287093328,90.11773700243256,,
2014-10-288,Subang,34.67409391822763,77.44481960000002,42.62441692216163,84.29868717782972,,
2014-10-288,Sumedang,32.64956563826766,47.03469566000001,39.80991464573182,86.7187116857127,,
2014-10-288,Kota Bekasi,41.36500243710509,58.314161660000025,45.36841894274117,35.686023559927904,,
2014-10-288,Kota Depok,42.53778834882757,54.39711074000002,48.18657177635914,18.576547978588746,,
2014-10-304,Bandung,29.46664970349543,41.059996700000056,34.87345545033975,47.38668628397659,,
2014-10-304,Bekasi,37.837110909910976,59.43527222,48.12273498373867,14.408026264588852,,
2014-10-304,Bogor,33.99244933215401,55.25503376000006,43.87533898702113,20.789862296251428,,
2014-10-304,Cianjur,28.41156876922467,44.474598679999986,36.56657594036254,21.008988025429044,,
2014-10-304,Indramayu,43.49674177709729,82.44880088000002,52.62459010269072,0.0077780991821666265,,
2014-10-304,Karawang,39.73273657354001,74.46430615999998,47.873964989378315,1.1481752474514733,,
2014-10-304,Kota Bogor,43.67110230795272,58.61836544000005,50.55733273631417,0.12404472055245036,,
2014-10-304,Purwakarta,36.68847738688131,61.22289668000002,44.87304742509563,5.686655972290231,,
2014-10-304,Subang,39.58299141556665,81.18755150000004,47.23896660973203,2.7201919153586496,,
2014-10-304,Sumedang,36.57877849303001,50.726157260000036,44.374785457503805,4.566582204294972,,
2014-10-304,Kota Bekasi,46.07519823417384,60.22483484000003,50.55950653631738,0.007471048770444834,,
2014-10-304,Kota Depok,39.948478339758815,53.81946535999998,46.62172609557057,12.169888230439788,,
2014-11-320,Bekasi,24.32885514231701,48.31987118000001,30.123595354068712,85.61910808796692,,
2014-11-320,Bogor,26.253699242553143,53.747686939999994,36.48228872448144,58.53725664694539,,
2014-11-320,Cianjur,14.529688134258055,23.884446200000014,19.932885313281705,52.09023489695017,,
2014-11-320,Karawang,12.757295716250024,13.43897708000003,13.43897708000003,99.99924834467535,,
2014-11-320,Kota Bogor,27.875866031016674,38.84853776,34.329915320000026,98.40224867762718,,
2014-11-320,Purwakarta,13.898614067355025,17.71492010000003,15.966461108801859,99.89760532513246,,
2014-11-320,Subang,3.7046357733423285,10.872044060000007,10.872044060000007,99.99975526360654,,
2014-11-320,Sumedang,13.498403090593323,20.10411608000004,17.886390770000016,98.90880474217889,,
2014-11-320,Kota Bekasi,23.37636170141097,33.01055960000002,30.315978257124314,94.36867013256607,,
2014-11-320,Kota Depok,32.091492529028145,47.51663647999999,40.62407189857708,16.390421357298994,,
2015-03-83,Bandung,21.668391321780415,29.172123140000053,24.779261390149653,64.77763352416362,,
2015-03-83,Bekasi,28.92505761144978,44.82665473999998,35.374502226712565,61.734754577591886,,
2015-03-83,Bogor,25.522393906046393,45.831552620000025,36.12483416640212,67.8486519849627,,
2015-03-83,Cianjur,18.820938204581832,28.044176540000024,22.435014698541217,69.11102628666802,,
2015-03-83,Indramayu,22.214825753408842,51.85068583999998,30.125082798187517,52.525420251170665,,
2015-03-83,Karawang,28.30461253070893,53.94593210000005,35.87103945546606,53.36011411247941,,
2015-03-83,Kota Bogor,30.22910743182607,39.781657220000056,35.564466205995465,56.3613431877635,,
2015-03-83,Purwakarta,20.550469853606195,36.056015419999994,25.185862384356827,56.96852764864938,,
2015-03-83,Subang,23.661779086249982,59.23360904000003,29.623110442947702,49.60188962810672,,
2015-03-83,Sumedang,26.48752101026896,35.86460629999999,29.558499269728873,40.054546025650254,,
2015-03-83,Kota Bekasi,33.185176382943105,45.77686430000006,41.56036792048612,49.33423799758318,,
2015-03-83,Kota Depok,32.71876779179684,47.27395706000004,40.31381719350636,60.340177970827746,,
2015-04-99,Bandung,28.659267832491874,37.597542439999984,31.811190177068454,57.774336152721595,,
2015-04-99,Bekasi,34.525038677731665,54.41078282000001,43.23211402154984,89.84152370528481,,
2015-04-99,Bogor,31.393932576243802,46.737327919999984,37.237120283674535,79.98492001729414,,
2015-04-99,Cianjur,30.386016119173703,41.50433930000003,34.44288290150445,66.5092937978125,,
2015-04-99,Indramayu,33.21738483900897,64.74687530000006,40.261141847066284,65.92536199923329,,
2015-04-99,Karawang,32.271327532438136,49.39996550000001,37.734232022613774,95.18621065020353,,
2015-04-99,Purwakarta,31.650132994162927,45.83497064000005,36.2352996164503,67.24259193343458,,
2015-04-99,Subang,32.35785685319183,67.00618652000003,38.74260225763217,79.67678815829309,,
2015-04-99,Sumedang,29.03362150778683,45.70166786000004,34.86822737851886,45.446801164425146,,
2015-04-99,Kota Bekasi,38.0112408699588,49.77594770000002,46.61777000799123,85.5277410905608,,
2015-05-131,Bandung,26.637963294577066,36.10386770000002,30.312317645000025,97.24860402515193,,
2015-05-131,Bekasi,36.49953091788484,61.59546086,44.125349023912804,33.92982085009809,,
2015-05-131,Bogor,34.834398132719365,52.49669161999998,42.12461349673646,57.889972479851814,,
2015-05-131,Indramayu,35.22437394312566,65.57403613999998,40.11992997402624,49.93660493437196,,
2015-05-131,Karawang,35.02981522929547,68.43150086000003,39.872144664293494,47.73060721801122,,
2015-05-131,Kota Bogor,39.44652198733988,49.63239085999999,45.940197844456236,42.73451226733357,,
2015-05-131,Purwakarta,28.968007646360615,41.63080604000004,35.62585744661768,93.99988894885524,,
2015-05-131,Subang,33.76867780322528,70.34559206000006,38.62276781663721,57.98264824605618,,
2015-05-131,Sumedang,31.535768237421685,42.13667300000003,35.81328603036157,21.822669606085963,,
2015-05-131,Kota Bekasi,41.15959814245019,52.37364290000005,46.435077737398466,36.395306862951834,,
2015-05-131,Kota Depok,38.6017213383291,50.90389430000005,45.12543537611427,42.26545254332516,,
2015-05-147,Bandung,29.35302924753126,37.50183788000004,32.31151417264674,69.84351114301313,,
2015-05-147,Bekasi,36.733003485853324,60.16672849999998,43.87482845130427,41.82654226641891,,
2015-05-147,Bogor,32.63892140845877,54.27748004,44.743627803434336,63.016826714309545,,
2015-05-147,Cianjur,27.8166073278584,39.24161006000003,33.18754019507371,37.99264355016647,,
2015-05-147,Indramayu,35.92810034206434,67.86752755999998,40.62403225449221,7.256426255546346,,
2015-05-147,Karawang,35.34642534288317,67.14974336,41.7458442251915,39.466023357298646,,
2015-05-147,Purwakarta,33.47827033559393,54.39369271999999,39.62239177080565,32.65378220255469,,
2015-05-147,Subang,34.3540629240832,69.56628350000005,39.122824621121524,14.321430023122646,,
2015-05-147,Sumedang,29.147891428779236,41.767526840000016,34.31142829974724,21.84613707776619,,
2015-05-147,Kota Bekasi,42.978750062823266,56.55046334000002,48.36835063175828,35.950869797321,,
2015-05-147,Kota Depok,37.26956840505893,52.438585279999984,46.62292103980373,25.417815590528193,,
2015-06-163,Bandung,27.265602822299222,37.09851151999999,31.062799307034485,23.408264999541174,,
2015-06-163,Bekasi,31.825800779283515,48.49077218000002,38.311024307527134,19.752374099976016,,
2015-06-163,Bogor,32.83252050941258,50.435625560000005,39.374668073691176,14.267569317035761,,
2015-06-163,Cianjur,27.710432422424404,38.31532664000002,31.438051735111475,0.00416159858486434,,
2015-06-163,Indramayu,32.643693401918824,52.37364290000005,40.12373322467244,78.99099951594165,,
2015-06-163,Karawang,29.97229105409665,59.575411040000006,34.87295482017436,17.496238250655473,,
2015-06-163,Kota Bogor,38.10511436410844,47.68753748000006,42.0617964715683,1.1255583496784343,,
2015-06-163,Purwakarta,28.558111112699045,42.43404074,32.561922802260185,5.245794753560056,,
2015-06-163,Subang,28.729163808296217,68.86217138,33.373412034357884,16.797096324620938,,
2015-06-163,Sumedang,25.884716803983963,40.55412974000001,31.688474064149307,23.791680928387713,,
2015-06-163,Kota Bekasi,37.059758182288505,48.46684604000001,40.43662284481651,1.345838631938662,,
2015-06-163,Kota Depok,36.889790990337836,47.93363492000003,42.06169214888783,0.6298319050614158,,
2015-06-179,Bandung,28.602108102348563,38.79726746000006,32.936958533997434,19.481029631812685,,
2015-06-179,Bekasi,35.88291020028056,54.94399394000004,42.123954366710414,43.094762635645,,
2015-06-179,Bogor,34.45508846681209,51.074795300000005,40.811748282813824,10.355620539009042,,
2015-06-179,Cianjur,30.577633649895546,39.93888614000002,33.686743477932296,0.30924584671651767,,
2015-06-179,Indramayu,-16.41059157999996,-16.41059157999996,-16.41059157999996,99.9995554695704,,
2015-06-179,Karawang,33.21076160858189,57.38787824000002,40.87579597440273,60.5832848635398,,
2015-06-179,Kota Bogor,38.52815678181756,49.324769059999994,42.06375416462311,0.0,,
2015-06-179,Purwakarta,32.29361631142725,50.53474814000003,38.373517929560634,12.05687870981838,,
2015-06-179,Subang,30.186141899563854,48.92486072000003,35.62473574816548,67.18633559626042,,
2015-06-179,Sumedang,27.109875379962293,39.689370680000025,32.11929993428159,39.727585075792675,,
2015-06-179,Kota Bekasi,37.748828420870275,49.03765538000005,42.30939451337219,15.444520687663694,,
2015-06-179,Kota Depok,39.75164357497997,48.94878686000004,44.31215158021996,0.09569530866243867,,
2015-07-195,Bandung,27.861744021220886,40.161057440000036,33.56581173606081,33.12631363201041,,
2015-07-195,Bekasi,35.72599367654693,61.838140280000005,45.122702190401625,3.178030941912089,,
2015-07-195,Bogor,32.496945103620206,49.37603936000005,41.37316408363465,42.86883223800711,,
2015-07-195,Cianjur,30.78193814930033,43.48679090000002,35.187214730638836,3.8275030246248223,,
2015-07-195,Indramayu,39.01509174707519,75.02486144,45.623059037958996,0.0,,
2015-07-195,Karawang,32.63118042849555,61.22631469999999,42.37494555304967,6.939939471333764,,
2015-07-195,Kota Bogor,33.75588725812246,45.05908010000002,39.688183062881386,51.394275012562076,,
2015-07-195,Purwakarta,34.47891540998491,56.03776033999998,42.62365674027321,3.785230525860702,,
2015-07-195,Subang,33.16373611047103,79.88186786000006,42.742610663696965,4.002787710639509,,
2015-07-195,Sumedang,29.035440232743916,47.92338086000001,38.37166689323704,9.165158679210993,,
2015-07-195,Kota Bekasi,41.07841703385987,57.070002380000005,45.87486315233364,0.04358111782759486,,
2015-07-195,Kota Depok,41.12880833509487,50.88338618,45.934087896375225,1.1136570041995295,,
2015-07-211,Bekasi,38.33382710031855,60.00949958000001,44.12301444428244,32.48024392945494,,
2015-07-211,Bogor,36.526274659025496,51.90537416000001,42.87474981751644,42.86754621875943,,
2015-07-211,Cianjur,32.087163285870396,41.176209380000046,36.560421563236225,73.97627177116622,,
2015-07-211,Indramayu,35.96260749421168,70.31824790000002,40.8699127540971,13.651041898890906,,
2015-07-211,Karawang,34.45280011946727,62.71315340000001,39.62232039528467,42.551915000192444,,
2015-07-211,Kota Bogor,41.38115025373401,52.47276548000002,44.93595147713138,1.17618798799648,,
2015-07-211,Purwakarta,33.057448176142216,51.01668896000001,40.12203770142461,61.40809993308394,,
2015-07-211,Subang,33.40431262675476,74.37885566,39.87180708198078,35.83505795778814,,
2015-07-211,Sumedang,30.584456522300002,42.423786680000035,35.43817423556277,45.987805539117176,,
2015-07-211,Kota Bekasi,41.92847631891047,53.52893366000001,45.55970671974079,13.600783044039776,,
2015-07-211,Kota Depok,41.57417069429448,50.746665380000024,46.06034039147462,26.587236111681296,,
2015-08-227,Bandung,28.45401650155827,42.816858980000006,34.812365618863424,44.39067211456582,,
2015-08-227,Bekasi,37.51296897761653,57.30584576000001,42.81244127118781,9.948731748855915,,
2015-08-227,Bogor,34.80247074393753,49.74518552000001,40.93586080834865,8.047805839347792,,
2015-08-227,Cianjur,32.80797826143401,42.40327855999999,37.433738754675474,29.928101291046772,,
2015-08-227,Indramayu,37.907738528324224,72.19815890000001,44.62274385371845,1.1933575374402958,,
2015-08-227,Karawang,34.736177314530536,63.41384750000003,41.371160623101815,8.837974360970554,,
2015-08-227,Kota Bogor,38.19809816374341,49.45807184,41.81110837185612,1.7010732535169122,,
2015-08-227,Purwakarta,33.65714116100753,50.22712634000004,40.1876692095353,27.88214620508212,,
2015-08-227,Subang,35.609679503352105,79.10255930000005,42.872292407654804,5.892857190890191,,
2015-08-227,Sumedang,34.47666822546662,48.371141480000006,40.93432792054943,1.8930514671489305,,
2015-08-227,Kota Bekasi,40.60956612048351,51.29013056000002,43.81078721785687,18.28904681991517,,
2015-08-227,Kota Depok,39.46756251544693,48.54887852000002,43.55922909625801,0.35997534333300524,,
2015-08-243,Bandung,32.38125688515732,47.465366180000046,40.93634071756354,6.338468906379005,,
2015-08-243,Bekasi,42.50043303899467,64.42216340000004,50.12068671299082,2.792053123316063,,
2015-08-243,Bogor,40.66083764188747,58.96016744000002,48.87122178077399,1.4463655779515778,,
2015-08-243,Cianjur,37.77447671085835,52.561634000000026,43.93819994889818,0.0,,
2015-08-243,Indramayu,40.847673434478445,80.64066830000002,51.374216930713374,2.4786701565774063,,
2015-08-243,Karawang,38.560211645415094,67.13948930000004,47.74554459646139,2.6049420357496036,,
2015-08-243,Kota Bogor,45.13115018676219,57.53485310000002,49.18301706288355,0.0,,
2015-08-243,Purwakarta,38.61879099574335,60.10520414000001,46.87365483860412,1.836114026735943,,
2015-08-243,Subang,38.34843049799116,86.98793144000001,47.24222286629176,1.0786406129877997,,
2015-08-243,Sumedang,37.88767430449903,57.38446022000005,46.12259455387146,0.4448276541539597,,
2015-08-243,Kota Bekasi,47.8092251224312,59.425018160000036,51.31136205715462,0.0,,
2015-08-243,Kota Depok,47.170886410499065,60.30344930000001,52.12109230230836,0.3997826276767354,,
2015-09-259,Bekasi,35.205245329037346,58.73116010000001,41.123299405651444,56.56851528201832,,
2015-09-259,Bogor,34.55059840836497,50.23054436000001,42.37506693064237,68.91546455976986,,
2015-09-259,Karawang,31.692058848679203,51.26278639999998,39.37203895733864,90.8009147615824,,
2015-09-259,Kota Bogor,37.71233185669787,46.009289660000036,42.81336093946497,38.37029593595414,,
2015-09-259,Purwakarta,32.595256497920026,36.025253239999984,35.287815425000005,99.96566220423865,,
2015-09-259,Subang,20.657835320000004,20.657835320000004,20.657835320000004,99.99995795594666,,
2015-09-259,Kota Depok,36.20102069585991,45.46240646000001,40.184108588324015,83.13566327765216,,
2015-10-275,Bandung,36.76623035375751,47.84134838,42.68713900610607,32.068396057377626,,
2015-10-275,Bekasi,42.5433070857859,66.61311422000006,48.87004952586799,1.3497590493633285,,
2015-10-275,Bogor,41.23939814439716,55.94889182000003,48.37257822829459,23.289459800400834,,
2015-10-275,Cianjur,38.52154183803369,50.04255325999998,44.18451174476509,11.214380937764252,,
2015-10-275,Indramayu,44.824479163673985,84.45859664,53.117211494391995,13.883858386973735,,
2015-10-275,Karawang,41.06733828743257,64.85283392000002,49.12257774105671,8.69015489335483,,
2015-10-275,Kota Bogor,42.79895096658542,55.350738320000005,46.68704275655705,3.966057977363477,,
2015-10-275,Purwakarta,40.43951462549713,62.422621700000036,48.6246048353462,12.39745678098109,,
2015-10-275,Subang,40.642534672985306,83.14265894000005,50.24082539997061,48.054741093769955,,
2015-10-275,Sumedang,42.21392143508654,59.50021460000005,52.12413506493922,39.800144498867645,,
2015-10-275,Kota Bekasi,45.96815101048166,54.63979016000002,48.560939618767094,0.023658321106408642,,
2015-10-275,Kota Depok,44.97794454168428,54.328750340000056,48.81098600454906,0.0,,
2015-10-291,Bandung,27.510423570602565,39.870525740000005,35.185165028268166,40.30384766554078,,
2015-10-291,Bekasi,30.393832141877542,53.64856436000002,37.12358514122328,28.73712318272649,,
2015-10-291,Bogor,27.465227161632377,39.340732640000056,32.43736968039425,89.06278678342551,,
2015-10-291,Cianjur,27.892348496605102,38.43495733999998,33.0573320699197,1.9736022709928074,,
2015-10-291,Indramayu,38.28330725315634,75.67770326000004,46.12070209523714,0.44277920888119576,,
2015-10-291,Karawang,31.354701781451528,54.84487136000001,39.62347306540052,5.493376772526229,,
2015-10-291,Purwakarta,32.21734512245198,55.48062307999999,41.873015406568136,7.949948510290475,,
2015-10-291,Subang,35.482454467842565,82.70515238000002,45.74321045215773,3.7803831854083225,,
2015-10-291,Sumedang,29.679441257568964,47.76956996000001,38.62606938423311,2.4329116537028317,,
2015-10-291,Kota Bekasi,34.28768556592974,43.07662850000003,37.18510487297559,2.097084325556567,,
2015-10-291,Kota Depok,29.52462209066563,32.303029460000005,31.47358994000003,99.80485837909755,,
2015-11-307,Bandung,31.991511384782473,47.62601312000004,41.686650748033436,56.56093113307358,,
2015-11-307,Bekasi,39.22078907753708,61.803960080000024,50.37060927484974,60.455989761180085,,
2015-11-307,Bogor,37.277846827910814,60.706775660000005,44.37340476083653,63.779540294044736,,
2015-11-307,Cianjur,35.90077705414678,52.47960152000002,44.059233738254456,35.88154216271877,,
2015-11-307,Indramayu,47.67477700926275,87.84585446000006,59.373192471730874,1.806129499435381,,
2015-11-307,Karawang,38.9754666725441,69.75085658,50.74392416198769,42.703416105065,,
2015-11-307,Kota Bogor,36.48212486984079,50.03571722000004,40.43530052842136,65.60849641432416,,
2015-11-307,Purwakarta,39.140165727996454,64.13504971999998,49.37528808742499,36.981397693877256,,
2015-11-307,Subang,42.249224549324445,95.62184996000002,52.74380017692164,18.843502130375136,,
2015-11-307,Sumedang,41.966069104145426,64.41532735999999,54.37538749712415,1.699676313930627,,
2015-11-307,Kota Bekasi,41.828473032804915,50.726157260000036,46.56461241555557,83.83689382113751,,
2015-11-307,Kota Depok,40.040963826485424,52.435167260000014,45.685051791970835,83.69622349345602,,
2015-11-323,Bandung,30.271590537580668,38.411031200000025,34.8071234969231,84.48854736537788,,
2015-11-323,Bekasi,35.666241317673226,55.056788600000004,43.24575995359825,85.41283430495797,,
2015-11-323,Bogor,34.08346562536376,54.909813740000004,40.872472403280774,29.416098264738118,,
2015-11-323,Cianjur,22.29939031970034,29.828382980000015,26.315704752653076,88.99785243814394,,
2015-11-323,Indramayu,40.194258962044856,71.86661096,48.229416285473086,78.45363582752893,,
2015-11-323,Karawang,35.71838552647549,58.984093580000035,41.62092219800167,61.13610027311944,,
2015-11-323,Kota Bogor,39.91240779647905,53.91858794000001,45.81327951542783,13.144244614484322,,
2015-11-323,Purwakarta,33.494142180079784,53.96985824000001,41.37350898118861,46.49686259823486,,
2015-11-323,Subang,35.956835311406316,73.56536690000001,43.73945763796732,65.32801322465099,,
2015-11-323,Sumedang,34.16602337082604,50.15192990000003,42.24464245290187,66.86643342913072,,
2015-11-323,Kota Bekasi,35.823015526230044,42.51265520000004,40.69263258461541,92.85520411649912,,
2015-11-323,Kota Depok,35.58640137357863,49.83063602000004,42.123099480010325,52.32967396834562,,
2015-12-339,Bandung,24.664334124606487,32.52178274000005,28.872857271335754,60.48397911186454,,
2015-12-339,Bekasi,38.561214641033615,63.11989778000003,47.87361178702138,33.01636035168378,,
2015-12-339,Bogor,34.86761755787832,57.791204600000015,42.124965025810525,23.480557667476994,,
2015-12-339,Cianjur,26.96261432238735,38.062393160000056,30.6865137822157,28.95201913027027,,
2015-12-339,Indramayu,28.59050115741639,59.90695898000001,35.739734592899204,71.76909836199098,,
2015-12-339,Karawang,32.42290414791443,61.88257454000001,43.24681365322616,45.22796141890286,,
2015-12-339,Kota Bogor,40.32081748717071,50.025463160000015,45.935881041352644,30.029555098314127,,
2015-12-339,Purwakarta,28.73443456596817,49.403383520000034,33.37554604100695,32.50697836931886,,
2015-12-339,Subang,28.803720495465786,62.73024350000003,37.1254533871295,84.58676860770844,,
2015-12-339,Sumedang,11.518644558720082,17.25348740000004,14.660349560000023,99.76853133892178,,
2015-12-339,Kota Bekasi,39.516405191108596,54.072398840000005,49.62454631934286,54.128253736348476,,
2015-12-339,Kota Depok,38.1031825813915,51.713965040000005,43.368681911249496,46.47388565864377,,
2015-12-355,Bekasi,31.461815441573343,59.02510982000001,39.73961480651438,53.04078193510603,,
2015-12-355,Bogor,26.722912175818387,47.15090834,36.62592427977736,88.09730635666526,,
2015-12-355,Indramayu,31.393160779497418,58.85420882000005,37.73909838462871,69.97900249550588,,
2015-12-355,Karawang,28.255946890279258,49.437563720000014,37.236422519204126,66.79144016095354,,
2015-12-355,Purwakarta,25.451962624045326,47.95072502000005,33.3717437773707,86.06584211076603,,
2015-12-355,Subang,28.217076619320164,60.38548178000002,35.23904577558852,76.48054058445535,,
2015-12-355,Sumedang,29.25095754682338,37.43005946000005,33.61985247900238,47.83980805420489,,
2015-12-355,Kota Bekasi,27.041442341287336,41.19329948000001,36.24399163451605,90.90381989108138,,
2015-12-355,Kota Depok,32.02121532902297,43.93796954000004,40.12640321140363,80.70116901368017,,
2016-01-06,Bandung,27.483646342593,38.28456446000001,32.310786879304295,45.05144024357651,,
2016-01-06,Bekasi,33.23344415449691,54.54066757999999,41.37438086971576,38.560084941338616,,
2016-01-06,Bogor,30.172427668691782,48.798393980000014,36.74422558566756,30.479809641957466,,
2016-01-06,Cianjur,28.22458446626049,35.35873934000006,31.81128824834269,5.435619040142944,,
2016-01-06,Indramayu,28.803636947859637,61.07250380000005,35.37054665212658,71.59947122320676,,
2016-01-06,Karawang,32.56039299120192,62.75075162000002,37.871195843063965,22.69217064133711,,
2016-01-06,Kota Bogor,37.8554989429156,47.98832324,42.87157084665928,2.2597693577543208,,
2016-01-06,Purwakarta,28.78176786819182,49.317933020000055,34.62183134490401,18.4067394177695,,
2016-01-06,Subang,32.0616729024546,67.54623368,38.23717082479803,31.07592025363536,,
2016-01-06,Sumedang,26.8981870569834,37.953016520000006,32.3763768920773,53.20066301421929,,
2016-01-06,Kota Bekasi,36.982418245867244,48.41557574000001,44.86881716683415,39.63590844840121,,
2016-01-06,Kota Depok,28.76783434690584,42.08882072000006,35.6237039242086,71.7343660266468,,
2016-01-22,Bandung,26.191724497497177,35.51596826000002,30.93718866800001,67.2638765450562,,
2016-01-22,Bekasi,33.35281748290717,44.38231214000001,37.18755930678327,93.44497675568086,,
2016-01-22,Bogor,30.65750613612864,40.769465000000025,35.06318934397361,94.41935366251317,,
2016-01-22,Cianjur,28.47283052020104,33.461738240000045,30.781610571070754,92.46387049395403,,
2016-01-22,Indramayu,32.38035510443848,58.74825020000003,37.63532150761907,89.12673436476732,,
2016-01-22,Karawang,30.017398689872813,46.92873703999999,34.86988787750722,93.10597450987197,,
2016-01-22,Kota Bogor,29.670883804819212,34.41194780000001,32.83389689261262,99.27871548349194,,
2016-01-22,Purwakarta,31.593087512673858,53.80237526000002,37.37232960080703,43.4416556821641,,
2016-01-22,Subang,30.329047384691968,64.19999210000003,35.1225604956123,72.3153172067864,,
2016-01-22,Sumedang,29.14701474179943,38.84511974000003,33.11862472324462,37.67744204392936,,
2016-01-22,Kota Bekasi,32.33830107365204,36.165392060000045,35.58261965000001,99.34877358217624,,
2016-01-22,Kota Depok,31.193068360350374,36.07652354000004,34.39941505999999,99.70221170148628,,
2016-02-54,Bandung,34.0641234303141,46.33741958000002,36.68626381094184,34.00253993038837,,
2016-02-54,Bekasi,29.758071218040758,47.99857730000002,41.62577196859992,83.39488253150365,,
2016-02-54,Bogor,30.728840992087584,50.42537149999998,38.74403396710367,22.75747240012052,,
2016-02-54,Cianjur,29.99355384591042,39.330478579999976,33.867339039468305,2.8084678164244017,,
2016-02-54,Indramayu,29.586585434856083,55.695958340000004,36.371769868501566,84.17248966649596,,
2016-02-54,Karawang,29.14513388660938,60.92211092000002,36.7381132606099,80.46728779262267,,
2016-02-54,Kota Bogor,40.31752909137609,54.793601060000015,44.936131767242884,0.0,,
2016-02-54,Purwakarta,35.44035630142758,64.14188576000004,41.37379529065298,14.590258784030347,,
2016-02-54,Subang,32.348681545052926,62.84645618000002,37.62142640969972,56.30410870000483,,
2016-02-54,Sumedang,34.32612730963081,43.34665208000001,37.56476595739707,20.08791682262338,,
2016-02-54,Kota Bekasi,35.39772723538743,49.48199798000002,41.62259889336331,55.93293195571432,,
2016-02-54,Kota Depok,36.79153570005056,53.18371364000001,45.624634388483585,11.357979209690034,,
2016-03-70,Bandung,34.13074930344181,44.901851179999994,37.439566712319014,66.4895314188884,,
2016-03-70,Bekasi,41.72735275235187,67.58041388000004,47.87411896417119,25.63335819931789,,
2016-03-70,Bogor,38.54882039763943,60.24876098000004,43.62234742974885,25.60864750412585,,
2016-03-70,Cianjur,34.91669165139153,43.06295641999998,37.93296304963147,35.58258864519286,,
2016-03-70,Indramayu,31.479936489146255,58.70723396000005,36.37193334060058,46.028438564893534,,
2016-03-70,Karawang,38.10361489261587,69.19713734000004,44.372429597808285,14.715038752382442,,
2016-03-70,Kota Bogor,41.97852276529513,56.102702720000025,46.937877654090826,40.686939055507395,,
2016-03-70,Purwakarta,35.953661200183,62.019295339999985,41.37448210162508,26.418113918678337,,
2016-03-70,Subang,33.97927065792298,68.88951554000005,39.12256656767929,34.19188564942108,,
2016-03-70,Sumedang,31.241599983588422,40.424244980000026,34.0657848300935,31.682989172209343,,
2016-03-70,Kota Bekasi,46.89475618650682,63.68387108000002,53.123189141315606,47.7447796962287,,
2016-03-70,Kota Depok,42.08974947008,55.576327640000045,48.69072765430339,52.819377218017635,,
2016-04-102,Bandung,18.368671182913406,36.44566970000005,32.37187590348002,73.17039763508222,,
2016-04-102,Bekasi,24.193220009239973,49.68707918000001,35.243287336026846,61.59321827540422,,
2016-04-102,Bogor,17.798617340760526,37.45398560000001,29.86902292615209,88.76671461655872,,
2016-04-102,Cianjur,22.15546471969781,36.47301386000004,30.370093218795354,38.180865198350354,,
2016-04-102,Indramayu,17.645339755581297,53.498171479999996,25.760756902983058,43.77120303317753,,
2016-04-102,Karawang,24.282156391616994,53.82971942000006,34.240133326569165,37.02611148534828,,
2016-04-102,Purwakarta,25.602226296477358,46.327165519999994,33.7388693679265,27.880833031011882,,
2016-04-102,Subang,13.675994088799838,50.49031388000003,24.743764643234755,68.72543525447225,,
2016-04-102,Sumedang,12.55139875913883,24.46550960000002,18.61780463360765,43.83095822755953,,
2016-04-102,Kota Bekasi,24.003361069588564,40.96087412000003,35.620329260155245,82.32389657675819,,
2016-04-102,Kota Depok,11.770374432570213,22.36684532000004,21.618298940000045,99.94304226451612,,
2016-04-118,Bekasi,36.49037097027301,59.971901360000004,48.24698582678182,54.963967441217456,,
2016-04-118,Bogor,34.4823009823287,59.68478768,46.245399972997106,70.87247705867625,,
2016-04-118,Cianjur,13.201866429355915,22.677885140000058,19.147070480000025,99.8687722766687,,
2016-04-118,Indramayu,33.01820770380852,59.835180560000026,39.23120621736352,59.398570816983764,,
2016-04-118,Karawang,29.290443071481146,49.68366116000004,36.72887074787346,87.32244459637954,,
2016-04-118,Kota Bogor,40.57210396631583,56.60515166000005,47.62380566024865,3.137721330623015,,
2016-04-118,Subang,31.914384544846534,68.33579630000003,39.22892851478222,82.62647505126264,,
2016-04-118,Sumedang,25.84323073844421,36.821651900000006,33.37592550926237,57.865955709374425,,
2016-04-118,Kota Bekasi,41.19051394640587,59.332731620000004,50.75278790732276,36.869310726167676,,
2016-04-118,Kota Depok,35.78420431192373,55.528475360000016,46.24151339646182,20.203080631373002,,
2016-05-134,Bandung,31.184236768103695,43.322725940000055,36.93519002683692,45.392658019630055,,
2016-05-134,Bekasi,42.22557777015882,71.38467014000003,52.625044710448854,4.152301464951014,,
2016-05-134,Bogor,40.33684505804561,64.94512046,48.87278310343994,3.404283708601147,,
2016-05-134,Cianjur,34.6703686100795,43.90378934,37.93645362785896,1.4845022413945201,,
2016-05-134,Indramayu,39.447068170181765,71.22402320000003,43.87359822893157,0.12883571378443906,,
2016-05-134,Karawang,41.68491825151646,69.67224212000002,48.1233874531887,3.3227251554140422,,
2016-05-134,Kota Bogor,45.276899399174674,59.62326331999998,49.811081647857286,0.6159489214604561,,
2016-05-134,Purwakarta,37.618390317219834,61.97144306000001,44.87169540858305,4.897309393671837,,
2016-05-134,Subang,39.469513781756945,74.31049526000004,44.870515259551,2.0202107019612074,,
2016-05-134,Sumedang,35.212222034665196,45.53418488,40.0628063170175,0.08155748098774418,,
2016-05-134,Kota Bekasi,50.020187702251874,66.73958096000001,55.870932345707246,2.363441863338163,,
2016-05-134,Kota Depok,49.15857712404529,62.408949620000044,55.561621714444534,0.24849916454681206,,
2016-06-182,Bandung,29.34205861959573,39.672280580000006,33.81202787615194,35.48801411729031,,
2016-06-182,Bekasi,36.90654989218811,59.77707422000003,43.12124671069357,25.790585141973306,,
2016-06-182,Bogor,34.961711170965344,56.133464900000035,42.12485539143036,4.183731190217991,,
2016-06-182,Cianjur,29.02022114739899,34.617029,31.345189060542815,9.557287691389627,,
2016-06-182,Indramayu,33.54139391328048,64.89043214000003,37.36954526094615,1.7267982667872857,,
2016-06-182,Karawang,34.27236871714578,64.17948397999999,39.73064099584382,11.739674708851744,,
2016-06-182,Kota Bogor,42.449915949632704,56.564135420000014,46.934587099125004,0.0,,
2016-06-182,Purwakarta,31.517660299742015,50.33308496000001,36.37077927118771,10.631984530658334,,
2016-06-182,Subang,33.68979645873355,70.36268216000002,37.87079917068433,4.647598480437017,,
2016-06-182,Sumedang,31.676707600845155,42.59126966000002,35.18754217422827,14.48008473860586,,
2016-06-182,Kota Bekasi,40.96236863183902,53.77161308000001,46.06244307045388,38.65876363176473,,
2016-06-182,Kota Depok,41.00650975555267,53.62463822000001,46.36960898906074,4.519484078655764,,
2016-07-198,Bandung,22.766258396761245,28.515863299999978,25.592061698173303,73.50642621551222,,
2016-07-198,Bekasi,21.16052911502306,32.79864236000003,25.810549625536957,82.07572486726242,,
2016-07-198,Bogor,24.23601354458494,42.84762116000002,29.62308424639547,42.966946244019,,
2016-07-198,Cianjur,23.116164242800398,30.566675300000043,25.936816607766232,50.14197053607046,,
2016-07-198,Indramayu,22.667659741318584,51.857521880000036,26.11644232404129,56.398574164773464,,
2016-07-198,Karawang,23.42879874024872,52.37706092000002,28.622180386665164,40.704043892013644,,
2016-07-198,Kota Bogor,31.32890444055555,43.35348812000001,37.68872589172726,28.509535492480172,,
2016-07-198,Purwakarta,22.36646373240751,36.172228099999984,25.870370223429827,54.47284358872238,,
2016-07-198,Subang,22.527760090314985,53.973276260000034,26.622372290118555,72.48592659932093,,
2016-07-198,Sumedang,8.842959297758442,19.690535660000023,15.82377057903127,99.30603742225288,,
2016-07-198,Kota Bekasi,24.54199810680371,33.58478696000003,28.315823064748212,87.28612566426118,,
2016-07-198,Kota Depok,26.708603635966572,36.16197404000002,30.81281445014525,51.49766139218986,,
2016-08-214,Bandung,29.511318532784273,41.72992862000001,34.31132745509395,31.240076280606775,,
2016-08-214,Bekasi,37.816086801490194,60.13254830000005,44.24430754636165,28.156011008611735,,
2016-08-214,Bogor,33.04105086004613,56.52653720000001,42.12584869106538,43.636521695146094,,
2016-08-214,Cianjur,25.316095222408574,39.85685366000001,31.61957572547152,7.297657151845935,,
2016-08-214,Indramayu,35.120033778320156,67.52230754000004,40.37317204730971,1.5698046448682235,,
2016-08-214,Karawang,35.216841685563544,63.63601879999999,41.24075854384639,12.061984143602483,,
2016-08-214,Kota Bogor,33.25169874035854,43.20651326000001,38.43899228536867,3.8976100755489136,,
2016-08-214,Purwakarta,32.005675207091194,52.52403578000002,37.62248817697056,6.237741273480492,,
2016-08-214,Subang,33.48232249659389,70.78651664000006,39.123905387533114,8.621635280322991,,
2016-08-214,Sumedang,30.646935632061705,42.75875264000001,34.812977121469494,7.46350726468912,,
2016-08-214,Kota Bekasi,39.22820603553782,54.45521708000001,45.86809616844158,72.15289135080842,,
2016-08-214,Kota Depok,34.74008036703186,48.68559932000005,42.81791124006312,72.05736969703632,,
2016-08-230,Bandung,33.99739399776619,44.21824718000005,38.18980836392434,40.97224325086234,,
2016-08-230,Bekasi,41.09323620854194,68.59898384000002,48.49040541981027,20.84089176585917,,
2016-08-230,Bogor,38.343082248776106,62.76100568000004,47.48716711490828,12.234945437810268,,
2016-08-230,Cianjur,34.19287541128753,44.48485274000001,38.0620593321718,1.1905409736557486,,
2016-08-230,Indramayu,38.361054604736594,71.60000539999999,44.87600682195642,14.819603263047812,,
2016-08-230,Karawang,38.172279938911466,65.28350444,43.37176285436022,13.572213706470961,,
2016-08-230,Kota Bogor,45.144235272281655,60.31712138,50.809647252394015,0.005613009723878994,,
2016-08-230,Purwakarta,36.297733275215656,57.155452879999984,41.620764200600846,14.695392456225864,,
2016-08-230,Subang,36.89765296757012,79.00685474,42.241966771768425,13.24540550284368,,
2016-08-230,Sumedang,33.68410882219755,45.22998110000003,38.187487055320226,24.28010808520811,,
2016-08-230,Kota Bekasi,46.76436850204723,57.96210560000003,51.80982143894324,21.504928023403473,,
2016-08-230,Kota Depok,46.223938080743665,57.333189919999995,51.68460504476698,0.3390318016185925,,
2016-09-246,Bandung,22.154703073867523,32.42266016000002,26.189015010838823,49.342767252730084,,
2016-09-246,Bekasi,30.741207640216487,50.24763446000003,35.87123841589808,30.312698173837525,,
2016-09-246,Bogor,29.77720409862326,53.84339150000005,36.87343382786002,34.8154382876977,,
2016-09-246,Cianjur,26.498455889839455,37.32410084000003,30.31082789647484,36.12234309041277,,
2016-09-246,Indramayu,29.52624809911374,59.52414074000001,34.62006884583509,23.362551666227745,,
2016-09-246,Karawang,29.02234562596004,54.75942085999998,34.37150566739311,51.5294800452663,,
2016-09-246,Kota Bogor,35.321155960418714,47.52689054000001,40.68212237727095,46.20018286394538,,
2016-09-246,Purwakarta,25.333806867688924,45.52734884000006,30.93672649030897,25.20665058069495,,
2016-09-246,Subang,27.55462910211313,61.43481392000001,33.12085467450395,34.479225366679124,,
2016-09-246,Sumedang,23.99523602802661,37.27283054000003,28.31111063227254,15.232694796252103,,
2016-09-246,Kota Bekasi,33.159382191825934,45.08642426000006,41.55947602592814,63.94278983366062,,
2016-09-246,Kota Depok,32.46713930030863,48.24467474000005,39.43597065747196,60.37626230959169,,
2016-09-262,Bandung,35.32436721242391,47.24661290000006,39.82114009784681,84.77076054022974,,
2016-09-262,Bekasi,36.494828870926504,61.07250380000005,45.37230098729757,85.94950760530423,,
2016-09-262,Bogor,36.638298766187596,54.73549472000002,43.87547760807508,80.61441830678933,,
2016-09-262,Cianjur,35.71039743547724,45.865732820000005,39.314530462980386,33.60704321543294,,
2016-09-262,Indramayu,34.22905167063299,71.11806458000001,42.87280319675321,35.36845365160553,,
2016-09-262,Karawang,36.01263942576807,59.38400192000006,43.87540519314019,82.49338430013321,,
2016-09-262,Purwakarta,37.92026706998765,66.57893402000002,43.62200175667965,40.37565553346688,,
2016-09-262,Subang,34.55663088387894,77.47216376000006,40.237660014309874,55.790735026463324,,
2016-09-262,Sumedang,32.845308263593076,44.748040280000055,36.436605897374875,63.96347110453705,,
2016-09-262,Kota Bekasi,35.68001076130238,42.17427122000004,40.66179737000003,99.13013553727646,,
2016-09-262,Kota Depok,35.591064604776136,41.31293018000002,39.671659121818195,99.55154200705768,,
2016-10-278,Bekasi,26.3464852023583,41.56928168000002,33.36762341340241,99.46397790066762,,
2016-10-278,Bogor,36.142814572432115,62.86012826000001,47.74443331843206,73.69175181016271,,
2016-10-278,Cianjur,17.69966161136271,30.282979640000008,27.441764513408504,85.7534073821218,,
2016-10-278,Karawang,27.172419484877803,38.94766034000003,34.372473826362764,98.61846138211041,,
2016-10-278,Kota Bogor,41.00290524648274,56.923027520000005,50.3761462561093,20.214728241305142,,
2016-10-278,Purwakarta,17.878807916347704,30.306905780000022,26.369754393761486,98.72983429636612,,
2016-10-278,Sumedang,16.042025028301897,18.323327660000018,17.687575939999988,99.97624031740193,,
2016-10-278,Kota Depok,37.02572320729193,55.05337057999998,48.868136351838885,78.16858398948567,,
2016-10-294,Subang,22.82796838760002,27.712628600000016,25.31153981433689,99.8570874784819,,
2016-10-294,Sumedang,25.08732738679703,36.51744812000004,28.06424645230771,79.40716242564851,,
2016-12-358,Bandung,17.506463850147426,30.874297100000035,23.868106653889093,20.606395480578634,,
2016-12-358,Bekasi,24.87059009098404,49.57086650000002,35.45845435131713,94.54308364958658,,
2016-12-358,Bogor,26.726294512690693,50.50740398000005,39.488807736803246,57.69609151041042,,
2016-12-358,Cianjur,24.045733005083793,35.05795358,29.363001617256064,66.34488290124915,,
2016-12-358,Indramayu,17.711321271452277,37.01306102000001,27.866636952305186,62.36775582698343,,
2016-12-358,Karawang,28.488268194705295,52.30870052,41.24950431973396,79.52253940001277,,
2016-12-358,Kota Bogor,31.049376670676846,51.23202422000003,42.12421707655665,56.099439655961326,,
2016-12-358,Purwakarta,23.647494491486874,45.17529278000001,32.1243214275304,8.60614470021082,,
2016-12-358,Subang,18.83512316751818,54.46547113999998,29.74432559385891,57.83201749317802,,
2016-12-358,Sumedang,4.821133534532502,17.902911200000005,13.066412646757078,89.20360453129747,,
2016-12-358,Kota Depok,16.51275266356204,33.30792733999999,27.84813160506505,98.68601064530957,,
2017-01-08,Bandung,19.191270361270124,30.542749160000028,22.87557771240148,78.03856648090127,,
2017-01-08,Bekasi,21.904953629359106,47.95756105999999,28.62151282654157,71.82504501033982,,
2017-01-08,Bogor,21.65163261795282,38.55117002000003,29.238064088441643,78.68059853440602,,
2017-01-08,Cianjur,15.707507198363404,26.13692137999999,20.694149976451524,68.11131692496419,,
2017-01-08,Indramayu,22.27820745663096,50.66121487999999,27.119695527478452,18.946140795819737,,
2017-01-08,Karawang,21.55771669010639,46.67238554000005,27.120985064597573,63.644675490518054,,
2017-01-08,Kota Bogor,23.822241870240617,34.169268380000005,30.109839111140165,84.49474146709215,,
2017-01-08,Purwakarta,19.37216141932696,38.57851418000001,24.371440264582407,58.50028993617732,,
2017-01-08,Subang,21.298101129796965,51.29696660000002,25.619734615357885,44.7239270506917,,
2017-01-08,Sumedang,17.275722336061897,23.809249760000057,21.05736473844714,79.09208114373023,,
2017-01-08,Kota Bekasi,25.852553373553793,35.215182500000026,30.56566702053947,78.01958366970362,,
2017-01-08,Kota Depok,28.867626948461748,43.011686120000036,36.62086083603137,37.64307277232787,,
2017-01-24,Bandung,28.281901203892783,39.71329681999998,33.81393689889088,16.470548389933718,,
2017-01-24,Bekasi,29.783117777188828,60.02317166,40.744946603710744,68.06112819653717,,
2017-01-24,Bogor,25.566605324741598,48.06351968000001,37.870989013566884,85.04816709448389,,
2017-01-24,Cianjur,16.981428816066764,23.28629269999999,21.326719379854037,99.3322667012685,,
2017-01-24,Indramayu,32.49338682424455,63.37966730000005,38.624062809497865,9.936614145346066,,
2017-01-24,Karawang,26.90029063879974,56.608569680000016,34.737669145347695,59.92244092432224,,
2017-01-24,Kota Bogor,35.01252073775127,45.79053638000005,40.372732753912324,25.46658492828359,,
2017-01-24,Purwakarta,31.039535676313157,54.50648738000001,37.873402095075406,19.964707984761326,,
2017-01-24,Subang,30.047532457493517,65.80646150000001,35.87072853417335,20.370774197931627,,
2017-01-24,Sumedang,28.86333964559444,40.936947980000014,34.12012572023647,14.158675009429732,,
2017-01-24,Kota Bekasi,36.127803930129986,49.287170840000044,43.87719100756062,80.65337007168672,,
2017-01-24,Kota Depok,27.302190122709362,43.179169100000024,35.87698273210669,76.3548764335423,,
2017-03-72,Bandung,29.336783729168936,43.11764474000006,35.376930640435624,17.287426358083817,,
2017-03-72,Bekasi,33.86129784722726,58.40303018000003,41.232859444760805,84.3002400536366,,
2017-03-72,Bogor,30.290190266182396,62.330335160000004,41.24557811265471,54.37143221028939,,
2017-03-72,Cianjur,31.638392843253566,41.736764660000006,34.94027548362715,0.045304679239291316,,
2017-03-72,Indramayu,33.08863724276835,69.34411220000004,39.72514860851947,24.318430123363505,,
2017-03-72,Karawang,32.567870631183176,73.68157958,40.2409540694993,75.39978879443369,,
2017-03-72,Kota Bogor,41.620271034011516,59.937721160000024,49.622854336652736,15.196982165429038,,
2017-03-72,Purwakarta,28.95417991719532,51.78232544000002,36.372024301692726,15.83177089845982,,
2017-03-72,Subang,29.51641645903277,65.07158720000001,36.23966388563024,51.33003795814619,,
2017-03-72,Sumedang,28.35888037287099,40.97112818000005,34.873068705926705,24.22919384994388,,
2017-03-72,Kota Bekasi,18.546903262790718,21.768691820000015,21.421193120000027,99.91968622571773,,
2017-03-72,Kota Depok,31.88338738439846,51.11239352000001,43.93308665428573,98.9901225150719,,
2017-03-88,Bekasi,31.09764358657725,59.98557344000005,40.24654989829851,61.61214227278804,,
2017-03-88,Bogor,32.873362528038214,56.45475878000002,42.24308070661351,12.041187151949174,,
2017-03-88,Cianjur,17.593461551580432,33.642893300000026,26.81239039657029,26.345682101160474,,
2017-03-88,Indramayu,29.76752163965279,65.98078052000005,37.74023520964554,73.9449554339458,,
2017-03-88,Karawang,28.63509587562413,54.27748004,37.62228523713872,74.43415820099197,,
2017-03-88,Kota Bogor,38.32185466837,57.890327179999986,47.125516753373994,12.704056383200847,,
2017-03-88,Purwakarta,24.050634000623308,43.86619112000005,32.872658825648855,68.59874514049244,,
2017-03-88,Subang,22.93429996479397,59.859106699999984,31.238167685926694,83.02064731563405,,
2017-03-88,Sumedang,22.913934932948486,34.921232780000025,30.685666369609187,39.73962651868187,,
2017-03-88,Kota Bekasi,32.980416275609926,49.550358380000034,38.872096655243375,35.2341374191995,,
2017-03-88,Kota Depok,42.5341614703917,59.40451003999999,49.62585682687387,1.5181568827522396,,
2017-04-104,Bandung,20.298910300959864,25.737013040000022,25.182690620000017,98.3052338564107,,
2017-04-104,Bekasi,24.32844110305006,49.52643224000002,35.62218032722578,60.33342381847785,,
2017-04-104,Bogor,25.49462531396247,51.385835120000024,33.236747503958156,47.345406635731536,,
2017-04-104,Cianjur,21.472366777066096,28.515863299999978,26.68739350100001,96.75780757616172,,
2017-04-104,Indramayu,24.482412001852374,57.80145865999998,32.24325022923253,74.1683989144823,,
2017-04-104,Karawang,25.81758109038663,49.813545920000024,34.62087122731888,80.67752578692684,,
2017-04-104,Kota Bogor,22.370913593880307,33.12677228000001,28.43611160770773,28.793667225869896,,
2017-04-104,Purwakarta,21.07539301572513,39.046782920000055,30.382591490976047,96.7037539165985,,
2017-04-104,Subang,23.12725185824135,44.553213140000025,29.873440007624488,87.7715358745862,,
2017-04-104,Sumedang,23.345151277509206,33.52668061999998,28.373930742275107,79.97634017891411,,
2017-04-104,Kota Bekasi,27.489640623149086,44.77196642000001,40.89306231781396,85.30563120535007,,
2017-04-104,Kota Depok,30.659759145842735,49.239318560000015,39.62415924623594,37.54877510267959,,
2017-04-120,Bandung,31.98620361934723,42.98775998000002,35.06349111628388,43.81167081104337,,
2017-04-120,Bekasi,31.864112577904802,57.54852518000001,40.24323519129374,43.46323929376962,,
2017-04-120,Bogor,32.997190478064645,55.583163679999984,41.12397977340699,59.80089673411608,,
2017-04-120,Cianjur,19.924801492307715,22.175436200000036,22.175436200000036,99.9837460918912,,
2017-04-120,Indramayu,39.20502901350671,75.73239158000001,46.74264784804711,1.0244260620170949,,
2017-04-120,Karawang,36.88892409002775,71.37441608000006,44.24072977741366,18.46079202415293,,
2017-04-120,Kota Bogor,39.69568834304049,52.78380530000004,45.436511289460206,0.0875611449585792,,
2017-04-120,Purwakarta,34.47867470049057,59.51730470000001,40.62552233958233,18.59113166080434,,
2017-04-120,Subang,38.43597241181014,76.95604274000004,44.234574893434065,11.587268811199452,,
2017-04-120,Sumedang,34.34749277029089,46.69289365999998,38.56384131757715,25.164598458281635,,
2017-04-120,Kota Bekasi,23.713714436527113,29.42163860000005,27.083712919999982,99.63199469311384,,
2017-04-120,Kota Depok,31.61291680489381,43.96873172000005,39.1235450365915,82.68056606098625,,
2017-05-136,Bandung,29.930579446652793,38.872463900000014,33.061161816414675,31.48468521746771,,
2017-05-136,Bekasi,33.909293336150796,53.00939462000002,40.24007566000691,24.828720211407102,,
2017-05-136,Bogor,32.726749923914795,51.037197080000055,38.37331050514062,14.957925897757368,,
2017-05-136,Cianjur,30.61414701163574,39.95597624000004,32.96824796702654,0.1258399735319116,,
2017-05-136,Indramayu,35.28970067253979,66.78401522000001,40.12304766248983,0.026948866686149715,,
2017-05-136,Karawang,34.082547419113666,60.19407266000002,39.621653899512445,5.396890389394342,,
2017-05-136,Kota Bogor,38.80329203388189,47.256866960000025,43.31053953258367,5.516819726102661,,
2017-05-136,Purwakarta,31.945105285520402,50.16218395999999,36.43603080980022,4.162628291963053,,
2017-05-136,Subang,33.78565067886191,70.05164234000006,38.37280228857168,1.53717354360304,,
2017-05-136,Sumedang,30.51716838142057,42.46480292000001,34.18938091627278,1.097132855458341,,
2017-05-136,Kota Bekasi,37.850971601183765,46.850122580000004,42.61647328070777,53.14056888129961,,
2017-05-136,Kota Depok,32.2060631679648,41.69233040000006,37.372264214387094,69.29977005243288,,
2017-06-168,Bandung,31.197340813522974,41.586371780000036,34.437248555599446,27.62312423977579,,
2017-06-168,Bekasi,37.05117986856783,62.309827040000016,44.372701266376204,13.63922698059237,,
2017-06-168,Bogor,35.54239238196162,58.286817499999984,42.62479381662489,0.2812217874932978,,
2017-06-168,Cianjur,31.79581161273006,43.30221782000001,35.18538218490458,0.0,,
2017-06-168,Indramayu,37.220670524362056,70.80018872000005,41.618373565584214,0.4507696644671307,,
2017-06-168,Karawang,36.28323031230042,68.68785236000002,42.1259972366547,2.8278564760288605,,
2017-06-168,Kota Bogor,41.830060033068634,52.59581420000001,46.433507721280066,0.0,,
2017-06-168,Purwakarta,33.8955965579373,54.84828937999998,39.6226845730951,9.47942901997813,,
2017-06-168,Subang,35.44115860724988,72.67668170000002,40.6225247570055,2.1915191026515677,,
2017-06-168,Sumedang,32.214292880612234,44.881343060000006,36.186618817941145,4.611567859166757,,
2017-06-168,Kota Bekasi,40.90090108163938,55.80533498,45.68818721732456,7.1405793798321575,,
2017-06-168,Kota Depok,41.22635961420239,52.63683044000004,46.310808424987364,0.02082254159900672,,
2017-07-184,Bandung,26.32049804814187,35.64243499999998,29.815898981355797,41.7183780854488,,
2017-07-184,Bekasi,28.508288233475557,50.95516459999999,35.12474324592512,41.596670973021965,,
2017-07-184,Bogor,26.63956307959335,51.81308762000003,36.12415179134643,19.04017579985228,,
2017-07-184,Cianjur,27.485087656680676,36.934446560000026,31.43629313090858,26.76802951004268,,
2017-07-184,Indramayu,31.533455423646274,63.24978254000001,37.12181379533094,8.316378590394633,,
2017-07-184,Karawang,25.6188825022077,46.92531902000002,32.738780677730816,56.26313188370048,,
2017-07-184,Kota Bogor,33.002691496697814,42.43745876000003,38.06164441569585,28.3450350140131,,
2017-07-184,Purwakarta,29.057143788102028,49.13677796000002,34.122826420240905,9.74427417729169,,
2017-07-184,Subang,29.966077203519667,65.08184126000003,34.73778275823737,16.452737094965457,,
2017-07-184,Sumedang,17.03115007230185,29.742932480000036,25.94871065935748,95.29037079867408,,
2017-07-184,Kota Bekasi,34.49165984464847,47.878946600000006,39.312403124642934,51.730777095278256,,
2017-07-184,Kota Depok,34.119349643070414,46.908228920000056,40.06192882412471,12.260729505487086,,
2017-07-200,Bandung,28.60163067825639,39.10488926000005,33.43670078291313,38.12233838025502,,
2017-07-200,Bekasi,39.02884332874934,63.45828175999998,44.87233522424254,0.5788774675259379,,
2017-07-200,Bogor,35.24852907216868,60.720447740000054,42.37479577243508,2.4755822022686993,,
2017-07-200,Cianjur,31.243166459763966,42.198197359999995,34.93615722634178,0.0,,
2017-07-200,Indramayu,36.44397291555023,67.00618652000003,40.62379735429367,4.5438747537575725,,
2017-07-200,Karawang,35.614626229867724,64.37089309999999,41.1227768653556,4.926058836682731,,
2017-07-200,Kota Bogor,40.27804762912212,51.03036104,44.30803557573499,0.0,,
2017-07-200,Purwakarta,32.449360833423086,52.82140351999999,38.12030166021682,10.703231676038554,,
2017-07-200,Subang,34.34709465969737,71.36074400000001,39.735846515524834,8.091769448881642,,
2017-07-200,Sumedang,28.216636077964466,41.92475576000004,36.12135836716821,25.26869779068773,,
2017-07-200,Kota Bekasi,43.489494914844194,56.461594820000016,47.18609402529465,0.004980699180296556,,
2017-07-200,Kota Depok,41.553049190345796,52.82823956000004,46.43253467933805,8.943486790882119E-4,,
2017-08-216,Bandung,21.91850698414953,39.30655244000002,30.372309456655096,12.322780486192036,,
2017-08-216,Bekasi,30.199841192372965,51.16708184000004,38.37441797846867,48.16500200565373,,
2017-08-216,Bogor,27.8345393241405,44.98388366000006,34.87226890501006,18.258153973285673,,
2017-08-216,Cianjur,14.736724416370478,25.070499140000038,22.554747423878272,94.7474114544817,,
2017-08-216,Indramayu,27.07768834813403,64.93486640000003,37.61911927900478,45.033059693083935,,
2017-08-216,Karawang,32.8627030322643,60.470932280000056,40.37573316359574,33.395694012038426,,
2017-08-216,Kota Bogor,24.290858800308378,32.925109099999986,28.81270341064321,78.04457890833967,,
2017-08-216,Purwakarta,23.050597919574162,39.97990238,31.375675280590645,59.772594874455855,,
2017-08-216,Subang,27.257939273746633,66.66780254000003,37.37490248694738,55.63005691328311,,
2017-08-216,Kota Bekasi,30.92416718411931,46.405779980000034,38.061100773776126,42.33142866350874,,
2017-08-216,Kota Depok,29.829256207166136,41.10784898000003,35.18862964231319,42.36365027466418,,
2017-08-232,Bandung,16.407624319973923,19.704207740000015,18.716399960000004,99.57490233318036,,
2017-08-232,Bekasi,26.4753703526016,41.44623296000003,33.87762479397592,99.37110608471916,,
2017-08-232,Bogor,18.475912940142358,34.24104680000005,26.127611772894753,99.34689698122774,,
2017-08-232,Cianjur,19.586992413461324,27.06662282000002,24.068335676000014,98.03873123441103,,
2017-08-232,Indramayu,40.06765498082368,71.04286814,46.120703387672854,39.24362817183974,,
2017-08-232,Karawang,23.680203901116244,45.947765300000015,31.873428237743614,90.81296243314009,,
2017-08-232,Purwakarta,5.533096820000026,5.533096820000026,5.533096820000026,99.9999083884905,,
2017-08-232,Subang,31.03434889983739,77.32860692000003,43.24514269988597,87.92249613680639,,
2017-08-232,Sumedang,34.89532781512766,47.058621800000026,39.93807729765956,5.671010112515707,,
2017-09-248,Bandung,14.33378531367745,15.226601540000047,14.92923380000002,99.99099151005035,,
2017-09-248,Bekasi,22.398243806994778,41.83246922000001,29.061901596179847,76.59070189240296,,
2017-09-248,Bogor,18.701861851905996,29.004640160000008,23.061522993235606,93.5480116009643,,
2017-09-248,Cianjur,12.8754698648194,18.88730096000006,16.03237534057145,85.93090778335616,,
2017-09-248,Indramayu,18.240768388387092,41.19671749999998,23.819230378400025,95.4158770222942,,
2017-09-248,Karawang,19.890147815088167,42.72799046,27.621767189675445,72.14960537855954,,
2017-09-248,Kota Bogor,20.217735569105752,26.864959640000052,23.78333507672175,68.57796710586483,,
2017-09-248,Purwakarta,17.58177374239106,34.51107037999998,23.43662065834918,72.67728555620174,,
2017-09-248,Subang,18.204352049438423,30.580347380000035,23.56268437678573,97.62839685910612,,
2017-09-248,Sumedang,15.201549632658537,22.67446712000003,19.15401009636365,90.36707400001548,,
2017-09-248,Kota Bekasi,20.808818353089183,28.092028819999996,24.562916013561683,80.44750849679211,,
2017-09-248,Kota Depok,19.218554149257656,24.56121416000002,22.15786916697676,95.09963561604377,,
2017-09-264,Bandung,29.341778839491212,37.81971374,33.81453734782611,60.32701708114489,,
2017-09-264,Bekasi,36.268014826315756,56.50602908000002,43.62354124460792,36.40477824765647,,
2017-09-264,Bogor,33.011004853419145,50.599690520000024,39.12327891095064,51.67301216679754,,
2017-09-264,Cianjur,30.229635786295574,39.14932352000005,34.309186080436426,53.189321442912416,,
2017-09-264,Indramayu,32.89778411663697,66.77376116000005,40.870639585026204,36.66494360448204,,
2017-09-264,Karawang,32.972639051598186,58.867880900000046,40.12329955277125,24.922003693052098,,
2017-09-264,Kota Bogor,36.260344575533935,46.11524828000006,41.18929229346678,65.0481902785946,,
2017-09-264,Purwakarta,31.162444146349188,49.700751260000004,37.68469631095131,44.672804162606994,,
2017-09-264,Subang,31.64663589642134,69.03307238000002,38.37026510019233,48.048924013210495,,
2017-09-264,Sumedang,28.951109873472873,39.21768392000001,33.686856929618045,80.16784270069063,,
2017-09-264,Kota Bekasi,40.80752377316364,51.990824660000044,46.43800455441133,49.88210025830055,,
2017-09-264,Kota Depok,37.354344058134075,48.06010165999999,42.68975841322504,60.20926461408268,,
2017-10-280,Bandung,34.44155092557142,44.146468760000005,39.30939187811387,71.91042190385325,,
2017-10-280,Bekasi,45.1117356806945,76.40915954000002,54.62472064599099,11.02197097065781,,
2017-10-280,Bogor,39.29721337222525,68.51353333999998,48.7444441510317,24.68149827875803,,
2017-10-280,Cianjur,33.67141421303947,46.42628810000002,39.37569245327674,11.1966795134617,,
2017-10-280,Indramayu,41.45392851410069,77.69091704000004,50.73304111406388,36.425496313467995,,
2017-10-280,Karawang,42.536947361045605,77.44140158000005,50.87430511288789,5.652112007210761,,
2017-10-280,Kota Bogor,44.226542452467285,56.724782360000006,51.62540005676189,32.47728350414532,,
2017-10-280,Purwakarta,37.763494656023596,63.031029260000025,46.6219979546907,24.578844238854238,,
2017-10-280,Subang,41.91839180372261,86.51966270000003,51.241144894781016,25.411807152516918,,
2017-10-280,Sumedang,37.11925460703422,55.251615740000034,43.12338056245283,48.1277828951977,,
2017-10-280,Kota Bekasi,51.37284091646525,65.45098742000005,57.063549620276525,23.37680417587679,,
2017-10-280,Kota Depok,44.09048294242001,58.724324060000015,52.37258487293723,44.96655740940792,,
2017-10-296,Bandung,34.538564001914104,46.34767364000004,39.68826623117768,47.29274310367609,,
2017-10-296,Bekasi,42.36019602909907,66.83528552000001,49.62357217758307,35.48872759987414,,
2017-10-296,Bogor,38.540399756569656,63.263454620000005,46.6237913017542,28.839596653805984,,
2017-10-296,Cianjur,34.704623411335874,46.52199266000002,39.06656076191488,11.653677219848655,,
2017-10-296,Indramayu,36.42986600553003,72.4032401,42.73781239543975,26.859015866061654,,
2017-10-296,Karawang,40.40009064924905,71.95206145999998,48.62279964905178,28.398834217963493,,
2017-10-296,Kota Bogor,44.72201541576204,60.64866932000001,51.375637225723736,26.778108266546063,,
2017-10-296,Purwakarta,37.28731764220794,65.14336562000005,45.62386662089356,13.533778328619551,,
2017-10-296,Subang,37.47002499755771,71.65127570000004,44.87450863054124,26.864601263018432,,
2017-10-296,Sumedang,33.860863731909106,44.63524561999998,39.68530352027202,50.39321998413288,,
2017-10-296,Kota Bekasi,42.54514323901747,56.00016212000003,48.81418758965519,69.87493439943086,,
2017-10-296,Kota Depok,44.78893532806426,58.62520147999999,50.87163891361547,15.963934530239593,,
2017-11-328,Bandung,1.652339953360552,26.88888578000001,12.245842205368822,76.49258060430611,,
2017-11-328,Bekasi,9.883796383247745,25.907914040000037,18.123571185818896,81.19179729404166,,
2017-11-328,Bogor,11.769717499603427,34.70589752000001,26.124177508756304,71.32250457464764,,
2017-11-328,Cianjur,22.934508757403528,34.72982366000002,28.62475038116278,30.606571694802,,
2017-11-328,Indramayu,16.10766279266994,46.87404872000002,28.424486870588233,17.795245015728227,,
2017-11-328,Karawang,11.8162227977279,47.868692539999984,25.24379277218021,48.51195126992004,,
2017-11-328,Kota Bogor,0.1940486732308208,10.154259860000025,8.310807740000017,95.2244260185581,,
2017-11-328,Purwakarta,19.105651384435305,45.22998110000003,31.46802301157606,28.602833316531605,,
2017-11-328,Subang,13.669656269032714,52.988886500000035,26.24474974333268,39.49168666891415,,
2017-11-328,Sumedang,16.76901493423978,32.85333068,26.452606387726846,53.74131491658443,,
2017-11-328,Kota Bekasi,7.337534655482676,17.250069380000014,12.873830003930424,90.1228218444189,,
2017-11-328,Kota Depok,12.439401741585746,23.30338280000001,19.371941799958574,77.02088386586044,,
2017-12-344,Bandung,-1.8125069216663485,11.456525479999982,7.121542416975626,64.68520305379249,,
2017-12-344,Bekasi,17.843420077783904,39.313388480000015,34.4630038257432,97.9173232688209,,
2017-12-344,Bogor,10.268346885680657,40.80706322000003,31.494977026208204,84.1868492224944,,
2017-12-344,Cianjur,5.70161457298341,14.358424460000037,12.554626929756113,94.86919264676422,,
2017-12-344,Indramayu,-16.16771033144189,-5.927524239999968,-10.12703809147539,97.54090593359616,,
2017-12-344,Karawang,16.84545556314361,34.55550463999998,28.454682633893007,97.89572452224394,,
2017-12-344,Kota Bogor,21.597013469798924,45.29834149999999,37.11869411428574,49.214115228943975,,
2017-12-344,Purwakarta,-4.619307335566029,19.075292060000038,5.871584910945276,95.30896790682556,,
2017-12-344,Subang,-11.830196286095848,11.019018920000008,4.23457647723406,97.88633964470502,,
2017-12-344,Sumedang,-18.54534342268062,-7.814271279999957,-12.623574569963617,89.68609808766311,,
2017-12-344,Kota Bekasi,17.722895480000034,18.791596400000003,18.791596400000003,99.9981322378074,,
2017-12-344,Kota Depok,19.38037293527619,37.26257648000001,32.125858317351,85.91949013567604,,
2017-12-360,Bandung,12.494802850803186,24.550960099999998,17.81036958388064,48.48212473397274,,
2017-12-360,Bekasi,18.313795728507312,36.42516158000001,24.872978400783886,29.569740432528135,,
2017-12-360,Bogor,12.704625078443849,34.907560699999976,21.3752425703352,46.58157791465947,,
2017-12-360,Cianjur,9.041614713258237,19.36924178000004,15.436909258123496,9.464331282078843,,
2017-12-360,Indramayu,12.229870633902443,21.160284260000026,17.558456211847865,89.28472038022748,,
2017-12-360,Karawang,21.146880622717607,48.61382090000001,28.62302579479917,14.983102438266336,,
2017-12-360,Kota Bogor,14.381863213237438,25.15253161999999,20.436176723000006,55.54892130328726,,
2017-12-360,Purwakarta,12.56379781027294,36.98913488000005,22.62188308650235,29.66257590690544,,
2017-12-360,Subang,14.654901726561366,45.17529278000001,21.373508721048843,40.24938686850006,,
2017-12-360,Sumedang,11.72204432177548,20.948367019999978,15.81437357621739,50.080427145679266,,
2017-12-360,Kota Bekasi,22.67981965576238,36.12779383999998,29.372048992985814,37.747217553155856,,
2017-12-360,Kota Depok,20.00400147668581,31.76981834000003,27.30967194239255,68.02841307173719,,
2018-02-43,Bekasi,19.34466511361291,30.030046159999984,28.818358070000016,99.978937217617,,
2018-02-43,Bogor,22.084175377048087,33.694163600000024,31.18711713875001,99.54604124517581,,
2018-02-43,Indramayu,29.07911147563463,63.53006018000002,36.23699654614307,52.649714131607205,,
2018-02-43,Karawang,29.272379715743263,55.466950999999995,34.87407021540232,94.62318120275395,,
2018-02-43,Purwakarta,18.057544410860988,20.69885155999998,20.59972898000001,99.99455323587448,,
2018-02-43,Subang,26.87550942663341,56.84783107999999,34.2398996942159,92.46787145157728,,
2018-02-43,Sumedang,17.964770660000013,19.587995060000026,19.362405739999986,99.98001749364333,,
2018-02-43,Kota Depok,22.746187607457653,28.929443719999995,28.775632820000055,99.97361671396689,,
2018-03-75,Bekasi,29.589946457489955,46.70998376,35.37451267137895,68.88044831598059,,
2018-03-75,Bogor,21.430725073459307,48.193404439999995,32.86911410814333,70.4474267941797,,
2018-03-75,Indramayu,22.146661904922635,60.82982437999999,33.228489535548505,48.964549563066306,,
2018-03-75,Karawang,28.525514273113814,44.864252960000044,34.62521108557939,86.45397982352986,,
2018-03-75,Kota Bogor,19.506234589492713,26.550501800000006,24.808782646582298,84.53775247764658,,
2018-03-75,Subang,16.403834932271124,41.49066721999998,26.6261057632716,98.51187349830761,,
2018-03-75,Sumedang,25.66475387027494,41.507757319999996,34.37221221862842,57.66816779285807,,
2018-03-75,Kota Bekasi,31.829047732041396,43.852519040000004,40.12050840185361,86.17048811218208,,
2018-03-75,Kota Depok,29.42049433223858,42.686974220000025,36.623620153709425,58.504334408264505,,
2018-04-91,Bandung,31.0704287678424,43.69187210000001,36.061548653102015,8.651522667401663,,
2018-04-91,Bekasi,37.95585290138428,64.61357252000005,46.872610327950675,0.8604840702736363,,
2018-04-91,Bogor,37.19219541671786,62.306409020000046,46.37461014866431,5.761393551240712,,
2018-04-91,Cianjur,31.448258196845444,40.820735300000024,34.68378388882443,7.5373137032406365,,
2018-04-91,Indramayu,34.79548544353663,65.48174960000006,40.373143056720046,13.189803769407321,,
2018-04-91,Karawang,35.26143517076132,64.33329488000004,41.371904103123015,1.8493213608052006,,
2018-04-91,Kota Bogor,45.4649999425661,57.938179460000015,50.558156900484995,0.0,,
2018-04-91,Purwakarta,33.375011101577996,57.68866400000002,39.120808453566035,2.462300254966214,,
2018-04-91,Subang,34.458090936221424,70.84462298000005,38.87194684762304,19.34281597598903,,
2018-04-91,Sumedang,29.95274323149372,37.970106620000024,32.93535744931968,52.07818998806605,,
2018-04-91,Kota Bekasi,44.25295708069928,62.61403082000004,48.370708648795556,2.0548143035426105,,
2018-04-91,Kota Depok,45.22817747496779,56.758962559999986,51.18758288916331,0.0,,
2018-04-107,Bandung,16.734474523052207,26.369346740000026,19.404789188000017,96.59974533791481,,
2018-04-107,Bekasi,26.418325664694756,38.64687458000003,32.062056910701486,89.15108916260517,,
2018-04-107,Bogor,26.457602900510032,41.05657868000003,33.311974836906565,96.28056046254832,,
2018-04-107,Cianjur,21.54559293553912,30.26588953999999,26.344471150000018,92.4269897659906,,
2018-04-107,Indramayu,24.07127124912553,49.618718779999995,28.369417542374826,62.93550096967567,,
2018-04-107,Karawang,24.727145263603326,45.29492348000002,30.872998584784433,75.37028853369215,,
2018-04-107,Kota Bogor,27.04206254150366,29.82154694000002,28.775632820000055,99.80761323625715,,
2018-04-107,Purwakarta,21.534976720074884,44.41649233999999,27.43968650201565,80.46946371646982,,
2018-04-107,Subang,24.475992498016453,57.08025644000003,28.620925516194358,92.4863819183016,,
2018-04-107,Sumedang,18.32025434886334,26.335166540000046,21.967933610061632,84.63908708788574,,
2018-04-107,Kota Bekasi,27.623745823592458,30.019792100000018,29.173776116885254,99.95492711393754,,
2018-04-107,Kota Depok,27.371523161030087,35.80991798000002,32.71796800582118,84.99843024270577,,
2018-05-123,Bandung,29.572060554022176,37.54969016000001,32.152702198239965,47.13320795071997,,
2018-05-123,Bekasi,36.91702389957008,58.06122818000006,43.37148680032392,12.80813062088356,,
2018-05-123,Bogor,32.65273058578085,50.94149252,40.374830470515015,85.6052117696739,,
2018-05-123,Cianjur,28.31605025133371,35.02035536000005,31.93674779449395,53.89263142827191,,
2018-05-123,Indramayu,35.574170155441514,67.42318496000001,39.876361076504416,0.008392311813021393,,
2018-05-123,Karawang,35.290536802845644,61.39037966000001,39.871291492208144,28.391979784627992,,
2018-05-123,Kota Bogor,24.76870557049799,29.633555839999985,28.666256180000005,99.83726345140553,,
2018-05-123,Purwakarta,29.46911022183352,38.48622764000004,32.812886109704465,88.12009680360757,,
2018-05-123,Subang,34.36267055493584,70.91298338000001,38.62165440227016,37.89427351112293,,
2018-05-123,Sumedang,29.492764918565136,38.739161120000006,33.18604495286005,54.08802216298688,,
2018-05-123,Kota Bekasi,40.96602624873738,57.986031740000044,44.93696353235616,13.763065942626026,,
2018-05-123,Kota Depok,36.519949291945075,45.55469300000004,42.30891138359036,84.77169180905851,,
2018-05-139,Bandung,26.150025471109526,36.80114378000002,30.871639834982542,55.079888343245706,,
2018-05-139,Bekasi,26.909446206853122,51.55673611999998,37.37783461042401,47.22968817108876,,
2018-05-139,Bogor,30.46974867436834,55.07387870000002,40.121289090125444,27.935148185396898,,
2018-05-139,Cianjur,23.620018494407535,34.21370264000001,29.43585629322387,40.981200920482905,,
2018-05-139,Indramayu,25.96402181484854,52.36338884000003,31.87022820854734,57.03541409860754,,
2018-05-139,Karawang,21.197508290301943,37.891492159999984,29.6268897087533,94.72554302500686,,
2018-05-139,Kota Bogor,36.865246618935494,51.21493412000001,43.187569660864995,5.190523413390038,,
2018-05-139,Purwakarta,25.62316892937278,39.932050100000026,31.118954976419776,47.64516937110311,,
2018-05-139,Subang,23.744871729867143,63.198512240000014,30.243427689544678,56.155262486369814,,
2018-05-139,Sumedang,23.580923428576515,36.91393844000004,29.560922674280803,8.519834112707017,,
2018-05-139,Kota Bekasi,29.579808051545715,51.03377906000003,37.87253798446012,64.69342270595774,,
2018-05-139,Kota Depok,36.968849828447574,53.94935012000002,45.880513782813686,22.031330998288322,,
2018-06-155,Bandung,27.48998233992409,37.019897060000005,31.557868372937506,64.53129464170144,,
2018-06-155,Bekasi,36.7403086794665,57.575869340000054,42.622011018312215,22.409943023082,,
2018-06-155,Bogor,33.75801438952293,51.06112322000001,40.121676934160504,27.240457469846476,,
2018-06-155,Cianjur,30.310061489489065,39.610756219999985,32.96512149676013,51.57136962141173,,
2018-06-155,Indramayu,32.48415833516371,71.04970418000005,39.37235218769685,60.03022322706975,,
2018-06-155,Karawang,35.36708728177083,66.64387640000001,40.62422371319313,18.537481132484146,,
2018-06-155,Kota Bogor,37.302691913336346,47.33206340000004,42.5595273758275,27.084544272008156,,
2018-06-155,Purwakarta,31.769546856876577,49.78620176000004,36.87507944455596,27.470257415294107,,
2018-06-155,Subang,32.854246153903766,69.06725258000006,38.3717807472838,27.75734071627402,,
2018-06-155,Sumedang,27.5581008268575,37.56336224000006,31.437534936386236,38.19432640911069,,
2018-06-155,Kota Bekasi,40.667747502912526,55.48404110000001,44.43476749004778,11.728909333085612,,
2018-06-155,Kota Depok,38.30621495145744,49.96735682000002,44.127944587990974,20.129963242795384,,
2018-06-171,Bandung,30.8546274667966,42.194779340000025,35.4347389014554,3.616050488743127,,
2018-06-171,Bekasi,36.98949890605847,52.19248784000001,42.37743393675936,82.38501950329716,,
2018-06-171,Bogor,34.94565056091132,55.839515180000035,41.24149911656069,57.48716328211211,,
2018-06-171,Cianjur,31.720988618024663,46.026379760000054,35.94258693910421,0.0,,
2018-06-171,Indramayu,35.05579184614241,67.75815092000005,41.37124458293875,3.111963105686123,,
2018-06-171,Karawang,34.407685515069524,63.76248554000006,41.7478386726433,51.034050572055556,,
2018-06-171,Purwakarta,34.58783275211075,54.19886558000002,40.623161916609206,2.4041293063312,,
2018-06-171,Subang,34.32033479732672,73.33635956,40.24065203914842,7.796875818508233,,
2018-06-171,Sumedang,32.6527897553166,45.84180667999999,37.87013250152,3.058649874808373,,
2018-06-171,Kota Bekasi,26.70261442112073,34.13850620000005,32.17257706453573,99.24761411691286,,
2018-06-171,Kota Depok,38.27575698668108,50.85604202000002,45.744068855870566,72.91498344253716,,
2018-07-187,Bandung,26.444012974900907,37.48474778000002,30.937745411269795,0.3208798839148615,,
2018-07-187,Bekasi,35.60282045186634,57.45965666000001,41.62167178487757,0.07683639065592507,,
2018-07-187,Bogor,33.11967801470838,54.09290696000005,39.623067139626905,0.06254083322297255,,
2018-07-187,Cianjur,28.56396948539844,40.34221250000002,32.31438678868075,0.0,,
2018-07-187,Indramayu,33.03630470720264,66.31916450000006,38.117890544168546,0.03995821579869793,,
2018-07-187,Karawang,32.77817233296219,62.79518588000002,38.37399908939826,0.21859334330875752,,
2018-07-187,Kota Bogor,37.75530104068329,45.312013579999984,41.84538240969875,0.0068389363442532825,,
2018-07-187,Purwakarta,29.972910564941635,52.448839340000006,35.374310298027716,0.2514640000426113,,
2018-07-187,Subang,31.87427439233556,73.14153241999998,37.62172875742039,0.10077508005013883,,
2018-07-187,Sumedang,29.899669249102065,41.57611772000001,34.56258149034289,0.09343391036655728,,
2018-07-187,Kota Bekasi,40.5309286398438,54.57484778000003,44.06129538617703,0.09276552223302335,,
2018-07-187,Kota Depok,39.04948427436931,50.08698751999998,44.31246605679905,0.007154789432705695,,
2018-07-203,Bandung,30.45789062147973,38.32216268000002,34.18970664719895,30.885703441494556,,
2018-07-203,Bekasi,38.67353080412731,59.27120725999998,43.87330950741048,1.8649064792078835,,
2018-07-203,Bogor,35.392999052768054,56.32145600000001,42.37490305787016,6.600720681006784,,
2018-07-203,Cianjur,31.76203090394697,42.50240114000002,35.81873699261677,10.440719685009304,,
2018-07-203,Indramayu,35.245285966744134,67.62143012000001,39.12042100241131,0.006170694891362371,,
2018-07-203,Karawang,36.02139294110048,62.25172070000002,41.37238910474272,1.2355654957796383,,
2018-07-203,Kota Bogor,39.50912422100758,51.625096520000056,43.43732318063275,0.009724150633576081,,
2018-07-203,Purwakarta,32.850326704444456,51.337982839999995,37.62521358591348,8.720572818248215,,
2018-07-203,Subang,33.414994286309025,71.95889750000003,38.23743937710265,3.442577561238659,,
2018-07-203,Sumedang,30.099063117048903,39.347568679999995,33.9366577362007,4.129142473479335,,
2018-07-203,Kota Bekasi,40.37485852670046,54.824363240000025,44.3724785871982,6.769531940015301,,
2018-07-203,Kota Depok,41.068223938443424,51.39608917999999,45.55879372420994,8.943486790882119E-4,,
2018-08-219,Bandung,14.047811892500018,15.807664939999995,15.807664939999995,99.98388841558916,,
2018-08-219,Bekasi,18.741465439999995,19.376077819999978,19.376077819999978,99.9997961666221,,
2018-08-219,Bogor,28.216239777291428,47.44485806,38.372885569112114,93.56596257326754,,
2018-08-219,Indramayu,31.1736073185262,67.85385548,38.377052060000054,6.382206893906418,,
2018-08-219,Karawang,23.150473376073,35.902204520000055,31.305577980714286,99.56770331026536,,
2018-08-219,Purwakarta,16.940738570000025,17.229561260000025,17.229561260000025,99.99944926866496,,
2018-08-219,Subang,28.648871012822365,72.79289438,37.24639711158266,62.97902730247299,,
2018-08-219,Sumedang,30.537722365909495,42.82711304000003,35.93680318274938,5.777436947168806,,
2018-08-235,Bandung,20.424111191305077,36.37389128000001,22.698393260000024,99.38455132410576,,
2018-08-235,Bekasi,36.31978735063924,46.976589320000016,41.437626128430054,84.82678536636531,,
2018-08-235,Bogor,36.85242991048915,54.35951252000001,42.87169623217854,33.09561447715943,,
2018-08-235,Cianjur,32.59406702926541,42.864711260000036,36.93749343461439,36.08783647683333,,
2018-08-235,Indramayu,36.3159109126711,71.74014422000005,43.370421596312056,9.12191788861896,,
2018-08-235,Karawang,33.11775671875336,55.91812964000002,38.37239275184247,84.94082617406507,,
2018-08-235,Kota Bogor,40.227737580823785,47.636267180000004,44.19063106551727,18.865489713829295,,
2018-08-235,Purwakarta,32.51306552164145,48.42924782,37.62304752509889,54.157257164608176,,
2018-08-235,Subang,32.806455918818564,78.20020202,40.243930212902704,46.53564780960267,,
2018-08-235,Sumedang,32.59976597770164,43.948223600000006,37.56174015026427,11.148761269079097,,
2018-08-235,Kota Bekasi,38.33208487240107,44.36864006000002,41.405558677546864,81.43969551325685,,
2018-08-235,Kota Depok,40.40890933201936,49.28375282000002,44.68667681241995,32.008051803621626,,
2018-09-251,Bandung,33.44277448965116,44.25242738000003,40.06973718032757,75.72127141581811,,
2018-09-251,Bekasi,37.63072126489468,61.281003020000014,45.36999418329148,44.51838770377303,,
2018-09-251,Bogor,35.58114591631791,59.32931359999998,43.87469460893828,21.791236899344863,,
2018-09-251,Cianjur,32.15423821746971,48.750541699999985,39.118872310802765,16.08245710479072,,
2018-09-251,Indramayu,41.82522903932034,78.61720046000005,49.6217301200864,6.238512109777288,,
2018-09-251,Karawang,37.555202866390864,66.79426927999998,45.624330019369914,21.033738598250004,,
2018-09-251,Kota Bogor,42.43958087208928,54.53383154000005,47.18469357988383,10.527739647050671,,
2018-09-251,Purwakarta,36.66714146749238,55.70279438,44.12543708127503,31.47108274071008,,
2018-09-251,Subang,38.94902166181123,88.92936680000003,48.24384911830798,8.647844841006973,,
2018-09-251,Sumedang,36.8340454556906,49.05132746000004,42.870612624526835,23.463556719324025,,
2018-09-251,Kota Bekasi,40.75121285207169,62.68239122,46.12343638715984,25.003908261869096,,
2018-09-251,Kota Depok,41.9393567796735,56.42057857999998,48.18398014638578,21.581285974846818,,
2018-09-267,Bandung,31.369020774790823,44.34813194000003,38.37155128139949,27.200045410073038,,
2018-09-267,Bekasi,39.67883331034332,62.16968822000001,46.37023031612127,0.4138750142380272,,
2018-09-267,Bogor,35.55995674051334,55.1593292,42.62345774648459,2.118440873733373,,
2018-09-267,Cianjur,32.423178711092845,40.57805588000002,36.15755229912598,0.0,,
2018-09-267,Indramayu,39.35569394030853,79.69729478,49.74409799172145,10.358234567892968,,
2018-09-267,Karawang,36.76918795897954,65.08184126000003,45.123641416948026,0.12048555858073491,,
2018-09-267,Kota Bogor,38.94094178097354,49.991282960000035,43.058014809048736,0.0027763617727864726,,
2018-09-267,Purwakarta,36.42577486852294,56.62565977999998,45.12188507011419,15.459451539001007,,
2018-09-267,Subang,34.93570408781244,86.26331119999998,46.742835033872026,33.909888914805755,,
2018-09-267,Sumedang,34.882487916633984,50.24421644000006,41.81255806464749,0.6994616499325367,,
2018-09-267,Kota Bekasi,43.88883999231414,60.19407266000002,46.935283657520934,2.084229726936833,,
2018-09-267,Kota Depok,39.456388220455494,50.45613367999999,44.310720038507135,1.132113905861104,,
2018-10-283,Bandung,33.32077989519822,51.06795926000001,42.625121230540806,14.73989288777556,,
2018-10-283,Bekasi,41.758227599522364,64.01541902000002,48.37028440191116,22.271053357420662,,
2018-10-283,Bogor,39.09419732538685,58.755086240000026,46.123952258437434,4.999580144839738,,
2018-10-283,Cianjur,36.983269174762555,50.729575280000006,43.30796920615427,1.5837991720900175,,
2018-10-283,Indramayu,42.43427085134253,84.25351544,53.37601038534891,1.1499978357460636,,
2018-10-283,Karawang,38.44897497775039,67.76498695999999,47.12259997519536,17.86311974078237,,
2018-10-283,Kota Bogor,41.681134754758894,54.19544756000005,45.93676272480817,0.005353163971820943,,
2018-10-283,Purwakarta,38.161461227674316,55.29263198000001,46.37353914215198,3.888254962994439,,
2018-10-283,Subang,39.33723325091051,91.16133386000001,49.74549547772917,3.099780528174925,,
2018-10-283,Sumedang,36.53192115911495,52.794059360000006,44.37981991020844,1.7781731999226529,,
2018-10-283,Kota Bekasi,45.407238942985096,60.36497366000003,49.686417067782386,16.527983899645783,,
2018-10-283,Kota Depok,44.604278736951,53.99720239999999,49.313346656733486,3.02594808895136,,
2018-10-299,Bandung,27.955349848215562,42.06147656000002,34.81005689687335,48.22730665660689,,
2018-10-299,Bekasi,37.41646670505474,62.18677832000003,44.741571566686474,39.7747000631145,,
2018-10-299,Bogor,34.64733211485909,55.82584310000004,41.62258005718451,26.244679118283504,,
2018-10-299,Cianjur,29.142643460663322,38.674218740000015,33.80960607103981,7.6300764372836465,,
2018-10-299,Indramayu,33.86669362349186,71.65127570000004,42.12572966866231,45.88667695657813,,
2018-10-299,Karawang,31.19246024657422,50.88680420000003,38.11995211490172,55.90304845275972,,
2018-10-299,Kota Bogor,37.34177119830386,47.60892302000002,42.562261363750906,0.7015529733000295,,
2018-10-299,Purwakarta,31.832936441024387,51.502047800000014,38.6231405628045,39.41170219328692,,
2018-10-299,Subang,35.33285675396712,79.43410724,44.24446659585212,25.203117922034835,,
2018-10-299,Sumedang,30.18577142290907,40.475515280000025,34.93441346872113,13.181066646178804,,
2018-10-299,Kota Bekasi,40.09381667730433,55.901039540000056,44.873177944225255,45.288362340005776,,
2018-10-299,Kota Depok,39.3781818053381,50.22029029999999,44.18567609135957,29.938136148242638,,
2018-11-331,Bandung,31.993658921512225,40.86516956000003,35.56477723578685,65.28899097738,,
2018-11-331,Bekasi,39.80516117073427,71.01210595999999,46.62188426889573,29.591198092121683,,
2018-11-331,Bogor,38.47540809096889,65.34502880000002,45.37202616972645,31.811766008053883,,
2018-11-331,Cianjur,33.48277060175255,41.408634740000025,37.31309827227618,20.478567419903836,,
2018-11-331,Indramayu,36.06496573029442,67.55648774000002,40.73203050028569,73.44678081122497,,
2018-11-331,Karawang,37.66924978293314,71.16591686000004,43.8753468716111,29.340557197891737,,
2018-11-331,Kota Bogor,45.3192524690439,62.79518588000002,50.87194406481778,27.19750024902697,,
2018-11-331,Purwakarta,35.07818907461229,60.79906219999998,40.123144481891785,33.79283171874749,,
2018-11-331,Subang,37.00167230248571,72.31095356000003,42.62283237306979,23.34662016237755,,
2018-11-331,Sumedang,32.21978965280427,43.24069345999999,35.81139815912412,32.21649477326322,,
2018-11-331,Kota Bekasi,44.647410876470204,70.76600852000001,50.618915416322416,53.603324665533314,,
2018-11-331,Kota Depok,42.55528830431804,58.21503908,48.869741500023686,57.002680889078746,,
2018-12-347,Bandung,7.264117597642532,11.572738160000029,9.717668585690426,99.477423142698,,
2018-12-347,Bekasi,24.63208082158596,44.94628544,33.37556313122248,66.90036478740706,,
2018-12-347,Bogor,24.98443777264099,52.12754546000002,33.37534643776649,13.644960129857392,,
2018-12-347,Cianjur,2.875072777184536,12.174309680000022,7.058912365258711,87.16644156001759,,
2018-12-347,Karawang,22.70564115427024,55.53872941999998,32.62054838115096,44.19038396215733,,
2018-12-347,Kota Bogor,33.094841036855016,42.83736710000005,37.938357495796154,0.2668327273227097,,
2018-12-347,Purwakarta,13.254885429697739,43.82859289999999,24.626813127762354,70.21243213415886,,
2018-12-347,Subang,19.213970860263572,42.52974530000006,34.36891245016569,95.13173207148033,,
2018-12-347,Sumedang,12.33889090618688,18.378015979999986,15.938083765625016,97.36409186620972,,
2018-12-347,Kota Bekasi,28.07876005871232,57.65106578000001,36.12541498262688,63.186158148674174,,
2018-12-347,Kota Depok,32.56103870742898,44.344713920000004,37.93705705716845,8.943486790882119E-4,,
2018-12-363,Bandung,20.836542728026412,37.69666502000001,27.24715651789336,50.07249108702369,,
2018-12-363,Bekasi,35.2102019942565,57.37078814000006,41.47313592670437,47.99650614136237,,
2018-12-363,Bogor,30.98275508917652,51.06795926000001,39.73723853827129,78.86401703486105,,
2018-12-363,Indramayu,29.278486651459346,67.36507862000002,40.74132163836697,40.66020523110115,,
2018-12-363,Karawang,33.11622141584181,64.58964637999998,40.74159503003349,32.92850467152494,,
2018-12-363,Kota Bogor,22.905165948552728,38.332416739999985,33.875096349756106,89.97297482839525,,
2018-12-363,Purwakarta,23.75597338008353,49.70416928000003,35.74496320491016,74.2629629334836,,
2018-12-363,Subang,30.241207227103004,68.61607393999998,38.43760362094609,55.095498716309166,,
2018-12-363,Sumedang,21.75634587415574,36.81139784000004,29.368230885876045,77.15275141080141,,
2018-12-363,Kota Bekasi,43.64409291378368,53.33068850000001,48.73845332743097,71.42284780997568,,
2018-12-363,Kota Depok,31.569363135513854,43.45944674000003,39.62960510699032,95.63895417390687,,
2019-02-46,Bandung,15.695630730892697,30.771756500000038,24.126144442592118,12.98181036989442,,
2019-02-46,Bekasi,-19.529948574179326,31.161410779999983,9.486655949463737,21.008233107240162,,
2019-02-46,Bogor,-8.57581462044683,44.54979512,31.50153629504427,53.942576795777676,,
2019-02-46,Cianjur,-20.18710397219393,-0.9713952399999926,-6.384231480655721,70.8781176153763,,
2019-02-46,Karawang,-5.1296676224643365,44.62840958000004,17.48860637475665,18.6069270837703,,
2019-02-46,Kota Bogor,-6.46482168548918,32.05351400000001,21.24916693395795,12.744845680849473,,
2019-02-46,Purwakarta,1.6621940275664429,32.514946699999996,21.24006572864997,17.563096171636026,,
2019-02-46,Subang,-17.407638562094455,11.634262519999993,6.250741825587004,95.15563929225817,,
2019-02-46,Sumedang,-22.97708126430767,-20.542977759999985,-20.761731039999972,99.97464793708772,,
2019-02-46,Kota Bekasi,-23.753029252789762,17.86531298,4.4883646795454775,15.015540880126178,,
2019-02-46,Kota Depok,-122.70817870661293,-72.10039143999998,-123.14852013999977,85.50275872371816,,
2019-04-94,Bandung,31.848747838910004,42.341754200000025,36.05756690674206,52.432839421571444,,
2019-04-94,Bekasi,40.11661226835831,69.48083300000002,48.86843030245839,55.299642379534106,,
2019-04-94,Bogor,38.049786760393836,65.21514404000004,46.12290750170667,21.353474464147347,,
2019-04-94,Cianjur,32.16209734070519,41.309512160000054,36.18854779706661,40.95052554557462,,
2019-04-94,Indramayu,38.18465611975125,71.19326102000002,44.62095524982155,0.11154886429497986,,
2019-04-94,Karawang,38.685822122428476,69.18346526000005,45.37202036800337,3.0078930330803395,,
2019-04-94,Kota Bogor,43.97900787960832,53.87073566000004,49.80910026000011,18.47336330005437,,
2019-04-94,Purwakarta,34.58775302733387,63.94705862000001,39.87095949371691,20.59572980641419,,
2019-04-94,Subang,36.096888671203075,74.40961784000001,41.4566346717532,10.128090185559927,,
2019-04-94,Sumedang,30.98133129149353,41.82905119999998,36.37204473711485,15.646837583534781,,
2019-04-94,Kota Bekasi,45.27021580156503,63.174586100000056,51.37330703036734,77.28219603909905,,
2019-04-94,Kota Depok,43.064783564269845,56.11637480000002,49.186098989268544,40.18342109378177,,
2019-05-126,Bandung,20.555381396925682,26.109577220000006,24.42760987429484,97.68058311537325,,
2019-05-126,Bekasi,27.792578478605915,54.250135880000016,38.23489353539624,97.75744755804826,,
2019-05-126,Bogor,30.306138990798956,48.46001000000001,37.241337464262216,77.30629447422254,,
2019-05-126,Cianjur,25.1831848517317,37.66248482000003,32.31520322165197,66.24748132965156,,
2019-05-126,Indramayu,26.953193818445104,56.99138792000002,33.74149751582115,68.43070296882551,,
2019-05-126,Karawang,25.009148476695948,39.74064098000002,33.37531828343988,96.31439481368731,,
2019-05-126,Kota Bogor,30.537087521928754,42.164017160000014,38.13229980714288,93.45677737325875,,
2019-05-126,Purwakarta,24.88802538166489,45.11376842000004,33.87250588841437,75.25535572964162,,
2019-05-126,Subang,24.47718154986365,49.765693639999995,31.121575716676617,81.87410655001139,,
2019-05-126,Sumedang,25.591628165609205,34.43587394000002,30.436336180845938,67.03357664505978,,
2019-05-142,Bandung,27.622063267946416,38.643456560000004,31.560473499949186,43.93206032256471,,
2019-05-142,Bekasi,37.90468021795447,60.35471960000001,44.873317414907056,1.2823120500849436,,
2019-05-142,Bogor,34.640205383870615,54.04847270000005,41.6218274367086,6.359061382964999,,
2019-05-142,Cianjur,30.663017052026863,42.129836960000034,33.561394087070774,0.32512804671164564,,
2019-05-142,Indramayu,35.98188884465615,67.6351022,40.37465201644505,1.0251056400100667,,
2019-05-142,Karawang,36.420105934810984,69.38171041999999,41.87276041016305,0.976464010037458,,
2019-05-142,Kota Bogor,39.30828399731841,46.77834416000002,43.43849850003914,6.82590780251742,,
2019-05-142,Purwakarta,32.281295096526605,53.70325267999999,38.12269038883286,4.675807887449249,,
2019-05-142,Subang,34.106534881113454,69.05016248000004,38.87127836893415,4.630567596723126,,
2019-05-142,Sumedang,29.675347327774098,39.47745343999998,33.312833067512656,8.09650559964926,,
2019-05-142,Kota Bekasi,42.681277511043774,58.495316720000005,46.687430642755615,4.528859428433034,,
2019-05-142,Kota Depok,41.1127822051439,50.82186181999998,45.93531543792226,0.3541305116714347,,
2019-06-158,Bandung,26.736546056224302,34.661463260000005,29.561057373488143,52.345437525323746,,
2019-06-158,Bekasi,32.01605019919495,54.16468538000004,38.62541544200829,58.90865488539395,,
2019-06-158,Bogor,27.651293272518235,43.09371859999999,35.626063881149406,75.60548823081969,,
2019-06-158,Cianjur,28.328522263268592,39.50137958000005,31.310450821943792,4.524899360788265,,
2019-06-158,Indramayu,29.44743053760066,58.52266087999999,34.61928419987874,11.353683896651408,,
2019-06-158,Karawang,31.06631334112025,67.18734158000001,36.736931184673395,53.81355829316043,,
2019-06-158,Kota Bogor,34.0916618439085,43.182587119999994,40.31400875628885,1.3655489667499154,,
2019-06-158,Purwakarta,29.376754775931683,43.92429746000005,34.122315636190905,47.432842385528886,,
2019-06-158,Subang,29.65903017186513,66.31574648000003,35.739066493879875,36.75279528209671,,
2019-06-158,Sumedang,27.69751542544543,38.68105478000001,31.68694961729525,44.20673418467749,,
2019-06-158,Kota Bekasi,33.59196188901902,46.77834416000002,38.12186572733842,47.157889751002905,,
2019-06-158,Kota Depok,28.913363440970787,44.621573539999986,37.4364101007101,66.21186464351901,,
2019-06-174,Bandung,24.82634660392166,26.52999368000002,26.28389623999999,99.65040375781263,,
2019-06-174,Bekasi,37.91923739052253,60.33421148000002,43.622712798852575,8.629157891495403,,
2019-06-174,Bogor,33.36976602642542,52.08311120000002,39.62213478298059,16.791742965544625,,
2019-06-174,Cianjur,26.33391182321649,35.34848527999998,29.939459945574097,70.003180797252,,
2019-06-174,Karawang,34.41901681830569,59.09688824,40.2394312244642,33.335532293616424,,
2019-06-174,Kota Bogor,37.79490031050679,45.13769456,41.6827537316517,16.63822571389647,,
2019-06-174,Purwakarta,27.31009171670617,41.935009820000005,31.874147660142373,69.11864262993868,,
2019-06-174,Subang,24.942992146067887,30.874297100000035,28.718124797512488,99.43599334337931,,
2019-06-174,Kota Bekasi,41.6320253570274,53.37854077999998,45.184837311017866,4.943461129366222,,
2019-06-174,Kota Depok,38.95256877370145,49.04790944000001,44.56493110228552,38.99862128259811,,
2019-07-190,Bandung,28.43152700383625,36.493521980000025,31.440431101005966,29.772064146721366,,
2019-07-190,Bekasi,35.763569447274804,57.480164779999996,40.623479211525314,11.179524846064417,,
2019-07-190,Bogor,32.387732017809086,47.92679887999998,37.93741081514426,13.656335257342434,,
2019-07-190,Cianjur,29.06803027249691,39.15957758000002,33.18695235465048,3.6059470099975925,,
2019-07-190,Indramayu,34.57972256709037,68.55113156000004,39.12101207025165,0.04897700136267198,,
2019-07-190,Karawang,33.98870793182157,66.1653536,38.873054407174166,1.6021813273334726,,
2019-07-190,Kota Bogor,34.741345438317595,41.97602605999998,37.93722046057709,31.24153905630057,,
2019-07-190,Purwakarta,30.423961575172658,47.00735150000003,35.43615966922939,14.644041677000526,,
2019-07-190,Subang,32.27167060430834,69.46032488000003,37.12200129476061,9.334854204159953,,
2019-07-190,Sumedang,29.980822900255422,41.148865220000005,33.93429859309458,27.993659036072778,,
2019-07-190,Kota Bekasi,38.33140817212762,50.596272500000055,41.81012694085262,24.90540516950188,,
2019-07-190,Kota Depok,36.859973352285834,45.26416130000001,40.938474983519804,3.486404383192357,,
2019-07-206,Bandung,29.227256704408276,44.587393340000006,35.812328619061724,0.2698059659543585,,
2019-07-206,Bekasi,40.125588827698934,63.78299365999999,46.37153958855573,0.005546932367480365,,
2019-07-206,Bogor,36.676314255268096,57.350280020000014,44.125240775408784,0.2121906167767199,,
2019-07-206,Cianjur,32.52475950844266,44.26268144000005,37.56452482308493,0.001243292255444779,,
2019-07-206,Indramayu,38.36263809722516,73.99945544000002,46.1218144859423,0.0477778964654061,,
2019-07-206,Karawang,36.549493687710175,70.57118137999998,43.87595375042069,1.052375670949558,,
2019-07-206,Kota Bogor,41.0350352728197,48.82573814,44.68737411238193,0.0,,
2019-07-206,Purwakarta,34.38170666973362,54.86537948,41.872408444761035,0.0427991786617687,,
2019-07-206,Subang,35.79391994374801,80.25101402000001,42.87346044958103,0.12312527598024267,,
2019-07-206,Sumedang,33.26777386042357,47.78666006000003,39.689429460555004,8.516670815342975E-4,,
2019-07-206,Kota Bekasi,44.51140850139091,58.79268446000003,47.43643853965198,0.0031129369876853477,,
2019-07-206,Kota Depok,43.2598888720495,53.21105780000005,47.810254158624275,0.0013415230186323178,,
2019-08-222,Bandung,30.77502654396721,45.29150546000005,37.43796400779454,1.3375923846126914,,
2019-08-222,Bekasi,40.47357480863373,65.69366683999999,46.37252993789904,7.154173739806989,,
2019-08-222,Bogor,38.0803553703432,56.13004688000001,44.622745423636374,10.52182477927793,,
2019-08-222,Cianjur,33.879495455817825,45.506840720000014,39.06167243105817,1.3176219640626405,,
2019-08-222,Indramayu,38.851524249461676,74.45747012000004,45.871378006209284,0.020382360462809633,,
2019-08-222,Karawang,37.211863556675695,69.86706926,44.12389865317707,3.777208941731537,,
2019-08-222,Kota Bogor,41.3871788262668,49.64606293999998,44.68781978653161,0.9136875658331621,,
2019-08-222,Purwakarta,35.22250652587032,53.22814790000001,42.372845832552684,4.452152951721256,,
2019-08-222,Subang,36.303486840284286,80.06644094,44.12372735308835,1.3242611211852844,,
2019-08-222,Sumedang,33.75984788197523,48.565968620000035,40.061987429744356,1.2766266654484701,,
2019-08-222,Kota Bekasi,44.23685118460979,61.082757860000015,48.36748006564816,21.841679442933245,,
2019-08-222,Kota Depok,42.64154858291994,54.39369271999999,47.18562679523976,15.014174812794856,,
2019-08-238,Bekasi,12.250725254202152,15.954639799999995,14.88138151999999,99.99549168528878,,
2019-08-238,Bogor,22.657998343364515,32.761044140000024,27.55856357211897,97.49189902982347,,
2019-08-238,Indramayu,-67.42942296571427,-51.78026253999997,-51.78026253999997,99.99508930328933,,
2019-08-238,Karawang,16.5580276769542,29.319098000000054,24.310488151250016,99.45521403788833,,
2019-08-238,Subang,20.372124196645707,28.69018232000002,25.321804991428593,99.65891481226812,,
2019-08-238,Sumedang,16.85304499437502,22.77700772000003,22.29848492000002,99.98566429697729,,
2019-08-238,Kota Depok,26.060036911602015,33.01055960000002,29.965958285000024,96.99869560121968,,
2019-09-254,Bandung,34.09315939155142,55.24477969999998,43.871730610944006,0.3571902016753236,,
2019-09-254,Bekasi,43.18860591637035,68.71519652,50.62085989676856,4.756112151000311E-4,,
2019-09-254,Bogor,39.548380388681025,58.48164464000001,47.62426741848095,0.014487513944051622,,
2019-09-254,Cianjur,39.31671984293735,61.59887888000003,45.11942436106731,0.0,,
2019-09-254,Indramayu,42.1411069295792,80.09720312000002,51.87475140217822,3.476522620110317E-4,,
2019-09-254,Karawang,39.54119582113913,72.35538782000003,48.873326908504986,9.865476136010128E-4,,
2019-09-254,Kota Bogor,43.10842657136348,51.08846738,47.06005312976437,0.0,,
2019-09-254,Purwakarta,40.13567926386294,62.22779456000001,48.3731604627797,1.8366523201312373E-4,,
2019-09-254,Subang,39.985774521964444,86.53675280000004,49.7399730145742,0.005159128992268454,,
2019-09-254,Sumedang,38.42994415278978,55.460114960000055,46.623954950628615,0.0,,
2019-09-254,Kota Bekasi,47.896303267402615,64.51103192000005,51.43578984235745,0.0,,
2019-09-254,Kota Depok,45.34623497235009,55.596835759999976,50.56009465532508,0.0,,
2019-09-270,Bekasi,33.11096485363189,55.19350940000004,40.12273241662722,38.96732697765578,,
2019-09-270,Bogor,22.97735841275943,37.94276246000004,30.062146845367597,94.29098215161751,,
2019-09-270,Indramayu,36.62939919050044,74.72749370000003,48.24547821522256,8.95453479910894,,
2019-09-270,Karawang,31.119224148724477,63.99149288000001,39.373188378750065,19.934954843256257,,
2019-09-270,Kota Bogor,25.919953831887284,33.41730398000004,31.575446936000013,87.48491838993289,,
2019-09-270,Purwakarta,29.847285952944134,48.84282824000002,38.12339715320066,74.51260679473664,,
2019-09-270,Subang,33.526149437836416,80.23734194000002,44.24871433758225,16.584934993340905,,
2019-09-270,Sumedang,31.029996111129716,49.170958160000055,39.622461034257164,4.507882019383155,,
2019-09-270,Kota Bekasi,35.803222329427534,50.16218395999999,40.81018772699289,33.157134589112495,,
2019-09-270,Kota Depok,30.684274629404143,36.94128260000002,34.68992199173914,95.52115968474664,,
2019-10-286,Bandung,25.57149834016626,42.18794330000003,35.37883933152827,8.681604094525234,,
2019-10-286,Bekasi,35.8129376932455,66.51399164000003,46.37240228871416,50.99081606467381,,
2019-10-286,Bogor,29.140593076751834,52.63341242000001,37.87269501858711,39.065820667582294,,
2019-10-286,Cianjur,30.752657779271303,44.669425820000015,37.313155037857165,0.09375837912062558,,
2019-10-286,Indramayu,30.72959267593187,70.14051086,43.6223602338434,12.983113703222473,,
2019-10-286,Karawang,33.4754182632674,68.02133846000004,44.2435059260833,44.9142276713352,,
2019-10-286,Kota Bogor,32.71497787815246,42.734826500000054,37.68619685143828,0.6432915406237119,,
2019-10-286,Purwakarta,31.942072572725035,55.25845178000003,41.87567681444603,1.1579705395418343,,
2019-10-286,Subang,32.50290389735895,80.84574950000001,43.742218992757046,5.2915439651742275,,
2019-10-286,Sumedang,31.344658203228278,60.26926910000003,38.876689505294806,0.0,,
2019-10-286,Kota Bekasi,32.96293913824026,53.09142710000003,40.560263054209805,70.92624036195035,,
2019-10-286,Kota Depok,30.03511393075888,41.29925810000003,35.185050947053426,42.29802437149258,,
2019-10-302,Bandung,34.13292859112853,48.69585338000002,42.815319930044765,62.849429032741114,,
2019-10-302,Bekasi,40.35913301620011,64.43241746000001,49.6256603959998,39.62885448351399,,
2019-10-302,Bogor,38.072875092906315,64.92461234000001,46.87438241923804,56.232593931959826,,
2019-10-302,Indramayu,45.362001748494826,80.13480134000002,57.127608955776466,48.13656331154026,,
2019-10-302,Karawang,35.12666555287504,61.27416698000002,44.1252917267219,50.30566855962586,,
2019-10-302,Kota Bogor,42.852636540119704,55.173001279999994,49.812238355302,45.980710771608884,,
2019-10-302,Purwakarta,37.09877683231338,51.49862977999999,44.12337994740001,74.00541034037724,,
2019-10-302,Subang,38.55056256672916,92.76438524000002,49.24115466727477,46.87424433682237,,
2019-10-302,Sumedang,39.27792739447937,57.72968023999999,48.37669202692179,36.463829878066676,,
2019-10-302,Kota Bekasi,47.681042473350495,59.18917478000003,52.86891864961854,37.338536536297326,,
2019-10-302,Kota Depok,42.86641156455943,54.038218640000025,48.18578090644533,62.578941395944,,
2019-11-334,Bandung,22.893146350347312,30.809354719999988,27.566525683877575,77.54757040368344,,
2019-11-334,Bekasi,27.426083513461016,38.899808060000055,32.313457528290925,96.36018254208892,,
2019-11-334,Bogor,26.996799543347215,42.686974220000025,32.56192410678017,87.61572178750082,,
2019-11-334,Cianjur,19.821972185298147,31.773236360000055,25.05581089919806,74.44188038125527,,
2019-11-334,Indramayu,32.36236214614024,63.77273960000002,40.12403295879647,15.504791587386684,,
2019-11-334,Karawang,22.602348823997012,30.371848160000013,27.694432670000026,99.39570356985172,,
2019-11-334,Kota Bogor,30.216479000658985,36.85583210000004,34.37899808720002,96.79413545484299,,
2019-11-334,Purwakarta,22.78378413414585,34.70589752000001,27.810492892953533,81.72857097705058,,
2019-11-334,Subang,29.42947997220607,68.17514935999998,36.620760193937194,47.359511659582616,,
2019-11-334,Sumedang,26.836734268767742,34.53499652000005,29.93730708856659,9.940578984583034,,
2019-11-334,Kota Bekasi,27.93769136554872,37.08825746000002,31.794883820000013,99.05787877637407,,
2019-11-334,Kota Depok,31.34446077641162,40.94720203999998,35.811937063544306,76.22377894618684,,
2020-01-17,Bandung,32.38192355880481,44.01316598000005,37.43441563136278,35.39545877940123,,
2020-01-17,Bekasi,39.6925198666932,62.19019634000006,45.624160400052276,41.907171823045836,,
2020-01-17,Bogor,37.79621600853105,64.98613670000003,44.872772679784255,31.613626365236748,,
2020-01-17,Cianjur,32.74039548580493,40.882259660000045,36.31327403561813,37.70231181166031,,
2020-01-17,Indramayu,40.457377658940146,72.90227102000006,45.12145554887653,26.32389116745064,,
2020-01-17,Karawang,38.02410370345744,65.76202724000001,42.62194905636922,41.29768100220387,,
2020-01-17,Kota Bogor,41.7952661862027,51.009852920000014,46.81190063138939,19.288021755356954,,
2020-01-17,Purwakarta,35.415318284121234,56.99138792000002,40.62286952289764,31.010242221390037,,
2020-01-17,Subang,38.453868222007344,75.5990888,43.87217097695584,33.75316393862176,,
2020-01-17,Sumedang,33.10534356043488,44.242173320000006,37.37206386572321,37.34704057961453,,
2020-01-17,Kota Bekasi,42.85865406816971,59.78049224000006,47.43477280573731,52.85805336941256,,
2020-01-17,Kota Depok,43.64870261181752,55.68912230000001,48.936236835411606,26.914153872760405,,
2020-03-81,Bekasi,13.188789787867517,35.902204520000055,26.747326766175373,90.58517474652791,,
2020-03-81,Bogor,25.18594708970941,46.49806652000001,36.73679434238308,67.9773985595248,,
2020-03-81,Indramayu,10.174729347289057,44.20115708000003,23.24969439789676,71.3289289488356,,
2020-03-81,Karawang,12.739528806043447,37.21130618000001,29.488444692715678,89.55054441934587,,
2020-03-81,Kota Bogor,36.50513794557725,46.64845939999998,42.871057386996675,34.6456955323672,,
2020-03-81,Purwakarta,9.860962070974063,46.99026140000001,26.74194112143698,65.45582849381162,,
2020-03-81,Subang,3.744269608412192,28.881591440000022,15.124355372704343,89.34976670510156,,
2020-03-81,Sumedang,8.344438799211058,22.92398258000003,16.878151392835843,89.55460582557717,,
2020-03-81,Kota Depok,-9.731551890304473,-1.8019740999999954,-2.3454392799999937,99.94989543047274,,
2020-04-113,Bandung,33.71033628289103,44.354967980000026,37.80847672000003,63.92590829258681,,
2020-04-113,Bekasi,41.961414345542615,71.64785768000002,51.12454119518191,0.4606263976624902,,
2020-04-113,Bogor,39.76456317869848,64.79130956000006,47.87413605050671,2.128118714294434,,
2020-04-113,Cianjur,34.94429297754621,46.58009900000002,38.68881030400763,8.180971796931273,,
2020-04-113,Indramayu,37.48459668581202,75.03169748000005,46.74225046245556,36.32075588245366,,
2020-04-113,Karawang,40.00488309175462,71.75723432000001,47.625021092307854,0.5132632327049977,,
2020-04-113,Kota Bogor,45.93392132030386,55.62417992000002,51.06575464551434,0.01992114455803287,,
2020-04-113,Purwakarta,37.86014508376778,65.56378208000001,44.620249962573325,9.685458528027489,,
2020-04-113,Subang,38.80476556972191,83.32039598000006,45.239359229259186,12.494279623432035,,
2020-04-113,Sumedang,30.618451978641627,48.53862446000005,39.74559417292406,11.284219446573529,,
2020-04-113,Kota Bekasi,48.46538480237876,63.80008376000001,53.05817398009063,1.6962064040804647,,
2020-04-113,Kota Depok,48.478250031602336,60.39231782000002,54.310432967395734,0.0022358716977205297,,
2020-05-129,Bandung,25.133957928771522,34.220538680000004,28.434654510085725,53.807422579060514,,
2020-05-129,Bekasi,22.169115056982143,47.33206340000004,29.623901405181115,76.53999747369161,,
2020-05-129,Bogor,25.777761238700364,45.20947297999999,33.871913295069895,42.79949753849463,,
2020-05-129,Cianjur,23.82369887543689,32.908019000000024,27.812998928876933,18.808376043915338,,
2020-05-129,Indramayu,32.871941179295476,64.38456517999998,37.621650588725664,2.6289620908641442,,
2020-05-129,Karawang,22.324485479249773,47.46194816000002,31.622660740571206,47.44277223365036,,
2020-05-129,Purwakarta,27.21414422609813,48.449755940000045,32.622202314762376,8.846634739054615,,
2020-05-129,Subang,29.923249675132475,69.79187281999998,36.12120890867149,5.414700731245237,,
2020-05-129,Sumedang,29.447651594972434,41.81196110000002,33.93528118040037,3.407347027667579,,
2020-05-129,Kota Bekasi,28.683879470204573,44.78222047999998,33.8132642592174,82.64057138385685,,
2020-05-129,Kota Depok,19.623421523935857,22.54800038000002,22.54800038000002,99.9926751089558,,
2020-05-145,Bandung,31.73230663045816,45.90333104000001,37.43390759334571,0.2192729185134047,,
2020-05-145,Bekasi,41.40206402449642,68.11020698000004,49.12344266307419,0.03485550762090229,,
2020-05-145,Bogor,37.99403898320342,64.81865372000004,46.12536992309153,0.43103432930964336,,
2020-05-145,Cianjur,33.854859371033626,43.57565942000002,36.96577192677399,0.009501283674656856,,
2020-05-145,Indramayu,38.52398003244584,72.73137001999999,42.622155121041445,9.663857568408988,,
2020-05-145,Karawang,39.917123254427615,73.17229459999999,46.87161533539304,0.06077317529028476,,
2020-05-145,Kota Bogor,46.25252757739454,55.01235434,51.30891744168924,0.0,,
2020-05-145,Purwakarta,36.05949716067819,61.58520680000004,42.62162593674919,0.5609574378025317,,
2020-05-145,Subang,36.70037908260512,73.37395778000001,42.122694880873695,3.0821779062463053,,
2020-05-145,Sumedang,30.92999291189515,40.93352995999999,34.31315888752419,11.681341202775249,,
2020-05-145,Kota Bekasi,46.299135910002896,59.38058390000003,50.81046348573274,0.13572161114387513,,
2020-05-145,Kota Depok,44.95119168862602,56.020670240000015,49.93592704995164,0.005813266414073376,,
2020-06-161,Bandung,22.25669777738476,32.56621700000005,27.93699360016758,30.87984621917663,,
2020-06-161,Bekasi,15.79259898852783,35.10580586000003,25.12224611759641,71.25880787673226,,
2020-06-161,Bogor,17.56732042408876,39.63126434000003,27.122694041753803,40.44460460164408,,
2020-06-161,Cianjur,20.735040853005813,31.70145794000001,25.870526552737054,63.469911823567514,,
2020-06-161,Indramayu,20.325665604529494,53.662236440000015,28.87136701569695,6.382360881550234,,
2020-06-161,Karawang,15.210379567189948,41.80170704,23.62470987337002,63.003465598988896,,
2020-06-161,Kota Bogor,26.196318095455254,36.92761052000003,33.314872853950206,16.063880105068705,,
2020-06-161,Purwakarta,18.409667841615224,38.07948326000002,24.372987176309664,24.02374187878527,,
2020-06-161,Subang,20.38389702556595,55.022608400000024,27.12099675648662,41.681361509039526,,
2020-06-161,Sumedang,17.91749428361932,35.51596826000002,24.313367501972543,15.145058444617037,,
2020-06-161,Kota Bekasi,14.983883746936025,21.214972579999994,18.65748938000002,93.31157288648983,,
2020-06-161,Kota Depok,20.02979109960828,33.45490219999999,27.685552001204062,40.24160987391808,,
2020-06-177,Bandung,12.460657792426215,25.83613562000005,16.814963141629118,36.04205279011796,,
2020-06-177,Bekasi,18.906955678471864,32.96270732000005,27.872258271598323,56.83281842934876,,
2020-06-177,Bogor,16.276895302814882,33.284001200000034,23.87162188154848,23.077311087436954,,
2020-06-177,Cianjur,5.8490209374194055,13.363780640000016,10.186976735205768,67.61135817088348,,
2020-06-177,Indramayu,20.61754787565237,52.10020129999998,27.12299729633997,4.074977627001573,,
2020-06-177,Karawang,21.451118446021546,41.880321500000036,30.123354379147216,24.22549426136768,,
2020-06-177,Kota Bogor,25.490399832121003,33.663401420000014,30.31045704484761,0.009315952323617708,,
2020-06-177,Purwakarta,19.020703604331008,39.83976356000005,25.87268186390776,7.444157460219262,,
2020-06-177,Subang,17.19430268343657,52.383896960000015,25.62317080338024,22.63276469789907,,
2020-06-177,Sumedang,14.338368833361924,27.668194340000014,18.184684622755206,4.6722484377653535,,
2020-06-177,Kota Bekasi,14.28782805830514,23.20084220000001,19.43359701546014,86.45206608069394,,
2020-06-177,Kota Depok,20.551982352448373,30.72390422000001,27.06244561639429,18.87131302784219,,
2020-07-193,Bandung,26.116124184108457,36.199572260000025,30.43752001846137,38.99181728619773,,
2020-07-193,Bekasi,35.853697135073865,61.95777098000002,43.46557534094344,11.52797627366691,,
2020-07-193,Bogor,28.56827832722196,47.567906780000044,36.240071562182074,60.42542614576112,,
2020-07-193,Cianjur,21.60102923704462,37.559944220000034,27.87392443856448,11.356599064823111,,
2020-07-193,Indramayu,18.095743305866712,43.196259199999986,23.872123711648854,96.28263457966696,,
2020-07-193,Karawang,33.84118491908767,64.09745150000003,40.74659132516287,11.962131707912597,,
2020-07-193,Kota Bogor,21.949534350670042,31.824506659999997,27.445017740000022,94.30078381416091,,
2020-07-193,Purwakarta,29.41819008986936,52.40782310000003,37.37337291632043,7.957255048984213,,
2020-07-193,Subang,27.492738912519307,58.93282327999998,34.73815051971561,43.69613328876385,,
2020-07-193,Kota Bekasi,40.52833197070106,55.47720506000002,44.36985845031413,3.1752811806112655,,
2020-07-193,Kota Depok,32.262395660927915,44.36864006000002,38.87484829195878,78.99203712269515,,
2020-07-209,Bandung,27.55161404062898,39.14932352000005,32.185738799469526,0.34188357099307987,,
2020-07-209,Bekasi,36.959531868169634,58.68330781999998,42.87276121642464,0.03699216102924244,,
2020-07-209,Bogor,34.431881898837716,52.62999439999999,40.873115939944,3.90374662466333,,
2020-07-209,Cianjur,30.73576815516918,42.99459602000002,35.06214019918411,0.009712038995931321,,
2020-07-209,Indramayu,34.59379134938985,65.71759298,40.624212767171144,0.10032118078799164,,
2020-07-209,Karawang,34.76078426761468,64.79472758000003,40.62483265863642,0.8996341505621106,,
2020-07-209,Kota Bogor,36.7652260468434,44.56688522000002,41.436949017458886,72.65959871346499,,
2020-07-209,Purwakarta,32.18493809453981,54.499651340000014,38.87262649256241,0.14026908677241795,,
2020-07-209,Subang,33.801991997481224,75.28121294000005,40.12369022607709,0.05284706710697665,,
2020-07-209,Sumedang,31.68315131261325,49.092343700000015,36.68907945339,0.001392815931891628,,
2020-07-209,Kota Bekasi,41.04364155965665,54.595355900000015,44.06180435239822,0.6275314739292757,,
2020-07-209,Kota Depok,39.60352699999381,48.88384447999999,43.81283400390096,5.301355259162171,,
2020-08-225,Bekasi,26.32730571541075,43.28170970000002,34.428865130859464,97.05280276476714,,
2020-08-225,Bogor,23.836346322405394,50.39460932000003,41.51148582899603,97.12374488964045,,
2020-08-225,Indramayu,19.050769398814833,49.23248252000002,29.74631984511211,91.98776228378055,,
2020-08-225,Karawang,28.947143011067755,52.698354800000004,36.4677122890796,85.92806833192444,,
2020-08-225,Purwakarta,23.41549913080843,41.85639536000002,31.190579936864808,93.22869358524807,,
2020-08-225,Subang,20.275318865367215,31.328893760000028,29.617951835652203,99.68709071978041,,
2020-08-225,Sumedang,15.23743383623827,31.14090266000005,24.748153641164336,87.26428879158148,,
2020-08-225,Kota Bekasi,24.245672762033667,33.762523999999985,31.88975976909092,99.3250908458778,,
2020-08-225,Kota Depok,27.650553096184698,41.01556244000005,37.74942073816637,96.90859435586366,,
2020-08-241,Bandung,29.607533203663255,46.6655495,36.06580938490731,21.428476471604807,,
2020-08-241,Bekasi,39.824331228438616,64.62724460000004,46.87114235111015,11.224143306364576,,
2020-08-241,Bogor,37.25693537017542,57.121272680000004,44.374610928053364,12.95004832145377,,
2020-08-241,Cianjur,33.82945498550062,46.59377108000001,39.43349910924969,2.919269621087036,,
2020-08-241,Indramayu,37.36005168309214,70.7796806,43.62105504499345,6.229395748832832,,
2020-08-241,Karawang,36.644542170392725,68.92711376,43.62414268397838,11.43727327067867,,
2020-08-241,Kota Bogor,40.8132895847189,50.24763446000003,46.31675647625019,33.47202169607804,,
2020-08-241,Purwakarta,34.55798943586881,53.27941820000001,41.62381660655911,18.675901687648093,,
2020-08-241,Subang,35.71168776076519,79.33840268000006,43.15601021603829,10.90206257147865,,
2020-08-241,Sumedang,33.15886462618433,48.747123680000016,38.619007892250245,35.85908174388335,,
2020-08-241,Kota Bekasi,45.29187998611308,59.13790448000003,49.87116171977292,22.390525635890647,,
2020-08-241,Kota Depok,42.401482628917826,51.94980842000001,47.6244865418874,40.018261197127146,,
2020-09-257,Bandung,34.57873708487895,46.25538710000001,40.06218681975562,33.70470770489209,,
2020-09-257,Bekasi,39.821474460381296,65.65948664000001,47.371018779648196,16.467896838493935,,
2020-09-257,Bogor,37.98690693412141,62.84645618000002,45.875175454943324,7.441541779955011,,
2020-09-257,Cianjur,35.47459468655506,48.12846206000006,40.810273765451015,1.7330658774514034,,
2020-09-257,Indramayu,39.751813357534495,74.77876400000002,47.87074402037302,0.38764603357499694,,
2020-09-257,Karawang,37.468576648671714,67.07454691999999,45.123505827422406,11.8520265462111,,
2020-09-257,Kota Bogor,39.58925673562842,47.584996880000006,43.31081554656227,0.07501078674023605,,
2020-09-257,Purwakarta,37.13100743008511,60.59739902000001,44.62232830787388,9.048605101864487,,
2020-09-257,Subang,37.286434110532156,82.64021000000002,45.74099926966812,7.323354393877837,,
2020-09-257,Sumedang,35.61042324068237,52.11387338000003,41.12453685657735,15.345111666096873,,
2020-09-257,Kota Bekasi,44.03520592691511,61.458740060000025,48.12210207838902,24.486320839306437,,
2020-09-257,Kota Depok,44.8853113494156,54.988428200000044,49.31182769503171,0.35091261005157803,,
2020-09-273,Bandung,21.90300901275589,30.32741390000001,26.9339922454274,83.39307331450718,,
2020-09-273,Bekasi,36.33980135841118,54.56801174000003,46.24709050022655,90.24832530163643,,
2020-09-273,Bogor,28.91885555085365,44.700188000000026,36.871812576973426,94.58389586580417,,
2020-09-273,Cianjur,29.641764225453365,42.95699780000001,37.87577179352427,9.816541175345483,,
2020-09-273,Indramayu,38.395382402226694,83.01961022,49.454730082882094,70.4773740099744,,
2020-09-273,Karawang,37.304309238459055,71.70254599999998,47.244628810158744,36.87274634896226,,
2020-09-273,Purwakarta,19.932442686569004,40.63958023999999,28.376116880829336,85.62624797080144,,
2020-09-273,Subang,31.383311222798742,74.75483786000001,44.48777551468201,72.28262524594864,,
2020-09-273,Sumedang,31.57723572431273,45.38379200000003,39.246229945694246,44.19207315426178,,
2020-10-289,Bandung,23.859701952730433,46.01954372,37.88916455128836,90.45982363989094,,
2020-10-289,Bekasi,39.75863029486185,67.99741232000002,48.37209241571085,40.70443285985777,,
2020-10-289,Bogor,39.721109825643396,72.36905990000002,48.24749456269142,8.124831228417206,,
2020-10-289,Cianjur,36.39229823787084,53.22472988000004,42.68807406881007,16.272612487406917,,
2020-10-289,Indramayu,42.48739246241598,78.27539846000002,54.127336281959785,8.131922346834584,,
2020-10-289,Karawang,38.560685204861315,71.62393154000006,47.24579573407587,8.700277553518585,,
2020-10-289,Kota Bogor,47.56296062842919,59.06612605999999,53.8150309025657,2.4606606116497574,,
2020-10-289,Purwakarta,37.20640824643859,67.61459408000002,46.74525229267305,19.67130435880651,,
2020-10-289,Subang,37.22664598349284,84.65342378000003,48.74335590936929,17.930531848082413,,
2020-10-289,Sumedang,33.545720057855505,59.346403699999996,46.37697507230951,28.510550434797793,,
2020-10-289,Kota Bekasi,43.18179030575046,59.81809046000001,54.124486942268945,62.08906393496483,,
2020-10-289,Kota Depok,47.76983377611214,63.38308532000002,55.12119662964516,0.0017886973581764238,,
2020-10-305,Bandung,13.8241941541012,31.154574740000044,23.131603058749405,95.87688438297798,,
2020-10-305,Bekasi,37.82576417601839,64.98271868,50.74704017624469,62.172283056478705,,
2020-10-305,Bogor,32.373336858997384,60.002663540000015,44.24823742135788,46.39291763725083,,
2020-10-305,Cianjur,22.196244576198303,38.79384944000003,33.1123959907999,82.16741439150145,,
2020-10-305,Indramayu,26.88305736441845,60.04026176000002,36.73809788033052,44.03101169311447,,
2020-10-305,Karawang,18.268737296010784,38.26747436000005,31.370059537861774,98.34179087430081,,
2020-10-305,Kota Bogor,30.851533823230508,52.48643756000001,45.12292782000003,70.74807759049875,,
2020-10-305,Purwakarta,17.02958772779422,38.80752152000002,29.119759618187132,96.45666868240463,,
2020-10-305,Subang,22.173189249357083,63.964148720000026,34.74798220548044,95.52036870437689,,
2020-10-305,Sumedang,18.912744164738587,39.35440472000005,31.246557172088266,82.77766960848547,,
2020-10-305,Kota Bekasi,44.699546374110604,63.376249280000025,52.87175627089535,9.290141719203085,,
2020-10-305,Kota Depok,28.864907150697448,52.10703734000003,40.11966386961723,68.10044321290101,,
2020-11-321,Bandung,32.04782499160523,41.866649420000044,36.5564870130518,53.47913633318563,,
2020-11-321,Bekasi,39.23589627374524,66.43879520000002,48.12425425195632,13.272710320281874,,
2020-11-321,Bogor,36.38836209829717,62.36451536000004,46.1252230686465,28.089568560796113,,
2020-11-321,Cianjur,30.517202311745386,44.68651592000003,37.68638168715341,1.4191801739402554,,
2020-11-321,Indramayu,28.228044160121986,36.937864579999996,33.17804258000002,96.25934595122713,,
2020-11-321,Karawang,34.79292281435921,65.64239654000005,42.87317111540825,21.14732661385161,,
2020-11-321,Kota Bogor,39.399152911617115,51.34140086000002,46.566664268934105,37.400662494234716,,
2020-11-321,Purwakarta,32.94579007766368,58.68672584000001,40.87269896651048,8.789477049861064,,
2020-11-321,Subang,31.823489001993448,62.71657142000004,37.622796643620205,52.3808253712487,,
2020-11-321,Sumedang,27.649948604730742,42.15376309999999,32.565152946891985,56.918320460491024,,
2020-11-321,Kota Bekasi,45.929839592590966,62.966086880000034,50.37070700049327,17.701287693852066,,
2020-11-321,Kota Depok,42.34593903340906,54.82094522,49.120837273173144,24.40460972561402,,
2020-12-337,Bandung,26.548375888459795,37.201052119999986,31.058756871066553,43.7416758172736,,
2020-12-337,Bekasi,36.43616749046294,61.20238856000003,44.742356624451574,14.914015580666346,,
2020-12-337,Bogor,32.406185861772954,66.29523835999998,44.488006793079144,25.971371478668043,,
2020-12-337,Cianjur,28.546303676762964,39.41592908000001,32.81385456087221,41.565507164497504,,
2020-12-337,Indramayu,29.823177454263647,60.31028534000001,34.12171490803775,16.890390310127216,,
2020-12-337,Karawang,32.874106025912376,63.59842058000004,41.123645620547094,10.05726375553286,,
2020-12-337,Kota Bogor,42.797801621741854,54.451799059999985,49.6196979923275,4.288602103690066,,
2020-12-337,Purwakarta,27.938979887635142,47.868692539999984,33.87129566420945,16.72313809202839,,
2020-12-337,Subang,27.59320194842538,63.53689622000002,35.12514019694508,47.65059938094009,,
2020-12-337,Sumedang,17.383882820947797,29.438728700000013,26.127841402741424,69.86791030687552,,
2020-12-337,Kota Bekasi,40.38427358813163,59.425018160000036,47.37608263452221,10.776865775406373,,
2020-12-337,Kota Depok,39.364156941699974,54.48597926000002,49.23604983215657,67.74097992802741,,
2021-02-35,Bandung,26.192524207378266,33.27374714000001,31.313046576363657,95.54263413910475,,
2021-02-35,Bekasi,32.97906114805619,58.92598724000004,38.875579000238126,93.30253266222708,,
2021-02-35,Bogor,28.910001863465137,41.28900404000001,33.62155803509612,92.57645939715982,,
2021-02-35,Cianjur,24.70881855362713,28.071520700000008,26.52144863000002,98.85963457067511,,
2021-02-35,Karawang,30.13193710120049,40.27043408000003,34.621501459383516,93.95988332997646,,
2021-02-35,Kota Bogor,30.321095023194292,45.61279934000004,36.887783156521756,92.1522467564044,,
2021-02-35,Purwakarta,28.747558679855043,42.02729636000004,34.371818812904124,82.82084171478475,,
2021-02-35,Subang,27.157857884076183,40.73186678000002,31.624421103307288,94.06148907737625,,
2021-02-35,Sumedang,27.377521200354536,35.577492620000044,31.87049778517165,86.65453170636106,,
2021-02-35,Kota Bekasi,32.414879503794616,43.28170970000002,38.06374422693488,88.77219783483635,,
2021-02-35,Kota Depok,34.40147219833383,42.29731994000002,38.31285770501255,74.88931251399504,,
2021-03-67,Bandung,16.011209956981713,31.879194980000022,24.4030863503229,94.09835693373098,,
2021-03-67,Bekasi,36.58775536918648,63.95389466000006,45.37194112554274,74.43314716968902,,
2021-03-67,Bogor,29.209036093168898,61.34252737999998,40.487975196499555,54.980893256851104,,
2021-03-67,Cianjur,23.715491407163977,32.47051243999999,30.18209959878636,76.14148971085781,,
2021-03-67,Karawang,28.04482471630021,65.21514404000004,39.875231709565234,98.09525916580017,,
2021-03-67,Kota Bogor,31.637518919456735,45.72901202000003,39.88263936108625,71.92053281508069,,
2021-03-67,Purwakarta,28.147676489748,59.06270804000002,35.744859065203585,58.41487772876404,,
2021-03-67,Subang,25.175584108017077,37.310428760000036,32.432818038151375,96.75617075920051,,
2021-03-67,Kota Bekasi,36.03527133061456,49.77936571999999,44.36572294020661,26.768037730261245,,
2021-03-67,Kota Depok,38.71744507129627,51.46103156000004,44.86997486828065,9.756328740057898,,
2021-03-83,Bandung,13.031949682385804,26.437707140000043,19.368757409952156,75.961972883868,,
2021-03-83,Bekasi,16.916008074683482,39.162995600000045,23.868660085073895,81.82019028546573,,
2021-03-83,Bogor,17.04654866217201,31.858686860000034,24.12177501254592,57.8075005921263,,
2021-03-83,Cianjur,10.455496722480543,22.585598600000026,16.115404337950892,47.69912716333346,,
2021-03-83,Indramayu,2.976765304158437,32.40557006000006,12.125864845885504,86.13533900654288,,
2021-03-83,Karawang,20.100464385973456,52.92052610000002,29.239385492009216,50.80723489325799,,
2021-03-83,Kota Bogor,16.826324596182655,29.534433260000014,25.123747264245278,58.32645369670884,,
2021-03-83,Purwakarta,17.474207016053363,46.911646940000026,27.74314405294815,41.89882936519704,,
2021-03-83,Subang,12.199088550297507,40.164475460000006,26.25048301761714,80.84559933831731,,
2021-03-83,Sumedang,5.386061559874748,19.229102959999977,13.808847588609291,63.5826652312131,,
2021-03-83,Kota Depok,13.838163547007042,30.402610340000024,25.86933924285715,77.90891598819944,,
2021-04-99,Bandung,30.011757308837993,39.38174888000003,34.687206287707596,34.43038611482127,,
2021-04-99,Bekasi,37.999125947607794,65.08867730000003,45.37243727975709,39.21120069154345,,
2021-04-99,Bogor,34.85269580433234,57.56561528000003,41.87459024813127,63.15871432645197,,
2021-04-99,Cianjur,29.08744798209774,37.95985256000006,33.56546824352302,69.77147168534229,,
2021-04-99,Indramayu,35.493817510643396,69.13561298000002,40.87439803840929,21.917023975991874,,
2021-04-99,Karawang,36.237524404485654,60.853750520000006,42.12516710941571,48.70476578326126,,
2021-04-99,Kota Bogor,39.7489703150789,48.83941021999999,44.309020803767396,28.619314938557928,,
2021-04-99,Purwakarta,31.988330787120724,55.20034543999998,40.62653899315104,69.85811949883963,,
2021-04-99,Subang,34.07852051041185,66.17560766000003,39.37233800954142,42.390882441238475,,
2021-04-99,Sumedang,31.88621998239056,45.33252170000003,36.31383574481082,39.97628986680189,,
2021-04-99,Kota Bekasi,42.146086625932725,59.49679658000002,47.86486986876972,61.20362013818761,,
2021-04-99,Kota Depok,38.30240543692997,51.628514540000026,44.61842647481429,70.06053109686307,,
2021-04-115,Bandung,33.26247006176266,45.43164428,38.18669931349712,45.49346967983253,,
2021-04-115,Bekasi,38.7221576080213,68.72203256,48.62295445670012,8.009130861377646,,
2021-04-115,Bogor,37.01101425141189,60.78539011999999,44.37448199708147,7.792299539902688,,
2021-04-115,Cianjur,32.85903252754675,43.98582182000001,36.31167256864867,18.245500053379065,,
2021-04-115,Indramayu,39.166204356573054,72.41349416000003,44.37236454092435,0.055148113540534595,,
2021-04-115,Karawang,34.09283636525419,61.30151114,40.37488181683667,24.15720066401673,,
2021-04-115,Kota Bogor,43.31980716973838,52.120709420000026,48.43579983441159,1.88946122833008,,
2021-04-115,Purwakarta,33.06072291616121,55.09438682000001,38.62312508182351,26.62198608047197,,
2021-04-115,Subang,35.87832824031606,83.39217440000004,43.23813185598582,22.042550556698806,,
2021-04-115,Sumedang,35.108089773641815,53.46057326000005,40.62526185359034,19.601992794548256,,
2021-04-115,Kota Bekasi,46.599427994678415,62.719989440000006,51.060384620600715,3.1934582911001423,,
2021-04-115,Kota Depok,43.3697501615014,55.64127001999998,49.43650447707319,3.118502655487825,,
2021-05-131,Bandung,31.710798274239373,42.59810570000002,35.30942263826517,37.67437091904359,,
2021-05-131,Bekasi,39.91133258396255,65.48858564,48.373535965350385,0.24336000048557596,,
2021-05-131,Bogor,36.9427231411562,64.27860656000001,45.12367267370381,1.5456091955194868,,
2021-05-131,Cianjur,32.90801183385891,44.70702404000002,36.308827289318,1.374236444847802,,
2021-05-131,Indramayu,37.496079623100535,71.50430084000004,41.61606145228904,1.4992235490623678,,
2021-05-131,Karawang,36.90625099963911,67.41976694000004,43.62364600481391,0.5182635829063719,,
2021-05-131,Kota Bogor,43.59042165855845,52.089947240000015,48.06046915301709,0.0,,
2021-05-131,Purwakarta,34.343494968879895,61.58520680000004,40.623170561724514,4.204170586623541,,
2021-05-131,Subang,35.504236284442015,73.95160315999999,40.87377395579666,5.6430012780345375,,
2021-05-131,Sumedang,31.576857891783202,45.62647142000003,35.31088336220117,8.942229081684777,,
2021-05-131,Kota Bekasi,46.22903735633285,61.30492916000003,50.31077491314555,1.1335338878593153,,
2021-05-131,Kota Depok,44.29252936171401,54.40736479999998,49.31192762361822,0.0026830460372646355,,
2021-05-147,Bandung,28.199887823785094,39.70987880000001,32.68610631204967,41.607846469347955,,
2021-05-147,Bekasi,34.58366626026384,56.83074098000003,41.124169846616134,49.43948712047619,,
2021-05-147,Bogor,33.98202879831576,54.21253766000001,40.37531475931938,25.878144254291758,,
2021-05-147,Cianjur,30.088285535020518,38.92715222000004,32.43800181059103,6.373805836648392,,
2021-05-147,Indramayu,33.949859278301524,66.63362233999999,38.87444394820547,47.772528330969585,,
2021-05-147,Karawang,32.571557222925094,57.39813230000004,37.37335643000979,37.00887831319671,,
2021-05-147,Kota Bogor,39.973824311596076,47.19192457999998,43.81350436126543,0.39598626476781484,,
2021-05-147,Purwakarta,29.58038874374076,52.37022488000002,34.62208045360733,19.665026381784713,,
2021-05-147,Subang,32.15035829791698,67.53256160000001,37.37296223915251,32.433244240283216,,
2021-05-147,Sumedang,28.23213215323177,41.77778090000004,32.68594189269516,35.46390789450392,,
2021-05-147,Kota Bekasi,39.12820919353258,51.06112322000001,43.93816681161996,60.913264908129925,,
2021-05-147,Kota Depok,38.479994957838045,47.84818442000005,42.68646983254739,33.13634456091069,,
2021-06-163,Bandung,16.930578920758126,27.452859080000053,23.36662602412414,70.00107380056765,,
2021-06-163,Bekasi,28.325730025758627,55.89078547999998,36.73902036208691,32.36682144583242,,
2021-06-163,Bogor,20.484471404188533,40.14396734000002,31.49248710839093,75.92547781817274,,
2021-06-163,Cianjur,12.971739196852365,29.418220580000025,23.622218335614825,72.33692385786085,,
2021-06-163,Indramayu,30.4810234502978,67.16683346000002,38.873001073015836,0.8875879588064458,,
2021-06-163,Karawang,25.960008010429583,59.247281120000025,33.740295430034344,32.19545926418521,,
2021-06-163,Kota Bogor,26.14840300819356,39.95939426000001,36.122902273600026,49.262486066771885,,
2021-06-163,Purwakarta,18.040386478423358,44.02342004000002,26.622475067113296,55.443682414373484,,
2021-06-163,Subang,21.902550877435555,64.88701412,35.24615244712936,41.6376470737075,,
2021-06-163,Sumedang,7.211542532735638,19.396585940000023,14.192342170962005,65.77069292455087,,
2021-06-163,Kota Bekasi,22.836379094137925,42.748498580000046,35.6275865632095,81.46300713863603,,
2021-06-163,Kota Depok,27.495596007114926,38.178605840000046,33.872134645858594,64.00241305795369,,
2021-07-211,Bandung,30.156098889608444,39.603920180000046,34.063437792856206,31.581879042817533,,
2021-07-211,Bekasi,37.85400805855806,59.59933718000002,43.12272814437665,11.50579520541848,,
2021-07-211,Bogor,34.34247371290763,53.78186714000003,40.62400643110843,6.896406565971461,,
2021-07-211,Cianjur,31.36942057395077,40.90960382000003,34.93802827103511,1.7250410076502878,,
2021-07-211,Indramayu,38.80395500743584,76.26902072000001,43.62455066515925,0.6453396590574295,,
2021-07-211,Karawang,36.737655394777825,72.02042186000006,42.122986282183724,5.052224919841947,,
2021-07-211,Kota Bogor,39.572223328084306,47.43118598000001,43.43577763950372,2.3383838004398276,,
2021-07-211,Purwakarta,33.55782585544369,55.754064680000056,39.12291665396716,9.089199846708897,,
2021-07-211,Subang,36.088848774490465,77.88574418000002,42.373999709872145,3.7401106019643326,,
2021-07-211,Sumedang,32.19413286820067,46.74074594000001,37.30885512981108,6.381268668703196,,
2021-07-211,Kota Bekasi,41.54986680876245,54.76625690000003,45.18615013363028,8.929819873258309,,
2021-07-211,Kota Depok,38.882235908260455,48.64800109999999,42.811928648192335,13.524184652559315,,
2021-08-227,Bandung,22.348320423682974,41.07025076000002,34.12436598165479,37.63905975407138,,
2021-08-227,Bekasi,38.51834331013069,65.03398898,46.74247171427395,4.303196783346222,,
2021-08-227,Bogor,31.42019074220047,59.03536387999998,43.245458920899225,34.54983098112354,,
2021-08-227,Cianjur,31.424277900688804,45.56494706000001,36.87341973917462,3.234501335032865,,
2021-08-227,Indramayu,36.40068857607406,73.3944659,45.24591068502853,0.9085966787528257,,
2021-08-227,Karawang,36.62716154172067,68.28110798,44.24440077440252,11.546378067573082,,
2021-08-227,Kota Bogor,35.33529851922703,48.14213414000005,42.871732456949175,32.25173777449704,,
2021-08-227,Purwakarta,27.770400503627343,45.571783100000005,36.24464206107782,38.40454165013993,,
2021-08-227,Subang,34.294218532356076,76.29978290000003,42.469843536031476,4.725607922740543,,
2021-08-227,Sumedang,33.903624727886424,48.781303879999996,40.3788769148553,13.149861873259763,,
2021-08-227,Kota Bekasi,42.753201771844516,55.34732029999998,48.12128452234289,24.031290021840647,,
2021-08-227,Kota Depok,38.965490085853496,50.96200064000004,46.24299530688321,34.347066454789086,,
2021-09-259,Bandung,30.59337430616203,41.56586365999999,34.311433820630626,59.10870569220295,,
2021-09-259,Bekasi,38.46479859581475,65.36211890000004,46.87296849649297,6.665788966358555,,
2021-09-259,Bogor,35.237123710029884,60.672595460000025,44.245574464887945,15.4608239283823,,
2021-09-259,Cianjur,30.402807209701905,39.79874732000002,33.434856669173016,27.838218930260773,,
2021-09-259,Indramayu,35.80896303698343,71.76407036,42.8749719775565,26.059390513246278,,
2021-09-259,Karawang,35.187062518433784,67.66586438000002,42.47327287827492,5.23236132914489,,
2021-09-259,Kota Bogor,42.8211809408323,55.08071474000002,47.68532886079446,4.139529810680742,,
2021-09-259,Purwakarta,33.41203675264628,59.36691182000004,40.37350153283412,26.330598889604012,,
2021-09-259,Subang,35.34318549617455,74.58393686,42.24253717400281,18.31911235835862,,
2021-09-259,Sumedang,32.23710082874452,45.141112580000026,38.8750425107635,42.25058114063209,,
2021-09-259,Kota Bekasi,44.61071498093246,57.596377459999985,49.43539686299103,9.540465800358696,,
2021-09-259,Kota Depok,43.48966606726659,55.17983732000005,48.812578692934075,0.6713770316423548,,
2021-10-275,Bandung,20.309469445326286,31.024689980000005,25.154760418008536,93.46748466240498,,
2021-10-275,Bogor,30.2098995195016,47.98832324,38.376944111895504,74.71762238956443,,
2021-10-275,Cianjur,26.639883123522786,39.12539737999998,31.56465334375351,38.685419419517515,,
2021-10-275,Indramayu,34.5639015595737,72.67668170000002,43.23900190506961,7.066701870113685,,
2021-10-275,Kota Bogor,38.025646459791226,48.87359042000003,43.43601089663271,34.72494288094513,,
2021-10-275,Purwakarta,25.390412641727217,41.767526840000016,31.871913532793958,77.67783505267431,,
2021-10-275,Subang,28.625736178929394,82.63337396000003,41.74522765612777,69.58425909940973,,
2021-10-275,Sumedang,25.030852258931553,40.12687724,33.31183915972915,81.93838253556532,,
2021-10-275,Kota Depok,35.61503261408238,42.457966880000015,40.19018491478263,97.45340702041621,,
2021-11-307,Bandung,6.67345464094178,16.945865600000047,12.064933040000025,96.82318755288955,,
2021-11-307,Bekasi,17.940968822153533,31.36307396000001,27.626667616493528,97.81621685085415,,
2021-11-307,Bogor,25.68640111954552,52.824821540000016,38.735452057284775,49.60977555505847,,
2021-11-307,Cianjur,8.326620528095878,19.885362800000053,14.560794042314315,81.71247564677266,,
2021-11-307,Indramayu,8.564805071635504,26.150593459999982,15.850634334285726,99.02578275307606,,
2021-11-307,Karawang,12.553460893000798,30.043718240000032,21.622950558084526,96.11150148674291,,
2021-11-307,Kota Bogor,17.463145275569353,26.632534280000016,24.57542592736844,97.6507517079096,,
2021-11-307,Purwakarta,8.544072492261348,29.551523360000033,16.371818891155105,77.6844923949798,,
2021-11-307,Subang,19.25395352711468,50.07331543999999,29.74479467912088,69.00022430607501,,
2021-11-307,Sumedang,12.387458960742793,29.479744940000046,23.624332138137525,45.57739985085997,,
2021-11-307,Kota Bekasi,17.548775759138742,33.48224635999998,24.167002520000022,97.84921690102607,,
2021-11-307,Kota Depok,22.863801751886406,39.28262630000006,32.37251927471508,87.1958572225995,,
2021-12-355,Bandung,-117.26540306662588,-48.87152751999997,-70.75317382263484,0.0,,
2021-12-355,Bekasi,-122.85881922607258,-28.64368515999996,-123.14851964972324,0.0,,
2021-12-355,Bogor,-122.32463311091159,-42.26791287999998,-123.14851935802352,3.15370790427273,,
2021-12-355,Cianjur,-119.76124239617053,-45.85683387999998,-87.75083511005808,0.14084442469646719,,
2021-12-355,Indramayu,-123.14852013999999,-123.14852013999999,-123.14852013999999,3.822153630129653,,
2021-12-355,Karawang,-122.50961685523954,-35.63695407999998,-123.14851921997484,26.7575469169897,,
2021-12-355,Kota Bogor,-123.14852013999999,-123.14852013999999,-123.14852013999999,0.0,,
2021-12-355,Purwakarta,-113.51469942818059,-10.599957579999966,-43.25179072779127,0.17051665757008438,,
2021-12-355,Subang,-105.21194973350254,-0.9645591999999965,-27.745528394749645,45.44745778556987,,
2021-12-355,Sumedang,-123.14846821242423,-119.06740425999999,-123.14852013999999,0.0,,
2021-12-355,Kota Bekasi,-120.42201203133565,-28.64368515999996,-123.14851730646039,0.0,,
2021-12-355,Kota Depok,-116.86149020623394,-22.49808519999999,-60.75205610321459,0.0,,
2022-01-06,Bandung,33.505868040256104,43.82175686000005,36.812127718684145,27.072243221219278,,
2022-01-06,Bekasi,-24.83085749516012,-19.476555519999977,-19.476555519999977,99.99977538361102,,
2022-01-06,Bogor,35.884257243049106,61.23656876000001,45.74236707748595,57.272172293973746,,
2022-01-06,Cianjur,30.391876516604036,40.43108102000002,34.56054784348055,45.285588526660305,,
2022-01-06,Indramayu,36.76385059571927,71.33339984000003,40.86872631154756,18.655348081996397,,
2022-01-06,Karawang,34.72494065596157,64.77080144000001,40.74371244938464,89.60878536364665,,
2022-01-06,Kota Bogor,38.34316152453147,51.45761354000001,45.634706299751564,51.602283210616505,,
2022-01-06,Purwakarta,34.81809697509159,56.04459638000003,40.623581010621756,27.66786302794022,,
2022-01-06,Subang,34.611889455512355,72.06485612000006,39.73258877481292,55.32172639957764,,
2022-01-06,Sumedang,31.466995061199118,40.13371328000005,34.81256014431053,52.77593919468712,,
2022-01-06,Kota Depok,40.490956503882785,53.36145068000002,48.37232474934585,69.7345778294575,,
2022-02-54,Karawang,10.817850910383495,11.52146786000003,11.29246052000002,99.99550333255786,,
2022-03-70,Bandung,22.17551975160002,26.058306920000007,25.436227280000026,99.59115193645586,,
2022-03-70,Bekasi,40.04474554165569,72.12296246000005,49.745014120249714,38.01600969166156,,
2022-03-70,Bogor,37.48059007086926,72.46476446000003,48.87296349644002,32.24985484609897,,
2022-03-70,Cianjur,20.446497593996682,28.218495560000008,23.436135498176096,86.71087525427151,,
2022-03-70,Indramayu,25.680698584016543,59.58224708,34.245694949511226,87.50685096826473,,
2022-03-70,Karawang,34.770745229199946,70.19861720000006,43.240910280996,59.02067247794246,,
2022-03-70,Kota Bogor,47.70726067542138,58.94991338,53.688194750754924,8.234309362028462,,
2022-03-70,Purwakarta,26.799048598162596,50.565510320000044,38.37666344614624,97.23420197700526,,
2022-03-70,Subang,29.471900289609756,58.37226800000002,38.873806103256584,68.23502541053342,,
2022-03-70,Sumedang,26.187139918604252,36.12437582000001,31.434910568033946,61.26030762979545,,
2022-03-70,Kota Bekasi,44.68010214897788,64.25126240000003,52.121646634178354,39.34673247212006,,
2022-03-70,Kota Depok,41.60130221192047,60.8161523,50.12248012200291,37.44634587455109,,
2022-03-86,Bandung,29.504933066246647,42.28706588,35.808846895391724,58.310628184621486,,
2022-03-86,Bekasi,36.64115636398496,63.95389466000006,44.122962616242816,18.5705436452811,,
2022-03-86,Bogor,35.56574340724538,63.321560960000056,44.74657779014595,26.909040178988665,,
2022-03-86,Cianjur,26.65886625032426,36.24742454,30.709092800000025,99.33180081452193,,
2022-03-86,Indramayu,35.154138809354045,68.41441076000001,40.87235989864713,0.08639743164340905,,
2022-03-86,Karawang,35.431916644382994,72.38956802000001,40.74072840869339,27.11602184238155,,
2022-03-86,Kota Bogor,38.93203976735297,54.44154500000002,48.36873681308656,26.703168614790616,,
2022-03-86,Purwakarta,30.511196490267942,60.15647444000001,39.62046236968073,80.57488781163164,,
2022-03-86,Subang,34.96279558476237,76.40574151999999,39.74043523179726,11.430931084561417,,
2022-03-86,Sumedang,32.946450402348525,45.96485540000003,36.93784561680025,18.05203403303755,,
2022-03-86,Kota Bekasi,41.71816694593983,54.98159215999999,45.61805630471972,36.005344973845894,,
2022-03-86,Kota Depok,43.22223583398151,56.41032452000002,48.62031781636911,17.744793185287556,,
2022-04-102,Bandung,26.31770368227645,30.323995879999984,28.808088251493793,98.56050638144582,,
2022-04-102,Bekasi,28.441433991077442,51.11922956000001,35.375106407363994,94.91519333791729,,
2022-04-102,Bogor,27.40411051645595,43.015104140000005,34.871579239706364,95.6738983848217,,
2022-04-102,Cianjur,24.984529453743885,32.50469264000003,29.43738271775261,81.20348069138585,,
2022-04-102,Indramayu,33.53449231962693,68.32554224,41.37777668914441,60.20153442936791,,
2022-04-102,Karawang,29.258816610683695,49.49567006000001,35.123166174263666,87.1375681528001,,
2022-04-102,Kota Bogor,34.079289638967765,43.948223600000006,40.37986466845549,82.674540908247,,
2022-04-102,Purwakarta,26.527951320521783,38.74941518000003,32.62102661393088,86.31006876068959,,
2022-04-102,Subang,28.511228789253284,64.91777630000001,35.74324853739017,74.24976474178997,,
2022-04-102,Sumedang,26.53664831415192,37.590706400000045,31.93351030960271,51.967040256055284,,
2022-04-102,Kota Bekasi,23.78348314769233,26.909393900000055,26.909393900000055,99.99190636383202,,
2022-04-102,Kota Depok,34.42822339490313,47.62601312000004,42.6297306819656,81.33446082059224,,
2022-05-134,Bandung,14.803943779905563,23.556316280000033,21.565308005695456,94.51355885985268,,
2022-05-134,Bekasi,13.540851218078675,25.388374999999996,20.56549868500564,97.73976761039188,,
2022-05-134,Bogor,2.513829612430887,8.578552639999998,5.885152880000021,99.95204825536965,,
2022-05-134,Cianjur,14.034254016352248,23.58024241999999,20.80765528317619,90.39607194283957,,
2022-05-134,Karawang,18.171529006659195,25.52509580000003,23.43096817533147,99.23949853963502,,
2022-05-134,Purwakarta,17.48833120425012,25.405465100000015,21.936081728381833,98.15595886727793,,
2022-05-150,Bandung,26.639018944479023,36.93102854000006,32.683406257142884,91.81095382812023,,
2022-05-150,Bekasi,30.595998023981775,42.69381026000002,35.618857151013266,93.57997253770218,,
2022-05-150,Bogor,28.324041955733634,38.63662052000001,33.12597062383477,97.65852337194319,,
2022-05-150,Cianjur,11.881411658461555,17.30817572000001,17.30817572000001,99.98500225034108,,
2022-05-150,Indramayu,34.76797771255859,69.24498962000001,40.623686554978185,15.211103116397254,,
2022-05-150,Karawang,34.89485415552353,63.50955206000003,41.23556761895103,79.74052718178908,,
2022-05-150,Purwakarta,29.142652257432488,59.43185420000003,35.624575081234596,52.96709554636785,,
2022-05-150,Subang,31.34645226461252,68.61607393999998,39.23580861643974,12.5093480266709,,
2022-05-150,Sumedang,19.424667423226158,28.826903119999997,22.939436929480994,27.761349202816017,,
2022-05-150,Kota Bekasi,34.881231133682185,47.99857730000002,42.373951104444465,91.03809123981692,,
2022-07-182,Bandung,18.11760674545292,30.62136362000001,23.68542304053184,0.8144884804019582,,
2022-07-182,Bekasi,23.924571938277154,46.915064959999995,31.626097934129096,4.72819097496091,,
2022-07-182,Bogor,21.86307103995616,44.07469034000002,29.622057860026345,9.426134015991732,,
2022-07-182,Cianjur,21.166212830888476,29.88648932000001,23.84321617298453,0.07343764705778824,,
2022-07-182,Indramayu,23.976061861887334,55.11489494,28.8683271919318,0.10076644836255212,,
2022-07-182,Karawang,21.280542844531553,44.23191926000004,26.622039751529375,7.47636990021161,,
2022-07-182,Kota Bogor,18.25752669981708,24.373223059999987,22.02747124215959,71.87859337619543,,
2022-07-182,Purwakarta,19.91892147073399,34.890470600000015,24.311116644707408,0.3878134884730803,,
2022-07-182,Subang,20.12199632435904,55.47378704000005,26.623489069136607,12.437693084891313,,
2022-07-182,Sumedang,20.621195302915574,31.055452160000016,25.186996873445604,1.4403667152419624,,
2022-07-182,Kota Bekasi,32.30631560388137,44.56004918000002,36.435809971668746,0.0,,
2022-07-182,Kota Depok,22.409036517159343,36.45592376000002,28.683944098559255,23.561265225606746,,
2022-08-214,Bandung,18.84290707763083,32.214160940000056,26.37787570596489,19.910194833590364,,
2022-08-214,Bekasi,26.392394806150534,48.60698486000001,35.12541134333417,44.163073086434665,,
2022-08-214,Bogor,26.8485932454576,44.30369768000003,34.12211685837929,30.70318782393258,,
2022-08-214,Cianjur,3.7332024700228907,8.540954420000048,7.956473000000017,99.925156518784,,
2022-08-214,Indramayu,22.715078436374245,59.96164729999998,32.87492200617974,14.606734949064041,,
2022-08-214,Karawang,27.816163087642643,54.250135880000016,35.624658623460256,44.19583364749028,,
2022-08-214,Kota Bogor,22.54068584416332,33.07550198000001,28.81731932143281,40.09231683171093,,
2022-08-214,Purwakarta,25.12177693118617,50.83895192,32.12329396142748,9.308156799541248,,
2022-08-214,Subang,18.743329412233212,57.886909160000016,30.372407681208465,55.05700636655211,,
2022-08-214,Sumedang,15.362214271550092,28.351798340000016,22.620507329814195,23.20216519411845,,
2022-08-214,Kota Bekasi,32.56302889114005,43.948223600000006,38.11901724097761,8.038135553390479,,
2022-08-214,Kota Depok,30.167558707561263,43.62692972000002,38.6263352622597,7.157516319364474,,
2022-08-230,Bandung,29.588754134579105,39.42276512000001,33.93462033163729,33.54976062391943,,
2022-08-230,Bekasi,37.24517603560593,59.43869024000003,43.62282970057229,15.617158401723646,,
2022-08-230,Bogor,33.12943588891723,56.32145600000001,41.24777330642054,39.73162734602994,,
2022-08-230,Cianjur,30.334836567755918,39.71329681999998,33.80861406928754,0.056913747357738124,,
2022-08-230,Indramayu,32.54386433069008,63.43093759999999,37.869101457428044,3.1594261999540496,,
2022-08-230,Karawang,34.392049213534825,61.81079612000002,41.12424867061616,28.174148781940122,,
2022-08-230,Kota Bogor,16.637998328486077,35.53989439999998,32.67103628000003,99.35987795780136,,
2022-08-230,Purwakarta,32.14972902668722,53.38195880000001,37.872740006305186,8.032504070085512,,
2022-08-230,Subang,32.27491048704913,66.29182034000002,37.622847564415146,5.568131868826264,,
2022-08-230,Sumedang,29.767767137202405,41.206971560000056,35.4355786675893,15.58897255619689,,
2022-08-230,Kota Bekasi,41.574843515061424,54.22620974000006,44.81136382288694,0.003735524385222417,,
2022-08-230,Kota Depok,39.766267374443174,49.74518552000001,45.061915411668046,9.853819760577958,,
2022-09-246,Bandung,15.498702047912197,25.326850640000032,19.68352692092246,35.104912945426605,,
2022-09-246,Bekasi,18.80017662308547,39.04336490000003,25.371866884966717,16.612556454218545,,
2022-09-246,Bogor,13.632505533739598,36.99938894000002,22.624111245688773,31.180618012158607,,
2022-09-246,Cianjur,15.342460917054941,24.715025060000016,19.80986842657767,16.09684156348051,,
2022-09-246,Indramayu,15.951409602965475,49.844308100000035,26.122062306996245,3.573291824464448,,
2022-09-246,Karawang,19.518184534704815,44.24900936000006,26.37418070647557,1.7999716883863548,,
2022-09-246,Kota Bogor,23.86668621129355,33.037903760000006,28.682483314554485,48.42471858886441,,
2022-09-246,Purwakarta,16.763630927944075,41.21722562000002,23.622767919325586,15.403724515255549,,
2022-09-246,Subang,16.921603253951282,52.39756904000001,24.625667427196756,3.766161701274493,,
2022-09-246,Sumedang,15.971853692690724,24.85516388000002,19.842727751008265,2.668900762298276,,
2022-09-246,Kota Bekasi,20.59454779120599,31.99882567999998,25.687690688265633,44.65288127954162,,
2022-09-246,Kota Depok,20.79161561590925,32.121874400000024,26.687210242718873,39.84243049319352,,
2022-09-262,Bandung,10.118594142314091,14.385768620000022,13.037603874285724,98.5142875917869,,
2022-09-262,Bekasi,31.368280853017396,64.88359609999998,40.62427266547949,24.770135034763506,,
2022-09-262,Bogor,27.199994075691404,54.335586379999995,37.622906435110465,39.742822351483994,,
2022-09-262,Cianjur,17.088753304360782,29.517343159999996,23.185085017293506,42.76357855382056,,
2022-09-262,Indramayu,17.546180732796156,44.54295908000006,25.380013822871593,59.27719810119228,,
2022-09-262,Karawang,26.204402315676568,51.76865336000003,34.621553562769726,34.46637377974792,,
2022-09-262,Kota Bogor,34.959913235122826,48.83941021999999,41.87350620392294,11.061995515193129,,
2022-09-262,Purwakarta,14.356952847224303,40.82757134000002,22.122054491523564,85.66119561866296,,
2022-09-262,Subang,22.788289149593496,60.45384218000004,33.23948666469523,50.72921044224172,,
2022-09-262,Sumedang,14.29311665872242,25.654980560000013,19.939759357177394,61.67432030230986,,
2022-09-262,Kota Bekasi,36.16360320110455,57.21355921999998,42.621848165220285,50.09372870155985,,
2022-09-262,Kota Depok,35.88835463900268,50.47664180000004,43.12118877180529,50.18968521714765,,
2022-11-326,Bandung,17.402554494301423,29.93434160000004,25.367205847830196,83.30208066005635,,
2022-11-326,Bekasi,30.16980707712067,60.17014652,42.245297722997435,20.630215181887767,,
2022-11-326,Bogor,33.4992249114057,57.80487668000001,43.74385401273158,42.98271902316838,,
2022-11-326,Cianjur,17.19828243650603,30.925567399999977,24.22496287047707,49.96728397380581,,
2022-11-326,Indramayu,26.277692144862595,60.30686732000004,34.2372337623001,16.13460323108475,,
2022-11-326,Karawang,23.5104066676653,65.74835516000002,34.46992495343809,29.111231395614173,,
2022-11-326,Kota Bogor,32.30646526087481,50.48347783999998,43.74107666474572,60.07962146496394,,
2022-11-326,Purwakarta,22.545021992642184,60.19407266000002,31.742599943646685,56.107039471154316,,
2022-11-326,Subang,29.170766202402895,69.93201164000004,37.459919844349656,20.26743955126375,,
2022-11-326,Sumedang,14.62733005791757,28.80297698000004,23.37786900207795,73.72586932586023,,
2022-11-326,Kota Bekasi,39.64203080337805,52.19932388000001,45.61962994755862,12.951041069893265,,
2022-11-326,Kota Depok,34.558191100627916,52.75304312000003,46.243681058012015,19.972456165033943,,
2023-01-09,Bandung,30.238885693375746,42.38618846000003,34.87060398480817,34.80281060171662,,
2023-01-09,Bekasi,28.270820013518478,54.66371630000003,38.24663954382891,69.37619000890246,,
2023-01-09,Bogor,27.42373809092549,46.08448610000005,35.24328177569945,76.85590481228928,,
2023-01-09,Cianjur,28.980370557718114,39.53555978000003,33.36718323352241,48.64211712908574,,
2023-01-09,Indramayu,31.625239456572935,64.86308798000005,36.61975910811225,43.96423811421517,,
2023-01-09,Karawang,28.936996853318345,53.25549206000005,34.23083654064675,59.49433397610553,,
2023-01-09,Kota Bogor,29.22156585861847,38.97158648000004,33.62528176561355,7.070516078259484,,
2023-01-09,Purwakarta,30.57100541014706,54.66371630000003,36.873722562810016,51.64416573198599,,
2023-01-09,Subang,29.79855368061011,64.56913826000005,35.123145429736155,78.41730092584048,,
2023-01-09,Sumedang,24.90150474208203,38.89639004000003,31.437406365204495,80.6001200311782,,
2023-01-09,Kota Bekasi,35.29663719124899,48.95562289999998,41.368574666032394,39.38856790371533,,
2023-01-09,Kota Depok,34.643257844967216,45.865732820000005,41.62053119580941,33.66023823449683,,
2023-02-41,Bandung,20.33245330983382,30.41286439999999,28.857665300000026,98.95357815374265,,
2023-02-41,Bekasi,31.206189765137154,45.81104449999998,38.12327238368645,85.92068236828295,,
2023-02-41,Bogor,30.345718587322605,48.2378387,38.87721897066911,92.65656837392915,,
2023-02-41,Cianjur,26.282392939635834,32.35429976,30.55495637428574,98.03313896421099,,
2023-02-41,Indramayu,23.269329782682544,39.56632195999998,33.37572191912164,64.68845504264013,,
2023-02-41,Karawang,31.123141287139337,56.67351206000001,40.12231913713681,69.01380824361102,,
2023-02-41,Purwakarta,23.82187741433511,41.71283851999999,31.120880204698285,80.80212187950441,,
2023-02-41,Subang,23.92449893140061,56.37272630000001,31.23936781400838,66.68648431455765,,
2023-02-41,Sumedang,20.436883712277922,30.002702,26.55246995569887,92.31217139442793,,
2023-02-41,Kota Bekasi,33.61457573227582,40.49602340000001,38.94691729217393,98.46532206507116,,
2023-02-41,Kota Depok,31.29958172571483,34.00520342000004,33.94367906000002,99.9905181503768,,
2023-03-89,Bandung,13.351972934545477,16.12212278000004,15.910205539999993,99.94893931762832,,
2023-03-89,Bekasi,28.88056223757454,58.62520147999999,37.74032525119798,39.788062739892325,,
2023-03-89,Bogor,22.54711311449888,46.258805120000034,33.24958375307051,80.97521609252063,,
2023-03-89,Cianjur,12.496845777287524,20.640745219999985,18.428859027500025,97.38363183529152,,
2023-03-89,Indramayu,18.507580874151998,37.34119094000005,27.2378620615625,94.66216389928992,,
2023-03-89,Karawang,25.028315665725888,38.38710506000001,31.369535889516953,93.6809388805806,,
2023-03-89,Kota Bogor,30.04258226119561,40.9061858,37.124523301271026,49.13891642831539,,
2023-03-89,Purwakarta,8.077409949681547,23.194006160000015,21.90883064000002,99.98562416106154,,
2023-03-89,Subang,15.84874740260025,34.58284880000002,23.255276844727902,99.38224270181453,,
2023-03-89,Sumedang,6.487940777224217,18.364343899999994,16.71446564600003,99.71192120354421,,
2023-03-89,Kota Bekasi,31.922402118177306,46.97317129999999,37.86987586987818,44.2629999605695,,
2023-03-89,Kota Depok,24.688068516646425,41.46674108000002,33.629566468760345,82.5533247947001,,
2023-04-105,Bandung,24.522147488425208,40.96429214,35.18465434061289,63.52151151879505,,
2023-04-105,Bekasi,20.971724550911258,62.11841792000001,35.238276804857456,76.2771182290691,,
2023-04-105,Bogor,22.567903858811064,49.36920332,36.12151658863253,43.82192508913059,,
2023-04-105,Cianjur,32.12588072107811,42.25288568000002,35.185769913634324,0.0,,
2023-04-105,Indramayu,37.65752767239601,72.43400228000002,42.738157370013,6.80503143929289,,
2023-04-105,Karawang,31.39145694488771,68.62632800000006,40.47215757075303,36.48148267078364,,
2023-04-105,Kota Bogor,7.367140350632554,22.80776990000004,13.927509795714315,94.95526451413664,,
2023-04-105,Purwakarta,28.17616218387541,48.62065694,37.478513427037846,72.20980544055796,,
2023-04-105,Subang,34.60830621602012,79.73831102000003,42.449333860646014,38.67133556462386,,
2023-04-105,Sumedang,34.290582819175235,45.482914580000056,38.68793745579152,2.578347293178092,,
2023-04-105,Kota Depok,20.20810153350254,24.663754760000018,23.91691739000002,99.90886236235119,,
2023-05-137,Bandung,31.58330973677738,42.427204700000004,35.68511669103808,42.68232705815706,,
2023-05-137,Bekasi,39.16711437306986,67.45394714000003,47.62563939976786,2.222146722457463,,
2023-05-137,Bogor,38.34583172738568,62.12525396000001,46.37305586391272,7.179195073892555,,
2023-05-137,Cianjur,32.62541992466151,43.305635840000036,36.3056789446821,35.91067269989416,,
2023-05-137,Indramayu,37.97960386332518,69.23131754000002,42.12345288897072,0.20318829999850788,,
2023-05-137,Karawang,36.77844003206323,65.60479831999999,43.37216963972458,5.272078391194967,,
2023-05-137,Kota Bogor,44.763752819159265,54.61928204000003,49.56077096247014,2.84375643076814,,
2023-05-137,Purwakarta,35.152180618320095,57.24432139999999,41.12317566737966,12.9756168799458,,
2023-05-137,Subang,36.843075528453696,75.06245966000006,41.62115826361653,7.486662971276546,,
2023-05-137,Sumedang,32.10034527091924,44.12596064000002,35.8142435346521,17.492182797023045,,
2023-05-137,Kota Bekasi,45.54448143089498,56.577807500000006,49.31180714087308,0.49898060469350375,,
2023-05-137,Kota Depok,45.13003971032246,55.78824487999998,50.31011836824265,4.255407464469065,,
2023-06-153,Bandung,23.078299942132134,32.91485504000002,26.81309688320001,50.604951427879705,,
2023-06-153,Bekasi,35.91227743459681,59.05587200000002,42.62488137418219,64.00682289201013,,
2023-06-153,Bogor,35.32923664073245,55.579745660000015,42.87508374645725,28.01129333403359,,
2023-06-153,Cianjur,20.08353014257262,28.741452620000018,24.529210559523946,94.1092392823952,,
2023-06-153,Indramayu,19.971740325980754,48.65825516000001,29.618787413962284,95.5131917568768,,
2023-06-153,Karawang,33.06930218112017,65.79962546000002,41.37292447380719,22.444311008429594,,
2023-06-153,Kota Bogor,41.60343442594701,50.70223112000002,45.560150530966595,0.0,,
2023-06-153,Purwakarta,27.748023012536105,50.98592678,34.87314354946871,24.31506757835813,,
2023-06-153,Subang,24.268269260690534,61.49975630000006,32.12428450629448,89.12749926704839,,
2023-06-153,Sumedang,13.940690967472905,24.243338300000005,17.436482932307708,94.26632717947062,,
2023-06-153,Kota Bekasi,36.040085045558236,48.33012524000003,41.06006933994171,42.80354767389758,,
2023-06-153,Kota Depok,42.03571251640002,51.96689852000003,46.434832441970904,0.005813266414073376,,
2023-06-169,Bandung,23.108282317846594,37.58728838000002,30.371697598701065,76.59708718895692,,
2023-06-169,Bekasi,32.85984461989374,42.76217066000004,37.31166926751007,98.58092241456559,,
2023-06-169,Bogor,28.887835486712962,55.81900705999999,39.2451416416442,57.41667301218203,,
2023-06-169,Cianjur,30.42149756423047,40.18840160000002,34.313086619477644,49.33847638032337,,
2023-06-169,Indramayu,24.421792480257572,51.35849096000004,32.51549358320001,96.93126293787061,,
2023-06-169,Karawang,32.074754420064735,54.87905155999999,40.246374184059405,88.38118225588939,,
2023-06-169,Kota Bogor,33.06560770378162,42.90914552000004,39.690797331826104,69.90955588337496,,
2023-06-169,Purwakarta,29.64424515156172,52.811149460000024,38.74149288652855,50.3754121350657,,
2023-06-169,Subang,28.381142716859976,52.89659996,34.236657137706295,71.72481734794385,,
2023-06-169,Sumedang,22.993382348022664,31.98515359999999,28.427858881485225,58.23039860715665,,
2023-06-169,Kota Bekasi,29.63282994478436,40.068770900000004,35.43236888272396,97.03063654922508,,
2023-06-169,Kota Depok,26.785059678841268,37.58387035999999,34.12286647053551,95.98587378015003,,
2023-07-185,Bandung,29.913883092209833,40.36613864000003,33.93848931058077,48.41907553973513,,
2023-07-185,Bekasi,37.38149210123373,59.06270804000002,42.87145545579725,7.5954551508869,,
2023-07-185,Bogor,35.46284024510416,55.723302500000045,42.37363140459189,13.303102353604377,,
2023-07-185,Cianjur,30.327823488129553,37.983778700000016,33.722134258394185,14.614634522562778,,
2023-07-185,Indramayu,34.684457052257194,67.44369308,38.87326761188767,0.004368223325160541,,
2023-07-185,Karawang,35.05096491610028,63.92313248000005,39.871354371315135,6.435023113088044,,
2023-07-185,Kota Bogor,41.827070519000124,50.63045269999998,45.81409915874909,0.002591918844276601,,
2023-07-185,Purwakarta,32.377920842964144,52.81456748000005,37.37314388866088,9.567158195936809,,
2023-07-185,Subang,33.5024728991809,69.83288906000001,37.87170471150063,8.976144743919326,,
2023-07-185,Sumedang,29.998825278071127,39.27579026000001,33.060448255924825,34.20568825310414,,
2023-07-185,Kota Bekasi,40.916621915046655,54.73549472000002,45.1877411625463,23.367423859087285,,
2023-07-185,Kota Depok,41.616634682754956,51.3824171,45.93715809176332,1.530369126283946,,
2023-07-201,Bandung,29.310874363504663,40.78313708000002,34.93858190830148,0.4634835311491062,,
2023-07-201,Bekasi,38.68356912429303,64.22050022000002,46.12429929813397,0.12295069485612807,,
2023-07-201,Bogor,34.627549475127395,56.75554454000002,42.126526229853106,0.1118640179648653,,
2023-07-201,Cianjur,31.044460994716594,43.28854574000002,34.937973491323284,0.021232964478036832,,
2023-07-201,Indramayu,35.492819020554045,70.36951820000002,41.87331135612128,0.023235431826287702,,
2023-07-201,Karawang,36.23688425819959,68.09995292000002,42.624370757763195,0.048130259038000334,,
2023-07-201,Kota Bogor,40.35997441716927,48.95220488000001,44.43630866944376,0.0,,
2023-07-201,Purwakarta,32.837678536788445,57.76727846000006,39.123716678251895,0.10352607838970361,,
2023-07-201,Subang,34.115781771530415,77.67040892,40.374722855375474,0.06085057963412224,,
2023-07-201,Sumedang,30.915320416195907,44.10545252000003,35.309633366542855,0.10140663720566997,,
2023-07-201,Kota Bekasi,44.31083273355995,55.89762152000003,48.18591167431373,0.008716223565518972,,
2023-07-201,Kota Depok,41.84853163666903,51.58408028000002,46.31156862597638,0.0031302203768087413,,
2023-08-217,Bandung,29.560124179504474,44.68309790000001,36.05950762037261,11.725870757958914,,
2023-08-217,Bekasi,39.20582646137215,63.851354060000006,45.120969834891234,2.9857188127184755,,
2023-08-217,Bogor,36.0149106907256,55.97623598000001,43.12392372991539,10.532480012771444,,
2023-08-217,Cianjur,32.44019420762598,43.50388099999998,36.18749550080746,0.22741746725373357,,
2023-08-217,Indramayu,37.82415480578641,72.01016779999998,44.62460260415887,0.016659095670246572,,
2023-08-217,Karawang,38.034667859420935,69.33385814000002,44.37329069495723,0.2785161163984106,,
2023-08-217,Kota Bogor,40.354548887083666,49.581120560000045,44.06376750202082,3.682770223284521,,
2023-08-217,Purwakarta,34.856505946360436,59.48654252000006,42.122332910511425,1.1704080087064093,,
2023-08-217,Subang,36.136810643527554,81.70025450000003,43.37144782921238,0.05625670584926486,,
2023-08-217,Sumedang,32.55592186275951,47.468784200000016,38.18729228301663,0.06363870003836344,,
2023-08-217,Kota Bekasi,42.7524073360524,53.723760800000036,45.93721816621118,19.493152820424697,,
2023-08-217,Kota Depok,42.274458186430046,50.84920598000002,46.18615932092961,8.495533841899748,,
2023-08-233,Bandung,27.970665138858745,41.44623296000003,34.936918062718384,26.132492917559812,,
2023-08-233,Bekasi,36.92594519035776,60.27610514000003,42.872352066405895,11.290863699601736,,
2023-08-233,Bogor,35.05614359216086,54.10657904000004,41.374320801510486,22.757990592905934,,
2023-08-233,Cianjur,31.020707413353286,41.92475576000004,35.06308638922433,19.056036776034745,,
2023-08-233,Indramayu,35.66592163137495,69.63122587999999,42.6220892879297,0.013375750782312025,,
2023-08-233,Karawang,35.19703345397928,66.23029598000005,41.37227849703544,5.27700633930257,,
2023-08-233,Kota Bogor,36.97795261032873,43.46628278000003,40.561385246792334,37.202507052826604,,
2023-08-233,Purwakarta,32.543996289826126,51.156827780000015,38.623613454084314,20.33075888732548,,
2023-08-233,Subang,34.14235163947847,79.00343672000002,41.62283664402234,0.5850374324182938,,
2023-08-233,Sumedang,31.39114798522633,45.32568565999998,37.56233739345548,0.07034340105087894,,
2023-08-233,Kota Bekasi,41.03789338897419,52.038676940000016,44.31239620293903,28.20630007174411,,
2023-08-233,Kota Depok,39.22735528506156,49.60846472000003,44.18505005445077,47.80735603191457,,
2023-09-249,Bandung,29.92229590809324,45.930675199999996,38.93499003492654,3.4610093471007164,,
2023-09-249,Bekasi,36.47933163070472,59.312223500000016,43.62217407919409,2.990361684103976,,
2023-09-249,Bogor,35.18555724561692,56.574389480000036,41.874243009046936,0.19060180632194143,,
2023-09-249,Cianjur,33.10627354164546,44.994137720000026,38.18822346167501,0.006215765756015545,,
2023-09-249,Indramayu,34.989895384285994,71.06337626000004,43.87469073809107,0.61616401442379,,
2023-09-249,Karawang,31.211644232297772,53.38879484000006,37.622485643522666,31.76593098733379,,
2023-09-249,Kota Bogor,38.2758505379026,45.85547875999998,42.0656932645771,0.0,,
2023-09-249,Purwakarta,32.57416110683385,50.21345426000005,39.87192359687217,2.147991273892157,,
2023-09-249,Subang,32.4881916470434,79.67678666,41.6217039322905,4.925272521791798,,
2023-09-249,Sumedang,32.92573331120283,47.605504999999994,38.937998146116065,0.5249250860221809,,
2023-09-249,Kota Bekasi,42.55694594474785,54.58510183999999,45.68502412686047,6.225873975370695E-4,,
2023-09-249,Kota Depok,40.478446901355795,50.65096082000002,44.686848097355515,8.943486790882119E-4,,
2023-09-265,Bandung,31.595978189971518,48.176314339999976,40.686006087897404,1.9247262358253163,,
2023-09-265,Bekasi,41.60270395155461,68.93394980000005,50.620521030398656,4.531874918748077,,
2023-09-265,Bogor,39.83672175086643,66.07306706000003,48.62302602304167,2.311451650770428,,
2023-09-265,Cianjur,36.42550343337791,51.02352500000001,42.187009559881986,0.005862358444734235,,
2023-09-265,Indramayu,39.82961372552141,79.58791814000006,51.12363443857235,0.28392594107017544,,
2023-09-265,Karawang,38.11394577312461,71.93838937999999,46.87403792154426,6.246825384657497,,
2023-09-265,Kota Bogor,45.2561034432292,55.14223909999998,50.31370891540634,0.3387141278162806,,
2023-09-265,Purwakarta,36.45661905349406,57.869819060000054,44.6233184961092,7.566101060262582,,
2023-09-265,Subang,36.09926043761336,88.85758838000004,45.24297281418347,13.861105422162709,,
2023-09-265,Sumedang,35.968623496146456,54.626118080000026,44.379783557944926,4.31032141066504,,
2023-09-265,Kota Bekasi,49.10824779764349,61.92700880000001,52.56080621736672,0.7221037203747593,,
2023-09-265,Kota Depok,47.524110602766356,60.57689090000002,52.93462683495586,4.4717433954410594E-4,,
2023-10-281,Bandung,35.17923111457654,47.29446518000003,41.1856203284,64.38999428695529,,
2023-10-281,Bekasi,42.302278829148364,68.44517294000002,49.62273489898331,2.027681153577333,,
2023-10-281,Bogor,39.759944671637314,60.11204018000001,47.62402806693999,10.917034406408174,,
2023-10-281,Cianjur,30.12925805758059,43.490208919999986,36.80964038308948,49.31024566863534,,
2023-10-281,Indramayu,40.60530376274534,71.66152976000001,47.62459742363153,6.600908026225157,,
2023-10-281,Karawang,38.88592798355882,74.15668435999999,46.87233094914159,3.2649059118579284,,
2023-10-281,Kota Bogor,42.516700993330105,53.17687760000001,47.05915490359283,5.209567778444238,,
2023-10-281,Purwakarta,33.20160117619023,51.713965040000005,40.62219712397861,34.74564602269331,,
2023-10-281,Subang,37.99533196051732,84.06210632,46.740176589192515,21.996240741896926,,
2023-10-281,Sumedang,34.09071232722867,51.70029296000001,43.935417800853955,49.66233719259474,,
2023-10-281,Kota Bekasi,48.47307787209097,60.084696020000024,51.93800686641153,9.601999408908206,,
2023-10-281,Kota Depok,45.91602026923862,57.117854660000035,50.81124327361661,10.530210405697785,,
2023-10-297,Bandung,39.88447512459285,54.62270006000006,45.30488150421171,58.074767406583035,,
2023-10-297,Bekasi,42.830373007564404,67.32406237999999,53.3712264711877,68.5187615741553,,
2023-10-297,Bogor,46.73244952158087,67.08480098000001,56.377017260416075,49.672958193327084,,
2023-10-297,Cianjur,37.921625419870814,46.74758198000001,41.94403603551576,42.60102960331553,,
2023-10-297,Indramayu,37.25246099457123,71.67520184,42.60929040900993,88.59045234104944,,
2023-10-297,Karawang,40.510416947078646,71.65469372000001,47.62456854021345,49.356798958777546,,
2023-10-297,Kota Bogor,52.497478175565824,65.18096384,59.18856989567937,70.55463056817828,,
2023-10-297,Purwakarta,39.98016082429914,59.07979813999998,45.687144536426324,58.190513718284706,,
2023-10-297,Subang,38.6669498534617,71.58633332,47.37399569884432,72.49538131534555,,
2023-10-297,Sumedang,31.890793777186165,39.316806499999984,35.43179382080001,82.51651594951974,,
2023-10-297,Kota Bekasi,50.77587323394221,60.69993962000001,57.188653655367915,83.7056890205248,,
2023-10-297,Kota Depok,51.56077674756851,61.899664640000026,56.3129160396097,81.40560012032672,,
2023-11-313,Bandung,30.673201442328008,32.93194514000004,32.44316828000001,99.94909762832609,,
2023-11-313,Bekasi,32.96722170701149,51.67636682,38.81254613212905,68.12542204000638,,
2023-11-313,Bogor,29.709423552010723,47.44827608000003,35.68608767480687,37.81721057450814,,
2023-11-313,Cianjur,29.44688133691589,38.13417158000004,33.18630621759255,27.21264852070088,,
2023-11-313,Karawang,32.90823713562327,59.9787374,41.373340231208935,40.875402883108826,,
2023-11-313,Kota Bogor,33.32496367390135,43.79441270000001,37.43825738508058,17.373151741411743,,
2023-11-313,Purwakarta,30.26522275212548,48.72661556000003,36.93843861010533,75.12803919415076,,
2023-11-313,Subang,34.17641892215442,61.455322040000055,42.37523791581299,90.08012770368613,,
2023-11-313,Sumedang,24.01481714387937,28.90209956000001,28.153553180000017,99.89343832240361,,
2023-11-313,Kota Bekasi,33.79545020436233,37.11901964000003,36.24400652000003,99.6619399261758,,
2023-11-313,Kota Depok,34.38500664103813,41.58295376000001,38.28074715119301,83.06710180646334,,
2023-12-345,Bandung,34.41009110773071,47.11672814000002,40.93739303468754,40.94045457056406,,
2023-12-345,Bekasi,40.20680788555435,61.61255096000002,47.24248537148485,40.22323927469192,,
2023-12-345,Bogor,38.434487941629726,68.72545058000003,46.247181533150616,32.18985936562116,,
2023-12-345,Cianjur,29.852692585481332,44.07469034000002,37.86881702937628,72.5046406320078,,
2023-12-345,Indramayu,43.82689544306407,80.50052948000001,52.11887261830236,28.344055748407683,,
2023-12-345,Karawang,39.330044042653256,72.64250149999998,46.244431097970406,26.220871831672866,,
2023-12-345,Kota Bogor,44.90131385022968,56.311201940000046,50.18913042584886,15.119792502558555,,
2023-12-345,Purwakarta,37.135548013914175,61.32543728000002,44.873147766261525,32.28588473225288,,
2023-12-345,Subang,39.62134216492917,77.29100870000002,46.62252727127032,17.31948703592292,,
2023-12-345,Sumedang,34.107492586460694,50.302322780000054,40.12498231597974,12.789488478062584,,
2023-12-345,Kota Bekasi,41.52346261924093,55.005518300000006,48.06369670960872,80.33165596894692,,
2023-12-345,Kota Depok,43.4221036293475,56.7316184,49.88116577587882,58.459887032538674,,
2023-12-361,Bandung,38.43454266983667,57.17596100000003,43.61541910791835,56.138676130365404,,
2023-12-361,Bekasi,39.267920538137766,65.13311156000003,49.47792835749933,51.17630603725593,,
2023-12-361,Bogor,36.45399136197464,68.99547416000001,48.374155470021826,37.31456494604883,,
2023-12-361,Cianjur,31.296808647651506,44.36180402000002,39.12339984757829,22.774494164760636,,
2023-12-361,Indramayu,25.998220473804558,51.29013056000002,29.87464994740741,73.05360538210608,,
2023-12-361,Karawang,29.85260850103077,59.852270660000045,41.7468575772702,87.2617736683209,,
2023-12-361,Kota Bogor,44.89929681363605,60.084696020000024,51.37401669136634,0.7409511059440795,,
2023-12-361,Purwakarta,38.09505837295002,61.42114184000002,45.87266311081279,17.201749776122522,,
2023-12-361,Subang,31.80991580316764,62.849874200000045,39.243272133838076,48.17316501569498,,
2023-12-361,Sumedang,24.47154453728337,39.49796156000002,33.31013414935613,38.593863428893876,,
2023-12-361,Kota Bekasi,44.7173952015317,64.18632002000004,52.6221385806308,22.664766839188477,,
2023-12-361,Kota Depok,37.169672689342605,50.842369940000026,44.87442496126122,77.45626332458974,,
2024-02-44,Bandung,26.911014072826667,41.64789614000006,35.638243856428595,83.30314974153991,,
2024-02-44,Bogor,32.708795286283106,49.386293420000015,39.62176165972717,62.354524175093715,,
2024-02-44,Cianjur,26.976602039960156,39.340732640000056,33.19169358880204,14.049375698231234,,
2024-02-44,Karawang,17.83281931501285,22.84536811999999,22.06110535123597,99.72454319446462,,
2024-02-44,Kota Bogor,37.94919371001011,52.19590586000004,43.62214606384474,50.79386118781892,,
2024-02-44,Purwakarta,23.774658644652785,37.32068282,30.866832332467876,86.71136822007142,,
2024-02-44,Subang,24.872145921635926,37.864148,31.56530681000002,99.65691163329093,,
2024-02-44,Sumedang,28.920185429385473,37.66248482000003,32.11212164960003,93.5936719518291,,
2024-02-44,Kota Depok,33.44179014698676,41.347110380000004,39.52359671000005,98.93036073343538,,
2024-02-60,Bandung,2.9664571643080713,27.258031940000023,11.37311158545609,94.70286752340607,,
2024-02-60,Bekasi,-7.824772516825484,35.09555180000001,14.498223737975806,20.79280440785067,,
2024-02-60,Bogor,-6.922802577536439,31.345983860000047,6.507808174357525,17.16690945912521,,
2024-02-60,Cianjur,-1.5423573478906663,25.98652850000002,4.87799042884671,33.842763179021354,,
2024-02-60,Indramayu,16.082516514034847,62.02613138000004,35.742411641141864,29.219080388386832,,
2024-02-60,Karawang,5.399098659974636,52.77013322000005,30.4914251942615,13.02752704392299,,
2024-02-60,Kota Bogor,-8.744028954095672,-0.5680688799999984,-4.813705627924854,0.0,,
2024-02-60,Purwakarta,-0.2020463672153742,40.68401449999999,22.250972402704676,46.20259700038547,,
2024-02-60,Subang,9.097057836268519,62.23463060000006,33.73943425904454,33.08502745109252,,
2024-02-60,Sumedang,11.54043184073827,34.661463260000005,28.24643046326555,30.455105203859713,,
2024-02-60,Kota Bekasi,-24.035207081782552,-0.44502016000001277,-5.256011223183096,14.621545601291874,,
2024-02-60,Kota Depok,-18.822481249543443,3.878775140000016,-5.251457571210394,18.151215036687866,,
2024-04-92,Bandung,32.80767327035936,50.40828140000002,40.13447804829564,64.48316755941154,,
2024-04-92,Bekasi,39.72570788509487,65.99103458000002,47.87506480683376,17.384459068087473,,
2024-04-92,Bogor,37.362148101171584,63.40359344000001,44.87405530533094,36.09951891765682,,
2024-04-92,Cianjur,32.856395228093405,43.10739067999998,37.06643581408079,24.057687937822287,,
2024-04-92,Indramayu,31.97590635689514,58.88497100000001,37.87169768407395,42.30987019879595,,
2024-04-92,Karawang,37.327087351866226,70.30799384,43.371580168909446,10.766372993825959,,
2024-04-92,Kota Bogor,42.499427848870795,52.452257359999976,49.36128180108289,65.20389255427776,,
2024-04-92,Purwakarta,34.680888166365044,56.83074098000003,41.12296703707062,23.80857659259316,,
2024-04-92,Subang,33.041954063470484,69.70300430000003,38.73990774319862,21.583001551616146,,
2024-04-92,Sumedang,30.676682876500827,40.673760440000024,34.621267152922705,51.11759010699631,,
2024-04-92,Kota Bekasi,45.11967166993115,61.427977880000014,51.12018729027334,47.49823020376559,,
2024-04-92,Kota Depok,42.312370584257195,54.77992898000002,48.62425835037967,49.69260096043582,,
2024-04-108,Bandung,33.01858604537714,48.777885860000026,37.81176440205716,38.076345111375154,,
2024-04-108,Bekasi,38.30717845320555,62.63795696,46.873025559732405,22.45253966943247,,
2024-04-108,Bogor,36.59259379812061,62.38502348000003,45.1214129858426,15.59483696978228,,
2024-04-108,Cianjur,34.243115019988295,45.749520140000016,38.311224136022005,1.1426018200686103,,
2024-04-108,Indramayu,34.531164498809815,70.39344434000003,42.37612650907435,1.891101524346166,,
2024-04-108,Karawang,36.76062942874633,70.13709284000004,42.7408526390546,25.15548146985211,,
2024-04-108,Kota Bogor,41.26327714828889,49.62213680000002,45.934586873214265,30.53776177060485,,
2024-04-108,Purwakarta,35.510080454732986,53.04015679999998,40.87279794904098,17.760524701839632,,
2024-04-108,Subang,36.28504714473714,78.71632304000002,42.87181580796574,7.536733715262567,,
2024-04-108,Sumedang,32.64481878157729,44.00291192000003,36.93821124040122,1.9348147077738151,,
2024-04-108,Kota Bekasi,44.91849216790618,57.62030360000006,49.81030643909255,22.893249089527,,
2024-04-108,Kota Depok,44.17969478587874,55.91129360000002,50.18569666008162,9.141984849768454,,
2024-05-124,Bandung,31.894506282632037,46.11866630000003,36.814232295609706,35.41481138762555,,
2024-05-124,Bekasi,40.44786475110988,69.08092466000005,48.87253605282896,10.548035718887173,,
2024-05-124,Bogor,35.21121166446739,60.46751426000003,42.874380174454785,36.776096719700206,,
2024-05-124,Cianjur,33.18265747550209,44.344713920000004,36.811967545081245,0.45791001951869204,,
2024-05-124,Indramayu,26.456518195287725,59.67111560000001,33.24874605644793,57.24557891030225,,
2024-05-124,Karawang,37.90187503176911,69.12877694000002,44.124697214879184,7.4500579108054925,,
2024-05-124,Kota Bogor,42.24416702660945,54.22620974000006,46.811572185747735,8.764733710641394,,
2024-05-124,Purwakarta,35.55575719299935,61.48266620000004,42.62333788948619,10.842109969166032,,
2024-05-124,Subang,33.198035251930925,66.62678630000005,40.740619115859644,19.82088011646545,,
2024-05-124,Sumedang,31.014085409093624,44.51561492000002,35.868394219321196,8.00710791618395,,
2024-05-124,Kota Bekasi,46.85957132372319,60.88109468000005,52.623012735332686,22.92547470152736,,
2024-05-124,Kota Depok,42.20585731198801,56.56755343999998,49.37354669541704,54.6023507446479,,
2024-05-140,Bandung,31.008635381784515,41.78119892000001,35.561630722172715,23.023109957775453,,
2024-05-140,Bekasi,38.362498826160525,62.32691713999998,45.36936186576578,1.4760507464749968,,
2024-05-140,Bogor,33.247379206182686,53.057246899999996,41.74819565207056,53.05969772315259,,
2024-05-140,Cianjur,31.552704295287977,40.998472340000035,34.53213419053113,0.013909453819386013,,
2024-05-140,Indramayu,38.380545855152086,71.26162141999998,42.372390685423795,0.002963488575585517,,
2024-05-140,Karawang,36.51763744650275,64.57939232000001,42.624012509030216,0.36915248404527756,,
2024-05-140,Kota Bogor,37.208253397722864,46.31007542000003,41.19063551515983,23.708593947393858,,
2024-05-140,Purwakarta,33.202694745188694,53.94593210000005,39.122739592440226,4.053813929397938,,
2024-05-140,Subang,35.607919722723395,73.4970065,41.872343087633325,1.7622776241005969,,
2024-05-140,Sumedang,31.07469570470765,44.57713927999998,35.8126241411161,0.9102555644472136,,
2024-05-140,Kota Bekasi,43.0411652528538,54.17835746000003,46.93594088663192,2.309613689402869,,
2024-05-140,Kota Depok,38.80448206764428,50.76033746000002,45.62298016645392,41.827423357430945,,
2024-06-156,Bandung,25.87540607640842,38.752833200000055,30.313493789416473,37.15367225568206,,
2024-06-156,Bekasi,33.236235859738656,55.27212386000002,39.37202234627343,25.1867816500432,,
2024-06-156,Bogor,32.003236954972124,48.15238820000002,37.87306849521729,10.589916511030726,,
2024-06-156,Cianjur,26.263961361382393,33.642893300000026,29.366791407813626,35.66653417642545,,
2024-06-156,Indramayu,31.661680688974574,56.69743820000002,37.2445599154438,82.10908879051483,,
2024-06-156,Karawang,31.250251930661925,56.68034810000006,38.37550492778892,72.31708800208467,,
2024-06-156,Kota Bogor,36.22256890782719,46.25196907999998,39.68502071050905,0.0,,
2024-06-156,Purwakarta,28.18275041688078,44.31395173999999,33.87301605154836,11.293996812231418,,
2024-06-156,Subang,28.70573063304836,63.33181502000002,35.243636145506635,41.929791648345656,,
2024-06-156,Sumedang,25.792602198800044,36.37047326000004,31.374255855080285,4.482260297380955,,
2024-06-156,Kota Bekasi,36.92460952784555,49.030819339999994,40.31401924595993,4.724737631294228,,
2024-06-156,Kota Depok,37.58345522500815,46.10499421999998,41.93730216094965,11.644693367206827,,
2024-06-172,Bandung,23.74470931041359,34.40511176000001,29.442078176743234,31.98031168102161,,
2024-06-172,Bekasi,34.00983701637925,57.25799347999998,41.12272891571849,9.719391488036957,,
2024-06-172,Bogor,32.265298224344725,51.93271832000005,40.37457184986011,10.956546139582263,,
2024-06-172,Cianjur,26.479574383257503,35.91245858000002,30.689216878539117,19.05051957075078,,
2024-06-172,Indramayu,34.19785551282465,68.3699765,38.371648344937164,0.056186080374132315,,
2024-06-172,Karawang,30.233803914281616,53.15636948000002,36.371267190485675,44.8783422091484,,
2024-06-172,Kota Bogor,39.20914432271066,48.08744582000003,43.1894135245574,0.0,,
2024-06-172,Purwakarta,25.84512062162076,42.457966880000015,30.614083633793104,35.33444472447484,,
2024-06-172,Subang,31.31886134866052,68.48618918,37.12352620698327,0.25022269476378317,,
2024-06-172,Sumedang,28.096043652545852,39.46719938000001,32.06127614929195,0.003569346619203532,,
2024-06-172,Kota Bekasi,40.14665657041507,51.07137727999998,43.185081345508195,0.004980699180296556,,
2024-06-172,Kota Depok,39.25523895028209,47.85160244000002,43.31328707309127,4.4717433954410594E-4,,
2024-07-188,Bandung,-58.2008313004255,-56.661195099999986,-56.87311233999998,99.96066640593051,,
2024-07-188,Bekasi,-44.83491694094627,28.628657960000055,-4.509133820892542,66.46504250508103,,
2024-07-188,Bogor,-22.746304697561197,29.85230912000003,6.494268387702896,29.233509515565526,,
2024-07-188,Cianjur,-35.59456361227307,-15.798766,-30.373421915174802,98.20919159054975,,
2024-07-188,Indramayu,16.203812543461353,61.161372320000055,32.42968818780155,3.1004148608428923,,
2024-07-188,Karawang,-34.99516177700514,15.688034239999979,-8.517049961612763,43.432588829419515,,
2024-07-188,Kota Bogor,-5.077252746190073,23.70670916000006,13.253009447840038,6.732995301643259,,
2024-07-188,Purwakarta,-45.331354610244176,-4.546644159999971,-19.24805088127574,85.53241221772363,,
2024-07-188,Subang,-13.145653635285301,62.35767931999999,29.49711847835549,34.182060995353915,,
2024-07-188,Sumedang,-66.42994363077678,-22.38529053999997,-30.244058675182476,60.217090111792935,,
2024-07-188,Kota Bekasi,-16.16357424040172,33.86506459999998,19.502357655083138,45.922332100081306,,
2024-07-188,Kota Depok,-20.005456376411253,27.85276742000002,16.744428851983525,27.746362854900617,,
2024-07-204,Bandung,29.06771761108158,41.63422406000001,34.93207079397216,3.789682192127064,,
2024-07-204,Bekasi,37.57807555993652,61.41088778000005,44.12426119384077,0.13364382050564874,,
2024-07-204,Bogor,35.501682362932264,54.499651340000014,42.624082307179904,5.5215219118824095,,
2024-07-204,Cianjur,30.803468631093526,43.82175686000005,34.188176502284065,0.05149638722817321,,
2024-07-204,Indramayu,34.448723650695705,67.71713468000002,39.613609859282334,0.04445312227073196,,
2024-07-204,Karawang,34.79504478453275,61.73559968000001,40.37468914078627,0.6824497925285762,,
2024-07-204,Kota Bogor,41.218311601733326,49.700751260000004,44.934641325229585,0.0,,
2024-07-204,Purwakarta,32.22482594741844,53.52209762000001,38.12370236833107,2.7654102745697946,,
2024-07-204,Subang,33.53254389667242,70.60194356,39.123584517711926,3.4877288414076792,,
2024-07-204,Sumedang,29.316162555920233,40.84807946000001,34.68377653695094,12.288887909491898,,
2024-07-204,Kota Bekasi,42.665032433517524,54.68764243999999,46.06144272352971,0.774554877477853,,
2024-07-204,Kota Depok,42.31513544402586,51.269622440000035,46.5604998821931,0.0,,
2024-08-220,Bandung,15.91869264020737,24.198904040000002,22.55967836561082,89.9780570174205,,
2024-08-220,Bekasi,35.59289112185582,61.84155830000003,43.12291973041714,19.64628535477612,,
2024-08-220,Bogor,32.46049181235159,52.647084500000005,39.87285437117742,7.252762089769351,,
2024-08-220,Cianjur,24.817522838004944,33.97785926000006,28.813495102529213,1.1740648829603477,,
2024-08-220,Indramayu,32.934401146981614,69.01598228,39.619159620839184,2.6426796919429427,,
2024-08-220,Karawang,28.62817354754432,52.612904300000025,34.371347498160496,71.88155716793241,,
2024-08-220,Kota Bogor,38.774776402781974,48.487354159999995,42.43507216437171,0.0,,
2024-08-220,Purwakarta,22.96156630120655,37.183962020000024,28.435793398089,79.87958531715807,,
2024-08-220,Subang,28.15431767451044,70.70448415999999,35.738686180695005,49.68281351605505,,
2024-08-220,Sumedang,29.127322355716977,41.26849592000002,33.62397907279203,3.7339313352309436,,
2024-08-220,Kota Bekasi,40.21991308647088,49.844308100000035,44.12330359022854,9.207921118420899,,
2024-08-220,Kota Depok,39.30414300879694,49.25982668000006,43.687844723800524,1.6217347351646811,,
2024-08-236,Bandung,25.485049904803883,39.96281227999998,30.308333085054958,79.3777860244418,,
2024-08-236,Bekasi,36.04491475294935,54.188611519999995,42.12329723387281,32.124567208115856,,
2024-08-236,Bogor,30.745337753214923,48.186568400000056,36.43758067135028,60.45679682806671,,
2024-08-236,Cianjur,28.64514253939826,38.479391599999985,33.807395914499565,69.69648863152011,,
2024-08-236,Indramayu,35.91666777726117,69.98669996000001,41.873123198652266,0.575344221461587,,
2024-08-236,Karawang,34.931074746175554,66.70881878,39.87183418329115,12.880074929424268,,
2024-08-236,Kota Bogor,31.130807670489517,36.28844078000003,34.34260618276687,87.14163424377583,,
2024-08-236,Purwakarta,30.879781099423475,51.238860260000024,37.12383642555193,51.57258948712142,,
2024-08-236,Subang,34.822593107355544,76.21433239999999,41.1215742320066,20.28188943532518,,
2024-08-236,Sumedang,31.50666404824159,44.1533048,36.81245698530973,24.747782735144124,,
2024-08-236,Kota Bekasi,40.84113431993754,55.01577236000003,44.93607773541844,37.57362797912657,,
2024-08-236,Kota Depok,35.18656407902492,42.980923940000025,39.81291866841526,80.56558400030555,,
2024-09-252,Bandung,34.46411063895445,46.405779980000034,40.680236449944516,66.7122891002479,,
2024-09-252,Bekasi,43.14788024422661,69.42956270000002,50.37049238182204,2.0188377159139326,,
2024-09-252,Bogor,40.8643491144756,61.455322040000055,48.2416878295153,6.614730743668256,,
2024-09-252,Cianjur,36.77061290164174,53.839973480000026,41.62442292689586,5.870624804193354,,
2024-09-252,Indramayu,38.034179214038915,70.63954178000006,48.367606109077464,68.35944304250941,,
2024-09-252,Karawang,40.50747818881824,76.40574151999999,49.12387204110983,3.1299485932975095,,
2024-09-252,Kota Bogor,46.061874192949375,54.93373988000002,50.560733411272906,0.0814586992159328,,
2024-09-252,Purwakarta,38.807228968140976,60.13938433999999,47.12212604493708,15.369758633250044,,
2024-09-252,Subang,39.89464960617315,89.83856012000001,49.242681805606054,25.448359375276063,,
2024-09-252,Sumedang,35.008490875589146,50.41169941999999,42.12900372028988,47.91340056036982,,
2024-09-252,Kota Bekasi,48.56515184407465,68.31528818000004,52.11812544244494,4.528939998566836,,
2024-09-252,Kota Depok,46.813530736162015,56.75212652000005,51.31138455449785,8.643715142650633,,
2024-09-268,Bandung,9.153576791807039,20.801392159999978,16.858247575121975,98.90313984890523,,
2024-09-268,Bekasi,24.265239929201503,42.55025341999999,35.37607438005764,80.11606970633623,,
2024-09-268,Bogor,10.40036058378148,38.51698982000005,27.753907051544395,88.44890336099591,,
2024-09-268,Indramayu,-39.636928824360545,35.25278072000003,12.470870387500021,96.29502015845924,,
2024-09-268,Karawang,26.49106719014557,45.50000468000002,36.74131330601771,91.3610949195097,,
2024-09-268,Purwakarta,12.1822443145108,28.93286174000002,22.127365914168568,93.85731139617695,,
2024-09-268,Subang,13.636765168690495,45.28125140000003,26.495395824366575,97.15051627967112,,
2024-09-268,Sumedang,14.386811878552747,27.41184284000002,24.108763698604672,95.9083112161065,,
2024-09-268,Kota Bekasi,15.046078079169913,30.501732919999995,25.616832578322764,80.42370612605254,,
2024-09-268,Kota Depok,13.581882215186686,35.25961676000003,29.368222481564228,84.34756536106201,,
2024-10-284,Bandung,33.71930345520966,46.72707386000002,41.87469211424574,51.58446578143234,,
2024-10-284,Bekasi,42.33220834570122,69.89441341999998,50.37074805704083,21.779334509387077,,
2024-10-284,Bogor,39.16708337030363,62.132090000000005,47.37333742694075,10.032543530460272,,
2024-10-284,Cianjur,34.67866035074505,45.87256886,39.81357890781804,23.39671873670994,,
2024-10-284,Indramayu,40.47067772352076,74.74116578000002,49.37175924485697,14.772550363133327,,
2024-10-284,Karawang,40.57118402926699,70.80702475999999,49.87472756470347,6.005221808493691,,
2024-10-284,Kota Bogor,44.339186406820005,54.25355390000004,49.43665628106193,0.9996254302559724,,
2024-10-284,Purwakarta,37.94049304362226,66.68489264000004,48.37304364664967,9.1664733888678,,
2024-10-284,Subang,39.85015111857561,82.08307274000003,50.746213999916115,8.078332013686694,,
2024-10-284,Sumedang,31.8523084739697,51.94980842000001,39.37246339990376,12.948195759159093,,
2024-10-284,Kota Bekasi,45.62487341080492,58.53633295999998,51.31248836400969,42.14672285253434,,
2024-10-284,Kota Depok,45.93292116798676,57.23064932,51.68617670780679,10.90636819924771,,
2024-10-300,Bandung,34.18540840573019,50.206618219999996,41.190935624969065,49.13295088802273,,
2024-10-300,Bekasi,43.13764665645018,72.97404944000004,52.1230976434211,0.8464997683053958,,
2024-10-300,Bogor,40.01564141801069,71.25478538000004,49.62428129730814,1.5955672243424275,,
2024-10-300,Cianjur,34.501876160987386,46.604025139999976,38.93239313049216,0.01402017501069381,,
2024-10-300,Indramayu,43.652860005477294,79.34523872,53.37541419925213,0.5791636224106177,,
2024-10-300,Karawang,37.57007885886772,70.63270574,44.37388147052816,7.827318508206921,,
2024-10-300,Kota Bogor,48.175542507433235,59.06612605999999,53.81235801380407,0.0,,
2024-10-300,Purwakarta,35.16212715180165,56.611987699999986,42.62444867916254,18.51361959558544,,
2024-10-300,Subang,38.339125407503886,78.75392126000003,48.62405328472931,17.482841292730892,,
2024-10-300,Sumedang,33.64856286899013,51.76865336000003,40.3135156629462,0.8818625545027295,,
2024-10-300,Kota Bekasi,48.97812542510418,63.294216800000015,53.935565859145065,6.225873975370695E-4,,
2024-10-300,Kota Depok,47.26243692878869,60.26926910000003,52.81162798560221,0.0,,
2024-11-316,Bandung,24.006437860856074,39.65177246000002,30.36955887984497,64.70561077765855,,
2024-11-316,Bekasi,20.810266083274495,43.295381780000014,26.87518997321048,95.46563724824605,,
2024-11-316,Bogor,19.18483762625044,37.16003588000001,27.120986876462805,63.71692871424881,,
2024-11-316,Cianjur,21.64680377091247,31.09988642000002,26.43768895445192,71.39158329482433,,
2024-11-316,Indramayu,31.329089617792803,62.22779456000001,36.62365828259744,71.74209489200064,,
2024-11-316,Karawang,21.549413108825615,46.63136930000002,30.37355494389791,71.47828100598203,,
2024-11-316,Kota Bogor,20.122762123196818,29.06616452000003,25.809969186679492,75.57110695520358,,
2024-11-316,Purwakarta,22.176578047969844,45.76319222000001,28.124083339779062,63.26933841147528,,
2024-11-316,Subang,26.541098808547464,63.21560234000003,34.73839897952173,54.936026079022284,,
2024-11-316,Sumedang,23.99116328828326,35.14340407999998,29.371014591321988,51.11584567734124,,
2024-11-316,Kota Depok,24.995813813955316,37.71717314,30.434358747114636,73.2363141548092,,
2024-12-348,Bandung,11.978991894620632,22.312157000000013,16.43858451037545,66.74923333122497,,
2024-12-348,Bekasi,27.871365880998386,51.06454124000004,35.62234781285265,79.70619968491303,,
2024-12-348,Bogor,21.277255410858682,39.74405899999999,31.369832447599745,88.18361068889871,,
2024-12-348,Cianjur,11.02470988325334,19.851182600000016,13.660009040000014,98.62503667265635,,
2024-12-348,Indramayu,28.880760375660557,55.71988448000002,35.62142180083643,53.40336277075687,,
2024-12-348,Karawang,22.2622472589377,46.323747500000025,29.123782518155743,83.3572954787037,,
2024-12-348,Kota Bogor,26.7844628538716,36.67125901999998,33.189193331922965,60.00539611760427,,
2024-12-348,Purwakarta,2.888783488644019,14.983922119999988,12.192735205432317,99.5467112368668,,
2024-12-348,Subang,20.26906410269765,60.19065464000005,31.24208845745849,76.23049131528272,,
2024-12-348,Sumedang,27.21816570526109,41.935009820000005,32.87377990566002,7.060722210350918,,
2024-12-348,Kota Bekasi,28.955159850544,38.31532664000002,35.112397020782666,93.6667162701986,,
2024-12-348,Kota Depok,32.05901281039766,45.46582448000004,41.373182312295555,74.87675480636572,,
2025-02-46,Bandung,21.464865282894674,38.42470328000002,28.127403613578934,37.658201266691215,,
2025-02-46,Bekasi,28.923641164964213,50.15192990000003,38.24009097516412,84.0609399344306,,
2025-02-46,Bogor,27.71155883584908,49.256408660000034,35.62327250247284,44.82100159009581,,
2025-02-46,Cianjur,29.34893777781027,44.437000460000036,34.189565475280766,25.23324127537921,,
2025-02-46,Karawang,28.06054222942206,61.151118259999976,37.24387244567023,68.10941434624313,,
2025-02-46,Kota Bogor,24.092849537559378,38.7015629,32.062947486271895,51.5814495383505,,
2025-02-46,Purwakarta,21.330237027921513,41.22064364000005,31.12887155377498,76.7601873134224,,
2025-02-46,Subang,26.400421670443066,43.049284339999986,34.86956402361083,97.0394965018775,,
2025-02-46,Sumedang,10.50954910286697,22.77700772000003,19.562018108000007,99.18463712804756,,
2025-02-46,Kota Bekasi,28.47034073427811,41.494085240000004,37.37772713616186,88.03311823142211,,
2025-02-46,Kota Depok,27.69969717712734,41.99311616,37.62044518777998,67.13319810196764,,
2025-03-62,Bekasi,36.34703813921913,65.94660032000002,47.87853680207177,61.0302275547069,,
2025-03-62,Bogor,36.11864551422424,58.167186800000025,44.37442124175105,64.5384167834947,,
2025-03-62,Karawang,33.53721294336508,63.14040590000002,40.8748164717105,78.64536039958678,,
2025-03-62,Kota Bogor,33.757296487330144,45.54443894000002,39.68867604371857,41.957961645084524,,
2025-03-62,Subang,30.726999874770577,37.33777292000002,34.68112858054797,99.65659485537522,,
2025-03-62,Kota Bekasi,42.024984376369495,60.06076988000001,50.11857844537311,79.12926391491995,,
2025-03-62,Kota Depok,43.883028785130726,60.494858420000014,52.374146651855185,32.66976460865526,,
2025-03-78,Bandung,-4.00105101199891,11.839343719999988,11.466835522129232,99.78750638500983,,
2025-03-78,Bekasi,-19.390314253446867,36.68493110000003,15.510974474333368,83.18444974823909,,
2025-03-78,Bogor,-28.767739889166453,30.501732919999995,18.513063675823187,74.7711259075223,,
2025-03-78,Cianjur,-9.01488934054037,25.439645300000052,17.233900000844933,12.156166035866631,,
2025-03-78,Indramayu,-26.506120022633443,20.97912919999999,4.50121242379732,43.471923959398765,,
2025-03-78,Karawang,-21.87626972049453,33.81379430000004,15.491913165780403,84.75482906398078,,
2025-03-78,Kota Bogor,-39.9206991976745,-11.878297059999966,-26.237728108157086,82.09786450509874,,
2025-03-78,Purwakarta,-5.880493408005741,28.587641720000022,21.750360106712822,62.333424312412134,,
2025-03-78,Subang,-25.96951004970698,29.448982760000035,15.479472427018159,76.32001725873411,,
2025-03-78,Sumedang,-5.239515793842919,20.298943220000012,14.746373107450609,43.435606889134604,,
2025-03-78,Kota Bekasi,-41.03078328276676,-31.44987957999996,-32.18475387999996,99.97220330383938,,
2025-03-78,Kota Depok,-26.849942799286936,-1.7917200399999729,-9.760667492428926,66.13772138439772,,
2025-04-94,Bandung,4.077034840143287,13.99269632000005,13.244149940000057,99.86293429843744,,
2025-04-94,Bekasi,29.488340236603023,63.444609679999985,42.745895078406356,58.68194447482315,,
2025-04-94,Bogor,27.425465588195742,45.99903560000001,37.85915953837839,99.86780179561482,,
2025-04-94,Cianjur,10.16615782095267,14.806185079999977,14.194228037692325,96.91323971937338,,
2025-04-94,Indramayu,17.51875613975957,45.35302982000002,28.477456398111535,58.81526148170912,,
2025-04-94,Karawang,30.664532395240514,59.84885264000002,40.7427780610154,69.9090584750297,,
2025-04-94,Purwakarta,20.368933961901043,40.84466143999998,29.45578143412312,68.66805316936441,,
2025-04-94,Subang,24.532271598778426,47.06545784000002,33.24183640930124,90.33665025823923,,
2025-04-94,Sumedang,13.209424119984124,24.615902480000045,17.80237091534893,96.02781114115632,,
2025-04-94,Kota Bekasi,35.52005941355684,53.45715524000002,43.37158586004387,15.41834027721743,,
2025-04-110,Bandung,20.453128317001276,37.31726480000003,29.62404494008308,50.795676339625196,,
2025-04-110,Bekasi,12.06363123025725,41.31293018000002,30.25199669739346,92.5625556843146,,
2025-04-110,Bogor,8.200879626621042,29.60279366000003,23.246395274637372,91.15873914872873,,
2025-04-110,Cianjur,19.960146652291964,38.19569594000001,32.3723041565562,6.067177036114893,,
2025-04-110,Indramayu,0.8948304857253172,16.692932120000023,7.12670795428574,98.41470629964864,,
2025-04-110,Karawang,22.990982875940926,50.18611010000001,33.4623422081348,75.75370257214719,,
2025-04-110,Kota Bogor,0.9370886643399299,11.367656960000033,9.98335886000001,99.48394977358923,,
2025-04-110,Purwakarta,23.00086971023028,48.747123680000016,33.24455519980252,12.137699030379194,,
2025-04-110,Subang,9.25199484048693,27.336646400000006,16.740347281426345,88.13796280148154,,
2025-04-110,Sumedang,11.136730133627257,23.08462952000002,18.370638332405722,51.04301235376458,,
2025-04-110,Kota Depok,22.574846321893713,49.90241444000003,37.23388172921647,69.40971707034032,,
2025-05-126,Bandung,31.440303259053163,43.90037131999998,35.93656876723081,45.55680100365845,,
2025-05-126,Bekasi,39.68829731214771,66.84553958000004,47.37361165473535,1.5007065917350983,,
2025-05-126,Bogor,36.84696287817585,60.04367978000005,44.873825476085955,6.441523863130888,,
2025-05-126,Cianjur,32.173330656438644,42.669884120000006,34.93569666804226,1.6908279948742364,,
2025-05-126,Indramayu,36.074130189784,66.74983501999998,40.624964914337596,0.6261420872045607,,
2025-05-126,Karawang,37.51266765725743,68.65367216000004,43.62344339853624,2.04811116551892,,
2025-05-126,Kota Bogor,43.14455679900186,50.729575280000006,47.56326684084671,2.6810452950505175,,
2025-05-126,Purwakarta,33.963547326492,59.411346080000044,39.87245073094221,10.948817995451371,,
2025-05-126,Subang,35.63636670428868,73.23723698000003,40.871845485197255,6.875765560286194,,
2025-05-126,Sumedang,30.498301448477832,41.67524030000004,34.43432197644362,10.18033461725036,,
2025-05-126,Kota Bekasi,44.88602254386575,59.43185420000003,48.87074926868557,4.423771558767189,,
2025-05-126,Kota Depok,44.344105800872,54.46205312000001,49.43742644728777,0.03291553864016811,,
2025-06-158,Bandung,27.381259981764288,39.82950950000003,31.935774319940045,30.901830991032114,,
2025-06-158,Bekasi,35.93259708162709,61.47241214000002,41.74182979499835,31.82663528371593,,
2025-06-158,Bogor,29.805591555610917,46.47755840000002,36.37253903380103,52.42401849422822,,
2025-06-158,Cianjur,28.44491578859217,41.213807599999996,32.8115624529299,2.748343424453055,,
2025-06-158,Indramayu,37.32634705790371,70.72499228000004,41.87412282805981,3.836024254203544E-4,,
2025-06-158,Karawang,34.81078165660991,65.04766106,40.24295641812694,15.30388295450256,,
2025-06-158,Purwakarta,31.77473588530974,53.36486869999999,37.37333854246833,4.595415409428378,,
2025-06-158,Subang,34.28320828976845,70.40028038000003,39.37056180381061,2.3640272900945267,,
2025-06-158,Sumedang,30.244343568186675,38.69472686000006,33.56040120157655,2.0563702244051263,,
2025-06-158,Kota Bekasi,38.62537860073952,51.07821332000003,43.185858782659444,24.32350568953329,,
2025-06-158,Kota Depok,34.318657073404665,45.862314800000036,40.811762667684725,28.920789975031752,,
2025-06-174,Bekasi,28.704024941812612,52.725698960000045,35.74081793218802,47.25522169889377,,
2025-06-174,Bogor,22.416483669334035,46.51515662000003,33.2385682369001,83.81580981538328,,
2025-06-174,Cianjur,16.266019770031523,24.90643418000002,22.12334859949514,86.67263692328079,,
2025-06-174,Indramayu,13.228185883398833,30.467552720000015,26.874025881281263,84.75268902196099,,
2025-06-174,Karawang,23.25127159557368,41.40521672,32.73897956153861,62.4393287495402,,
2025-06-174,Kota Bogor,27.549853604284465,43.08688256000005,36.73953484143994,36.35685161929984,,
2025-06-174,Purwakarta,11.044819083152134,23.057285360000037,18.62482776416349,95.960286125124,,
2025-06-174,Subang,15.308622380210938,48.28227296,25.621593114810757,88.85473979538195,,
2025-06-174,Sumedang,17.506684343207887,34.93490486000002,29.750107406844357,69.91996491195172,,
2025-06-174,Kota Bekasi,25.419168225524203,41.99311616,34.74801636728422,68.24664617662376,,
2025-06-174,Kota Depok,22.615403912178095,34.75033178000001,31.183334048261166,87.80028962517473,,
2025-07-190,Bandung,25.68826935459149,36.50377604000005,31.188085784551813,41.21627225123721,,
2025-07-190,Bekasi,31.58094619733992,48.70952546000001,35.620150144541846,59.09923856083271,,
2025-07-190,Bogor,30.626185816738133,47.49612836000006,36.12084085395208,39.176813967010844,,
2025-07-190,Cianjur,28.504523256360912,37.49841986000001,31.28088966616108,0.006894393128029418,,
2025-07-190,Indramayu,33.01161947095707,62.84645618000002,37.87061007862458,8.277316324606021E-4,,
2025-07-190,Karawang,31.11612784370667,57.4664927,35.122389825173215,30.907021817027935,,
2025-07-190,Kota Bogor,33.54961713865895,42.12300091999998,36.34540285051322,7.40025209990951,,
2025-07-190,Purwakarta,29.198854461477627,50.401445360000025,33.12044822945596,36.92130828036628,,
2025-07-190,Subang,32.16625425723271,73.56878491999998,37.1238038420736,5.291607128944205,,
2025-07-190,Sumedang,29.13952308704679,40.31486834000003,33.061093859139234,0.004030598724892431,,
2025-07-190,Kota Bekasi,34.66322085460707,45.421390220000035,38.80924589634011,85.18444884107804,,
2025-07-190,Kota Depok,36.421323243376676,44.61131948000002,40.311689454688945,5.400540281297918,,
2025-07-206,Bandung,28.882271902618143,41.07708680000002,34.4360629549309,40.582059482418074,,
2025-07-206,Bekasi,37.771086063126475,61.48608422000001,44.372719968241086,0.2151745071770541,,
2025-07-206,Bogor,35.42080866626019,54.31849627999998,42.87464820654632,0.3495031714931113,,
2025-07-206,Cianjur,31.268095860541667,43.555151300000034,35.064034634018434,0.12045786676248707,,
2025-07-206,Indramayu,35.250878544727925,67.11556316000002,40.3710135306458,5.26875449909145,,
2025-07-206,Karawang,35.79675491621571,63.608674640000004,41.62168919661312,0.33976460314398776,,
2025-07-206,Kota Bogor,41.271990445104656,50.12116772000002,45.18608655467206,0.01070045661051392,,
2025-07-206,Purwakarta,32.8648450001504,55.56949159999999,39.37392623855423,3.2301862771425474,,
2025-07-206,Subang,34.14792923232672,72.98772152000004,39.62253197142191,1.0322340768006935,,
2025-07-206,Sumedang,30.9927843495968,42.26997577999998,35.063995921108535,0.5135370966336396,,
2025-07-206,Kota Bekasi,41.73272713524048,52.845329660000004,44.81017326115848,2.885004079168217,,
2025-07-206,Kota Depok,41.89495253125371,50.32624892000001,46.06135180879852,0.0,,
2025-08-222,Bandung,28.8217081935909,43.53122516000002,34.436912209516024,11.413516603345752,,
2025-08-222,Bekasi,38.4829469095686,64.78789154000003,45.620629286221195,0.9333322543930815,,
2025-08-222,Bogor,36.23887323294621,58.67988980000001,43.87583094634091,0.9209259121803549,,
2025-08-222,Cianjur,32.236132994897176,42.56734352000001,35.688131584851305,0.011109428480461954,,
2025-08-222,Indramayu,33.716129301655464,64.71269510000002,38.372050062437346,2.7487560501516612,,
2025-08-222,Karawang,34.206449335871625,63.50955206000003,41.24543940836549,24.033656347260724,,
2025-08-222,Kota Bogor,41.125976531243936,51.95664446000001,45.311761181034775,1.363544305761941,,
2025-08-222,Purwakarta,31.942704077161167,55.579745660000015,37.62471283366426,6.30464480272053,,
2025-08-222,Subang,32.03703633839251,68.84508128000004,37.74070873084432,11.71170507300018,,
2025-08-222,Sumedang,28.99307675393977,37.970106620000024,32.43669787867165,3.962653351055144,,
2025-08-222,Kota Bekasi,42.54130818579184,55.34048426000004,46.30945197716108,16.135558517660932,,
2025-08-222,Kota Depok,42.763396052361514,53.24523800000003,47.43946602623606,0.0,,
2025-08-238,Bandung,29.257054342825842,42.246049640000024,35.93620372265624,9.339354908924346,,
2025-08-238,Bekasi,36.39616278058988,64.86308798000005,44.124787616955786,2.4386606680537404,,
2025-08-238,Bogor,35.07602797270413,55.333648219999986,42.62572655975126,0.5993771678015769,,
2025-08-238,Cianjur,31.230805787881156,41.43597890000001,34.81343769388512,0.04175928181334382,,
2025-08-238,Indramayu,33.85117263909434,66.38068886000002,38.626822737005426,0.039176784040088494,,
2025-08-238,Karawang,35.416675445197136,65.16387373999999,41.622100594306566,0.07116904742621223,,
2025-08-238,Kota Bogor,40.86128938286084,52.26426626,44.937237741482704,0.0040808540411337284,,
2025-08-238,Purwakarta,32.212376874062834,53.747686939999994,38.37369587764587,0.868966885315021,,
2025-08-238,Subang,32.68503189800223,70.98817982000003,37.623334078522824,2.9444967800028103,,
2025-08-238,Sumedang,30.001941914649336,40.00724653999998,33.81027751533154,0.512537300491427,,
2025-08-238,Kota Bekasi,41.98580838978537,55.94547380000006,45.810535605987056,1.2985708201099655,,
2025-08-238,Kota Depok,42.823560459919975,52.65733856000003,47.93741120917834,8.943486790882119E-4,,
2025-09-270,Bandung,20.176406599519392,33.39337784000003,27.310601087600016,79.502329252139,,
2025-09-270,Bekasi,24.11206195562523,46.67922157999999,31.624139153519184,36.71844770752339,,
2025-09-270,Bogor,26.8836689390047,48.008831360000045,33.872435975141975,27.001811567430455,,
2025-09-270,Cianjur,22.886169300723697,35.64927104000003,26.561596314591164,39.618472582553,,
2025-09-270,Indramayu,27.493204042582246,57.34686199999999,33.627711382225144,18.876834931707535,,
2025-09-270,Karawang,26.297436215406606,54.171521419999976,32.8714548075047,14.799921456440085,,
2025-09-270,Kota Bogor,29.465223334805195,40.21916378000003,36.43796620533859,3.4632129938095946,,
2025-09-270,Purwakarta,22.190937135391014,42.12300091999998,28.373341632571726,16.552616006454187,,
2025-09-270,Subang,26.69341188150676,61.605714920000025,33.62346996472169,19.16473140232906,,
2025-09-270,Sumedang,25.16888347319878,35.87827837999998,30.56218650260656,52.89905992614736,,
2025-09-270,Kota Bekasi,29.29189166952776,39.08779916000003,33.18569017442534,37.61745813191314,,
2025-09-270,Kota Depok,31.816320909393962,45.49658666000005,40.86964191457473,44.545333210556244,,
2025-10-286,Bekasi,19.519728931116518,38.02479493999999,28.37570305040753,95.96239011459163,,
2025-10-286,Indramayu,27.69262602115461,59.018273780000015,35.87167418374049,33.710136424853424,,
2025-10-286,Karawang,22.515781672738544,45.14794862000002,29.124059814227394,77.52418265856667,,
2025-10-286,Subang,27.46421383608287,58.62520147999999,35.12319901547356,68.24541488878995,,
2025-10-286,Sumedang,24.486568466744824,40.87884164000002,32.36870334555482,74.36113510341755,,
2025-10-286,Kota Bekasi,22.643871407392055,25.26874429999998,24.338732130909104,99.53658988861912,,
2025-10-286,Kota Depok,22.28801138671823,29.233647500000018,27.052543832857157,97.52804480174822,,
2025-11-318,Bandung,-26.142426952857093,-11.683469919999993,-17.957815299999982,99.30807081129667,,
2025-11-318,Bogor,-12.212125384032271,3.263531540000031,-1.117060860548277,99.35137952595827,,
2025-11-318,Cianjur,-3.6619498748296366,7.970145080000009,5.119691185113658,74.14434716696131,,
2025-11-318,Indramayu,4.136029785518603,40.294360220000044,23.74572047192608,64.90594854005668,,
2025-11-318,Karawang,-14.428228255784195,2.2757237600000053,-2.368433005373746,98.38433198646645,,
2025-11-318,Purwakarta,-4.9915478077563655,28.98071402000005,13.244847341651445,77.17406776550025,,
2025-11-318,Subang,-1.8267618504996574,39.166413620000014,18.742105221025636,88.53979286075729,,
2025-11-318,Sumedang,-29.81164569134281,-17.729947299999992,-23.1078073830769,98.60192162272594,,
2025-11-334,Bandung,32.36547556619076,46.59718910000004,38.37034140011239,62.021266649272164,,
2025-11-334,Bekasi,35.51516314327328,56.93328158000003,44.24506870895448,60.859567592774624,,
2025-11-334,Bogor,33.91764442889054,58.64570960000003,41.123088433405535,52.5750981231712,,
2025-11-334,Cianjur,32.007064799427816,46.62453326000002,36.18722974409847,42.32269511811141,,
2025-11-334,Indramayu,39.535747245896125,73.68841562,44.1261962024769,38.85075725954225,,
2025-11-334,Karawang,33.815696647731166,59.45578034000005,40.24134888606106,47.60832358198721,,
2025-11-334,Kota Bogor,39.138628596918224,50.21345426000005,45.0617520833119,9.789203851117009,,
2025-11-334,Purwakarta,33.94533706139878,59.75998412000001,40.87272857333019,36.72802053873048,,
2025-11-334,Subang,36.32404258832449,75.73580960000004,41.73653768329106,35.638629149027246,,
2025-11-334,Sumedang,32.981014532625395,43.69529011999998,37.18732377666445,45.87951961034621,,
2025-11-334,Kota Bekasi,41.077963869183456,52.34971675999998,47.11670023961876,69.4968456182239,,
2025-11-334,Kota Depok,39.24835370911036,50.53474814000003,45.18694485216079,48.15457375438412,,
2025-12-350,Bandung,9.775792942378917,21.929338760000007,15.35819348221706,67.00395190541528,,
2025-12-350,Bekasi,27.051394306774966,52.582142120000015,39.24721732887717,26.075131741442213,,
2025-12-350,Bogor,13.952214389514227,39.97306634000006,26.376896542961106,62.33536586496927,,
2025-12-350,Cianjur,10.574866433612389,25.57978412,18.882451817804903,37.575315458961036,,
2025-12-350,Indramayu,26.10232594547497,55.04995256000001,32.621085252552454,0.01184671916515979,,
2025-12-350,Karawang,28.560833042304402,61.363035500000024,37.2439094803918,12.673448381034087,,
2025-12-350,Kota Bogor,23.30712263455258,37.77869750000002,30.877038827272752,69.94144779496462,,
2025-12-350,Purwakarta,18.42663097396039,50.664632900000015,30.741039625924557,31.460991410311873,,
2025-12-350,Subang,28.38696723361518,68.70494245999998,35.74218960914736,7.336702852060075,,
2025-12-350,Sumedang,23.663398754637488,35.81675402000002,29.122176081517416,7.892086475099626,,
2025-12-350,Kota Bekasi,32.34377109609362,52.732534999999984,42.12817566269061,37.13878364245618,,
2025-12-350,Kota Depok,26.88479317931292,37.93250840000002,34.37040599935144,80.14733219559321,,
2026-01-01,Bandung,-43.831586479154474,1.2332276600000114,-17.24124444819272,0.0,,
2026-01-01,Bekasi,-53.67209197974914,7.665941299999986,-6.4944426355978715,1.5982407298358259,,
2026-01-01,Bogor,-25.624500762803926,24.762877340000045,13.509380206757895,0.0,,
2026-01-01,Cianjur,-27.495091674306934,19.902452900000014,14.513684289588404,0.0,,
2026-01-01,Indramayu,-119.5959264553685,-26.09042421999999,-87.2448886412943,2.7455129691734133,,
2026-01-01,Karawang,-61.73533980190093,15.643599980000033,-8.51997300680906,1.2127166477442968,,
2026-01-01,Kota Bogor,-12.04925348186364,21.53284844000001,10.24692688506585,0.0,,
2026-01-01,Purwakarta,-65.14195818992579,9.679155079999987,-3.5079232970410357,9.139068200891391E-5,,
2026-01-01,Subang,-88.9055722616997,9.364697240000055,-12.499355602555415,0.054814829669499424,,
2026-01-01,Sumedang,-77.06801272549703,-2.5334303799999702,-14.763451941071926,0.0,,
2026-01-01,Kota Bekasi,-32.672009485516035,12.22557998000002,1.475887166637668,0.0,,
2026-01-01,Kota Depok,-16.209900973886057,14.454129019999982,7.482714662631565,0.0,,
2026-03-81,Bandung,29.237453257111525,46.74758198000001,35.37256678454545,37.66939425551972,,
2026-03-81,Bekasi,30.726406204972886,58.96700348000002,40.24780489582199,61.37469024287524,,
2026-03-81,Bogor,22.588515831690046,46.51515662000003,33.74526958181719,39.02836548075456,,
2026-03-81,Cianjur,31.79744291036017,44.864252960000044,35.31134928837432,0.26280216703299236,,
2026-03-81,Indramayu,34.84085535700482,73.59271106000006,43.4481029828094,29.612615600303695,,
2026-03-81,Karawang,33.836114166761256,66.78743324000004,42.24338299932093,34.040143390633354,,
2026-03-81,Kota Bogor,19.824114297553454,36.21666235999999,29.81304807945949,86.7130946328406,,
2026-03-81,Purwakarta,30.12143826677824,58.91231516000005,37.743013062135425,15.763672610601903,,
2026-03-81,Subang,31.38465329393715,77.21239423999998,41.48345855411434,27.552200052414143,,
2026-03-81,Sumedang,23.30259157836614,39.87736178,33.73593890828343,45.77349466183639,,
2026-03-81,Kota Bekasi,34.26163425776967,49.454653819999976,42.87437373245592,34.68701982183997,,
2026-03-81,Kota Depok,23.38562204237476,42.488729060000026,35.882206375570206,57.21959200900512,,
2026-04-97,Bekasi,23.441293910377745,38.479391599999985,31.122474753474815,92.47747376723706,,
2026-04-97,Bogor,26.93246846373722,46.5630089,35.12190063493523,81.57378208451071,,
2026-04-97,Indramayu,13.70972598952203,50.47322378000001,23.62109293536246,60.43950613339829,,
2026-04-97,Karawang,29.56177346074949,65.07500521999998,37.73808797542471,62.65296264154028,,
2026-04-97,Kota Bogor,23.865391429474414,26.352256640000007,26.065142960000003,99.96946791672643,,
2026-04-97,Purwakarta,9.417065691755035,30.467552720000015,26.391851681149372,99.68581031208447,,
2026-04-97,Subang,23.972585138556035,60.78197210000002,33.7395276556667,63.939676011713054,,
2026-04-97,Kota Depok,19.63826339330253,26.905975880000028,25.03404026,99.56568323793644,,
2026-04-113,Bandung,29.000170903977683,43.82859289999999,35.2477440796799,70.92604088313912,,
2026-04-113,Bogor,26.975811294946546,42.32466410000001,33.87526956782885,84.14142697856475,,
2026-04-113,Cianjur,27.066682040638703,39.71329681999998,30.68741755035167,78.96703805489665,,
2026-04-113,Indramayu,29.360838398094934,63.47878988000002,37.61499865854678,58.94564203657902,,
2026-04-113,Karawang,24.19864498489856,39.94914019999999,32.373753119481144,93.4312152161596,,
2026-04-113,Kota Bogor,26.67627754972062,33.37970575999998,31.18857603347752,84.88004097743229,,
2026-04-113,Purwakarta,28.912835071643226,49.188048260000016,36.241040510855,37.012042426766044,,
2026-04-113,Subang,27.622756347104563,63.198512240000014,35.24469483685053,77.16318855209082,,
2026-04-113,Sumedang,22.139791798129867,32.66875760000005,27.87081187736887,75.5519255499016,,
2026-04-113,Kota Depok,18.98870222000001,19.167578600000013,19.167578600000013,99.99865847698138,,
2026-05-129,Bandung,13.847375798493177,25.03290092000003,20.939172184746585,79.3608469737759,,
2026-05-129,Bekasi,31.734839017447182,61.47241214000002,41.23776890799798,40.08735328702939,,
2026-05-129,Bogor,28.482744672892224,51.826759700000025,39.124019126784845,48.718354774973996,,
2026-05-129,Cianjur,12.857510532203646,31.052034140000046,24.887530686680485,47.77696709977655,,
2026-05-129,Indramayu,24.93294278442315,58.10566244000006,33.619550450591184,23.187050986130124,,
2026-05-129,Karawang,28.117635544663884,54.90297770000001,36.74075041921805,26.16710434192925,,
2026-05-129,Kota Bogor,32.16530169490953,49.43072768000002,41.62868409719819,34.207247863178566,,
2026-05-129,Purwakarta,15.991154544139398,41.71625654000002,26.74429334128917,81.27762838415589,,
2026-05-129,Subang,23.404688865426294,64.72294915999998,32.23957302294871,29.04768990458019,,
2026-05-129,Sumedang,17.825761855041375,32.97637940000004,23.622653048963812,3.2967261946670114,,
2026-05-129,Kota Bekasi,37.26224404759988,55.299468020000006,45.12230723454047,24.30000362565607,,
2026-05-129,Kota Depok,33.90776360748285,50.65437884000005,44.375718201521515,49.31062639322215,,
2014-02-32,Bandung,24.06731286306147,45.16845674000001,31.12269661142774,76.78903258696772,,
2014-02-32,Kota Cimahi,33.01011099807705,38.66054666000002,36.530618971661355,1.0129773894131062,,
2014-02-32,Bekasi,24.555062913768335,36.172228099999984,29.813001890000013,88.51380003174013,,
2014-02-32,Bogor,21.53242611393225,46.54591879999998,30.87147196095234,82.76895643242996,,
2014-02-32,Cianjur,15.388813578582665,41.02581650000002,30.124644499122446,75.76250004169258,,
2014-02-32,Garut,13.4768487335793,37.11560162000001,22.24078633167909,65.69172390913194,,
2014-02-32,Indramayu,24.28151539048072,40.919857879999995,33.372934807584,8.93191105202633,,
2014-02-32,Karawang,25.391338263735236,34.75716782000001,31.62269963000453,77.12222873408835,,
2014-02-32,Kota Bandung,30.01665607257162,45.36328388000004,37.87244891720832,24.795436318074156,,
2014-02-32,Kota Bogor,23.484525475545556,36.514030100000014,29.185879892142307,77.60028541419811,,
2014-02-32,Kota Sukabumi,15.495528123657996,22.971834860000058,19.312544199016994,89.18506518191013,,
2014-02-32,Purwakarta,25.747720019325048,46.52199266000002,34.121067131937984,61.30346696279805,,
2014-02-32,Subang,25.164608389970812,59.64718946000005,35.245535120841225,38.63538705773809,,
2014-02-32,Sukabumi,11.12229921252997,28.054430600000046,19.871945818457853,88.74872031745561,,
2014-02-32,Sumedang,19.3977314428929,32.63457740000001,27.622645480941117,55.0329990927102,,
2014-02-32,Kota Bekasi,26.96781946088521,38.94424232000006,31.683309881428592,21.83876663208284,,
2014-02-32,Kota Depok,28.4652144011943,43.49704496000004,34.62096436303674,62.2691162163846,,
2014-02-48,Bandung,21.82205991246783,38.89639004000003,26.12123414561463,71.00996570363384,,
2014-02-48,Bogor,19.975533588232818,37.16003588000001,25.624701933565333,89.51950731645731,,
2014-02-48,Cianjur,25.57344926851043,56.64274988,30.73730365612094,24.97401183575944,,
2014-02-48,Garut,22.736385471337783,61.66382126000002,27.734350353372395,14.916474250440478,,
2014-02-48,Kota Bogor,21.927691578885906,30.946075520000022,25.682974193122096,65.84963519769117,,
2014-02-48,Kota Sukabumi,33.09863651982965,45.43848032000005,38.93448817448981,0.0,,
2014-02-48,Sukabumi,28.4164008976771,50.79451766,32.7345562586771,4.637420757980298,,
2014-02-48,Sumedang,-13.912018959999955,-13.912018959999955,-13.912018959999955,99.99974569565208,,
2014-03-64,Bandung,29.826517637092845,44.81298265999999,34.73418951737175,86.48532035145887,,
2014-03-64,Bekasi,31.045567255809107,46.80910634000003,38.87509231411397,67.84223946328002,,
2014-03-64,Bogor,31.473484262954223,53.429811080000036,39.245415678310295,64.71208118938495,,
2014-03-64,Cianjur,30.465031922629283,49.24273658000004,36.12375355166291,83.64256739218646,,
2014-03-64,Garut,24.754668647055556,36.343129100000056,31.342683702758638,99.7097173642818,,
2014-03-64,Indramayu,31.810294294283256,57.4664927,36.36988075849496,47.390581883107345,,
2014-03-64,Karawang,29.910145971697236,46.09132213999999,36.74197768190464,84.44138301770936,,
2014-03-64,Kota Bandung,32.51171391167663,41.69916644,38.11511727846155,91.55562472726905,,
2014-03-64,Kota Bogor,38.044532370648895,53.53235168000003,43.87264123627067,34.64344271505049,,
2014-03-64,Kota Sukabumi,30.225521561487454,43.59958556000004,36.87374110062503,71.03842896929764,,
2014-03-64,Purwakarta,31.301707563985104,52.175397739999994,36.23911810686753,55.429878033157244,,
2014-03-64,Subang,30.133304477113416,66.22687796000002,35.24131473151512,60.95623342970581,,
2014-03-64,Sukabumi,29.30997454686734,47.57132480000001,35.87150546839016,87.17181472177693,,
2014-03-64,Sumedang,31.15972009362621,42.15376309999999,34.87022081061329,67.06749941884085,,
2014-03-64,Kota Bekasi,32.53441296363639,46.190444720000016,42.05464052000002,97.48749080235109,,
2014-03-64,Kota Depok,34.998588915270304,51.29013056000002,42.37382273923174,66.72780212111098,,
2014-04-96,Bandung,20.532358217003488,64.03934516000004,29.745804458800393,58.62989410137091,,
2014-04-96,Kota Cimahi,24.796790743163644,33.96760519999998,30.928605640000033,86.48898341377037,,
2014-04-96,Bekasi,16.163575415788518,35.187838339999985,24.627949557934002,57.429770324093276,,
2014-04-96,Bogor,11.535321323223785,24.568050200000016,19.875775121196597,99.53253964537241,,
2014-04-96,Cianjur,15.455530558834331,40.23625388000005,24.121272956746047,75.38911434031137,,
2014-04-96,Garut,17.737923571195783,43.69529011999998,25.12167280129009,31.122849667049596,,
2014-04-96,Karawang,18.623152274973354,36.07652354000004,28.12407275750003,52.70021430796375,,
2014-04-96,Kota Bandung,26.803485050715665,40.64983430000001,34.43761141497136,30.830848364013185,,
2014-04-96,Purwakarta,14.986179122773168,35.84068016000003,24.875519780276235,72.62067609945962,,
2014-04-96,Subang,21.105866013771042,40.12345922000003,29.232162036998744,66.23437027022543,,
2014-04-96,Sukabumi,6.940317862902508,15.069372620000024,11.562181237468367,99.62021858212667,,
2014-04-96,Sumedang,21.377891168177623,44.68993394000006,29.7382345983589,48.75877867384679,,
2014-04-96,Kota Bekasi,16.101881976633663,30.58718342000003,25.191411597500007,50.399662963649064,,
2014-04-96,Kota Depok,19.201644545831332,31.32547574,27.323420148695668,97.33223680339856,,
2014-04-112,Bandung,26.621846024241066,68.28794402000005,33.741138077918706,13.73633153901555,,
2014-04-112,Kota Cimahi,35.385599875736474,45.32910368,39.31029932043719,0.0,,
2014-04-112,Bekasi,27.19322127758696,50.85262399999999,43.619747681689844,48.55927111529831,,
2014-04-112,Bogor,31.408909287616723,56.711110280000014,40.12278222820703,10.147649122453274,,
2014-04-112,Cianjur,31.028490186313476,58.62520147999999,37.87160364100665,33.328349680461756,,
2014-04-112,Garut,29.237483054179737,69.75427460000003,36.62061550538848,15.068564616819174,,
2014-04-112,Indramayu,-1.9666524553510978,3.403670360000035,2.4295346600000016,99.94200048138234,,
2014-04-112,Karawang,11.934671351909355,30.22829132000004,19.37963911029943,49.90861952002004,,
2014-04-112,Kota Bandung,33.78244288522004,50.86971410000001,39.37151672318628,0.5291824987915357,,
2014-04-112,Kota Bogor,35.997535332269976,53.62805623999998,44.12883356888998,0.017636230477794546,,
2014-04-112,Kota Sukabumi,27.98432424034372,32.84649464000006,31.53112661000003,98.87364470768564,,
2014-04-112,Purwakarta,20.55831327306779,40.87200560000002,32.62132800078016,38.545597695193564,,
2014-04-112,Subang,12.627226597710624,31.089632359999996,22.37068680563243,52.79214979807906,,
2014-04-112,Sukabumi,27.01496215729286,47.567906780000044,34.37323963211611,50.045190729339154,,
2014-04-112,Sumedang,11.978129445424168,46.846704560000035,25.371331564031003,58.91163204871048,,
2014-04-112,Kota Bekasi,37.71130851233783,54.11683310000001,45.444080410255836,0.0,,
2014-04-112,Kota Depok,42.8477342775076,59.148158540000054,51.12161445432727,0.36422262274624345,,
2014-05-128,Bandung,20.996960460964875,55.39175455999998,28.373788401945642,68.75036414612559,,
2014-05-128,Kota Cimahi,22.652871473506128,25.320014600000036,24.90643418000002,99.80319791360918,,
2014-05-128,Bekasi,25.9459280578326,40.78655509999999,32.811294280551444,57.7890313723904,,
2014-05-128,Bogor,24.74765112603415,45.048826039999994,33.12287682928796,55.63883508844745,,
2014-05-128,Cianjur,24.797058527749268,63.09938966000004,31.873184723873607,27.34628862811977,,
2014-05-128,Garut,25.17761752336133,61.427977880000014,31.119197134373604,13.641834722873677,,
2014-05-128,Indramayu,26.2924390852302,54.06214478000004,29.368138382057868,2.3547334283197747,,
2014-05-128,Karawang,20.413070328145782,32.303029460000005,27.313536522051987,76.23890524668528,,
2014-05-128,Kota Bandung,25.69248468308022,32.94903524000006,29.59650068963395,83.26667801493237,,
2014-05-128,Kota Bogor,28.928457759562487,40.557547760000034,34.81069596459239,39.27629585627565,,
2014-05-128,Kota Sukabumi,27.197154178513347,36.79430774000002,33.68742476533014,28.145650174734033,,
2014-05-128,Purwakarta,20.780866616134475,34.62044702000003,26.374703231725654,71.11617883707015,,
2014-05-128,Subang,25.524835698320945,58.751668220000056,30.621980727896773,60.48026676147236,,
2014-05-128,Sukabumi,23.00809307503138,43.3158899,30.622886628362053,9.58846802255178,,
2014-05-128,Sumedang,23.012023564568377,37.922254339999995,28.37483299066614,59.5660021637378,,
2014-05-128,Kota Bekasi,24.419069310571256,38.74599716,30.43656267200002,68.44810444066088,,
2014-05-128,Kota Depok,27.9296076877485,42.07856665999998,34.875192991762866,41.12422855631132,,
2014-05-144,Bandung,19.25223692728546,58.46797256000002,30.48600823774946,43.8988877091468,,
2014-05-144,Kota Cimahi,34.65325753670363,42.96041581999998,37.605030164747106,12.737281244135634,,
2014-05-144,Bekasi,35.94078873951705,49.519596200000024,40.43712389487645,0.0,,
2014-05-144,Bogor,28.455789952188656,54.02796458,39.741852343179076,31.130258749354034,,
2014-05-144,Cianjur,20.764487398303427,56.871757220000006,32.73694953853341,66.91009001203795,,
2014-05-144,Garut,11.9064790901806,42.58443362000003,21.243893057150224,48.88574193139144,,
2014-05-144,Indramayu,-2.3861451564801084,21.51234032000002,3.8619883367267995,50.628606832382076,,
2014-05-144,Karawang,26.586457595169723,44.38573015999998,35.37118266116134,1.7595068274756407,,
2014-05-144,Kota Bandung,25.095299742637813,41.49750326000003,32.736717848662266,44.45075478909752,,
2014-05-144,Kota Bogor,36.875092305301806,54.66371630000003,43.37373907299517,0.0,,
2014-05-144,Kota Sukabumi,19.565479837114832,29.883071299999983,25.43540707254897,25.010013309326613,,
2014-05-144,Purwakarta,22.755949275152375,47.48587429999998,32.74446249943052,11.22516217582429,,
2014-05-144,Subang,17.886543331954776,40.59856400000001,26.23686284619892,13.072116559208382,,
2014-05-144,Sukabumi,17.166713791586425,42.895473440000046,29.74179830105228,64.77019828324747,,
2014-05-144,Sumedang,13.019235078246055,31.161410779999983,21.738551563808837,23.22528237283625,,
2014-05-144,Kota Bekasi,39.01197240638241,51.56015414000001,43.31345585545455,0.0,,
2014-05-144,Kota Depok,36.80407274692111,50.169020000000046,43.12229793125845,0.0,,
2014-06-160,Bandung,28.9983196968795,66.97200631999999,35.622921384153685,7.837734574656086,,
2014-06-160,Kota Cimahi,37.6088352103437,44.90868722000005,40.278098730909115,0.008180037820645454,,
2014-06-160,Bekasi,35.03590202034937,46.78518020000001,40.18769850846404,8.007697061132664,,
2014-06-160,Bogor,32.204952784956276,51.62167850000003,38.873489254666715,15.231670253635581,,
2014-06-160,Cianjur,30.359096492450167,66.78743324000004,35.62252339441499,3.471365352796009,,
2014-06-160,Garut,28.380586338529845,66.07990310000002,33.622912314844264,5.553705535357988,,
2014-06-160,Indramayu,34.81713764580177,43.23727544000002,38.09702036592828,3.0893094410639157,,
2014-06-160,Karawang,33.31114159058765,48.54887852000002,37.81422072435809,1.3236071903936009,,
2014-06-160,Kota Bandung,36.54362249217799,48.1352981,39.685780051886894,1.0189658063883744,,
2014-06-160,Kota Bogor,37.196743806944085,47.43118598000001,41.93871177054731,6.0462526833977615,,
2014-06-160,Kota Sukabumi,33.18832107255385,43.948223600000006,37.185417523353124,1.3657352856786213,,
2014-06-160,Purwakarta,32.46019056518103,52.561634000000026,37.872360993726154,2.1906588346902347,,
2014-06-160,Subang,31.372435361039326,67.47103723999999,36.37126336848898,9.768987492029035,,
2014-06-160,Sukabumi,30.674120971281695,49.80670988000003,34.37123822844132,8.916870201370179,,
2014-06-160,Sumedang,30.257900539925416,49.39996550000001,35.81040195410489,22.605101281011112,,
2014-06-160,Kota Bekasi,38.41948045366672,50.42195348000001,43.29859874000002,8.516699423627681,,
2014-06-160,Kota Depok,39.22089975823955,50.48005982000001,44.31308236867925,4.800000925913927,,
2014-06-176,Bandung,30.790882325988516,70.13025679999998,37.74400179483061,28.146397829432026,,
2014-06-176,Kota Cimahi,38.99914101629719,46.443378199999984,41.65592752688204,0.0,,
2014-06-176,Bekasi,38.22471532603276,50.500567939999996,42.68832924445424,19.134407909339348,,
2014-06-176,Bogor,33.71494432003869,57.4664927,43.24624863611761,40.401526794293204,,
2014-06-176,Cianjur,31.131401269044712,67.47787328000004,36.23532621083458,49.174273854815226,,
2014-06-176,Garut,29.79004863110233,67.28304614000001,35.87199106823799,16.32401190581114,,
2014-06-176,Indramayu,37.488694221748815,64.25468042,40.062219594713014,0.0,,
2014-06-176,Karawang,36.57252084849329,53.42639306000001,41.12139030728054,7.127419830387062,,
2014-06-176,Kota Bandung,38.972048769942404,52.725698960000045,42.4367637555756,0.10811636771822833,,
2014-06-176,Kota Bogor,38.82854662795763,49.75543958000003,45.1880736104273,18.343061885930798,,
2014-06-176,Kota Sukabumi,35.67835893602132,45.6230534,40.18349149831142,35.80426609215271,,
2014-06-176,Purwakarta,35.22877708943886,57.52118102000003,41.87389062684527,19.726838888586165,,
2014-06-176,Subang,34.46544067935952,73.14153241999998,40.234201989907675,16.473963126599653,,
2014-06-176,Sukabumi,31.232491385689965,47.619177079999986,35.62122424598279,59.615434987556405,,
2014-06-176,Sumedang,32.173915316737094,57.78095054000005,37.62333310743948,1.7556435119144707,,
2014-06-176,Kota Bekasi,40.41103324211997,55.302886039999976,45.062977842105276,9.349643915752539,,
2014-06-176,Kota Depok,42.31384199369738,54.99184622000001,48.73890520480142,28.117342194236077,,
2014-07-192,Bandung,30.810750093020097,70.46180474000005,37.87389843665913,54.06696717054484,,
2014-07-192,Kota Cimahi,38.69684523406508,48.06693770000004,42.06197502125003,22.61029818643749,,
2014-07-192,Bekasi,32.658246814600204,43.309053860000006,37.43658593885453,46.15244698678376,,
2014-07-192,Bogor,31.669215024301938,50.86971410000001,37.622848953712946,27.097648110689715,,
2014-07-192,Cianjur,30.185337793665994,49.21881044000003,35.37339201147824,74.87487609423698,,
2014-07-192,Garut,29.882205226923944,37.864148,33.61806204821124,99.55274596840675,,
2014-07-192,Indramayu,36.01904808846302,60.870840620000024,39.62374689408364,4.313936119949764,,
2014-07-192,Karawang,31.697864319413082,46.34425562000001,35.56158674309091,19.97210032931795,,
2014-07-192,Kota Bandung,38.32173859958874,50.37751922000001,42.18681652671958,5.2365851011825235,,
2014-07-192,Kota Bogor,36.44736933817121,51.25595036000004,42.312875711045244,35.700814184556606,,
2014-07-192,Kota Sukabumi,32.15491789807914,42.721154420000005,36.187827117449686,38.933894971964186,,
2014-07-192,Purwakarta,32.04078773855713,49.24273658000004,36.93634118924967,21.76214941047618,,
2014-07-192,Subang,32.09991716750283,68.63316404,37.37210557455569,23.748008124627333,,
2014-07-192,Sukabumi,28.90829938778307,43.326143960000024,32.81183125433591,67.18305733372215,,
2014-07-192,Sumedang,30.621265805879304,54.44154500000002,36.62164208187469,41.480977115238936,,
2014-07-192,Kota Bekasi,33.48243931229529,42.345172219999995,38.56569660500002,63.958181577887764,,
2014-07-192,Kota Depok,38.54584711352076,48.53178842,43.561611255962106,9.065372486842948,,
2014-07-208,Bandung,28.69205488162713,69.44665280000004,37.72894467824034,34.930640718260904,,
2014-07-208,Kota Cimahi,34.471374386423456,42.95357978000004,39.87503425772469,14.801794475747787,,
2014-07-208,Bekasi,21.26327361902479,34.31966126000003,27.38141291127268,91.47888029355566,,
2014-07-208,Bogor,28.935350898875384,41.91450170000002,34.73217702203177,93.48620605955611,,
2014-07-208,Cianjur,30.78832153566038,68.1478052,38.74343705166274,24.759014206812786,,
2014-07-208,Garut,29.293047393773154,62.159434160000046,33.87145781161891,27.260336100094545,,
2014-07-208,Indramayu,4.460926091818198,5.680071680000026,5.587785140000051,99.94691655187331,,
2014-07-208,Karawang,23.30128747509637,38.67763676000004,33.2324712496638,78.34022194378967,,
2014-07-208,Kota Bandung,37.06900844877581,53.99720239999999,42.81330676901536,0.4616008484752571,,
2014-07-208,Kota Sukabumi,26.270298187860273,34.71273356000006,31.297899429132865,96.94387973425624,,
2014-07-208,Purwakarta,31.349379372559774,47.56448876000002,38.73622645908775,51.960912805566494,,
2014-07-208,Subang,23.747192602786743,49.03423736000002,30.735567455498185,51.16754847702643,,
2014-07-208,Sukabumi,28.617666964261584,51.09872144000002,33.23391192596211,50.16343935353482,,
2014-07-208,Sumedang,22.667840997074194,46.67922157999999,30.247905733962146,43.836035898779436,,
2014-08-224,Bandung,30.60968767140878,73.03557380000001,38.12276383829916,33.57638246538762,,
2014-08-224,Kota Cimahi,38.42087400623349,47.00735150000003,41.565380407005996,6.337572517639216,,
2014-08-224,Bekasi,35.736003891915296,46.4604683,40.56434165295419,4.123192899630059,,
2014-08-224,Bogor,35.20863413134376,56.577807500000006,41.62230475661651,18.607605725531354,,
2014-08-224,Cianjur,32.420186640513926,64.44950756000003,38.37213021619366,57.23142812638419,,
2014-08-224,Garut,28.54764160540018,65.45098742000005,33.12201034934981,45.599365922965305,,
2014-08-224,Indramayu,39.26318689657117,51.26620442000001,44.06255877605635,0.0,,
2014-08-224,Karawang,33.70413846345785,50.750083399999994,37.80881871310823,19.577174231202214,,
2014-08-224,Kota Bandung,38.71254523248415,52.97521442000004,43.06203877975255,3.5466009670653325,,
2014-08-224,Kota Bogor,41.33597339069378,56.63933186000003,46.5609316720355,1.5990641984803389,,
2014-08-224,Kota Sukabumi,34.82525915312087,47.73880778,39.31695321497812,2.0739566277329757,,
2014-08-224,Purwakarta,33.97156134545533,54.56801174000003,39.37278839803458,19.766371774898005,,
2014-08-224,Subang,33.26155460898374,71.15908081999999,39.62170636462769,19.58639460841637,,
2014-08-224,Sukabumi,31.734622489189007,54.63979016000002,36.37209712420441,40.71401415312927,,
2014-08-224,Sumedang,31.869845250570826,48.781303879999996,37.56113864209751,25.19256243724436,,
2014-08-224,Kota Bekasi,39.641350638469575,55.152493160000006,44.930477097500024,0.0,,
2014-08-224,Kota Depok,42.13980712160271,54.041636659999995,47.562064923702025,0.35431113503211287,,
2014-08-240,Bandung,30.929034176308967,74.88130460000002,39.123401966614516,40.29212984111188,,
2014-08-240,Kota Cimahi,41.29430768446041,49.36578530000003,44.19561709503753,6.297634685926648,,
2014-08-240,Bekasi,38.492118436646436,51.76181731999998,43.311280207631306,0.07650245863073943,,
2014-08-240,Bogor,34.3451963051908,54.010874479999984,41.622318398193634,8.753530053712124,,
2014-08-240,Cianjur,31.516185889940754,71.88370106000002,38.12287030862768,25.64716685625522,,
2014-08-240,Garut,29.347503567324885,72.98088547999998,36.12185566710922,23.625639986717008,,
2014-08-240,Indramayu,42.91866709184021,74.05414375999999,47.626022308225835,0.03198108057800472,,
2014-08-240,Karawang,35.85345707326378,52.06260308000003,41.68749600468673,6.458827541818825,,
2014-08-240,Kota Bandung,40.27384024368485,52.465929440000025,44.30931223349962,5.990368806738268,,
2014-08-240,Kota Bogor,40.42608140281305,53.874153680000006,46.187467780051385,2.078188583927288,,
2014-08-240,Kota Sukabumi,35.236847466426696,46.761254060000056,40.68808908881357,22.364460573195306,,
2014-08-240,Purwakarta,35.33042753285525,56.46843086000001,42.87180886509907,11.861986431478563,,
2014-08-240,Subang,35.72000014161258,79.79983537999999,43.62321906450941,13.533288521946346,,
2014-08-240,Sukabumi,32.14256314105219,55.70963042000005,37.37269327671575,11.77798529248131,,
2014-08-240,Sumedang,33.084891059027555,48.008831360000045,39.68596157581562,25.204890093075345,,
2014-08-240,Kota Bekasi,39.96564321316338,53.204221759999996,45.05588259741938,0.0,,
2014-08-240,Kota Depok,42.08519600036409,52.96837837999999,47.31249756607053,1.3348066354148502,,
2014-09-256,Bandung,32.4672294841929,76.29636488000006,42.1253336086061,7.088157574791754,,
2014-09-256,Kota Cimahi,43.51702439045195,49.519596200000024,46.095005730547605,0.0,,
2014-09-256,Bekasi,41.122887343935666,55.84635122000003,46.18604855111064,3.815689165162076E-4,,
2014-09-256,Bogor,35.01610403775884,57.121272680000004,43.37238987806285,1.0361336077266312,,
2014-09-256,Cianjur,32.44724624272839,68.54771354000002,40.62327191531509,56.25222065744892,,
2014-09-256,Garut,29.981957254223712,72.56388704000005,36.62239564996172,41.23517630793344,,
2014-09-256,Indramayu,48.78217414798112,77.47558178000003,55.133650508344004,0.0,,
2014-09-256,Karawang,38.2219704752839,55.754064680000056,44.186689043949144,0.0,,
2014-09-256,Kota Bandung,42.588473425171934,54.988428200000044,46.68456557554608,0.07653782467181511,,
2014-09-256,Kota Bogor,41.687641332700196,54.923485819999996,47.68801211170423,0.0,,
2014-09-256,Kota Sukabumi,33.156487351383724,45.71192192000001,38.68732484915577,3.5071706946629533,,
2014-09-256,Purwakarta,36.979269967060524,59.592501140000024,45.37260467820325,0.0396986044728807,,
2014-09-256,Subang,37.66995423977818,87.13148827999999,47.244726862556575,0.00927263606327868,,
2014-09-256,Sukabumi,30.46950679260964,49.89216038000001,37.37308667649743,51.5222728425893,,
2014-09-256,Sumedang,36.10196868893133,55.74722864,44.37371985609303,0.0033639737730194893,,
2014-09-256,Kota Bekasi,43.937117147361725,59.459198360000016,50.30814565967793,0.0,,
2014-09-256,Kota Depok,43.565865637444915,56.11979282000004,49.311761432658145,0.0,,
2014-09-272,Bandung,33.63168459621008,75.18892640000001,42.125660180988454,47.98587560639096,,
2014-09-272,Kota Cimahi,38.90304098042128,49.98786494000001,43.5599865478049,84.10525623567501,,
2014-09-272,Bekasi,40.786616651003506,55.89078547999998,45.61794279959187,18.91394561197474,,
2014-09-272,Bogor,36.17921273603251,55.50454922000006,44.125001181769555,24.419461850676925,,
2014-09-272,Cianjur,34.600158816202295,73.76361206000001,41.37267035277625,56.67727391005191,,
2014-09-272,Garut,33.7859643552152,80.22025184000006,43.243390701056484,70.1081742243935,,
2014-09-272,Indramayu,47.22976414158718,80.83207742000002,53.6245474761062,5.073307452975201,,
2014-09-272,Karawang,37.74469662005786,54.776510959999996,43.81298437242059,26.5052108398936,,
2014-09-272,Kota Bandung,41.30529633191748,50.83895192,45.18357455733839,18.859845631404003,,
2014-09-272,Kota Bogor,42.66193150640865,56.150555000000054,48.05994979582917,0.04347156863817494,,
2014-09-272,Kota Sukabumi,36.923952194847836,50.138257820000035,42.687777921051804,16.867262988973543,,
2014-09-272,Purwakarta,36.425327875907136,54.595355900000015,44.37404519965672,19.532381157896143,,
2014-09-272,Subang,36.56157420047913,83.75790254000003,45.74575196625711,20.86793800016692,,
2014-09-272,Sukabumi,32.63298885473624,57.155452879999984,38.37290113715964,56.9074988698617,,
2014-09-272,Sumedang,36.268569931668445,56.11637480000002,43.871871730159285,36.13377156203991,,
2014-09-272,Kota Bekasi,44.23668855355481,61.65014918000003,50.688274205000006,11.745044166996319,,
2014-09-272,Kota Depok,42.74012198830303,54.96108404000006,48.81113666379682,40.534389819828895,,
2014-10-288,Bandung,29.61132740835024,55.904457560000026,38.87790403106873,97.56979467886583,,
2014-10-288,Bekasi,38.23553197860954,50.138257820000035,42.935427856465175,12.579998836402734,,
2014-10-288,Bogor,33.81542957944156,55.07387870000002,42.125234809079224,32.16332403181781,,
2014-10-288,Cianjur,35.60766413040369,72.81340250000005,42.873089825061115,90.80214368286266,,
2014-10-288,Garut,32.45848932150569,80.87651168000002,41.24373755821905,62.604527107358635,,
2014-10-288,Indramayu,40.56910465292142,59.81809046000001,45.87544176474139,8.133445640359906,,
2014-10-288,Karawang,32.89196808039756,47.95072502000005,38.80934982022798,35.64838307286992,,
2014-10-288,Kota Bogor,39.11207812949756,54.92006780000003,44.935881527566096,12.1352999448911,,
2014-10-288,Purwakarta,30.122069818372605,49.33502312000002,38.06215244778523,71.31452961783934,,
2014-10-288,Subang,29.213542265312615,69.96960985999999,38.87351058556073,66.73033898484772,,
2014-10-288,Sukabumi,33.67969581938735,50.09724158000006,40.812724834578354,95.49477676284725,,
2014-10-288,Sumedang,28.81758122156542,47.03469566000001,37.56117667789452,82.08240392868353,,
2014-10-288,Kota Bekasi,42.11488113354595,58.29365354000004,48.189371176400016,0.008016382341827341,,
2014-10-288,Kota Depok,42.29135891596936,54.383438660000024,48.18687029073704,13.273381224945194,,
2014-10-304,Bandung,31.73090051700579,71.75723432000001,42.74817592747964,48.16258764476963,,
2014-10-304,Kota Cimahi,41.30373612651129,49.56744848000005,46.55702736500002,93.14442257754597,,
2014-10-304,Bekasi,36.69946474634632,53.515261580000015,44.93806264728519,1.9816532869266452,,
2014-10-304,Bogor,33.154643319607786,55.63101596000001,43.123522606459815,20.081595499858583,,
2014-10-304,Cianjur,30.47221445749006,55.282377920000044,38.87553923367781,60.20271642412648,,
2014-10-304,Garut,31.26398442592188,68.37339452000003,38.238892718444674,52.173439762510455,,
2014-10-304,Indramayu,46.40959193378406,79.15724762000002,51.86384681420566,0.0,,
2014-10-304,Karawang,37.36532054799283,62.69264528000002,46.624039886419204,0.8913413189034624,,
2014-10-304,Kota Bandung,40.08036155275737,53.282836220000036,47.12049707092282,56.63503285154984,,
2014-10-304,Kota Bogor,43.32278476469254,58.60127534000003,50.43552814390483,1.8990932432551455,,
2014-10-304,Kota Sukabumi,38.01207105203673,51.39267116000002,47.31223888400003,57.39844465268884,,
2014-10-304,Purwakarta,36.476954404080125,61.229732720000015,44.873905329948286,5.411444286296044,,
2014-10-304,Subang,37.729430411454096,80.31937442000003,47.243260752887856,5.779711345113358,,
2014-10-304,Sukabumi,36.495386395968815,62.460219919999986,45.62330563188596,60.66811437444567,,
2014-10-304,Sumedang,35.11855585439272,59.859106699999984,44.12376602633691,20.737373397065177,,
2014-10-304,Kota Bekasi,43.50678981167696,60.21116275999998,49.57023871607068,0.0,,
2014-10-304,Kota Depok,39.29330951364084,53.80579327999999,46.37587974963703,0.7989760374001887,,
2014-11-320,Bandung,16.150402177342116,42.84762116000002,25.74639667254661,92.86077322338939,,
2014-11-320,Kota Cimahi,12.255498305091557,20.076771920000056,16.562028958875484,90.39711677725758,,
2014-11-320,Bekasi,21.93148633700775,33.82746638000003,29.234006056768887,57.29092352962877,,
2014-11-320,Bogor,21.227181939639856,53.730596839999976,34.745740250867506,57.47995722948216,,
2014-11-320,Cianjur,16.36495888304405,38.25722030000003,29.746055933747527,79.7215209440241,,
2014-11-320,Garut,17.39280814537371,44.22166520000002,32.7491742720597,75.39979256395803,,
2014-11-320,Karawang,1.0439062576397724,12.803225360000056,8.704335776000004,99.87377638673614,,
2014-11-320,Kota Bandung,17.562119075073177,32.10820232000003,25.064556446136365,91.06242014847476,,
2014-11-320,Kota Bogor,18.570527496961894,38.85879182000002,33.21833550762689,98.1443093726426,,
2014-11-320,Kota Sukabumi,11.153731909031208,20.408319860000006,17.932208514285737,97.78981138857729,,
2014-11-320,Purwakarta,2.3969904407708653,12.57080000000002,9.439649535714308,99.87107163579061,,
2014-11-320,Subang,2.7889456555401146,14.498563279999985,11.618177720000022,99.5827904696988,,
2014-11-320,Sukabumi,18.71663029704532,41.996534180000026,33.24026868804895,76.6697442503884,,
2014-11-320,Sumedang,7.56951420321702,19.464946339999983,15.11840806076925,90.35627720333976,,
2014-11-320,Kota Bekasi,20.129344840740703,31.123812560000033,24.949159430000012,76.55179109708014,,
2014-11-320,Kota Depok,30.428494030175063,47.62259510000001,40.37177250635925,5.375337184796232,,
2014-12-352,Bandung,21.886096827096598,50.842369940000026,31.37353392195551,78.03980359364913,,
2014-12-352,Kota Cimahi,21.336363473074364,27.070040840000047,24.916688240000017,78.44823078613375,,
2014-12-352,Bekasi,26.78763729845928,42.97750592,34.120669349528846,83.3631326777324,,
2014-12-352,Bogor,21.104046066912815,43.01852216000003,32.623185074548246,85.30595327698755,,
2014-12-352,Cianjur,22.72464713855688,58.27314541999999,31.74392844611873,36.45035531151747,,
2014-12-352,Garut,23.123060562527474,52.03184090000002,32.873014486607914,41.61656685148016,,
2014-12-352,Indramayu,16.181595952108374,23.911790360000055,21.556412824433675,48.95078699185839,,
2014-12-352,Kota Bandung,23.500760455812586,38.37001496000005,29.313575458185543,82.92733198987216,,
2014-12-352,Kota Bogor,20.657954643618016,33.492500420000056,27.11913752004469,80.64812504491735,,
2014-12-352,Kota Sukabumi,16.88803128885349,29.07983660000002,22.689181790718266,77.40941341378549,,
2014-12-352,Purwakarta,9.67889202114094,22.616360780000036,15.439378629705283,97.24347716585696,,
2014-12-352,Subang,15.762125883846807,31.68778586000002,25.37229621233196,84.66777720089995,,
2014-12-352,Sukabumi,16.718363642298435,41.42572484000004,27.744863293813093,64.66337644584527,,
2014-12-352,Sumedang,21.83255936894562,36.73278338,27.873722109356308,76.18652118066174,,
2014-12-352,Kota Bekasi,28.069287848020675,44.33787788000001,37.61777711840003,70.30624645453997,,
2014-12-352,Kota Depok,33.3071234273439,48.46342802000004,43.623153958585284,66.16489029436852,,
2015-01-03,Bandung,9.604452705376204,63.294216800000015,28.24759504591475,13.962453551384874,,
2015-01-03,Kota Cimahi,3.6877836100140446,17.41755236000006,12.806187644000017,38.95035679400257,,
2015-01-03,Bekasi,12.021589166825112,36.33971108000003,28.744908204221254,15.258942252179189,,
2015-01-03,Bogor,2.431418935448187,42.01020626000002,21.747128846637114,16.71224816417612,,
2015-01-03,Cianjur,0.5318373718468963,36.80114378000002,19.490416086715122,32.15191371598486,,
2015-01-03,Garut,-3.039276202966624,43.20993127999998,10.24852950499633,25.5666404809988,,
2015-01-03,Indramayu,0.06636061686895263,28.03050446000003,10.62521214136582,0.7643523850342719,,
2015-01-03,Karawang,4.112228873923877,30.14625884000003,21.624478175589964,16.228412971807412,,
2015-01-03,Kota Bandung,17.39115574317623,47.07229388000002,38.12986835023698,11.818961860382332,,
2015-01-03,Kota Bogor,1.7843548285393078,26.177937620000023,15.12720625145809,0.0039961247306181,,
2015-01-03,Kota Sukabumi,1.8821508864909722,28.218495560000008,22.381535195024313,33.19330478824069,,
2015-01-03,Purwakarta,5.255283824154103,29.749768520000032,21.750477596808445,25.275149896924365,,
2015-01-03,Subang,-0.42008059735657277,41.24115175999998,15.251834494893549,33.28294969983966,,
2015-01-03,Sukabumi,-2.032534300767264,33.93342500000006,22.489104495208156,57.62180938046808,,
2015-01-03,Sumedang,2.7336565617182265,57.558779240000035,21.745415787295084,37.285201617079764,,
2015-01-03,Kota Bekasi,-9.387398781463009,3.1370648000000187,-1.0750741871976124,44.526505262394885,,
2015-01-03,Kota Depok,-4.44635671676983,30.156512900000052,20.37394562393015,37.3152852133177,,
2015-02-35,Bandung,25.716048119434134,57.83222083999999,35.122581666886795,66.14594672926478,,
2015-02-35,Bogor,17.628322951742515,25.64130848000002,23.813499190270285,99.87883444216888,,
2015-02-35,Cianjur,24.88790979201046,48.36772345999998,33.737256225468606,80.95694449613487,,
2015-02-35,Garut,27.20314574766252,62.00904128000002,33.73907015815661,30.110760852778505,,
2015-02-35,Kota Bandung,32.61428370833655,44.375476100000014,38.871324114635335,57.10077490743167,,
2015-02-35,Kota Sukabumi,23.4029519816644,37.443731540000044,32.37389296193699,39.89220144535382,,
2015-02-35,Purwakarta,10.847144666946004,15.657272060000025,13.567072451030263,99.95996724539596,,
2015-02-35,Subang,16.911470914432826,28.54662547999999,25.438180434285737,99.88644481798711,,
2015-02-35,Sukabumi,22.331528332676527,43.43552060000002,33.23745822589819,91.80646162685898,,
2015-02-35,Sumedang,23.597542447414114,53.58362198000003,36.12653255085398,90.20935475996136,,
2015-03-83,Bandung,25.683528241857182,67.41976694000004,33.24340615496934,48.22778687418713,,
2015-03-83,Kota Cimahi,31.339145391895205,36.83532398,34.935341202978734,43.23801183378807,,
2015-03-83,Bekasi,21.881991267950177,40.89593174000004,31.87513876018142,55.56509208580726,,
2015-03-83,Bogor,22.31743833149524,45.882822920000024,33.623890684373706,53.88213266964752,,
2015-03-83,Cianjur,23.0691454007349,49.38287539999999,30.871318065309268,30.088919053724204,,
2015-03-83,Garut,14.717590606209681,41.50092128000006,20.12152357810555,33.32061084608911,,
2015-03-83,Indramayu,26.542452598379118,48.31645316000004,31.636406086049824,35.62818990911404,,
2015-03-83,Karawang,11.025689270516965,22.469385920000036,16.558878292541486,96.69607440653067,,
2015-03-83,Kota Bandung,30.431399843927405,44.375476100000014,37.31509961929651,66.79514204677245,,
2015-03-83,Kota Bogor,28.180552302540363,39.80216533999999,34.68774106286056,42.77291126399747,,
2015-03-83,Kota Sukabumi,31.600316896139695,45.896495000000016,37.68486022638041,11.165713788013788,,
2015-03-83,Purwakarta,19.988357795798336,36.052597400000025,24.8743738574644,42.798966605627285,,
2015-03-83,Subang,24.98031405459085,59.24044508000003,30.371559197253372,33.983948683910775,,
2015-03-83,Sukabumi,22.554798057264875,46.67238554000005,31.740459775577733,34.857012868611754,,
2015-03-83,Sumedang,26.307184076557643,49.98786494000001,32.125291327094196,28.769038224111483,,
2015-03-83,Kota Bekasi,25.559833629303768,35.86118828000002,32.31126731299183,24.474789294166527,,
2015-03-83,Kota Depok,30.96252314304645,47.342317460000004,39.869563328304814,40.043301206516716,,
2015-04-99,Bandung,29.060879272734265,56.11295677999999,35.62349050767859,56.64475660341496,,
2015-04-99,Kota Cimahi,32.175480964785876,38.98184054000001,36.072860005656594,82.18682885596554,,
2015-04-99,Bekasi,34.57521040429104,52.941034220000006,39.74758693558094,63.290872374325055,,
2015-04-99,Bogor,30.668912240740493,50.616780619999986,36.74087375224355,78.07578788758252,,
2015-04-99,Cianjur,31.45302551335283,50.82186181999998,37.37312975286491,39.54572999499047,,
2015-04-99,Garut,28.883345794707303,65.77569932000006,36.62390612107159,62.01382696663769,,
2015-04-99,Indramayu,34.279222502725275,49.11968786,39.86597944086206,28.230637134255183,,
2015-04-99,Karawang,31.93709326754421,49.39996550000001,37.12354249770716,60.57520683265027,,
2015-04-99,Kota Bandung,35.90616978105588,51.36190898000001,41.869575013389856,66.90434146721326,,
2015-04-99,Kota Bogor,32.40140627284664,43.948223600000006,39.31397340589167,84.80891518816061,,
2015-04-99,Kota Sukabumi,34.22222539589045,47.062039819999995,38.937770268188814,20.616726639713974,,
2015-04-99,Purwakarta,31.406909846284393,45.8281346,35.74005685354666,62.0348614423093,,
2015-04-99,Subang,32.561612224685796,66.95149820000006,38.742187903347,55.329829563654485,,
2015-04-99,Sukabumi,29.522076514952786,53.80237526000002,34.73832671583135,48.784293883381395,,
2015-04-99,Sumedang,29.100915888690405,53.204221759999996,35.86907432949792,63.04726971121948,,
2015-04-99,Kota Bekasi,31.429427368769236,43.30221782000001,38.88209650181821,85.00643163023281,,
2015-05-131,Bandung,30.517731622260307,43.63718377999999,37.37015139664706,97.94628499199084,,
2015-05-131,Bekasi,35.21056738285668,48.57964070000003,40.68663767859183,19.783184259647793,,
2015-05-131,Bogor,34.64028897298215,52.500109640000005,42.124674800951,72.56925465937904,,
2015-05-131,Cianjur,29.77186565333335,40.71135866000003,35.61866544468593,97.56999897355712,,
2015-05-131,Garut,18.71902259169814,20.004993500000012,19.364114750000013,99.98605263815202,,
2015-05-131,Indramayu,37.342009751182495,46.47755840000002,41.06375234018352,4.9611444783587,,
2015-05-131,Karawang,32.98376430357207,50.49373190000006,38.628510099575045,66.65113274349608,,
2015-05-131,Kota Bandung,34.929484353594304,47.16116240000002,40.190930933573185,81.28815058462801,,
2015-05-131,Kota Bogor,39.31743959099758,49.62555482000005,45.93828628909401,64.66657855342233,,
2015-05-131,Purwakarta,28.37609994925639,41.63080604000004,33.687786391073516,94.29100440966332,,
2015-05-131,Subang,33.01130365670728,68.25718184000004,38.3743366883158,43.904655134805736,,
2015-05-131,Sukabumi,28.788830168421487,39.262118180000016,33.560282029986375,97.89174256525664,,
2015-05-131,Sumedang,30.913237815719683,42.13667300000003,35.5629483352193,57.67768227864103,,
2015-05-131,Kota Bekasi,35.552238514901916,45.917003120000004,41.43514748972976,25.229022803946023,,
2015-05-131,Kota Depok,38.470440439077265,50.90731232000002,44.93548571670687,40.14007148721894,,
2015-05-147,Bandung,28.94087709842519,73.29534332000003,40.74632822037609,27.190747047605175,,
2015-05-147,Kota Cimahi,40.41678290758294,49.98786494000001,43.93736174838049,0.41698945737478527,,
2015-05-147,Bekasi,37.52300642796444,51.58749829999999,43.874971346672034,13.038210167442655,,
2015-05-147,Bogor,29.84233889384388,54.28089806000003,43.24690472428994,64.22464440644828,,
2015-05-147,Cianjur,28.648045449398573,68.23325570000003,36.23996930292042,39.17476998734741,,
2015-05-147,Garut,31.093455270686487,74.60102696000001,40.12303874325474,27.63603667232942,,
2015-05-147,Indramayu,36.20074590693259,58.21162106000003,40.18732626786522,0.0,,
2015-05-147,Karawang,33.537912187301544,48.62065694,38.87193531449293,17.505320315073728,,
2015-05-147,Kota Bandung,40.30035219219011,53.79553922000002,44.866164509846215,3.602642648643216,,
2015-05-147,Kota Bogor,10.13033372000001,10.13033372000001,10.13033372000001,99.99920077505388,,
2015-05-147,Kota Sukabumi,35.551756189148676,49.290588860000014,41.43884625901638,3.4176844801133464,,
2015-05-147,Purwakarta,33.197097743578354,54.39027470000002,39.37249735753487,28.013174737795847,,
2015-05-147,Subang,32.770413440632666,69.56970152000002,38.37140011874874,14.428645691416426,,
2015-05-147,Sukabumi,27.017670918147566,44.51219690000005,33.37373631170525,60.578077307760104,,
2015-05-147,Sumedang,30.751027880043196,55.92154765999999,37.87192142334595,17.184760728864145,,
2015-05-147,Kota Bekasi,42.04513629877047,53.29309028,48.80034597720381,13.431141379714512,,
2015-05-147,Kota Depok,36.405000643562,52.438585279999984,46.6226375722787,17.780312856846226,,
2015-06-163,Bandung,27.304854127047104,67.71029864000002,35.12326583389366,5.520029365421297,,
2015-06-163,Kota Cimahi,36.057091299826645,43.57565942000002,38.5344494356757,0.008180037820645454,,
2015-06-163,Bekasi,34.330906762649924,47.52347252000004,39.061317450707506,0.0695975308527219,,
2015-06-163,Bogor,31.904686205977,50.41169941999999,38.37425862257642,21.979956297064348,,
2015-06-163,Cianjur,28.47805556113585,67.33773445999998,34.12216498120872,7.254700869963093,,
2015-06-163,Garut,26.294139922177138,68.12729708,32.623460096960045,1.2977881806423848,,
2015-06-163,Indramayu,35.417492413744085,52.73595302000001,40.93647169852461,1.0497871885918122,,
2015-06-163,Karawang,30.932111477882117,43.87302715999999,35.06110871866204,3.0402133042501664,,
2015-06-163,Kota Bandung,36.14036366073769,46.54933682000001,39.93712461348423,0.45449593865723725,,
2015-06-163,Kota Bogor,37.14030342489405,47.67044738000004,41.68680431827563,13.24934429861602,,
2015-06-163,Kota Sukabumi,34.54027725797132,47.33206340000004,39.55994690296054,0.5795120845714633,,
2015-06-163,Purwakarta,28.557942082033446,42.427204700000004,32.56207888821633,6.439276638308815,,
2015-06-163,Subang,27.898721383045597,68.85191731999998,33.37521204080352,11.777057815017773,,
2015-06-163,Sukabumi,29.885362162324125,51.009852920000014,34.121622924904834,4.269793706031464,,
2015-06-163,Sumedang,27.646631285557792,45.44531635999999,34.93713936733899,17.821604165098844,,
2015-06-163,Kota Bekasi,36.53559345369312,45.62647142000003,41.28395131478263,0.008688023304344858,,
2015-06-163,Kota Depok,36.907862748185615,47.90970878000002,42.06236275645847,1.1107880739270022,,
2015-06-179,Bandung,28.353207210111133,69.309932,36.12229871073136,5.8693287219461,,
2015-06-179,Kota Cimahi,37.59889737212055,44.204575100000056,40.03035753840265,0.0,,
2015-06-179,Bekasi,36.91468088084839,49.82379997999999,42.18601234733894,0.579087753853492,,
2015-06-179,Bogor,33.06436167271626,51.06795926000001,39.872294148534756,16.780495346080627,,
2015-06-179,Cianjur,29.491323130584487,70.71132020000005,35.62226735628507,14.107654722226362,,
2015-06-179,Garut,27.174011470232003,73.18596667999998,34.624038937111244,0.2649721961524595,,
2015-06-179,Karawang,31.746928443088457,50.350175060000026,39.12299047495817,8.419253855089465,,
2015-06-179,Kota Bandung,36.89178848549014,46.38185384000002,40.563005766193236,0.16003363340470433,,
2015-06-179,Kota Bogor,37.61331267490477,49.317933020000055,41.80938254311102,7.9922494612362E-4,,
2015-06-179,Kota Sukabumi,34.2842797789928,45.28808744000003,38.93429859230482,0.24883983977539867,,
2015-06-179,Purwakarta,32.167280290580315,50.52449408000001,38.12135725875788,12.913297317564453,,
2015-06-179,Subang,29.516072402366643,48.928278739999996,35.12286140122868,28.241295048923387,,
2015-06-179,Sukabumi,30.375010597915384,50.39802734,34.62082722992238,10.677009607845761,,
2015-06-179,Sumedang,28.44530907007973,46.733909900000015,35.375070351546746,18.362670971913765,,
2015-06-179,Kota Bekasi,38.9180694080015,47.43118598000001,43.22005874666669,0.0,,
2015-06-179,Kota Depok,39.74942687573973,48.945368840000015,44.31193596313539,0.05410809508483677,,
2015-07-195,Bandung,28.64632529326236,73.19622074000006,37.125402844415426,36.855706611740665,,
2015-07-195,Kota Cimahi,34.887360791032464,42.26655776000001,39.45673169375003,88.15219361347563,,
2015-07-195,Bekasi,39.91708941291925,54.007456460000014,44.62249119307662,0.05156935283918956,,
2015-07-195,Bogor,32.397623636804866,49.37945738000002,41.37308573503642,62.25280091023444,,
2015-07-195,Cianjur,28.104028338135436,71.24453132000002,35.24267351321039,24.600964774326428,,
2015-07-195,Garut,26.26607438775089,67.35824258000002,32.620920030614876,14.061772770045636,,
2015-07-195,Indramayu,41.63581519671847,59.46945242000004,45.81026767727275,0.0,,
2015-07-195,Karawang,33.373792354585476,54.43129094000005,41.623413569101004,1.7555864273119461,,
2015-07-195,Kota Bandung,38.10198288316133,48.18315038000003,42.685830407615406,30.48542590943373,,
2015-07-195,Kota Bogor,32.56692173373032,45.041990000000055,39.31278750945058,58.59448112921775,,
2015-07-195,Kota Sukabumi,24.436410769227244,34.282063040000025,29.697346795073678,84.34473340710892,,
2015-07-195,Purwakarta,34.32445892976622,56.03776033999998,42.37534538842073,4.181930870539699,,
2015-07-195,Subang,31.447483922716696,75.70846544000005,40.62380802695499,7.778591777285375,,
2015-07-195,Sukabumi,23.60933364446298,39.90812396000001,29.370012057809156,48.16613697056924,,
2015-07-195,Sumedang,27.919284985342195,47.91996284000004,37.12081806462136,10.58099508198266,,
2015-07-195,Kota Bekasi,39.483684524683035,47.90629076000005,44.06661799489363,0.0,,
2015-07-195,Kota Depok,41.13145389205884,50.88338618,45.935170651434476,1.1225759402423576,,
2015-07-211,Bandung,28.960184213702938,47.714881640000044,36.62312044698763,89.48761145183468,,
2015-07-211,Bekasi,38.58302533346901,54.04847270000005,43.93627432626352,53.46051798776084,,
2015-07-211,Bogor,34.60379364265852,51.90195614000004,42.12470315419964,40.2417869133954,,
2015-07-211,Cianjur,31.605186245963235,72.25626524,39.123888854960626,72.62866839361143,,
2015-07-211,Garut,30.048308024139,75.39742562000004,38.6215919488533,57.745807171611176,,
2015-07-211,Indramayu,37.39626049967401,60.35471960000001,41.86994536785716,20.41700376432961,,
2015-07-211,Karawang,34.93079691633092,47.80375016000005,40.43831658805445,21.97579117156435,,
2015-07-211,Kota Bandung,34.94511858213723,47.10647408,39.31632314363638,93.58110123373555,,
2015-07-211,Kota Bogor,39.683526895196074,52.47960152000002,44.560568702217985,4.5073810931146925,,
2015-07-211,Kota Sukabumi,33.98562923003783,45.86915084000003,38.436056216435325,26.9192564604415,,
2015-07-211,Purwakarta,32.6679559139881,50.99618084000002,39.62190038402421,60.72689526072224,,
2015-07-211,Subang,30.871040714275374,60.93236497999999,38.12435540541012,44.49445874361063,,
2015-07-211,Sukabumi,31.676700692428824,52.83849362000001,36.87482971877658,53.19127003119698,,
2015-07-211,Sumedang,31.34709171341321,45.486332600000026,37.56259326273243,58.65815985458953,,
2015-07-211,Kota Bekasi,40.88223621997049,49.813545920000024,46.055389109230795,1.7358293209111668,,
2015-07-211,Kota Depok,41.434450779157,50.746665380000024,46.06028009831172,24.215398863991286,,
2015-08-227,Bandung,30.916610175556027,70.59510752000006,39.1239702237512,14.411121057385651,,
2015-08-227,Kota Cimahi,40.94305997226155,47.46194816000002,43.657706612666814,0.0,,
2015-08-227,Bekasi,39.428278579088975,55.79508092000003,42.81255138821375,3.037898870389529,,
2015-08-227,Bogor,33.34240975518275,49.74518552000001,40.375900602776305,16.43108232989319,,
2015-08-227,Cianjur,31.73172510315606,70.65663188000002,38.12243231375887,32.67785548812167,,
2015-08-227,Garut,31.11217277403937,75.07271372000002,38.372365703108464,28.622604982525342,,
2015-08-227,Indramayu,42.91818264068331,72.19815890000001,46.37079140509001,0.0,,
2015-08-227,Karawang,36.11059088373453,49.92634057999999,41.93881752662257,7.430818365997546,,
2015-08-227,Kota Bandung,40.371668287609516,52.609486280000056,43.938324635905715,0.004817065888435916,,
2015-08-227,Kota Bogor,37.351995596125576,49.468325900000025,41.56281474609373,1.6562072150204405,,
2015-08-227,Kota Sukabumi,35.54867257702084,47.44144004000003,40.56048242363627,5.891685559657321,,
2015-08-227,Purwakarta,33.5580592851412,50.23054436000001,40.0610757619249,25.521060527819493,,
2015-08-227,Subang,34.872251714797606,78.37793906000002,42.374460940743056,6.430790701808961,,
2015-08-227,Sukabumi,31.900782890855407,49.680243140000016,37.37260082757218,32.47692959047616,,
2015-08-227,Sumedang,33.89534129930938,52.67101064000002,41.372545446474234,1.186887275966378,,
2015-08-227,Kota Bekasi,40.259432735771156,48.01908542000001,44.56637884666667,0.12623298735829577,,
2015-08-227,Kota Depok,39.4785871303547,48.56255060000001,43.55940125995925,0.18021125883627453,,
2015-08-243,Bandung,33.25817187436676,76.35105320000002,42.8729850557005,12.923956866972633,,
2015-08-243,Kota Cimahi,42.69208372814456,49.191466279999986,45.08896586461539,0.0,,
2015-08-243,Bekasi,46.23805245415509,61.031487560000016,50.93809762313656,0.0,,
2015-08-243,Bogor,37.73056634614908,58.96016744000002,48.12360671032552,4.53906491055009,,
2015-08-243,Cianjur,33.52730748490193,65.01006284000005,44.874382568418255,32.06279452830688,,
2015-08-243,Garut,28.061102842375643,58.163768780000055,33.87165686681383,53.25172803431114,,
2015-08-243,Indramayu,48.90829447167989,80.59623404000001,54.11989527134243,0.0,,
2015-08-243,Karawang,41.873480011922055,59.411346080000044,49.12396591361933,0.3659987648776233,,
2015-08-243,Kota Bandung,41.55045332876777,52.88292788000001,45.06060826984125,1.780549170698555,,
2015-08-243,Kota Bogor,43.85938228111347,57.53485310000002,48.80991191835007,0.0,,
2015-08-243,Kota Sukabumi,39.47895893706837,52.10703734000003,44.9387801373427,0.0,,
2015-08-243,Purwakarta,38.46501696386712,60.10520414000001,46.87306670045177,1.9946001448357373,,
2015-08-243,Subang,38.191424674024994,85.88049296000003,47.244825626412876,0.4400179218750806,,
2015-08-243,Sukabumi,33.04642683636509,54.13392320000003,40.87295525951472,46.89204237345988,,
2015-08-243,Sumedang,36.21592460345472,57.38446022000005,45.120902039751414,3.9399329231887976,,
2015-08-243,Kota Bekasi,47.54732648056901,59.425018160000036,53.43344272625002,0.0,,
2015-08-243,Kota Depok,47.175471458181484,60.30686732000004,52.12202612263667,0.43332947126684784,,
2015-09-259,Bandung,22.287099545963937,45.32568565999998,31.87228092037418,79.0295632479029,,
2015-09-259,Bekasi,33.12579009345026,40.33879448000005,36.93676069268268,36.06356416810769,,
2015-09-259,Bogor,31.27722625037306,51.41317928000001,40.376422005864164,48.28455133223336,,
2015-09-259,Cianjur,32.246537811874155,78.97267454000001,42.745087634161195,23.100242076173586,,
2015-09-259,Garut,29.4837370868887,85.61730541999998,43.2477354388971,16.194080428590855,,
2015-09-259,Karawang,26.943133411985237,38.78017736000004,31.56133351060878,33.96559882431074,,
2015-09-259,Kota Bogor,35.89627457797416,46.009289660000036,42.62597361502472,63.40106070000638,,
2015-09-259,Kota Sukabumi,38.96077953646814,51.20126204000002,44.689370024242535,2.2770702353178645,,
2015-09-259,Purwakarta,26.192597199786274,37.48474778000002,31.310919419046108,94.3543007929408,,
2015-09-259,Subang,23.57656344523369,35.43735379999998,31.06493232867926,99.36792779687023,,
2015-09-259,Sukabumi,35.68867850009788,63.475371859999996,43.622851344978635,4.616054757020066,,
2015-09-259,Sumedang,27.357741038459082,39.28262630000006,34.43948185,93.05135938189586,,
2015-09-259,Kota Depok,32.72195583788058,45.46240646000001,37.8082279610811,90.2684499792274,,
2015-10-275,Bandung,37.328947490637525,78.50782382,45.62376010411277,36.14093852200748,,
2015-10-275,Kota Cimahi,45.023110020614645,53.40588494000002,47.81003729921877,0.0,,
2015-10-275,Bekasi,46.56071616846355,66.48664747999999,49.87146126981485,0.0027276097923300286,,
2015-10-275,Bogor,39.684850835175965,55.91129360000002,48.123267218957224,35.51063319644191,,
2015-10-275,Cianjur,38.86873755242674,81.67632836000001,47.624407233903945,22.880155138953086,,
2015-10-275,Garut,37.378593290063336,85.27550342,46.74501198840799,38.001556914251935,,
2015-10-275,Indramayu,47.85465978420318,58.922569220000014,55.43187132105264,50.00994658669264,,
2015-10-275,Karawang,43.110680137071185,57.76727846000006,49.06159397295616,0.7330561795551188,,
2015-10-275,Kota Bandung,43.93735986819895,56.29411184000003,47.684633426479635,3.079979455581302,,
2015-10-275,Kota Bogor,42.009791783326676,55.350738320000005,46.310094364959944,3.774880460238232,,
2015-10-275,Kota Sukabumi,41.14148959122859,53.429811080000036,46.565324469991246,11.866237626098506,,
2015-10-275,Purwakarta,40.262088335756836,59.28829736,48.37283930786193,13.012317231996423,,
2015-10-275,Subang,39.680034734110436,81.43023091999999,48.870630406438565,47.477127167143124,,
2015-10-275,Sukabumi,40.306576003908596,65.45098742000005,47.624061024376374,29.577992805807803,,
2015-10-275,Sumedang,40.116720107959054,59.510468660000015,50.6245452406535,44.76854085763831,,
2015-10-275,Kota Bekasi,45.73516520456184,52.79747738000003,49.53364806000002,0.032298596087690035,,
2015-10-275,Kota Depok,44.975130603216094,54.328750340000056,48.810644809051155,0.0,,
2015-10-291,Bandung,25.21854937594199,59.79758234000002,36.12275616187496,26.07252111491315,,
2015-10-291,Kota Cimahi,35.992664706033686,42.84762116000002,38.15410787052315,0.0,,
2015-10-291,Bekasi,31.8492433307935,53.60413010000002,37.372621529655625,0.0,,
2015-10-291,Bogor,21.619504643987906,39.33731462000003,29.62288907139817,56.08108119450163,,
2015-10-291,Cianjur,22.610677529637684,65.16045572000002,30.871412932761356,33.113504748416126,,
2015-10-291,Garut,18.07040593832013,55.730138539999984,29.369555864330348,50.733812343176,,
2015-10-291,Indramayu,42.44055463104576,72.77922230000001,47.11816837394664,0.0,,
2015-10-291,Karawang,31.426558223447685,51.597752360000015,40.87540683810594,0.06740302349411031,,
2015-10-291,Kota Bandung,34.00951438525346,45.75977420000004,37.8110340569613,0.007493213604233648,,
2015-10-291,Kota Bogor,18.908598484611975,31.414344260000007,24.307514627236547,27.752145989500214,,
2015-10-291,Kota Sukabumi,22.736274728357344,32.84307662000003,27.189685901428597,0.1399969879965544,,
2015-10-291,Purwakarta,32.08442763377792,55.528475360000016,41.622059482441784,8.145018423279508,,
2015-10-291,Subang,32.4872160465712,75.94089080000003,43.2398045747071,2.1940476560812634,,
2015-10-291,Sukabumi,18.266520696459686,42.030714380000006,26.12429955760464,57.78711864299725,,
2015-10-291,Sumedang,28.253255960767657,47.76956996000001,37.62196087622871,1.6207569785478353,,
2015-10-291,Kota Bekasi,32.11813994942561,40.718194700000026,36.21201146466376,0.0,,
2015-10-291,Kota Depok,24.18524806752208,35.43051776000004,29.186263735838214,0.4762371643647505,,
2015-11-307,Bandung,37.605053768422536,86.21887694000003,51.2482170521044,13.974441861732664,,
2015-11-307,Kota Cimahi,50.480680581934685,59.41476410000001,53.81251049128092,0.0,,
2015-11-307,Bekasi,45.71386276956832,61.82446820000001,53.12311977773629,55.226997766494776,,
2015-11-307,Bogor,36.50194741120076,60.740955859999985,44.123619762487905,76.10493162646188,,
2015-11-307,Cianjur,37.07270400383748,85.26524935999998,47.74550956962884,14.26567022206806,,
2015-11-307,Garut,36.14807796157331,92.39865710000004,49.24874600025813,0.284915567799778,,
2015-11-307,Indramayu,56.137933601400505,78.78810146000001,62.61714795795776,0.0,,
2015-11-307,Karawang,44.61656064586975,63.574494440000024,54.37084187765628,45.18604196003727,,
2015-11-307,Kota Bandung,50.997784698626766,64.48710577999998,55.18461893396449,5.352295431595462E-4,,
2015-11-307,Kota Bogor,35.904063455536544,50.04255325999998,40.18150147212503,75.16105087862867,,
2015-11-307,Kota Sukabumi,37.51136525124032,50.285232680000036,42.18837204118464,12.93601590011566,,
2015-11-307,Purwakarta,39.05298217254825,64.14530378,49.12470847305423,38.40402702076613,,
2015-11-307,Subang,40.400371097177405,91.42110337999998,51.74467552479956,19.306427653759776,,
2015-11-307,Sukabumi,39.22910812774935,59.66086154000004,47.12083777113658,22.89290063437855,,
2015-11-307,Sumedang,42.57570250776503,66.4729754,54.87184607195947,1.7734897978725679,,
2015-11-307,Kota Bekasi,40.393319984892415,45.61621736000001,45.02148188000001,94.11209706787767,,
2015-11-307,Kota Depok,40.717947050208004,52.44200330000001,46.18286847184716,87.54281540858953,,
2015-11-323,Bandung,33.76409847373721,75.55465454,42.747266027443004,62.87690217991423,,
2015-11-323,Kota Cimahi,41.42059579772986,49.57770254000002,47.204195891931704,92.04470470865431,,
2015-11-323,Bekasi,37.738771345062545,47.178252499999985,43.123684854956146,75.19683403550785,,
2015-11-323,Bogor,33.646526940098006,54.91664978000006,40.37395801931148,43.463776076223446,,
2015-11-323,Cianjur,31.055995466662033,48.829156160000025,36.62205064635869,80.43730615406696,,
2015-11-323,Garut,29.7962084625848,53.27258216000001,37.243475818655305,90.32799886410382,,
2015-11-323,Indramayu,40.81133861085966,56.24625956,48.37503623714147,47.75972540283093,,
2015-11-323,Karawang,34.579961479402,51.71738306000003,40.122800875160586,37.17093265180708,,
2015-11-323,Kota Bandung,43.329889063919495,58.379104040000016,48.12297042338121,14.085593908542075,,
2015-11-323,Kota Bogor,39.892553312411266,53.89807982000002,46.12389674208933,25.64004519413348,,
2015-11-323,Kota Sukabumi,36.353560227623646,51.89853812000001,40.6857029644407,11.471866169171463,,
2015-11-323,Purwakarta,33.4171607342708,53.98353032,41.37399383440836,45.83692831950931,,
2015-11-323,Subang,34.634693823407595,63.98807485999998,41.37271159658844,62.34555218499841,,
2015-11-323,Sukabumi,33.34099962322781,54.21595567999998,38.741355008738196,57.2636750582052,,
2015-11-323,Sumedang,34.02464068080113,56.97771584000003,40.74275448142602,58.74910524949365,,
2015-11-323,Kota Depok,35.511290639348076,49.81696394000005,42.124507620552095,51.385525850455885,,
2015-12-339,Bandung,25.55668960287711,42.492147079999995,29.87173095978177,87.31942090476427,,
2015-12-339,Bekasi,36.63088715166017,54.123669140000004,41.121330660342295,10.675761538677012,,
2015-12-339,Bogor,34.03522286573415,57.75360638000001,41.872618029209,38.32015028582765,,
2015-12-339,Cianjur,29.846116098157538,62.28931892000003,36.23888738414978,63.983038604760914,,
2015-12-339,Garut,19.044996680607763,25.019228839999982,23.116671747337108,99.72023502844333,,
2015-12-339,Indramayu,-0.5543967999999495,-0.5543967999999495,-0.5543967999999495,99.99732008664422,,
2015-12-339,Karawang,32.4557019079316,52.288192400000014,37.87259707962864,16.345021440981945,,
2015-12-339,Kota Bandung,30.555126557189215,41.27874998000004,34.18543359898784,61.270013649402934,,
2015-12-339,Kota Bogor,39.62935224595802,50.01862712000002,45.68803133067058,44.79021457810749,,
2015-12-339,Kota Sukabumi,36.27271384744172,51.173917879999976,41.438613227001895,19.40979151634563,,
2015-12-339,Purwakarta,28.566290458090332,49.437563720000014,33.37313063808627,28.277663014002734,,
2015-12-339,Subang,25.888904818096748,46.98342536000001,31.62326687811244,79.850402464728,,
2015-12-339,Sukabumi,31.45173910379015,51.11239352000001,37.62153398117772,67.06944779217999,,
2015-12-339,Sumedang,17.67326555506027,20.333123419999993,19.218848900000012,99.9596629953322,,
2015-12-339,Kota Bekasi,36.08855548753526,52.54454390000001,41.81916335642859,18.464103356195533,,
2015-12-339,Kota Depok,38.24378597088289,51.631932559999996,43.62061785297991,47.86373682481915,,
2016-01-06,Bandung,28.832116460445587,74.60102696000001,36.24366765065584,37.81906177905694,,
2016-01-06,Kota Cimahi,36.746236886260476,47.584996880000006,41.804320080128825,34.02988761269606,,
2016-01-06,Bekasi,32.38482092320579,43.555151300000034,38.12247367014022,58.715128855883556,,
2016-01-06,Bogor,29.999668303198643,48.80864803999998,36.2390042205809,40.31929941944578,,
2016-01-06,Cianjur,32.715718290004055,72.05118404000001,41.237701739627504,17.665157799316557,,
2016-01-06,Garut,31.53501379935463,70.19519918000003,37.872113255063546,11.487429413227412,,
2016-01-06,Indramayu,31.64179972187926,61.06224974000003,36.367027526324364,7.130577760420826,,
2016-01-06,Karawang,30.100353307520255,45.865732820000005,34.6216396830854,17.327252128277685,,
2016-01-06,Kota Bandung,38.647763827502516,49.878488300000015,42.684468518822044,32.10404610446295,,
2016-01-06,Kota Bogor,37.365055438977706,47.991741260000026,42.62242099271322,18.714851928221083,,
2016-01-06,Kota Sukabumi,28.601209144773485,41.001890360000004,35.751956646416225,77.0539518563,,
2016-01-06,Purwakarta,28.971887348432723,49.338441139999986,34.62169964594357,21.569459410383107,,
2016-01-06,Subang,29.852652862455972,62.37135139999998,35.87359148988623,35.55810921113349,,
2016-01-06,Sukabumi,32.84489703417237,67.6351022,43.47691013832492,72.87073056999844,,
2016-01-06,Sumedang,28.30372572211953,48.58989475999999,33.12153797700268,55.65856853472981,,
2016-01-06,Kota Bekasi,35.58269129644851,48.43608386000005,42.17541056000001,2.9137554265295025,,
2016-01-06,Kota Depok,29.816984705297077,42.20845142000002,37.37640164419452,52.78097809443722,,
2016-01-22,Bandung,29.83208166419725,71.57949728000006,37.872641667935305,57.21708842062008,,
2016-01-22,Kota Cimahi,37.7210335369019,43.41501248000003,40.77805857239989,49.697130089868146,,
2016-01-22,Bekasi,34.62268516392172,44.85058088000005,37.31106340562336,78.09258878601156,,
2016-01-22,Bogor,31.125090793330155,42.58443362000003,35.3118210903417,94.25813573470127,,
2016-01-22,Cianjur,31.71167898096514,64.71269510000002,36.120504306749396,35.6271413098577,,
2016-01-22,Garut,30.506017634102268,65.14678364000002,34.87208584294973,28.87998575060358,,
2016-01-22,Indramayu,31.883046299362366,36.39098138000003,35.440421253846175,90.56228350600489,,
2016-01-22,Karawang,31.895752988052823,42.01020626000002,34.937776326554406,90.88237348973706,,
2016-01-22,Kota Bandung,38.50525966317556,52.906854020000026,42.813284678849534,41.512602766696006,,
2016-01-22,Kota Bogor,30.63925890217467,37.310428760000036,33.406428461818194,96.95944742026012,,
2016-01-22,Kota Sukabumi,33.475659269917465,43.71921626000005,39.43636917970151,39.610284913969984,,
2016-01-22,Purwakarta,32.08467125934343,53.77161308000001,37.620075394671986,51.8024412145175,,
2016-01-22,Subang,30.786750630234387,53.78528516000006,34.87157619152926,61.019421996768266,,
2016-01-22,Sukabumi,33.25853290326075,53.986948340000026,38.12039481540772,23.10219125564977,,
2016-01-22,Sumedang,30.933649662549744,57.37078814000006,36.62071878802975,52.07098133824732,,
2016-01-22,Kota Depok,27.689754158461568,28.170643280000036,28.170643280000036,99.99797105603587,,
2016-02-38,Bandung,29.161079235502722,82.12067095999998,39.24418623070687,51.32003432233147,,
2016-02-38,Kota Cimahi,33.357819850223166,49.52643224000002,44.863398455000016,85.32161182031501,,
2016-02-38,Bekasi,31.240256777410984,49.37262134000002,39.121639542625786,52.330472294481766,,
2016-02-38,Bogor,28.241766524234304,52.91369006000002,38.24549262458082,92.93011837313449,,
2016-02-38,Cianjur,26.83428752224647,54.91664978000006,37.45183083760741,52.28356739530605,,
2016-02-38,Garut,29.68379443169833,68.19223946,36.738700107595584,18.33609614604169,,
2016-02-38,Indramayu,34.96093348635322,62.77809578000006,39.6180450381741,42.79903254288357,,
2016-02-38,Karawang,34.97637755372413,52.042094959999986,38.872005591031375,18.023625313205468,,
2016-02-38,Kota Bandung,39.16593012651527,54.70473254000001,46.870998148099105,16.975298212060466,,
2016-02-38,Kota Bogor,27.68146992601459,35.61509083999999,33.31354955683105,99.4037750559763,,
2016-02-38,Kota Sukabumi,40.463555666157966,59.37716588000001,49.37398854800001,4.799739639392689,,
2016-02-38,Purwakarta,35.01474332426894,60.15647444000001,40.37382135806945,28.447783444580903,,
2016-02-38,Subang,32.60601110598549,70.75575446000005,39.2365525079081,71.99976928286098,,
2016-02-38,Sukabumi,26.905380891322785,57.37420616000003,36.46923431362396,72.37177463414058,,
2016-02-38,Sumedang,28.35809469026983,40.72161272000005,35.12442894844651,56.66239700608082,,
2016-02-38,Kota Bekasi,23.43664060605264,28.53978944000005,27.946762970000037,98.86476198956028,,
2016-02-54,Bandung,32.89511863282668,83.1358229,40.74658829549269,27.375232761454694,,
2016-02-54,Kota Cimahi,43.87337922088263,55.81217102000005,47.69016786773062,6.762549541356513,,
2016-02-54,Bekasi,25.927773399807528,42.77926076000006,37.624314401694136,60.07924769970197,,
2016-02-54,Bogor,31.070694081507828,50.42195348000001,38.239541672790466,21.554448576172046,,
2016-02-54,Cianjur,31.486956377783105,67.22493980000002,37.2392444158004,5.935741913576921,,
2016-02-54,Garut,29.3039675602162,69.47057894,35.12535491505982,26.113005268499716,,
2016-02-54,Indramayu,32.52646395985438,55.70621240000003,36.8691310149232,42.16681266697377,,
2016-02-54,Karawang,28.407278277393125,55.07729672000005,34.747773314968974,37.38084580153696,,
2016-02-54,Kota Bandung,44.19222927002292,65.24590622000005,48.868830823290104,7.690104613237884,,
2016-02-54,Kota Bogor,39.02279597686743,54.78334700000005,44.312719097006955,0.9042023592430886,,
2016-02-54,Kota Sukabumi,37.59207769057129,51.43026938000003,44.06201573571432,0.8933619696987786,,
2016-02-54,Purwakarta,35.598787665784265,64.1658119,41.62047735198123,17.151051787527354,,
2016-02-54,Subang,34.268331251699486,61.28783906000001,38.37182647048188,63.335642767892686,,
2016-02-54,Sukabumi,31.364988101267496,53.61780218000001,35.87105869820969,11.785521419635241,,
2016-02-54,Sumedang,34.61004046202094,62.446547839999994,39.873255749768774,34.07031875551655,,
2016-02-54,Kota Bekasi,34.90109572459364,48.55913257999998,40.42441326960952,30.98156147422667,,
2016-02-54,Kota Depok,37.51436703321713,53.173459579999985,45.62238190916797,18.75375703166306,,
2016-03-70,Bandung,32.8394848300687,78.36084896,40.24454003685994,52.29590716132107,,
2016-03-70,Kota Cimahi,39.91022198002097,54.39027470000002,46.1658971218182,66.40827370727337,,
2016-03-70,Bekasi,39.55845754179132,57.79462262000004,44.43754573078222,24.270713151823813,,
2016-03-70,Bogor,37.645772961326564,60.16672849999998,43.12343191824512,36.23921952246307,,
2016-03-70,Cianjur,30.663193042317378,60.16331048000001,39.37351036355787,33.24143876261087,,
2016-03-70,Garut,20.893162351423644,48.49419020000005,28.124673001649313,53.056532294119194,,
2016-03-70,Indramayu,32.216234416296494,52.35997082000006,35.93734801712576,40.231602347778036,,
2016-03-70,Karawang,37.31504791524604,59.052453979999996,41.12223369200644,11.97618314016052,,
2016-03-70,Kota Bandung,41.69988073105518,57.45623864000004,46.30937760259852,7.052503499456689,,
2016-03-70,Kota Bogor,40.78430260262042,56.071940540000014,46.68728058128429,42.773209014467604,,
2016-03-70,Kota Sukabumi,42.30958747634194,59.626681340000005,49.18996235119997,12.934195298419905,,
2016-03-70,Purwakarta,35.810821608835326,62.00220524000002,41.12166781999447,24.687719607726006,,
2016-03-70,Subang,33.18199195943881,68.91002365999998,38.121296862166204,34.60450141348906,,
2016-03-70,Sukabumi,34.126591600069084,56.071940540000014,39.622803721953495,26.6711829887752,,
2016-03-70,Sumedang,30.922037976409126,55.65494210000003,35.37452505797843,31.43068242486618,,
2016-03-70,Kota Bekasi,43.17719252547737,59.32931359999998,49.69977468285716,66.1204426034711,,
2016-03-70,Kota Depok,41.77711376747745,55.50796724000003,48.557597958775396,48.49245868534357,,
2016-03-86,Bogor,11.364493806187792,20.524532539999996,15.30772254800002,99.80905399652822,,
2016-03-86,Cianjur,18.062608600786966,41.68891238000003,28.239843604565575,79.08634989060678,,
2016-03-86,Indramayu,14.009312909450216,27.54172760000006,25.63120978454548,78.59412615058777,,
2016-03-86,Kota Sukabumi,19.601071314583447,27.606669979999992,25.184433140000024,76.31364422995965,,
2016-03-86,Subang,17.21289666727036,35.97398294000004,28.740315896766223,88.22802527737974,,
2016-03-86,Sukabumi,17.518324098275937,45.49316864000002,32.24583460650975,74.67428395621413,,
2016-03-86,Sumedang,10.088083449351283,27.432350960000008,23.62411956911727,89.67405797132606,,
2016-04-102,Bandung,25.23391385062241,40.72844875999999,35.32109877849578,95.37812372214968,,
2016-04-102,Bekasi,26.379911211887926,49.8101279,33.121557959361645,46.062342643117766,,
2016-04-102,Bogor,16.73449303285897,37.48474778000002,29.867929016566592,93.75351761766967,,
2016-04-102,Cianjur,20.418295570912406,50.67830498000001,36.24372934631455,80.02128918435531,,
2016-04-102,Garut,13.163730624038294,55.901039540000056,26.244628573436838,64.12979849062984,,
2016-04-102,Indramayu,16.72726709939438,38.19569594000001,20.436876865806475,13.625965880108057,,
2016-04-102,Karawang,26.000053829590495,50.22029029999999,33.73694535053723,19.524081182969162,,
2016-04-102,Kota Bogor,14.721356038181826,15.530805320000013,15.530805320000013,99.99120852559264,,
2016-04-102,Purwakarta,25.944216894685262,46.31691146000003,34.24023756460337,29.827302416451957,,
2016-04-102,Subang,8.601361632038806,39.27579026000001,16.237125578010993,71.2411093989165,,
2016-04-102,Sukabumi,23.774473183184146,61.851812360000054,39.491024557690004,68.2127190333499,,
2016-04-102,Sumedang,12.197646681340519,24.44500148000003,18.369164886561492,70.35676955883179,,
2016-04-102,Kota Bekasi,17.96729903259997,30.38210221999998,26.577086400000024,84.6312934455192,,
2016-04-102,Kota Depok,13.98628189810849,27.008516480000026,21.05774366,98.97581644345624,,
2016-04-118,Bandung,27.036185014347126,59.411346080000044,35.12464245429329,75.4189022912476,,
2016-04-118,Bekasi,40.12654416881094,53.88098972,46.74562655928637,74.22159845874418,,
2016-04-118,Bogor,32.7968800557394,59.773656200000005,45.24627868473668,74.55448011768141,,
2016-04-118,Cianjur,31.633377987535347,68.98522009999999,37.239525021761935,72.84591881672232,,
2016-04-118,Garut,30.418899157710214,67.88803568000003,35.873992845045755,49.06265212669103,,
2016-04-118,Indramayu,32.40137860590025,45.92383916000006,38.186987415262195,0.44983836060252663,,
2016-04-118,Karawang,-0.7910765633605009,27.72630068000001,25.226588720000013,99.64801867830435,,
2016-04-118,Kota Bandung,31.765775568251062,47.16116240000002,36.87419149210272,77.99787839206968,,
2016-04-118,Kota Bogor,39.6125627454053,56.66667602000001,47.87343716691146,7.670979838187357,,
2016-04-118,Purwakarta,-48.23235777999997,-48.23235777999997,-48.23235777999997,99.99990641084501,,
2016-04-118,Subang,28.328307354499696,63.738559399999986,37.241888269920864,84.83879932610085,,
2016-04-118,Sukabumi,33.69266346248688,50.55525626000002,39.73682009591136,64.9420757510674,,
2016-04-118,Sumedang,28.984721484389233,49.29742490000001,36.623844962267825,28.824618376422094,,
2016-04-118,Kota Bekasi,43.25336077921857,59.38741994000003,48.81234822430902,0.0,,
2016-04-118,Kota Depok,35.81316298594881,55.60367180000003,46.24564865482424,19.5700360855663,,
2016-05-134,Bandung,32.26986057254376,75.70846544000005,40.24268940133335,18.232083739340332,,
2016-05-134,Kota Cimahi,41.48612695402122,53.057246899999996,46.30792939438522,10.012430449629415,,
2016-05-134,Bekasi,44.311164802844466,58.20478502000003,50.31381763423165,3.953662088036551E-4,,
2016-05-134,Bogor,37.934487969639015,64.95195650000005,47.37380911005948,7.387117543376025,,
2016-05-134,Cianjur,31.132397843617255,62.145762080000054,40.46802202109073,41.0351909779602,,
2016-05-134,Garut,30.89125239834374,57.30584576000001,36.872943171031864,2.751180332625158,,
2016-05-134,Indramayu,41.474518067472964,65.31768464000004,43.937235860731846,0.0,,
2016-05-134,Karawang,37.96759342275615,57.07683842000006,43.18592376738958,0.01568183697493131,,
2016-05-134,Kota Bandung,41.94895763955282,56.05826846000002,45.87263098075492,11.399033354455653,,
2016-05-134,Kota Bogor,43.63742418681985,59.609591239999986,49.31193134844478,0.2476186936019474,,
2016-05-134,Kota Sukabumi,32.48214714201409,47.25344894,38.376991857967084,80.66535563924822,,
2016-05-134,Purwakarta,37.437775893195834,62.07056564000004,44.621648258377625,4.648594277944739,,
2016-05-134,Subang,37.15309631028538,73.22014688000002,43.622669032761245,2.178716701278095,,
2016-05-134,Sukabumi,32.07545652193815,52.53428984000004,37.45599923491404,46.74983442895534,,
2016-05-134,Sumedang,33.72148404752999,60.68284951999999,39.73633356040242,3.3818915592760663,,
2016-05-134,Kota Bekasi,47.557201047133894,60.734119820000046,53.06380277442625,0.0,,
2016-05-134,Kota Depok,49.17012420140416,62.391859520000025,55.56246846837903,0.16370263439522276,,
2016-06-166,Bandung,11.263491751125152,34.777675939999995,20.87452349353852,87.95159010908999,,
2016-06-166,Bogor,3.381601308065677,24.031421060000014,15.123580772703972,98.3890190957766,,
2016-06-166,Cianjur,2.6657908471602703,35.61850886000002,17.747231462280574,87.3436179132271,,
2016-06-166,Garut,11.357936989064912,37.69324700000004,23.230997944426818,35.80414643367993,,
2016-06-166,Kota Bogor,11.5898114805782,26.864959640000052,22.373135426250013,69.70047023575036,,
2016-06-166,Subang,-4.660765102705086,6.196192699999983,5.201548880000011,99.91838621621005,,
2016-06-166,Sumedang,5.950772084588026,28.225331600000004,20.61570185180799,72.4433575240999,,
2016-06-166,Kota Depok,-4.67038405855953,-1.3815576399999827,-2.0856697599999734,99.83857006342458,,
2016-06-182,Bandung,30.6614980884471,72.82707458000004,37.74109972843676,22.54818561409194,,
2016-06-182,Kota Cimahi,36.96410295660922,47.42434994000001,41.68928035485975,32.332866589998865,,
2016-06-182,Bekasi,36.11700994265457,49.99811900000003,41.812710774085744,0.6942284977957286,,
2016-06-182,Bogor,33.83578553926386,56.13004688000001,41.1237017111865,6.706732912240716,,
2016-06-182,Cianjur,28.846596663975333,54.93715789999999,35.23917583096183,42.2521971458529,,
2016-06-182,Garut,24.021266170691035,50.93807450000003,34.48529257600319,38.24787696821727,,
2016-06-182,Indramayu,34.54062430436153,58.69697990000003,37.364435812100076,0.14393158237077855,,
2016-06-182,Karawang,29.081675373618996,51.69687494000004,35.6187309458484,0.4948155101725957,,
2016-06-182,Kota Bandung,37.89115767580994,49.6050467,41.93679512529963,13.58471560735646,,
2016-06-182,Kota Bogor,41.62498887447331,56.55729938000002,46.686606724549705,0.0,,
2016-06-182,Kota Sukabumi,27.955722094185084,40.12687724,32.18383342765354,14.121438793846993,,
2016-06-182,Purwakarta,31.45102646560939,50.350175060000026,36.37095162438769,8.273501675915451,,
2016-06-182,Subang,32.36928848122211,70.35584612000002,37.373804397338546,8.581008522967897,,
2016-06-182,Sukabumi,28.141325937884385,48.008831360000045,35.43388298843631,41.66866229121631,,
2016-06-182,Sumedang,30.416376976092984,52.438585279999984,35.122290850641626,24.654308843373673,,
2016-06-182,Kota Bekasi,39.580274371642126,51.49521176000002,43.93875682027655,0.0,,
2016-06-182,Kota Depok,40.88781344475312,53.60754812000005,46.37018112498473,2.2963770162981363,,
2016-07-198,Bandung,23.961552299291665,36.13121186000001,27.436185018399808,81.73459921060767,,
2016-07-198,Bekasi,24.879032268838667,32.79864236000003,28.19027897089286,85.81290914781492,,
2016-07-198,Bogor,24.821189605640335,42.84762116000002,30.12384693054544,56.996378433701324,,
2016-07-198,Cianjur,27.046572305836662,62.22095852000001,31.87379967633052,39.619793287840274,,
2016-07-198,Garut,20.641102489549873,43.54489724000001,27.121424997909152,72.3094610454713,,
2016-07-198,Indramayu,22.11120588548301,38.773341319999986,26.37481557200002,56.543361762804814,,
2016-07-198,Karawang,23.773050996002677,36.73620140000003,27.06341600617921,50.85314840079589,,
2016-07-198,Kota Bogor,31.706840099209764,43.35007010000004,37.689001688535,44.17513419378627,,
2016-07-198,Kota Sukabumi,29.954841515790722,42.276811820000034,34.063905111703114,34.89077555010569,,
2016-07-198,Purwakarta,22.65939380281909,36.148301960000026,25.86963067078535,61.547488319168295,,
2016-07-198,Subang,21.281012191812835,41.66156822000005,25.621233829418795,91.01939732353621,,
2016-07-198,Sukabumi,29.024137419482408,47.08938397999998,32.619163272043416,28.350774570091158,,
2016-07-198,Sumedang,10.619482908071834,19.76231408000001,17.08386815750002,99.72134825616196,,
2016-07-198,Kota Bekasi,16.663249314736856,19.461528320000014,19.461528320000014,99.8523817721195,,
2016-07-198,Kota Depok,27.141094429096295,36.16197404000002,30.937028757286587,58.82049017357191,,
2016-08-214,Bandung,29.228282804866982,70.01062610000002,36.87500617064882,38.08885024213463,,
2016-08-214,Kota Cimahi,38.82523022330596,46.443378199999984,41.81404896760952,10.83104372470805,,
2016-08-214,Bekasi,38.1455904309671,54.93715789999999,43.37244576292124,0.1839476751708044,,
2016-08-214,Bogor,31.65691687417821,56.50944709999999,41.62392110253707,58.26370739082374,,
2016-08-214,Cianjur,28.55000952523028,66.69514670000001,35.24326006140624,42.16849698191538,,
2016-08-214,Garut,27.856140296935806,67.06429286000002,33.62320103174014,37.693739319688646,,
2016-08-214,Indramayu,36.102294771476785,63.48904393999999,39.31128489131008,0.0,,
2016-08-214,Karawang,34.321228668133685,53.81604734000001,39.37211071037789,3.803147977622806,,
2016-08-214,Kota Bandung,36.96835219437647,48.91118863999998,41.61721396051438,19.67317624731048,,
2016-08-214,Kota Bogor,32.78957412273472,44.064436279999995,38.43905840927546,2.6364613127642733,,
2016-08-214,Kota Sukabumi,30.375864173633907,44.81298265999999,35.940732350143556,24.893443823950978,,
2016-08-214,Purwakarta,31.967894744040446,52.50694568000006,37.62173952118539,5.431610397687616,,
2016-08-214,Subang,32.04427940587275,70.77284456000001,37.873268136437,10.944251139261278,,
2016-08-214,Sukabumi,25.230885968883328,43.162079000000006,30.12243476223566,60.70114010322616,,
2016-08-214,Sumedang,30.29225475730924,47.745643820000055,35.62268960751253,29.55595260531044,,
2016-08-214,Kota Bekasi,41.380342739000376,54.44154500000002,47.30605310146344,0.0,,
2016-08-214,Kota Depok,33.567554286136975,48.73686961999999,42.36996161367982,64.85785230862699,,
2016-08-230,Bandung,32.51605058547003,75.12740203999999,40.74504764497962,24.742010727338428,,
2016-08-230,Kota Cimahi,44.456746222219365,53.39221286000003,47.55821344397647,0.0,,
2016-08-230,Bekasi,40.34407315769302,54.451799059999985,47.46948418209912,19.571814601500197,,
2016-08-230,Bogor,35.59345046375835,62.74391558000002,45.485435765507816,10.910175405782569,,
2016-08-230,Cianjur,32.609115183692445,68.17514935999998,39.374031497241376,6.84232469649685,,
2016-08-230,Garut,29.637118079258524,66.13117340000002,34.12258137113338,21.71848366231341,,
2016-08-230,Indramayu,40.66603527488842,71.35390796000002,44.62337031929093,6.128127278264321,,
2016-08-230,Karawang,37.57740622173327,53.61780218000001,41.936005637089835,16.047559192745318,,
2016-08-230,Kota Bandung,41.208094691318266,56.78630672000003,45.185497846863505,3.1431470363710488,,
2016-08-230,Kota Bogor,42.242584998678815,60.323957420000056,50.1214771996826,0.03543857437576381,,
2016-08-230,Kota Sukabumi,37.44860059316886,51.36532699999998,42.435818815063826,0.007428054918668617,,
2016-08-230,Purwakarta,36.228765674457925,57.155452879999984,41.62071361551974,14.612801137331225,,
2016-08-230,Subang,36.22447780707441,71.27871152,42.12394305411063,24.0508546248581,,
2016-08-230,Sukabumi,32.58711878351038,55.39517258000001,36.87276057020268,6.862788315524276,,
2016-08-230,Sumedang,33.054142013045194,56.83074098000003,38.87466279064022,33.69179824553626,,
2016-08-230,Kota Bekasi,44.995133993072244,56.42399660000001,50.565510320000016,1.344478709430891,,
2016-08-230,Kota Depok,46.22216058648203,57.329771900000026,51.683063831812866,0.3062109587209158,,
2016-09-246,Bandung,25.387730678060777,70.70448415999999,34.87408686446695,10.794489800641834,,
2016-09-246,Kota Cimahi,37.30579653862484,46.83303248000004,40.801514444771186,0.0,,
2016-09-246,Bekasi,32.17128983511906,43.914043400000025,36.061242897638806,25.267790074735874,,
2016-09-246,Bogor,28.35264689196973,53.82971942000006,35.87369663813001,35.82139818831095,,
2016-09-246,Cianjur,27.425514121776164,62.60035874000005,33.74144393036965,6.17090759622157,,
2016-09-246,Garut,21.452966234107123,54.09290696000005,27.87213168871576,2.410496376292946,,
2016-09-246,Indramayu,29.818875329901466,59.558320940000044,33.61929830138617,15.386264137176218,,
2016-09-246,Karawang,28.67341153825178,42.56734352000001,33.81073180218656,27.587575722176926,,
2016-09-246,Kota Bandung,38.17636975025636,53.11877126000002,42.68520993410909,0.06904461106758146,,
2016-09-246,Kota Bogor,34.30080421397501,47.520054500000015,40.43861924670229,49.55175233830501,,
2016-09-246,Kota Sukabumi,33.760241734585456,49.79987384000003,39.183020363636395,17.93842492027948,,
2016-09-246,Purwakarta,25.210394824263258,45.57520112000003,30.62179985688957,23.562798420094673,,
2016-09-246,Subang,25.81265031907953,61.41430580000002,31.872646246460278,31.851576290726463,,
2016-09-246,Sukabumi,28.20790263220229,48.57280466000003,33.373420954634945,6.982116652857349,,
2016-09-246,Sumedang,25.006300831381246,52.54454390000001,33.87421283427668,8.073195622544821,,
2016-09-246,Kota Bekasi,28.087038334429185,42.61519580000004,36.441763391428594,73.68092156139572,,
2016-09-246,Kota Depok,32.01156887089872,48.23100266000006,39.1882563127235,55.91609809910746,,
2016-09-262,Bandung,34.73129648500101,64.10770556,43.122977192874934,57.97672959872779,,
2016-09-262,Kota Cimahi,39.96687744391653,44.61473750000005,43.09489049257144,63.310733973942575,,
2016-09-262,Bekasi,37.584290443904884,53.446901180000054,43.36645462508152,65.80397334505376,,
2016-09-262,Bogor,35.08817629599282,54.711568580000005,43.1210610531766,80.93633666972819,,
2016-09-262,Cianjur,35.553654449808555,59.445526280000024,42.24602823388889,71.49316000410293,,
2016-09-262,Garut,31.7956648987968,57.28875565999999,36.621723906118504,73.68636884122604,,
2016-09-262,Indramayu,36.43805321605474,45.52393082000003,40.56435244201839,56.502011255025295,,
2016-09-262,Karawang,37.34873078965248,57.54852518000001,44.37565582994445,29.20813598453892,,
2016-09-262,Kota Bandung,37.30291615706838,50.172438020000016,43.81277618000002,84.4968726852635,,
2016-09-262,Kota Bogor,37.2397703000163,50.715903200000014,45.8002507526316,97.06291100730517,,
2016-09-262,Kota Sukabumi,39.57518592851493,50.008373060000054,45.29939945857144,79.13812570074951,,
2016-09-262,Purwakarta,37.77728926864063,66.52766372000002,43.621925864370596,36.91657243061485,,
2016-09-262,Subang,34.77157198436452,70.90956535999999,40.62285291782124,48.91031149930403,,
2016-09-262,Sukabumi,35.37403976845108,59.161830620000046,41.12191013069602,70.89196733207815,,
2016-09-262,Sumedang,33.55759394025111,58.94991338,40.12065645585192,57.79677932581745,,
2016-09-262,Kota Depok,36.1572069237518,46.20753481999998,43.93144725035268,97.91103296413158,,
2016-11-310,Bandung,15.92305726576313,52.01816882000003,26.750855191888682,52.32844454425541,,
2016-11-310,Kota Cimahi,13.840499511532684,22.13441996000006,19.594831100000007,93.68651849570706,,
2016-11-310,Bogor,4.283599979782623,9.364697240000055,6.474191660000012,99.95839534016838,,
2016-11-310,Cianjur,10.832747804457782,31.298131580000017,17.86953101040087,87.74306192429428,,
2016-11-310,Garut,10.751227816247345,28.52269934000003,20.373783216299124,90.73528678217933,,
2016-11-310,Indramayu,20.686975992040924,43.95505964000006,23.56491829700002,0.0,,
2016-11-310,Kota Bandung,22.751672342327243,37.04040517999999,29.120198510237564,18.89767271699938,,
2016-11-310,Purwakarta,6.99834296085343,24.140797700000007,13.874974846706076,78.11144771738361,,
2016-11-310,Subang,11.601784651167181,44.92235930000004,18.62007965132333,25.28124038830627,,
2016-11-310,Sukabumi,6.645772591032781,19.97081330000003,15.37315536996859,90.25777499039572,,
2016-11-310,Sumedang,18.27862059333993,40.69768657999998,25.375218384663015,11.852451924645752,,
2016-12-358,Bandung,18.848464304766328,45.195800899999995,28.12459801305584,67.67293787326982,,
2016-12-358,Bekasi,25.90293088746751,49.52643224000002,36.49352595079849,73.40192010651272,,
2016-12-358,Bogor,24.660938662617447,50.52449408000001,38.48662552132523,67.81909513974279,,
2016-12-358,Cianjur,16.917187846380664,35.08187972000002,25.620863780319482,88.91030518227223,,
2016-12-358,Garut,15.37602709273379,47.91654482000001,24.875236311461403,64.58894450044606,,
2016-12-358,Indramayu,12.96316035509089,30.453880640000023,19.621482816293124,3.9139968605263324,,
2016-12-358,Karawang,26.428665985076723,44.59764740000003,34.241047589198836,14.64159963632449,,
2016-12-358,Kota Bandung,25.899703693858953,37.37878916,32.81324118695881,84.1371900365028,,
2016-12-358,Kota Bogor,29.995182905861572,51.23202422000003,41.873817559729915,69.84071384139452,,
2016-12-358,Kota Sukabumi,4.640333777035396,9.330517040000018,6.828526399999987,99.93824519048007,,
2016-12-358,Purwakarta,23.578828547643074,45.18554684000003,31.875413219187934,6.390417995045908,,
2016-12-358,Subang,18.0466332514469,54.46547113999998,27.745296010036846,30.28292139114017,,
2016-12-358,Sukabumi,16.323653912751716,33.50275448000002,25.869538350713917,95.15874214622485,,
2016-12-358,Sumedang,5.067234200395572,31.629679520000025,22.89252176683067,93.12074861814708,,
2016-12-358,Kota Depok,16.793728566953604,33.31134536000002,27.863369375964815,98.76149367382462,,
2017-01-08,Bandung,17.141000470994626,30.55300322000005,22.122568097180302,96.99411232233244,,
2017-01-08,Bekasi,21.61818514370965,36.28502276000006,29.380090445841486,89.55724054152164,,
2017-01-08,Bogor,21.2179891886791,38.558006060000025,28.623255824155812,83.18108215304781,,
2017-01-08,Cianjur,18.909146288143052,36.821651900000006,25.37400880752431,93.17246630794614,,
2017-01-08,Garut,13.899323268236303,39.313388480000015,19.12270024438769,92.35529448310346,,
2017-01-08,Indramayu,20.262297912219193,41.459905040000024,22.858150844450662,10.28529382206246,,
2017-01-08,Karawang,20.79223910584213,39.70646078000004,26.876561069431666,62.65421831727534,,
2017-01-08,Kota Bogor,23.679001012465164,34.19319452000002,30.110255843982962,90.10152382108765,,
2017-01-08,Purwakarta,19.251658973421137,38.575096160000044,24.370704639631022,55.846399135318435,,
2017-01-08,Subang,19.908077816530792,50.52791209999998,24.36881326302738,64.41539403793402,,
2017-01-08,Sukabumi,15.011624040765858,24.277518500000042,20.310068989798676,98.84242560126492,,
2017-01-08,Sumedang,17.198927359067525,23.82292184000005,21.05831701419332,89.71721008880328,,
2017-01-08,Kota Bekasi,22.8036212162355,35.30746904,28.93245962000002,77.49215653767831,,
2017-01-08,Kota Depok,28.710490262122864,43.011686120000036,36.619553701968485,36.63167314102046,,
2017-01-24,Bandung,29.649396382026865,56.892265339999994,38.743896151434754,63.8593126417098,,
2017-01-24,Kota Cimahi,39.88480227111074,47.88578264,42.9414432361291,0.0,,
2017-01-24,Bekasi,29.406847079124912,44.87450702000001,37.12579834085776,65.8385426446078,,
2017-01-24,Bogor,26.44117818976696,48.039593540000055,37.625500776992645,90.69367039087108,,
2017-01-24,Cianjur,27.422048394761017,44.58055730000001,33.621903471398106,94.23635455502149,,
2017-01-24,Garut,22.36491411418791,30.44362658,28.309805522857157,99.87101410043245,,
2017-01-24,Indramayu,33.54597418564465,60.95970914000003,37.12459407358721,2.172158540434092,,
2017-01-24,Karawang,25.579748829067164,40.84124342000001,30.876057849980622,69.43178291610936,,
2017-01-24,Kota Bandung,39.54756152015101,53.152951460000054,44.12058708564098,11.77565864193165,,
2017-01-24,Kota Bogor,35.0755192913879,45.800790440000014,40.313608952099585,55.022271578454664,,
2017-01-24,Kota Sukabumi,25.64480472490861,31.93046528000002,31.06442446250002,99.01897969985416,,
2017-01-24,Purwakarta,31.36020229388645,54.499651340000014,37.87342163806532,21.89476122929173,,
2017-01-24,Subang,30.253500625971423,65.78937140000005,35.372013621853796,28.446119748710334,,
2017-01-24,Sukabumi,23.071084751608396,39.689370680000025,29.310335098376065,97.34558918713135,,
2017-01-24,Sumedang,29.80804873640502,56.32145600000001,36.372857996989694,18.966822661815126,,
2017-01-24,Kota Bekasi,33.12507542483647,41.86323140000002,38.1702658712,68.99816443439765,,
2017-01-24,Kota Depok,30.93633302463777,43.17233306000003,36.616177407766855,87.61079292269972,,
2017-03-72,Bandung,28.556861510121983,70.01062610000002,37.74416368223512,13.452091371643341,,
2017-03-72,Kota Cimahi,41.45027682179809,50.81844380000001,44.68528098527226,0.0,,
2017-03-72,Bekasi,34.605667657335644,58.167186800000025,41.23376421926446,36.928315435383944,,
2017-03-72,Bogor,29.511131337400457,62.37135139999998,40.24484453463374,53.79392084570961,,
2017-03-72,Cianjur,30.457520770227852,69.6175538,38.24212039797229,4.633789881016454,,
2017-03-72,Garut,29.927220200410147,74.26264298000001,37.87457821355528,1.8617561551200676,,
2017-03-72,Indramayu,31.351491965464476,48.777885860000026,36.86761638914863,29.254741586753287,,
2017-03-72,Karawang,32.33795443488984,51.628514540000026,38.87674141052527,5.447737435986365,,
2017-03-72,Kota Bandung,38.62849417459425,52.81456748000005,45.124250352728986,30.738417370318626,,
2017-03-72,Kota Bogor,41.11979557146265,59.99240947999999,49.124604823755234,20.88686325239233,,
2017-03-72,Kota Sukabumi,38.065359496952254,50.90731232000002,45.314580582775505,0.0,,
2017-03-72,Purwakarta,29.426563338101527,51.78232544000002,36.37146305062521,22.168760586183144,,
2017-03-72,Subang,30.56394321493313,63.441191660000015,36.23947085705576,31.177516717432418,,
2017-03-72,Sukabumi,31.485662870208618,56.051432420000026,37.74066238326707,7.148143625576969,,
2017-03-72,Sumedang,29.15158435992343,55.087550780000015,35.872548778965175,47.61722891379046,,
2017-03-72,Kota Depok,33.530124994744085,51.14315570000002,44.370007268000016,99.10869210642069,,
2017-03-88,Bandung,18.40336138730081,43.162079000000006,27.24177567606577,85.75715506696979,,
2017-03-88,Kota Cimahi,26.711434950133054,34.67171732000003,32.02421668571431,79.56809400306982,,
2017-03-88,Bekasi,31.492324256816786,50.302322780000054,39.620901135202196,5.620933833739236,,
2017-03-88,Bogor,31.48873745918667,56.49919304000002,41.74444250835346,24.336081053497235,,
2017-03-88,Cianjur,21.653458635704997,50.910730339999986,31.62370366282369,76.80553991496554,,
2017-03-88,Garut,18.283128172079685,47.94388898,27.62041160262464,87.24114966457405,,
2017-03-88,Indramayu,32.04202466890976,65.93292824000002,37.23393157350004,5.734468923539786,,
2017-03-88,Karawang,30.256928642071603,48.36088742000004,38.37565961732194,1.2550348718145428,,
2017-03-88,Kota Bandung,28.359020555563266,43.47995486000002,35.06120069900001,93.40586078448693,,
2017-03-88,Kota Bogor,36.06468943651673,57.93476143999999,46.62406388471618,10.569201424776749,,
2017-03-88,Kota Sukabumi,22.36279869862072,27.84934940000005,27.042696680000006,99.67687961103792,,
2017-03-88,Purwakarta,24.13527859145276,43.87302715999999,32.873712320313416,68.80318220691876,,
2017-03-88,Subang,22.89657063003346,59.82834452000003,31.742118099304204,71.78020711545827,,
2017-03-88,Sukabumi,22.724237274711165,44.27293550000002,31.242791879044006,86.73032673247656,,
2017-03-88,Sumedang,24.80740558680815,40.34904854000001,31.87290416391052,44.62135448441268,,
2017-03-88,Kota Bekasi,34.5831729055411,49.584538580000014,40.188654786666696,2.444390359150107,,
2017-03-88,Kota Depok,42.581673494806864,59.47287044000001,49.62662372230283,1.3216526953328098,,
2017-04-104,Bandung,27.409629924774563,63.97782080000002,33.74581409300927,77.30450063155234,,
2017-04-104,Kota Cimahi,24.676820417096796,27.661358300000018,27.01877053999999,99.49283765511997,,
2017-04-104,Bekasi,30.64641462881436,39.26895422000001,35.812431878580675,91.05188580772177,,
2017-04-104,Bogor,27.59607264662192,51.385835120000024,33.37224040965195,66.56217435617961,,
2017-04-104,Cianjur,25.653940531022034,37.806041660000005,29.874450026443743,87.093407810088,,
2017-04-104,Garut,26.07540130347724,58.66279970000005,30.37156615273927,65.06041687915112,,
2017-04-104,Indramayu,25.710002333767882,33.62922121999998,30.560588415068512,74.12012427486106,,
2017-04-104,Karawang,29.468830679721773,35.738139560000036,32.867691319434634,91.59495761149059,,
2017-04-104,Kota Bandung,33.466512519112364,44.94628544,38.3115791934573,64.75339036431514,,
2017-04-104,Kota Bogor,25.69992902673644,33.79670420000002,30.05993631559789,61.803265858793466,,
2017-04-104,Kota Sukabumi,32.83221168555321,47.77982401999998,37.4373227525,28.52626516524797,,
2017-04-104,Purwakarta,25.60633458972919,38.40077714000006,30.859471953012054,99.10665422165114,,
2017-04-104,Subang,26.63392003360154,39.99357445999999,30.61869979682262,91.3308652849159,,
2017-04-104,Sukabumi,26.533593647099952,48.05668364000002,32.370906893493455,67.56671920198629,,
2017-04-104,Sumedang,27.26883266301961,46.932155060000014,33.37027942910264,89.16208632208172,,
2017-04-104,Kota Bekasi,27.162378546447336,28.09886486000005,28.00316029999999,99.8002140289016,,
2017-04-104,Kota Depok,33.0566465270171,49.21197440000003,40.11834528527181,57.51490769646489,,
2017-04-120,Bandung,28.04968261665237,64.66142480000002,34.74399476490864,40.1134633625763,,
2017-04-120,Kota Cimahi,32.76332836329286,48.29252702000002,41.36466216062418,61.244777206244436,,
2017-04-120,Bekasi,29.76222872838775,50.49373190000006,37.62257362828503,54.35069990229873,,
2017-04-120,Bogor,31.976732499977487,55.59341774000001,39.871685564694516,48.621266196125006,,
2017-04-120,Cianjur,26.257036838607615,51.50546582000004,35.74504894467239,28.76079720449224,,
2017-04-120,Garut,27.13927704796913,49.69391522000001,33.2381313054533,28.82844041048167,,
2017-04-120,Indramayu,38.25171397447543,67.15999742000002,40.86821416821717,0.058544216872705654,,
2017-04-120,Karawang,34.417986289102075,56.01041617999999,40.12093139362566,13.42354141050043,,
2017-04-120,Kota Bandung,33.71721317020736,53.88440774000003,41.238771470264865,59.58933621251852,,
2017-04-120,Kota Bogor,38.95740464712361,52.78380530000004,44.93737365399157,0.0247853759762572,,
2017-04-120,Kota Sukabumi,37.55490688316929,50.192946140000004,44.4331402963889,0.7177467301265298,,
2017-04-120,Purwakarta,34.29217768691281,59.52072271999998,40.3721729965323,18.258105727354305,,
2017-04-120,Subang,36.249027242756696,76.88768234000003,42.2369975314238,20.857342116097804,,
2017-04-120,Sukabumi,31.617075142467087,52.77696925999999,36.62176834206852,9.62918999353819,,
2017-04-120,Sumedang,31.707083092360218,52.41124112,38.240593192213154,41.30127088123617,,
2017-04-120,Kota Bekasi,23.774619070928697,36.81139784000004,29.06673419000002,78.52140355595623,,
2017-04-120,Kota Depok,29.4377361849655,44.08494440000004,38.624819978965945,43.463493975833885,,
2017-05-136,Bandung,29.363664725553193,72.41349416000003,36.62483713078661,13.962982775624559,,
2017-05-136,Kota Cimahi,37.79607231519286,45.55811102000001,40.30768496476218,0.016360075641290907,,
2017-05-136,Bekasi,33.27243733806065,49.25299064000001,38.8734032764494,23.525569387258606,,
2017-05-136,Bogor,32.267343838840404,51.04745114000002,37.873053599190435,22.614691656319042,,
2017-05-136,Cianjur,30.689909119447286,67.12923524000001,35.87158161392764,15.801583622600893,,
2017-05-136,Garut,27.512184479660267,66.95491622000003,34.1221214643546,12.2129602468753,,
2017-05-136,Indramayu,33.98160711890282,60.40598990000001,36.938813167341856,0.07806695277918811,,
2017-05-136,Karawang,31.884100584594837,50.14851188,35.56188542531038,2.879129392750295,,
2017-05-136,Kota Bandung,37.621585464202056,49.451235800000006,41.685318980828704,0.12631417218565288,,
2017-05-136,Kota Bogor,38.040098718372384,47.256866960000025,42.936767102077575,4.278799624307861,,
2017-05-136,Kota Sukabumi,36.76489813170016,49.05132746000004,42.189791137142784,0.0,,
2017-05-136,Purwakarta,31.887752085166635,50.16218395999999,36.31230029352254,4.5268852709269805,,
2017-05-136,Subang,31.804814757546318,70.0448063,36.87434322753715,3.7677587539997512,,
2017-05-136,Sukabumi,32.59681632026279,53.78528516000006,37.373589552705084,7.376060170508265,,
2017-05-136,Sumedang,29.925512593954537,48.37797752000006,34.937733632030806,2.3905595576614576,,
2017-05-136,Kota Bekasi,7.310467220000021,7.310467220000021,7.310467220000021,99.99256451594562,,
2017-05-136,Kota Depok,31.819353845004482,41.68549436000001,37.12465899037464,62.04044528814063,,
2017-06-152,Bandung,0.6735314996978876,41.770944859999986,23.749614523288813,6.092306109271877,,
2017-06-152,Kota Cimahi,-3.0920611735552814,10.909642280000014,1.6932085887711752,0.0,,
2017-06-152,Bekasi,-37.58563188473906,7.0370256200000085,-13.501447568653456,72.17167006399139,,
2017-06-152,Bogor,-15.602899717958467,32.25859520000006,13.499730838169095,46.71564569204378,,
2017-06-152,Cianjur,-5.503520614711022,42.07173062000004,17.48333780673245,21.00054523777647,,
2017-06-152,Garut,-68.73460882653752,32.29619342000001,-1.5082568446471292,10.752114998620952,,
2017-06-152,Indramayu,-56.28179487999998,-52.32714573999999,-52.32714573999999,99.98745083063199,,
2017-06-152,Karawang,-71.89861260918437,-14.325599379999971,-26.753504688352404,92.19065291160399,,
2017-06-152,Kota Bandung,3.164615754516581,29.599375640000005,17.628104187055623,3.1225039675201725,,
2017-06-152,Kota Bogor,-17.050274691401995,10.868626039999981,0.18185304463415333,99.61213456653853,,
2017-06-152,Kota Sukabumi,-23.231663074283805,4.791386480000028,-9.103756477391286,87.70190108685549,,
2017-06-152,Purwakarta,-18.92456404014054,19.58115902000003,1.4797810275908185,68.87906890146625,,
2017-06-152,Subang,-3.2030302322531,27.141819260000034,9.497752737753604,51.72140809824132,,
2017-06-152,Sukabumi,-19.707461819434116,25.832717600000024,4.484777915898748,33.133158238364025,,
2017-06-152,Sumedang,0.5370456442757563,27.58616186000006,16.74650160023533,10.71070527405931,,
2017-06-152,Kota Bekasi,-25.176224863553152,5.885152880000021,-8.279602694159895,1.074520857697783,,
2017-06-152,Kota Depok,-12.457092518270468,24.574886240000012,12.244171924261364,32.098472208702255,,
2017-06-168,Bandung,29.235895047648384,67.02327662000005,35.87343876196517,19.90419417921272,,
2017-06-168,Kota Cimahi,39.04251177874037,47.12698220000004,41.434206208822495,0.04090018910322727,,
2017-06-168,Bekasi,38.365321771784224,52.71544490000002,42.81298330359128,7.805214774181899E-4,,
2017-06-168,Bogor,34.09554098762102,58.38252206000004,41.62345848701195,4.208603308659728,,
2017-06-168,Cianjur,29.88374959161271,60.262433060000035,36.242502345449836,35.78065975356767,,
2017-06-168,Garut,25.83849654683814,44.90868722000005,29.869976055648028,49.41520468863337,,
2017-06-168,Indramayu,37.36624994716113,61.19555251999998,40.188600334936325,0.1393740834408042,,
2017-06-168,Karawang,34.84874465376381,52.47960152000002,39.562016546441654,0.1310108629472289,,
2017-06-168,Kota Bandung,36.5095874868065,48.86675438000003,40.06019349120836,17.074353458453917,,
2017-06-168,Kota Bogor,40.70161085321292,52.63683044000004,46.18496473210302,0.10090293300197574,,
2017-06-168,Kota Sukabumi,35.90014628335128,48.094281860000024,40.68602571298791,0.0018570137296671542,,
2017-06-168,Purwakarta,33.74626838936784,54.858543440000005,39.372340589952806,9.487677434095412,,
2017-06-168,Subang,33.537735115039034,72.6595916,39.37107145926427,4.454440515364633,,
2017-06-168,Sukabumi,30.91625373723459,52.301864480000006,35.37427143292383,22.37555120542488,,
2017-06-168,Sumedang,31.606039742522736,46.63478731999999,36.31045906913542,24.475626321286263,,
2017-06-168,Kota Bekasi,42.04614551057699,55.73697458000004,47.8178166269231,0.03246068199892878,,
2017-06-168,Kota Depok,41.263106511650875,52.70177282000003,46.312295287493775,0.0013415230186323167,,
2017-07-184,Bandung,24.890572814656007,44.79931058,31.372143235533915,57.50734728705596,,
2017-07-184,Kota Cimahi,28.990851256742797,36.47301386000004,33.02149726400002,73.42664992164813,,
2017-07-184,Bekasi,28.512647224389365,43.914043400000025,35.2474504164225,63.931677086586056,,
2017-07-184,Bogor,26.0471176590736,51.94980842000001,35.12596695833732,30.290912576043798,,
2017-07-184,Cianjur,27.0654755116649,62.935324700000024,32.37187320062123,24.8156555384026,,
2017-07-184,Garut,25.7924939678542,61.85864839999999,31.12192595571299,35.3078945598063,,
2017-07-184,Indramayu,24.854203802310025,35.498878160000004,30.88357441065171,57.87983584635955,,
2017-07-184,Karawang,24.01497645887062,46.54933682000001,31.8727223853834,22.92234171949794,,
2017-07-184,Kota Bandung,27.720705344129826,38.56826011999999,31.614385328813576,93.16587435203112,,
2017-07-184,Kota Bogor,32.34529693515514,42.50240114000002,37.813250226532666,34.81012029401075,,
2017-07-184,Kota Sukabumi,31.012114960541602,43.538061200000016,35.56177319807112,3.1830598983783793,,
2017-07-184,Purwakarta,29.059173263336042,49.13335993999999,34.12282591629533,10.501810614853655,,
2017-07-184,Subang,28.166344099974186,65.06816918000004,34.371311751863345,36.18033910563488,,
2017-07-184,Sukabumi,24.86449034963864,40.325122400000055,29.186536408104374,24.98856291888056,,
2017-07-184,Sumedang,17.27893586348211,31.872358940000026,26.42983257759694,97.25815166155662,,
2017-07-184,Kota Bekasi,32.60541247832464,44.23875529999998,38.052012506666685,12.344626827999239,,
2017-07-184,Kota Depok,34.1754850397793,47.00393348,40.18789042653285,12.291901941015455,,
2017-07-200,Bandung,27.540977054186754,54.40052876000004,35.744928901227055,25.629063694572075,,
2017-07-200,Kota Cimahi,38.2929948741556,45.44873438000002,40.974118947500024,0.016360075641290907,,
2017-07-200,Bekasi,37.41345419383862,53.730596839999976,43.12057897933276,1.9213111728103645,,
2017-07-200,Bogor,33.494778465900204,60.720447740000054,41.37239649047821,5.8280423909064965,,
2017-07-200,Cianjur,28.725925588170888,59.66769757999998,35.7452700158481,29.91034321527495,,
2017-07-200,Garut,25.75793500314817,70.99501586000002,35.73904650780432,27.829573766845478,,
2017-07-200,Indramayu,37.71987835652092,67.00960454000005,40.87393426332293,0.4066928890545784,,
2017-07-200,Karawang,30.49657947043077,50.6475428,38.12026894673548,8.690069022475754,,
2017-07-200,Kota Bandung,35.56423502971035,48.241256720000024,40.23628608242845,11.270372568037644,,
2017-07-200,Kota Bogor,39.182063927926606,51.013270939999984,44.1863808078731,0.0,,
2017-07-200,Kota Sukabumi,34.060370103636444,44.833490780000034,38.81296830025814,0.514669534575556,,
2017-07-200,Purwakarta,32.28743306491723,52.81456748000005,38.121573559165896,9.952399221510763,,
2017-07-200,Subang,32.62348124097774,71.29921964000005,39.240314543467484,15.090911499191009,,
2017-07-200,Sukabumi,30.258496437319913,53.221311860000014,35.373460917327236,15.787281677894393,,
2017-07-200,Sumedang,26.837759489101135,41.92133774000001,35.238085146955214,24.126229020843173,,
2017-07-200,Kota Bekasi,41.33704611405035,53.64514634,47.067221979354855,0.0,,
2017-07-200,Kota Depok,41.55264118741961,52.794059360000006,46.433815466872474,0.0,,
2017-08-216,Bandung,20.450356674038293,53.614384159999986,29.371858314722356,47.748559674906836,,
2017-08-216,Kota Cimahi,24.195805280018646,27.907455740000046,26.904061788800014,63.11399604471114,,
2017-08-216,Bekasi,31.16056252552103,51.13631966000003,38.374839421125834,3.0796144365283293,,
2017-08-216,Bogor,25.5079468783071,44.9907197,33.8752871415102,12.884231339193065,,
2017-08-216,Cianjur,20.015767153586182,61.004143399999975,29.875442416543795,19.374716997697973,,
2017-08-216,Garut,21.332726243593477,64.57255628000001,30.242800915808147,14.837465170828231,,
2017-08-216,Karawang,28.575459908309345,48.85650032000001,36.12347539866837,1.5526962110676419,,
2017-08-216,Kota Bandung,16.842395829514587,20.58263887999999,20.219189420000003,99.88974271410913,,
2017-08-216,Kota Bogor,23.82689205827281,38.89639004000003,31.811658637074014,36.892226647281824,,
2017-08-216,Kota Sukabumi,21.494465455643883,31.670695760000058,25.809405935505637,3.527663387350338,,
2017-08-216,Purwakarta,18.91160978634475,39.983320400000025,30.376081150217573,32.883504134489286,,
2017-08-216,Subang,24.48794509993145,66.67122056000005,36.24481514890963,50.10171389854238,,
2017-08-216,Sukabumi,23.16551147881764,47.403841820000025,31.624774976481692,6.160655992422883,,
2017-08-216,Sumedang,6.31642658000002,8.947698800000012,8.947698800000012,99.99583198377583,,
2017-08-216,Kota Bekasi,21.061936218269505,36.11412175999999,30.117274030400022,70.85763250827894,,
2017-08-216,Kota Depok,27.008322174545583,41.11810304000005,34.87255026749396,21.971160622059134,,
2017-08-232,Bandung,31.042480044207153,77.93359645999999,40.749681012329155,55.9456783603826,,
2017-08-232,Bekasi,31.096874054299427,44.81981870000004,37.55829624607145,85.06365877982887,,
2017-08-232,Bogor,24.52088704944897,37.607796500000006,33.12396147272208,98.33328474568657,,
2017-08-232,Cianjur,30.85833897399874,72.15372464000001,39.741581245536324,85.75547579790947,,
2017-08-232,Garut,31.266216578243302,76.60740470000002,39.871422345721236,31.892393767822075,,
2017-08-232,Indramayu,41.50863401424481,68.24350976000005,46.37395580422977,7.0988749863882035,,
2017-08-232,Karawang,24.47674932397887,37.65564877999998,30.87118800880649,62.91488645999349,,
2017-08-232,Kota Bandung,38.76918619956621,51.23544224,44.12130965150022,16.19572693722136,,
2017-08-232,Purwakarta,17.009562944796816,24.84149180000003,21.909352936195454,99.15336861329567,,
2017-08-232,Subang,31.30158152299579,66.64387640000001,39.736303697907005,80.54273431293734,,
2017-08-232,Sukabumi,19.482383021160082,32.83282256000001,26.570388461818194,99.59092901302064,,
2017-08-232,Sumedang,34.596334602813535,50.975672720000034,40.86081530740713,23.21791616540373,,
2017-09-248,Bandung,20.907124636214167,38.28798247999998,28.814529279050422,95.75957362266503,,
2017-09-248,Bekasi,20.82097307415008,33.84797450000002,24.06931864679275,93.25416733408457,,
2017-09-248,Bogor,18.403053154429944,29.41480256,22.68581735273366,90.31713654305788,,
2017-09-248,Cianjur,25.729113819618842,72.04092997999999,37.744283108914544,73.83539473544965,,
2017-09-248,Garut,23.09507799726621,64.10428754000003,32.12481020936447,43.04759280687116,,
2017-09-248,Indramayu,8.32903718,8.32903718,8.32903718,99.99766380848139,,
2017-09-248,Karawang,18.15786297614602,35.53647638000001,27.310452131791056,58.77303958799599,,
2017-09-248,Kota Bandung,8.76415112600002,9.42622160000002,9.42622160000002,99.99464770456841,,
2017-09-248,Kota Bogor,22.298323434221334,26.861541620000025,24.780327353790778,96.65856900309163,,
2017-09-248,Kota Sukabumi,23.313116413502403,33.51642656000001,27.68458283478316,31.138828598652264,,
2017-09-248,Purwakarta,16.095754639157413,34.51790642000003,23.061767504975126,70.35362013967085,,
2017-09-248,Subang,12.815511021790638,32.17998074000002,19.18929878382981,92.94184597550966,,
2017-09-248,Sukabumi,25.34397050137032,50.80818973999999,38.373814641126806,44.09025994819913,,
2017-09-248,Sumedang,13.622854290150643,22.00111718000005,17.936791573684232,92.52253349227767,,
2017-09-248,Kota Bekasi,20.97192477937027,26.933320040000012,24.921815269999996,94.68369240840889,,
2017-09-248,Kota Depok,22.342301286081288,25.466989460000036,24.467041815862093,98.25396482744094,,
2017-09-264,Bandung,29.080677988150196,69.68933221999998,37.62283076218186,33.30810358009535,,
2017-09-264,Bekasi,35.28882879368119,49.28375282000002,39.812341587275235,51.96700414786064,,
2017-09-264,Bogor,31.529108436008936,50.596272500000055,38.37170104663601,51.067657794273245,,
2017-09-264,Cianjur,30.86747773474993,75.26754086000005,38.12273354974524,21.3423495521591,,
2017-09-264,Garut,28.20532356232084,76.43992172000003,37.12432469434321,1.0111097024130107,,
2017-09-264,Indramayu,33.2382292669773,45.53418488,38.81526903200002,85.56244200012021,,
2017-09-264,Karawang,32.53863332143073,47.66019332000002,38.56225819000444,57.00331798657929,,
2017-09-264,Kota Bandung,35.87218897927524,46.42970611999999,39.31119156986854,26.70746934866342,,
2017-09-264,Kota Bogor,35.79792238770241,46.31691146000003,41.31167090947368,52.243573299004076,,
2017-09-264,Kota Sukabumi,35.814886204660446,46.614279200000055,41.43812240406782,38.3777230011322,,
2017-09-264,Purwakarta,30.95980527530112,49.69049719999998,37.12277570317577,43.1192868881077,,
2017-09-264,Subang,30.636078957272087,69.03307238000002,37.37444716209502,66.79535083499772,,
2017-09-264,Sukabumi,32.06897434746245,53.07091897999999,38.62403596352541,17.22431197226456,,
2017-09-264,Sumedang,30.50305122712233,49.256408660000034,38.374227441606706,77.9287857645199,,
2017-09-264,Kota Bekasi,39.013453843227175,51.96006248000003,46.57014215913046,42.363012581947444,,
2017-09-264,Kota Depok,37.112966306351474,48.043011560000025,42.624147160003695,57.676709401510806,,
2017-10-280,Bandung,32.69513918642555,59.50363262000002,41.74689046909629,75.56891695652595,,
2017-10-280,Bekasi,45.551077907514745,63.99149288000001,51.37173788014451,3.863060146961187,,
2017-10-280,Bogor,37.179722425024984,68.50669730000004,47.48298161799596,33.485294319753116,,
2017-10-280,Cianjur,34.655968080437624,64.68535094000003,43.62476230033457,74.03880593537939,,
2017-10-280,Garut,23.624590366696655,28.286855960000025,26.665859975000018,99.91267101451801,,
2017-10-280,Indramayu,41.724867079541525,54.646626200000014,49.12898060187502,65.03089356848803,,
2017-10-280,Karawang,39.350017069027544,64.23759031999998,47.12259431086145,13.611328158247815,,
2017-10-280,Kota Bandung,40.182521943136855,52.41124112,46.37237196458178,64.21160163557764,,
2017-10-280,Kota Bogor,41.610799625295776,56.7316184,50.62501236207143,22.655237770831878,,
2017-10-280,Kota Sukabumi,41.25389538757557,58.283399480000014,48.56419762518133,14.97679388254525,,
2017-10-280,Purwakarta,37.46949403790609,63.04811935999999,46.123804835699545,21.388699172783145,,
2017-10-280,Subang,37.70405758459134,78.61036442,47.74870103175075,38.553296493553724,,
2017-10-280,Sukabumi,31.58753488446036,52.39073300000001,39.24177786545507,79.36276457051306,,
2017-10-280,Sumedang,37.91848708214976,58.457718500000055,47.37737734283822,58.83651030216113,,
2017-10-280,Kota Bekasi,50.08149501760939,63.92996851999999,57.81875591272728,0.0,,
2017-10-280,Kota Depok,43.094473059980835,58.81661059999999,52.11669459986873,35.74941570534853,,
2017-10-296,Bandung,34.03171797613596,81.57378776000002,44.24746364163013,24.701887541444385,,
2017-10-296,Kota Cimahi,45.49336285239762,54.71498660000003,49.185170922198665,0.0,,
2017-10-296,Bekasi,42.548703215567436,64.48368776000001,48.87344128161995,11.342284570773787,,
2017-10-296,Bogor,37.069767385527456,63.23952847999999,45.6226749010712,36.49584890929622,,
2017-10-296,Cianjur,33.556560440454696,70.17469105999999,41.739311937652644,51.04864086817581,,
2017-10-296,Garut,30.530585193163137,63.07888154,39.12530636037984,57.30916497355313,,
2017-10-296,Indramayu,38.54679426990733,49.15045004000001,40.93500918714297,3.2979062658074767,,
2017-10-296,Karawang,39.01425652135507,64.60331846000003,46.12121519927969,15.510454720508113,,
2017-10-296,Kota Bandung,45.34620443992499,61.540772540000034,50.37090329103898,0.21979673451208376,,
2017-10-296,Kota Bogor,43.352513780571265,60.62816120000002,50.87453201753119,16.083204770426402,,
2017-10-296,Kota Sukabumi,39.77262994798968,54.42787292000003,47.31380806590914,4.31420701435595,,
2017-10-296,Purwakarta,37.155058077976605,65.10234938000002,45.62449142653945,13.676950812136829,,
2017-10-296,Subang,35.80683886013931,71.67178382000003,41.87163705890722,26.44524711408447,,
2017-10-296,Sukabumi,33.29088805846096,57.989449760000014,39.62200915338078,34.20131952566918,,
2017-10-296,Sumedang,36.134803612059635,64.12821368000004,45.623317422457106,40.993337649214446,,
2017-10-296,Kota Bekasi,39.4387593091543,49.33160510000005,45.934703580714306,61.02599741795763,,
2017-10-296,Kota Depok,44.73277580680923,58.61836544000005,50.87149613795418,15.19790559672706,,
2017-11-312,Bandung,18.3418376980247,63.74881346000001,27.23823516814115,60.03033415044221,,
2017-11-312,Bogor,20.587554983415057,38.84511974000003,28.62121933185277,73.32828038324202,,
2017-11-312,Cianjur,22.31800981845278,58.41328424000005,30.74034561595849,46.136330760882245,,
2017-11-312,Garut,20.34924107431455,50.31257684000002,25.372910219847668,67.21902276080374,,
2017-11-312,Kota Bandung,28.760380361013155,38.78701339999998,35.119189405844196,83.91441490700343,,
2017-11-312,Kota Bogor,25.372746020155468,40.40715488000001,33.624178350045966,69.71114850787382,,
2017-11-312,Kota Sukabumi,16.744859370326697,24.615902480000045,23.301331988000022,97.75774695151169,,
2017-11-312,Purwakarta,7.615165745209385,19.58115902000003,16.62939716000002,99.60922340904595,,
2017-11-312,Subang,7.015995363185395,21.320931200000018,13.123378267707754,92.04837864600604,,
2017-11-312,Sukabumi,23.94080923248314,42.539999360000024,30.239423027236707,54.7175853960017,,
2017-11-312,Sumedang,20.186784278799585,34.661463260000005,26.749279773365167,80.79999770703141,,
2017-11-328,Bandung,12.39433908952208,31.933883300000048,22.756208041381743,96.40251765434206,,
2017-11-328,Bekasi,7.828801556125285,25.911332060000007,19.119053443300494,92.46347920811169,,
2017-11-328,Bogor,14.318147871427573,37.50867391999998,27.242480841043612,78.14095072040452,,
2017-11-328,Cianjur,21.98260279252129,40.181565560000024,29.242895833696423,90.27324525936272,,
2017-11-328,Garut,3.9828293673671817,12.83398754000001,10.900527560000038,99.97358074140544,,
2017-11-328,Indramayu,5.894362061819652,21.802872019999995,19.48091688747785,65.7573100723474,,
2017-11-328,Karawang,16.348171376519925,40.70794064000006,27.738691277444012,17.042447801166087,,
2017-11-328,Kota Bogor,14.933506925429496,25.620800360000032,21.872574979723776,70.05681172996444,,
2017-11-328,Kota Sukabumi,20.33125532882796,35.29379696000001,31.818809960000028,98.03403418245223,,
2017-11-328,Purwakarta,20.254694368833402,45.23681714000003,31.467090428999764,33.10882727901152,,
2017-11-328,Subang,12.949809087153364,42.259721720000016,25.478335872078045,45.68051185970419,,
2017-11-328,Sukabumi,13.791691567521049,43.144988900000044,23.742543252756064,93.9974862072963,,
2017-11-328,Sumedang,15.947921292075355,32.87042078000002,26.45115149001817,75.50606742909252,,
2017-11-328,Kota Bekasi,5.709591606881151,14.956577960000004,12.04889463846156,83.28436708368405,,
2017-11-328,Kota Depok,13.497731193698826,24.92010626000001,20.625706169543022,68.83168549004664,,
2017-12-344,Bandung,-4.525440706711136,11.456525479999982,6.375958736070605,98.33708271400852,,
2017-12-344,Bekasi,4.743627665247623,25.073917160000008,18.86166581000002,95.96234928044481,,
2017-12-344,Bogor,9.809178826512532,40.80022717999998,29.498155774790174,72.61817464253325,,
2017-12-344,Cianjur,5.3774583618853065,16.033254260000035,14.35969897593222,99.67305180935536,,
2017-12-344,Indramayu,-17.148922015873946,-4.867938040000013,-9.753519755165854,79.12365566781453,,
2017-12-344,Karawang,-9.21685578699998,-3.490475979999985,-4.711563624999982,99.95053101186616,,
2017-12-344,Kota Bogor,19.51565818010052,45.29150546000005,35.62176072625001,57.02060662051005,,
2017-12-344,Purwakarta,-1.688609851280329,24.882508040000005,15.247845848923088,83.70422849672914,,
2017-12-344,Subang,-8.266576350929885,13.230477860000008,3.733823258343416,82.62280121559749,,
2017-12-344,Sukabumi,10.73011783969514,32.24150510000004,22.743554985915534,93.71081449968828,,
2017-12-344,Sumedang,-19.655394184397267,-7.410944919999963,-12.629695639121595,94.09878600821362,,
2017-12-344,Kota Depok,20.3184350417079,40.017500600000005,34.372732787527156,65.520796158313,,
2017-12-360,Bandung,17.9880856404501,52.85558372000003,25.372604793997624,62.6111308670231,,
2017-12-360,Kota Cimahi,27.30427011492372,35.34506726000001,31.562098227500012,16.326778075573927,,
2017-12-360,Bekasi,15.141188347525945,32.87042078000002,22.121781123368166,19.66193660843803,,
2017-12-360,Bogor,13.002069910614459,34.90072466000004,21.125639247800905,63.34006329787418,,
2017-12-360,Cianjur,14.730870923313516,39.491125520000026,21.123599323566925,63.25426170308407,,
2017-12-360,Garut,14.229783220515834,34.93832287999999,20.36946893372066,62.968661608710875,,
2017-12-360,Indramayu,13.692815951589477,21.180792380000014,17.807286510346653,36.94550212461002,,
2017-12-360,Karawang,17.31692482957236,38.05213909999998,24.18619862652398,2.1715034687741195,,
2017-12-360,Kota Bandung,24.85727417281202,39.13565144000006,30.37400726119355,30.125963649308375,,
2017-12-360,Kota Bogor,15.60923017390638,26.755583,21.435977294443,43.04114682699394,,
2017-12-360,Kota Sukabumi,13.849998996706873,20.71594166,17.058001364578335,85.10624740200134,,
2017-12-360,Purwakarta,13.102940613926267,37.00964299999998,22.875841152519044,38.35492512861616,,
2017-12-360,Subang,13.219442748797825,40.475515280000025,19.374595075630467,36.602194878806785,,
2017-12-360,Sukabumi,12.245167564829833,25.26532628000001,17.872375256800122,78.99568796722858,,
2017-12-360,Sumedang,13.737236058119548,37.72400918000005,21.3720651541158,64.32486286907884,,
2017-12-360,Kota Bekasi,17.27143021284063,33.10968218000005,22.438257523571444,27.38563760943389,,
2017-12-360,Kota Depok,20.32767639980853,31.72196606,27.311169304533035,68.90963586874112,,
2018-02-59,Bandung,9.328516247804904,12.437497220000012,11.729967080000051,99.99879162158464,,
2018-02-59,Cianjur,19.850184708729596,47.81742224000004,34.24569205799254,72.47749051781419,,
2018-02-59,Garut,24.809037613411938,65.72784704000003,33.24586824968604,45.12682192728803,,
2018-02-59,Sukabumi,2.1379928023374717,20.213492719999977,12.745484905567222,98.53000319049232,,
2018-03-75,Bandung,21.71340066528939,54.93032186000005,31.472728025262843,51.66553029561389,,
2018-03-75,Bekasi,15.608641745764446,31.01785394000001,26.131699223685143,92.42950647316795,,
2018-03-75,Bogor,17.78462993825197,48.19682246000002,31.37347946464048,56.76928586214961,,
2018-03-75,Cianjur,24.740105539872324,72.24601117999998,36.47993517674671,38.62363342268178,,
2018-03-75,Garut,22.845207938218515,73.60638314000005,38.74569461138694,22.702941365259615,,
2018-03-75,Indramayu,27.368543995305142,54.35609450000004,36.87735403465253,2.703181981561684,,
2018-03-75,Kota Bandung,24.709710891381835,44.46092659999999,36.374907824773246,58.760427268497004,,
2018-03-75,Kota Bogor,22.09333783220995,40.215745760000004,31.621405809946577,17.76011661287466,,
2018-03-75,Kota Sukabumi,37.215775122270095,52.60265024,43.87479819052425,0.6735279561401023,,
2018-03-75,Subang,12.88901990712132,39.64835444000005,25.128907415735505,94.3560710709818,,
2018-03-75,Sukabumi,25.045224117195367,50.30915881999999,35.24224889014827,24.562606259775706,,
2018-03-75,Sumedang,22.66756434135349,51.24569630000002,33.244019257076864,27.64825963574109,,
2018-03-75,Kota Bekasi,4.835418328066444,13.65089432000002,10.783175540000016,97.58524589637729,,
2018-03-75,Kota Depok,26.082142908106267,42.70406432000004,36.122987249734656,31.965694748730026,,
2018-04-91,Bandung,31.643015120249938,76.47410192000001,40.744698987786876,15.593977512320345,,
2018-04-91,Kota Cimahi,44.05305105514808,52.992304520000005,47.18625066680001,0.0,,
2018-04-91,Bekasi,39.16571468853218,56.84441306000002,45.18574181070904,0.0,,
2018-04-91,Bogor,35.55550986671952,62.344007239999996,45.12307880804119,11.796283879102951,,
2018-04-91,Cianjur,31.762085813962223,66.44904926000004,38.23643561133386,43.62869753155384,,
2018-04-91,Garut,29.862910204512332,69.96960985999999,36.37137029979079,28.235744668732217,,
2018-04-91,Indramayu,33.36891186027897,61.33569134000004,36.36428785832491,24.96637346268826,,
2018-04-91,Karawang,34.85052972293892,56.35563620000005,40.18785510494192,1.2474845694037777,,
2018-04-91,Kota Bandung,42.800244063223076,57.36053407999998,47.56115364359254,0.08510149736236784,,
2018-04-91,Kota Bogor,43.58474684174212,57.94501550000001,50.37058042621277,2.0760416463269165,,
2018-04-91,Kota Sukabumi,35.58119478822311,45.537602900000024,41.811533847500016,78.31713628966025,,
2018-04-91,Purwakarta,33.27212653364123,57.68182796000002,39.12094614782088,2.455699160727074,,
2018-04-91,Subang,32.623240748117794,70.82753288000004,37.122079915504166,38.75217186343413,,
2018-04-91,Sukabumi,31.662404746598103,50.40486338000005,36.87303570548965,49.101596655387475,,
2018-04-91,Sumedang,30.631846958251746,53.68616258000003,36.87517606072412,39.58819090373776,,
2018-04-91,Kota Bekasi,42.37722711955786,62.66188310000001,48.555886056692366,0.0,,
2018-04-91,Kota Depok,45.23371663654096,56.75554454000002,51.18735364859457,0.0,,
2018-04-107,Bandung,21.227697107154206,60.870840620000024,29.371341640952462,55.646688518109855,,
2018-04-107,Kota Cimahi,31.1187443470129,41.67865832000001,34.690050336363655,13.814512028665419,,
2018-04-107,Bekasi,18.20877859089829,31.858686860000034,24.313114145706816,50.755979503733464,,
2018-04-107,Bogor,18.607621530302783,41.37445453999999,27.372306419623634,75.83241294912699,,
2018-04-107,Cianjur,21.463114388845906,52.03184090000002,26.622376848314264,57.17652991278993,,
2018-04-107,Garut,20.76877776975069,54.57142976,24.734393156914198,54.08115478602842,,
2018-04-107,Indramayu,24.549292795387245,49.615300760000025,27.933868066431423,0.0,,
2018-04-107,Karawang,19.899094339196047,42.35884429999999,26.126338413903998,29.793912261395615,,
2018-04-107,Kota Bandung,29.18708306306046,45.72217598000003,35.61998993235731,4.217258277219938,,
2018-04-107,Kota Bogor,18.662479768062948,30.956329579999988,24.561309677744198,63.86536651468756,,
2018-04-107,Kota Sukabumi,19.485264906085117,26.321494460000054,23.663642108000023,87.00197440612696,,
2018-04-107,Purwakarta,19.563992699998742,44.40282026,25.121334937290325,41.28171778116491,,
2018-04-107,Subang,16.15359625209842,52.71544490000002,25.62316078362536,65.92033205074918,,
2018-04-107,Sukabumi,20.703962450408437,31.762982300000033,26.117916301542845,94.69739478585555,,
2018-04-107,Sumedang,14.506850537248585,36.869504180000035,21.875245220709864,57.11131605322648,,
2018-04-107,Kota Bekasi,10.980415400000027,15.093298760000039,15.093298760000039,99.87916820900249,,
2018-04-107,Kota Depok,23.749903247514236,35.83042610000001,30.438073324384717,48.61823742849574,,
2018-05-123,Bandung,30.462787075503197,68.86217138,37.248214328140236,50.23956173958055,,
2018-05-123,Kota Cimahi,39.807369218526524,49.324769059999994,42.93436147886794,0.5612147516556557,,
2018-05-123,Bekasi,36.1189686639928,49.35211321999998,40.56394373147618,8.720043690290519,,
2018-05-123,Bogor,32.34784363433437,50.98250876000003,39.1236901032334,88.61249829020934,,
2018-05-123,Cianjur,31.36702537267079,67.00618652000003,37.1222114896627,21.18608776200549,,
2018-05-123,Garut,28.15712217565047,57.53485310000002,33.872885879645764,24.481991824066032,,
2018-05-123,Indramayu,34.27877012403639,59.95822928000001,36.938260371551735,0.09213706754703643,,
2018-05-123,Karawang,32.6604815779665,44.173812920000046,37.68873312625956,81.31347492351469,,
2018-05-123,Kota Bandung,37.977757539919345,50.06989742000002,42.43464916356629,33.43566992163191,,
2018-05-123,Kota Bogor,34.76627273914865,40.85833352000003,38.72267420000003,97.41093115943312,,
2018-05-123,Kota Sukabumi,36.34112467303053,48.20365850000002,41.5626233352294,1.252450165762142,,
2018-05-123,Purwakarta,30.11973515515182,38.48280962000001,32.93843924018145,91.15374084294594,,
2018-05-123,Subang,31.504034741976046,70.84804100000002,36.621277035177314,74.5205650092988,,
2018-05-123,Sukabumi,32.22075495234337,52.072857139999996,36.37098084583517,20.2135360352911,,
2018-05-123,Sumedang,30.476699245667163,50.81502578000004,35.87484231222703,55.547430579167965,,
2018-05-123,Kota Bekasi,39.984355569817154,57.96210560000003,45.29541176857145,1.0701042475687013,,
2018-05-123,Kota Depok,38.245908078684785,46.87063069999999,42.186583547960865,64.12046006909385,,
2018-05-139,Bandung,26.20005198974268,53.956186160000016,34.62235094279612,61.35130113283013,,
2018-05-139,Kota Cimahi,32.172300038719726,43.26461960000006,36.43445869495466,32.69224291825255,,
2018-05-139,Bekasi,28.071113981068677,46.40919800000006,38.62334057103815,27.22968622502063,,
2018-05-139,Bogor,30.035189763400744,55.10122286000001,39.62189645188718,46.105093570798985,,
2018-05-139,Cianjur,22.250379647523644,51.68662088000002,30.12258813952871,68.81494432978441,,
2018-05-139,Garut,25.471260072840156,63.700961180000036,33.62302247310125,31.660811461709056,,
2018-05-139,Indramayu,26.819155937941495,50.77742755999998,30.56167973230773,0.11328971348107848,,
2018-05-139,Karawang,25.596483251123573,37.918836320000025,32.43857949476868,92.49112301448504,,
2018-05-139,Kota Bandung,33.17254281708196,47.58841490000003,37.56277594501033,12.50136903321383,,
2018-05-139,Kota Bogor,35.462209165669684,51.187589960000025,42.62201556990691,16.11271654333895,,
2018-05-139,Kota Sukabumi,27.1564756428577,41.702584460000026,31.430183242274698,43.204502216910235,,
2018-05-139,Purwakarta,26.255056157532646,39.935468119999996,31.370149053176412,52.50650167121893,,
2018-05-139,Subang,24.386132730381284,63.198512240000014,30.741005894696052,24.631825825891028,,
2018-05-139,Sukabumi,28.4758144881243,45.72217598000003,33.622221106481355,50.14083190792083,,
2018-05-139,Sumedang,25.27120825886914,44.56688522000002,32.0629751810332,24.083052774955714,,
2018-05-139,Kota Bekasi,34.48599025748241,51.044033119999995,41.37065674000002,22.23526918212332,,
2018-05-139,Kota Depok,37.36318754193291,53.91516992000004,45.88104909488334,26.955192201756507,,
2018-06-155,Bandung,27.994585315739346,86.46839240000003,34.74275455041526,9.806863601884592,,
2018-06-155,Kota Cimahi,36.92811181359162,45.75635618000001,40.02772852184247,0.0,,
2018-06-155,Bekasi,36.16150851700912,50.97225470000001,41.18652051299702,1.5978550808421068,,
2018-06-155,Bogor,32.29045444332534,51.05086916000005,38.62415019735007,14.945004577338688,,
2018-06-155,Cianjur,30.032604696132015,66.29865638000001,34.370871271159544,15.611942995993179,,
2018-06-155,Garut,27.313113742391607,67.86410954000002,32.61980429644376,6.215729616816239,,
2018-06-155,Indramayu,27.80074907933326,60.330793459999995,33.865979607709626,43.243213646574745,,
2018-06-155,Karawang,33.335192223832806,49.827218000000016,37.93632135412338,7.884869720554073,,
2018-06-155,Kota Bandung,35.54919584675002,48.51469831999998,40.18671692388439,4.114236035388957,,
2018-06-155,Kota Bogor,36.346770769322696,47.325227359999985,41.93816160621428,8.910029241916963,,
2018-06-155,Kota Sukabumi,34.44178545047951,46.11866630000003,38.81088243704064,0.0,,
2018-06-155,Purwakarta,31.467939427688563,49.79987384000003,36.369958208191285,21.05588118926583,,
2018-06-155,Subang,29.491364569043924,67.64193824000006,35.62338158190297,30.909986823773806,,
2018-06-155,Sukabumi,30.683361713124516,50.19636416000003,34.62047188120408,16.10113585073375,,
2018-06-155,Sumedang,27.619512003896375,44.37205807999999,32.87052546450562,26.419951852912316,,
2018-06-155,Kota Bekasi,39.726974711835155,55.48062307999999,44.68339949000002,1.374128088592918,,
2018-06-155,Kota Depok,37.748778572176214,49.98444691999998,43.872353249186794,13.472507081531745,,
2018-06-171,Bandung,31.015658391786012,72.37931395999999,39.125041308915485,2.5392157478991777,,
2018-06-171,Kota Cimahi,41.17041532900414,48.716361500000005,43.466248967189216,0.008180037820645454,,
2018-06-171,Bekasi,37.29681601101532,52.17881576000002,42.621074358903066,10.011349091839232,,
2018-06-171,Bogor,33.87989646735828,55.82584310000004,41.24127707373057,66.77128292030157,,
2018-06-171,Cianjur,31.965586305030325,72.44767436000001,38.2422011383405,4.9991900346366,,
2018-06-171,Garut,30.996038162756044,78.35059490000003,39.62271592817978,9.188399381697625,,
2018-06-171,Indramayu,38.76140466841764,64.89043214000003,41.87086988751919,0.07169533699151368,,
2018-06-171,Karawang,35.3826572743053,53.10168116,40.6241997287823,1.3218131705079343,,
2018-06-171,Kota Bandung,39.89934792529518,50.958582620000016,43.18548272868274,0.2991933146261863,,
2018-06-171,Kota Bogor,31.891408398975344,43.93796954000004,38.327727174967436,88.53608975465384,,
2018-06-171,Kota Sukabumi,34.16989427754231,44.15672282000003,41.23654149920801,7.820722292408434,,
2018-06-171,Purwakarta,34.58210488070063,54.19544756000005,40.62331717747999,4.245595268964662,,
2018-06-171,Subang,33.462637571220725,73.32952352000001,39.739268789579086,14.94064835589917,,
2018-06-171,Sukabumi,31.270887198933817,50.84578796000005,37.73993269994732,36.81722573131306,,
2018-06-171,Sumedang,31.594204813365764,48.90435260000004,38.3730113693407,10.788078333999113,,
2018-06-171,Kota Bekasi,27.920967911092877,40.45158914000001,33.646799608571435,89.76908173498478,,
2018-06-171,Kota Depok,38.62481091523171,50.82527984000001,45.620622273098625,80.8001751660801,,
2018-07-187,Bandung,26.91457490316282,68.27085392000004,34.37219653980361,0.16967165048045663,,
2018-07-187,Kota Cimahi,35.44665773765297,42.39986054000002,37.528255119322054,0.11452052948903638,,
2018-07-187,Bekasi,36.102396615406036,50.859460040000045,40.56207288344926,0.004945256753628247,,
2018-07-187,Bogor,31.284375942785033,54.09632498000002,38.625918010818204,0.01926287946331286,,
2018-07-187,Cianjur,28.70211522152905,69.79870886000003,35.62263880923719,0.06725420753246092,,
2018-07-187,Garut,26.38862120148761,72.28360940000005,34.37290760297978,0.12370730891307698,,
2018-07-187,Indramayu,35.5820287745791,65.57403613999998,38.62222468453666,0.13387289758699467,,
2018-07-187,Karawang,31.672693983848536,49.075253599999996,36.68848249684829,0.03986837053572379,,
2018-07-187,Kota Bandung,34.433988641604415,44.24559134000003,37.617670663960176,0.6866764155404634,,
2018-07-187,Kota Bogor,36.93762168829935,45.31884962000004,41.56239067497057,0.00159844989224724,,
2018-07-187,Kota Sukabumi,33.77989676650698,45.11718644000001,39.313541318292714,0.2905534658284711,,
2018-07-187,Purwakarta,29.876628602873275,52.45567538,35.12297614923385,0.19382949174446887,,
2018-07-187,Subang,30.697307530002007,71.94864344000001,37.12393542446705,0.06366072857217141,,
2018-07-187,Sukabumi,28.946497151742783,49.680243140000016,34.621730559364664,0.10729163300095973,,
2018-07-187,Sumedang,28.632612529703596,43.28170970000002,34.31303372769848,0.24507797022641642,,
2018-07-187,Kota Bekasi,38.88123550433632,54.58510183999999,43.688823919509275,0.0,,
2018-07-187,Kota Depok,39.052259442679045,50.10065960000003,44.312839869915706,0.0017886973581764222,,
2018-07-203,Bandung,29.732654899338954,69.60046369999998,36.37267585639558,12.804313502632677,,
2018-07-203,Kota Cimahi,38.51836028117396,47.25003092000003,41.533187150748724,0.0,,
2018-07-203,Bekasi,39.288286325561536,52.94787026000006,42.93831475358461,0.783259226370601,,
2018-07-203,Bogor,33.36194209875623,56.30436589999999,41.123423983893304,4.064307081503802,,
2018-07-203,Cianjur,30.982132561209863,69.12194090000003,36.87550733907984,1.1442734073848322,,
2018-07-203,Garut,28.272530898563538,69.74743855999998,34.12249507085949,4.097545857821413,,
2018-07-203,Indramayu,35.62213553965638,65.91925616000003,38.62667515365296,0.0,,
2018-07-203,Karawang,34.95588392989007,50.12800376000001,40.06131837535055,3.45499452380936,,
2018-07-203,Kota Bandung,37.9156586905802,49.324769059999994,40.81011922275938,0.07225598832653873,,
2018-07-203,Kota Bogor,38.999101597505096,51.61142444000001,43.31053783122923,0.0,,
2018-07-203,Kota Sukabumi,36.26530684428482,47.49612836000006,40.93491851178343,0.0,,
2018-07-203,Purwakarta,32.774398660140456,51.32089273999998,37.624630570642736,7.803108620597099,,
2018-07-203,Subang,31.72817509840072,68.27768996000003,37.12310860639452,8.152027115144596,,
2018-07-203,Sukabumi,30.958440624630708,49.123105880000026,35.87218163678566,0.40866295733576335,,
2018-07-203,Sumedang,30.341500004695124,50.27156060000004,36.12162226944464,8.992267842170108,,
2018-07-203,Kota Bekasi,41.84244805980617,54.80727314000001,46.190126764651176,0.0,,
2018-07-203,Kota Depok,41.07143214982083,51.3824171,45.55952703129025,0.0,,
2018-08-219,Bandung,29.521929332732846,71.95889750000003,38.74715591537846,52.4142614540749,,
2018-08-219,Kota Cimahi,40.46318769828052,49.51276016000003,43.56692448000002,0.0,,
2018-08-219,Bekasi,28.54549826063832,29.910415460000024,29.811292879999996,99.96456252900362,,
2018-08-219,Bogor,29.065247936850767,47.44485806,38.120940220251626,95.03513061114604,,
2018-08-219,Cianjur,29.900652784881718,69.58679161999999,37.62316732972323,57.061848361622935,,
2018-08-219,Garut,28.998887203962525,73.69183364000003,36.87409327421974,12.122232201547451,,
2018-08-219,Indramayu,34.085839885639885,67.85385548,39.121310743966454,30.582193654072636,,
2018-08-219,Karawang,23.965079686191512,29.336188100000015,27.58957988000003,99.10061014408438,,
2018-08-219,Kota Bandung,39.375129585405446,52.168561700000055,42.936202650285395,0.07439690649917692,,
2018-08-219,Purwakarta,20.375183761052597,26.21553584000003,23.22199119875001,99.72933137307298,,
2018-08-219,Subang,29.93221036702094,70.44471464000003,37.62522295505665,65.29907889590437,,
2018-08-219,Sukabumi,29.731580417614964,46.36476374000006,37.3752657178941,93.89857160324195,,
2018-08-219,Sumedang,31.267780955670265,53.04015679999998,38.373239523646234,20.98086469400139,,
2018-08-219,Kota Depok,28.88380531425129,29.93775962000001,29.862563180000052,99.88216693109284,,
2018-08-235,Bandung,32.85485562472578,73.77728414,41.243338847984745,39.63510914557886,,
2018-08-235,Kota Cimahi,42.3172375831733,50.893640240000025,45.05470832386616,0.0,,
2018-08-235,Bekasi,37.436101954789606,46.51515662000003,41.43699753352646,48.45682322801405,,
2018-08-235,Bogor,35.46090782987694,54.34584044000002,42.12492949427811,32.236116958788855,,
2018-08-235,Cianjur,32.47452600077247,72.78605834000001,39.62311074364151,21.177076977633355,,
2018-08-235,Garut,29.834738004412795,74.42670794000003,38.12207145784349,9.90632989158167,,
2018-08-235,Indramayu,40.46151478511688,71.70596402000001,44.61909598112426,0.0,,
2018-08-235,Karawang,33.717157863299775,44.354967980000026,38.6874021349665,49.85665915303976,,
2018-08-235,Kota Bandung,40.434189639410185,52.47618350000005,43.68573602517304,0.3474899098736418,,
2018-08-235,Kota Bogor,40.17654922951499,49.06841756000006,44.43592871817186,12.483448599853494,,
2018-08-235,Kota Sukabumi,38.28370705641221,50.50398596000002,43.435107707677155,0.0037140274593343084,,
2018-08-235,Purwakarta,32.60789416205823,48.42924782,37.6222496721884,52.910923745953845,,
2018-08-235,Subang,33.10371623449191,72.74846012,39.87349003057288,46.09419597534325,,
2018-08-235,Sukabumi,33.84765835300543,54.66371630000003,40.62436516109043,12.582741920341785,,
2018-08-235,Sumedang,33.527783974145166,51.57382622,40.37487073380176,17.643678393377222,,
2018-08-235,Kota Bekasi,33.41144289345886,39.73380494000003,38.09315534000001,98.98190840388908,,
2018-08-235,Kota Depok,40.410644289592305,49.29400687999998,44.68689521467977,31.56769380391202,,
2018-09-251,Bandung,34.192824803563084,55.62076190000005,42.12626862480133,87.21410427239815,,
2018-09-251,Kota Cimahi,42.40695631748173,53.019648680000046,46.568219607668055,0.0,,
2018-09-251,Bekasi,40.4420733867202,53.610966140000016,45.81201635879168,15.807186029612577,,
2018-09-251,Bogor,34.945926928214234,59.315641519999986,42.87315730975492,27.963758621957467,,
2018-09-251,Cianjur,30.699049016328157,59.165248640000016,36.87577114130692,78.04816493537426,,
2018-09-251,Garut,31.929232177335262,48.47368208,37.87058079044945,95.61920873860423,,
2018-09-251,Indramayu,46.30750062374764,78.56934818000002,50.62878906194697,0.006599664115918051,,
2018-09-251,Karawang,36.88740212020437,54.513323420000006,43.119799138793084,21.93849151351993,,
2018-09-251,Kota Bandung,41.877283780673125,53.69641664000005,45.6875271852623,11.759572370485479,,
2018-09-251,Kota Bogor,41.629352762155506,54.53383154000005,47.060143226305364,5.315306621396896,,
2018-09-251,Kota Sukabumi,36.38937891238875,50.876550140000006,41.1875481253137,15.464198086125222,,
2018-09-251,Purwakarta,36.47594759096412,55.70279438,44.125059267919944,29.96429117269046,,
2018-09-251,Subang,37.24036446322368,78.89064206,45.741019064006494,17.255600084608403,,
2018-09-251,Sukabumi,34.229715996984865,54.034800620000055,40.62312646154806,53.650855105069674,,
2018-09-251,Sumedang,36.381426029829164,53.53235168000003,43.12529352955525,52.1207901228575,,
2018-09-251,Kota Bekasi,44.624608732653165,62.66871914000001,50.43895812950002,0.0,,
2018-09-251,Kota Depok,41.8517401367036,56.42399660000001,48.185803949838416,19.18153277299524,,
2018-09-267,Bandung,28.394054468974602,73.01848370000005,38.24463167954193,12.41784186775514,,
2018-09-267,Kota Cimahi,23.887512761181352,38.00770484000003,37.20143190000002,96.0033297565717,,
2018-09-267,Bekasi,43.163608305890236,62.702899340000045,47.12070283687727,0.6918706879824269,,
2018-09-267,Bogor,33.65414752422376,55.169583260000024,41.6221613690767,5.793006767691298,,
2018-09-267,Cianjur,30.375842319574737,70.36268216000002,38.744536220409174,3.0974216261310077,,
2018-09-267,Garut,29.39971374323179,74.86763252000003,38.74489737632013,5.564706067429416,,
2018-09-267,Indramayu,46.10601401715525,79.66653259999998,51.87026394060465,0.004112720806738409,,
2018-09-267,Karawang,37.52346395506655,56.90935544000001,45.87860980514203,0.09469579809868671,,
2018-09-267,Kota Bandung,37.14467975693846,49.734931459999984,43.12060605962514,29.45115673598979,,
2018-09-267,Kota Bogor,38.04933597575798,50.01179108000002,42.81063134978569,0.0,,
2018-09-267,Kota Sukabumi,38.4931077535527,52.73937104000004,44.81125129622933,0.0018570137296671542,,
2018-09-267,Purwakarta,35.2778522197929,56.629077800000005,44.87335776991249,5.175820913402577,,
2018-09-267,Subang,31.67310403566961,80.24759600000004,45.24868007859772,28.377468319009363,,
2018-09-267,Sukabumi,33.765432086483514,55.69937636000003,40.37508718901147,1.793703502976008,,
2018-09-267,Sumedang,34.05237121516672,51.69687494000004,42.3728582691047,9.544832174408288,,
2018-09-267,Kota Bekasi,44.35684216762536,60.20774474000001,48.93232639526318,0.0,,
2018-09-267,Kota Depok,39.47270961512091,50.48347783999998,44.31197488586928,0.9041181231886039,,
2018-10-283,Bandung,33.783867221827876,75.01802540000006,43.62472310939314,7.669357680925695,,
2018-10-283,Kota Cimahi,45.22457154878855,53.10168116,48.06331862000001,0.0,,
2018-10-283,Bekasi,43.99760295839419,64.37772914000004,48.62152469478059,3.7749941965838585,,
2018-10-283,Bogor,37.053002176803105,58.77217633999999,45.37184497856169,8.579530535474566,,
2018-10-283,Cianjur,34.455728357313546,77.1201077,44.37446014716378,17.703864551340796,,
2018-10-283,Garut,31.0271949484099,83.24519954000004,42.74674856477608,11.025472934897103,,
2018-10-283,Indramayu,49.25864077136759,75.65377712000003,55.618260909756074,0.0,,
2018-10-283,Karawang,39.798351954354075,60.37522772,47.372268953009105,6.272347346668973,,
2018-10-283,Kota Bandung,42.707974689112994,54.47230718000003,46.06072316316919,0.0026761477157977312,,
2018-10-283,Kota Bogor,40.88751737435147,54.20911964000004,45.561464090864376,0.0,,
2018-10-283,Kota Sukabumi,38.846037537708625,51.2798765,44.8119505955194,0.47725252852445865,,
2018-10-283,Purwakarta,38.084107765276734,55.29263198000001,46.373531996558675,3.6073712029551808,,
2018-10-283,Subang,37.494030521739894,84.71836616000002,48.246588241185165,1.9744338019445955,,
2018-10-283,Sukabumi,36.266449623919144,58.902061100000026,44.37480907460124,16.05744758250926,,
2018-10-283,Sumedang,36.54742208276932,57.186215059999995,45.12377306173726,2.1239981681266515,,
2018-10-283,Kota Bekasi,45.297307451922535,60.33762950000005,50.821928813054576,2.753697237981434,,
2018-10-283,Kota Depok,44.586526957861516,54.010874479999984,49.311084280750386,2.3335258053526555,,
2018-10-299,Bandung,31.06314125458082,74.07806990000006,40.24314547914651,34.512566972451154,,
2018-10-299,Kota Cimahi,39.39195976787299,50.10065960000003,42.43033922118576,2.423857481286158,,
2018-10-299,Bekasi,37.00521691897982,55.18325534000002,43.370717662333895,47.30135180845625,,
2018-10-299,Bogor,33.047271401191026,55.82584310000004,40.62436212524069,27.745792098285804,,
2018-10-299,Cianjur,31.03634706852072,58.59785732,38.87447852776626,56.802296777932916,,
2018-10-299,Garut,32.088940908322876,79.03419889999998,41.49704011192429,74.47888067685314,,
2018-10-299,Indramayu,38.67025290072098,60.13938433999999,42.868151260836086,0.04373762286019755,,
2018-10-299,Karawang,32.226621953178146,47.53030855999998,40.123957401812376,49.885328454910415,,
2018-10-299,Kota Bandung,39.20012535007709,51.88486604000002,43.81093232747185,11.919908251161614,,
2018-10-299,Kota Bogor,36.60309266181517,47.619177079999986,42.31134448138957,0.19765929893053374,,
2018-10-299,Kota Sukabumi,35.34217911562295,49.417055600000026,40.689607623636476,1.6262488235271826,,
2018-10-299,Purwakarta,31.717727164436926,51.481539680000026,38.624273378908406,33.88606330806654,,
2018-10-299,Subang,34.44292729694153,79.43068921999998,43.74822644423019,9.902948445835413,,
2018-10-299,Sukabumi,29.97289340397453,48.43950188000002,36.62319171235881,59.70716772539015,,
2018-10-299,Sumedang,30.82819367683484,50.72273924000001,38.37676824128033,28.388466656700786,,
2018-10-299,Kota Bekasi,40.16849908304338,51.03036104,46.06439228545456,20.48344416407534,,
2018-10-299,Kota Depok,39.24438912117665,50.26472455999999,44.11951969858449,28.157956146015856,,
2018-11-331,Bandung,31.3780161113323,69.12194090000003,37.73886529226655,56.48318937899519,,
2018-11-331,Kota Cimahi,37.31305689946894,54.824363240000025,42.43824753384618,44.05290399362279,,
2018-11-331,Bekasi,39.39917203290144,60.85716854000003,44.37099904969821,18.90130172416971,,
2018-11-331,Bogor,37.77104926782152,65.34502880000002,44.87251267027153,38.78163836949881,,
2018-11-331,Cianjur,31.716995443763217,64.48026974000004,37.73396713891263,61.893946306252126,,
2018-11-331,Garut,26.851712483852715,43.244111480000015,31.121366550520303,92.29394624953234,,
2018-11-331,Indramayu,37.10222623701171,67.55648774000002,40.37617434982805,17.996249696410818,,
2018-11-331,Karawang,35.64331961635058,58.46797256000002,39.87345341973081,20.296037520329104,,
2018-11-331,Kota Bandung,40.44184729385555,59.29171538000003,44.869445237144355,14.887489502679394,,
2018-11-331,Kota Bogor,43.59768552144905,62.79518588000002,50.37255675945824,33.141664564913995,,
2018-11-331,Kota Sukabumi,37.068431373032666,54.05189072000002,42.61765549663552,43.82440981190703,,
2018-11-331,Purwakarta,34.990699799818316,60.79564418000001,40.1227099749885,32.956966940646495,,
2018-11-331,Subang,34.704739257393385,70.89589328,39.8721809869934,32.54841418662143,,
2018-11-331,Sukabumi,35.07050732734142,59.54806688000002,40.6226707824586,55.917535919259585,,
2018-11-331,Sumedang,31.872898470538374,58.44404642000001,36.369453267197486,37.51551815774932,,
2018-11-331,Kota Bekasi,43.9399494435117,70.71815623999998,51.38316739707318,13.410758417395503,,
2018-11-331,Kota Depok,42.37870427368363,58.184276899999986,48.86800314638884,55.71288805021977,,
2018-12-347,Bandung,15.486261997790967,44.84032682000003,22.87378490026583,77.88601388036793,,
2018-12-347,Bekasi,25.187475463297233,43.50046298000001,33.87507762257607,1.8916254482118762,,
2018-12-347,Bogor,23.07386602783188,52.12412744000005,32.6223834321502,17.393052793361058,,
2018-12-347,Cianjur,11.78662524607143,32.23466905999999,19.621428731666686,88.87973706719504,,
2018-12-347,Garut,18.575982158015545,50.92440241999998,27.87619787955769,81.94066476729854,,
2018-12-347,Karawang,18.81487841877075,45.158202680000045,28.87114491083249,22.27079893577053,,
2018-12-347,Kota Bandung,17.051606375031234,20.59972898000001,18.610441340000023,99.94249955554962,,
2018-12-347,Kota Bogor,31.272182651113,42.84420313999999,37.43628145871856,0.0039961247306181,,
2018-12-347,Kota Sukabumi,21.400638847351676,32.66875760000005,27.05806117766993,63.07437434658597,,
2018-12-347,Purwakarta,9.720739231587963,43.818338840000024,20.122581724038966,66.23290524786225,,
2018-12-347,Subang,7.663750942310408,29.322516020000023,15.872431556169936,91.3370944431188,,
2018-12-347,Sukabumi,15.044353557911409,33.70099964000002,23.620071028400655,83.37936014343093,,
2018-12-347,Sumedang,11.000777776618557,18.371179940000047,16.18272427460002,96.33598699660925,,
2018-12-347,Kota Bekasi,32.86443913430876,57.627139639999996,39.106777424169614,0.0,,
2018-12-347,Kota Depok,32.57055870817982,44.30369768000003,38.062599057348216,8.592761818690655E-4,,
2018-12-363,Bandung,25.9915432075813,63.20193026000004,35.24366385382941,40.676639078903776,,
2018-12-363,Kota Cimahi,40.08780436003207,48.92486072000003,43.93259347255563,3.308456394784666,,
2018-12-363,Bogor,30.65038351686578,51.08163134000006,39.73660095632395,86.94345645805932,,
2018-12-363,Cianjur,26.902724928804513,61.5510266,35.24279549297861,90.39916999025073,,
2018-12-363,Garut,28.413499517540178,64.11454160000005,35.62287344233503,55.58436339785891,,
2018-12-363,Indramayu,2.315057743443976,17.164618880000035,8.186701061428598,97.02836153033816,,
2018-12-363,Karawang,28.255699000932374,49.324769059999994,41.23458487208502,75.50738667228171,,
2018-12-363,Kota Bandung,34.36864200541193,47.96781512000001,40.812321528549504,0.599308063642361,,
2018-12-363,Kota Bogor,22.19006814198821,38.34267080000001,33.62380240780489,93.33478050509203,,
2018-12-363,Purwakarta,23.052849762067588,48.88726250000002,35.24312047388276,75.91443983767881,,
2018-12-363,Subang,25.373571774843185,45.75635618000001,31.870922790285192,83.44611774648847,,
2018-12-363,Sukabumi,22.77622794231154,40.13371328000005,29.37287241009969,93.59811587837012,,
2018-12-363,Sumedang,23.098089376523387,41.0087264,31.62039112719153,51.809764809552576,,
2018-12-363,Kota Depok,31.373635176826276,43.456028720000006,39.63230272582279,95.88058789712304,,
2019-02-46,Bandung,19.181517882976827,42.71090035999998,23.870370021017035,91.04343744646104,,
2019-02-46,Kota Cimahi,23.190816008000024,24.229666220000013,24.171559880000018,99.75459886538064,,
2019-02-46,Bekasi,24.934123275310085,29.496835040000008,28.074412870769248,99.19462271234927,,
2019-02-46,Bogor,28.014149178991474,45.571783100000005,36.622494259346325,94.32857113265155,,
2019-02-46,Cianjur,21.16147419157438,44.95995751999999,32.37137866304393,91.41530039365529,,
2019-02-46,Garut,23.140933958353678,59.46945242000004,30.622652617981327,61.970595971899264,,
2019-02-46,Karawang,23.486293661668885,31.479286640000055,27.563672842045477,97.74544506149053,,
2019-02-46,Kota Bandung,25.428008389649545,31.29129554000002,28.151654280000027,98.90063851835028,,
2019-02-46,Kota Bogor,28.562472663636385,32.04667796000001,30.93240344000003,99.8505449350749,,
2019-02-46,Purwakarta,21.085958864764834,32.514946699999996,25.058063181001057,93.77187559426558,,
2019-02-46,Sukabumi,19.449928097847227,39.50479760000002,26.87081356758573,93.48806655711486,,
2019-04-94,Bandung,30.588851967316415,56.13004688000001,37.74195455692189,56.9110872906675,,
2019-04-94,Kota Cimahi,40.16796197989498,50.53816616000006,44.060448590000014,1.0406291251048572,,
2019-04-94,Bekasi,41.443165407031934,60.43333405999999,48.126024031748244,25.022307356867728,,
2019-04-94,Bogor,36.87425559780732,65.38262702000003,45.122859906393046,27.711166750673534,,
2019-04-94,Cianjur,31.25979838666971,68.3699765,37.744273099727714,30.780297375478977,,
2019-04-94,Garut,25.7808349370282,62.36793338000001,32.4555284272914,61.87522729794803,,
2019-04-94,Indramayu,37.48937106899795,65.83380566000005,40.369734145221415,0.13995669232253496,,
2019-04-94,Karawang,36.72638552191439,58.953331400000025,41.8718041499083,3.7006744832978993,,
2019-04-94,Kota Bandung,37.06603115387934,49.83063602000004,41.36364340357636,51.60203857388825,,
2019-04-94,Kota Bogor,43.0252092253896,54.034800620000055,49.56119990532606,13.721212975238355,,
2019-04-94,Kota Sukabumi,38.924808712024046,52.76671520000002,44.69019254019748,1.4745927022710315,,
2019-04-94,Purwakarta,34.43538828646433,63.916296439999996,39.62147817884874,20.432059250481714,,
2019-04-94,Subang,33.90410194588852,74.34809347999999,39.73524654750582,19.393973643563996,,
2019-04-94,Sukabumi,33.420758884688645,56.22916945999998,38.23965091753785,6.6981553306508665,,
2019-04-94,Sumedang,29.689129836400554,47.51663647999999,36.242361171414586,40.19790736976483,,
2019-04-94,Kota Depok,43.00894257643318,56.218915400000014,49.37649628474294,38.85538695757996,,
2019-05-126,Bandung,22.792735368850593,64.7981456,32.739153625080654,63.14796005521589,,
2019-05-126,Bekasi,23.73411994746581,42.90572750000001,32.889048989000024,98.48866723205064,,
2019-05-126,Bogor,30.95341975808957,51.860939900000005,37.371908711252175,68.68417766596669,,
2019-05-126,Cianjur,28.35521883748037,65.33135672000003,35.24337852365793,31.325458264117596,,
2019-05-126,Garut,25.024637933001426,62.67897320000003,31.23094572071846,23.376570663515427,,
2019-05-126,Indramayu,6.150619100000022,9.395459420000009,8.67083918000003,99.88693804113704,,
2019-05-126,Karawang,24.826812655081852,39.74064098000002,33.23827003832653,76.11298086938764,,
2019-05-126,Kota Bandung,30.88729472218677,44.17039490000002,35.6239270445283,67.42661425754959,,
2019-05-126,Kota Bogor,35.154717157783445,43.71921626000005,40.12305032660166,80.4278304418263,,
2019-05-126,Kota Sukabumi,36.96411235756192,51.08504936000003,42.560709729704165,28.08237334219647,,
2019-05-126,Purwakarta,25.936283223865146,45.13769456,34.12138814297946,74.18112676640074,,
2019-05-126,Subang,24.47649266326776,47.239776860000006,30.7370713104443,79.99122627002471,,
2019-05-126,Sukabumi,32.29639310934459,51.191007979999995,36.73708245921577,27.87137028152809,,
2019-05-126,Sumedang,25.08645943326635,52.353134780000005,33.872375387760144,70.0823572246708,,
2019-05-142,Bandung,28.298422573594813,72.09561830000001,36.24560090836418,7.019807735386811,,
2019-05-142,Kota Cimahi,38.16577711152329,46.63478731999999,40.563092884968746,0.008180037820645454,,
2019-05-142,Bekasi,36.93089944780935,53.563113860000044,42.43584405863095,0.8332914162689395,,
2019-05-142,Bogor,33.36782907799563,54.09632498000002,40.62405788893315,10.88227504905737,,
2019-05-142,Cianjur,29.44867127873739,65.56720010000004,34.62128945896158,16.056853416503294,,
2019-05-142,Garut,28.376560439435384,66.33283658000005,34.62278717610485,3.0455810267753862,,
2019-05-142,Indramayu,34.12014740265973,44.65575374000002,36.93344978420279,0.2970174844439949,,
2019-05-142,Karawang,33.70596870749911,51.07821332000003,38.563284057584774,2.2385317593199527,,
2019-05-142,Kota Bandung,38.22886837249963,48.99663914000001,41.68375281741382,0.1204266472108979,,
2019-05-142,Kota Bogor,38.45031933911333,46.915064959999995,43.43688983356796,4.462887770231669,,
2019-05-142,Kota Sukabumi,34.24882711599221,45.29150546000005,39.55968950112855,0.8386128355041208,,
2019-05-142,Purwakarta,32.13700659165958,53.713506740000014,37.873623155601294,4.572404029876754,,
2019-05-142,Subang,31.537851409743123,69.00231020000001,36.87458959875448,9.844501678123759,,
2019-05-142,Sukabumi,29.9853047890614,47.352571520000026,34.371635036047806,17.113097605567358,,
2019-05-142,Sumedang,29.643846585255275,50.79109964000003,35.683999189838595,5.861072393728367,,
2019-05-142,Kota Bekasi,40.67460047909274,58.53633295999998,45.56030205846155,0.0,,
2019-05-142,Kota Depok,41.14199024597338,50.83553390000003,45.937315943791134,0.3048448849542301,,
2019-06-158,Bandung,24.777366292596415,58.13984263999998,31.121685483251493,68.41782612310179,,
2019-06-158,Bekasi,18.725249936491473,39.90812396000001,28.36987533309861,90.48335980854144,,
2019-06-158,Bogor,24.251653266599234,43.16891504,33.12359377778635,64.874093711703,,
2019-06-158,Cianjur,24.984533414453214,48.65825516000001,31.874502538216476,68.12448777949591,,
2019-06-158,Garut,21.19198284365263,55.607089820000056,27.121699157401817,49.22579224410304,,
2019-06-158,Indramayu,28.71267791758848,40.78313708000002,33.69133292545603,12.634702386217716,,
2019-06-158,Karawang,28.3291112906469,47.01760555999999,35.37203494715759,63.07997862557757,,
2019-06-158,Kota Bandung,29.66451842669048,40.79339114000004,34.68372896234765,39.21375199897744,,
2019-06-158,Kota Bogor,31.128779554235958,43.23727544000002,39.68688756802128,0.8828207412726755,,
2019-06-158,Kota Sukabumi,30.3284791175975,40.345630519999986,36.31322142499996,4.971640851505603,,
2019-06-158,Purwakarta,28.94008562660775,43.92771548000002,33.87262475343455,41.565775080594804,,
2019-06-158,Subang,27.100917593147805,66.29865638000001,34.241154975967625,27.79235613803103,,
2019-06-158,Sukabumi,20.482282837579124,42.06147656000002,29.121492389335614,80.52734276915436,,
2019-06-158,Sumedang,28.20438567361956,45.86915084000003,34.874221667386315,50.006052978628446,,
2019-06-158,Kota Bekasi,9.845437053409013,13.763688979999984,13.763688979999984,99.91844470383609,,
2019-06-158,Kota Depok,27.662337309854625,44.71044205999999,36.37145428810916,58.283235632170104,,
2019-06-174,Bandung,13.964572497098516,31.797162500000013,25.312709131320407,97.87198696350184,,
2019-06-174,Bekasi,36.31520133244995,50.70906716000002,41.31201457588064,0.18129258006102614,,
2019-06-174,Bogor,31.743738661806102,52.13438150000002,38.62449190801535,16.168638104341717,,
2019-06-174,Cianjur,25.9320633012825,60.91185686000006,31.624089901281398,48.246881534299,,
2019-06-174,Garut,19.246346725929072,52.26084824000003,27.875015906655964,89.29981768226467,,
2019-06-174,Karawang,32.039081789431194,48.07377373999998,37.56370498768572,7.142830247666712,,
2019-06-174,Kota Bogor,36.859391449799176,45.21289100000001,41.43645370954589,4.717925151862929,,
2019-06-174,Kota Sukabumi,32.413576974694635,42.030714380000006,37.561751826730784,9.532568525263098,,
2019-06-174,Purwakarta,26.579863729367972,41.935009820000005,31.62430044697726,52.388659281985476,,
2019-06-174,Subang,23.138086229830073,29.373786320000022,26.15497757121353,98.27965791011414,,
2019-06-174,Sukabumi,28.330343971909187,45.305177540000045,33.37367605363413,26.656847076536845,,
2019-06-174,Kota Bekasi,39.91097480210736,53.399048900000025,44.30970677967744,0.0,,
2019-06-174,Kota Depok,38.22799252944681,49.08892567999999,44.185785229683916,24.496027943240573,,
2019-07-190,Bandung,27.494780975338756,64.58622836,33.62477400748347,23.47550652846303,,
2019-07-190,Kota Cimahi,35.019392336103536,42.70748234000001,37.52769594434784,0.0,,
2019-07-190,Bekasi,35.47533475320818,48.98638507999999,39.56235494075812,0.4319751714985517,,
2019-07-190,Bogor,31.45847046987997,47.94047096000003,37.18719712230701,22.334800395879846,,
2019-07-190,Cianjur,29.205734427363723,69.39196448000001,35.37362957367042,44.39003192315547,,
2019-07-190,Garut,27.14375486320941,69.84314312000004,34.87659902953398,8.319077874591544,,
2019-07-190,Indramayu,36.170758097552905,62.08423772000003,40.11371501387154,0.0,,
2019-07-190,Karawang,32.15532119069279,46.50148453999998,37.31257337542166,5.9496204200265685,,
2019-07-190,Kota Bandung,34.300198425449544,45.16845674000001,37.31179701882172,0.07172075878337919,,
2019-07-190,Kota Bogor,33.7454528972414,41.97260804000001,37.56214813389878,16.37831309690547,,
2019-07-190,Kota Sukabumi,30.330276420706895,40.45158914000001,34.18827915894976,16.935571964598164,,
2019-07-190,Purwakarta,30.357178755010985,47.00735150000003,35.374223230778725,13.85009055317427,,
2019-07-190,Subang,30.6525414545901,66.74641700000001,36.122251491790216,19.471754639928328,,
2019-07-190,Sukabumi,29.3262658430563,45.35302982000002,35.12526958564758,40.238050976950404,,
2019-07-190,Sumedang,29.782756261679626,44.754876319999994,35.06395245400703,21.087074844366967,,
2019-07-190,Kota Bekasi,37.16868944392931,50.59285448000003,41.56042988461541,13.890451316764995,,
2019-07-190,Kota Depok,36.841337281556996,45.27099734000001,40.93779264570401,1.7338843058974807,,
2019-07-206,Bandung,29.279942379944984,73.47308036000004,37.62376486986435,0.07184165088265411,,
2019-07-206,Kota Cimahi,39.2356069774021,46.68605762000004,41.595882792173924,0.008180037820645454,,
2019-07-206,Bekasi,41.5640572762074,56.76921662000001,45.68750982340321,0.0022493611814244745,,
2019-07-206,Bogor,34.68511816753698,57.34686199999999,43.12369167040739,4.939993077459863,,
2019-07-206,Cianjur,30.808674134675375,74.49165032000002,38.372629993476686,3.1406035644032744,,
2019-07-206,Garut,29.234667343439266,77.23973840000002,38.37398679356984,0.003716901939906839,,
2019-07-206,Indramayu,43.60884854300186,71.43935846,48.86866472542466,0.0,,
2019-07-206,Karawang,37.1085280865126,53.66907248000001,43.81239591788744,0.0,,
2019-07-206,Kota Bandung,38.20906455207509,49.80329186000006,41.56206005838661,0.15039950162783247,,
2019-07-206,Kota Bogor,40.21729612585424,48.82573814,44.43737688720343,0.0,,
2019-07-206,Kota Sukabumi,35.78854674290318,47.36966161999999,40.312098867384535,0.3278029765235593,,
2019-07-206,Purwakarta,34.24593530592684,54.86537948,41.62123902386561,0.004001653593479084,,
2019-07-206,Subang,34.173682713371,76.87401025999998,42.37464884589608,0.0034450042687780014,,
2019-07-206,Sukabumi,32.46846602088663,55.8942035,39.12426153929096,2.544697120667525,,
2019-07-206,Sumedang,31.91481113950025,49.66998908000005,39.18772656719728,0.02260076817927923,,
2019-07-206,Kota Bekasi,44.18309506850341,58.79268446000003,49.06240437666669,0.0,,
2019-07-206,Kota Depok,43.26714234551944,53.200803740000026,47.8098085589747,4.4717433954410556E-4,,
2019-08-222,Bandung,31.00757912650988,75.40426166000003,40.123383629256594,0.0630246005218383,,
2019-08-222,Kota Cimahi,42.24270600990084,50.80818973999999,45.0651392682051,0.0,,
2019-08-222,Bekasi,42.187872082026246,58.987511600000005,46.059756214983736,7.513418916213732,,
2019-08-222,Bogor,36.09839472371401,56.12321084000001,43.87497989713677,16.457940095587436,,
2019-08-222,Cianjur,32.10752390362443,75.32222918000002,39.62301476939028,2.9815793039166967,,
2019-08-222,Garut,30.269297100260744,78.96242047999999,39.74253344948428,0.011908905956760581,,
2019-08-222,Indramayu,43.43689514970615,72.54679694000004,48.12542879094242,0.0,,
2019-08-222,Karawang,38.166883006204635,53.467409299999986,44.43628988982185,12.452166162620836,,
2019-08-222,Kota Bandung,40.31542183327449,53.416139000000044,43.55732195497465,0.0915242518802824,,
2019-08-222,Kota Bogor,40.59611555639874,49.63922690000004,44.4362607193467,0.506708615842375,,
2019-08-222,Kota Sukabumi,37.25048012564838,48.272018900000035,42.81233649775516,0.3589789599616185,,
2019-08-222,Purwakarta,35.09536032619487,53.221311860000014,42.12691062238573,4.492202807346774,,
2019-08-222,Subang,34.52406642230052,79.39309100000003,42.875109898381574,2.8033988373603353,,
2019-08-222,Sukabumi,33.220875794989375,54.95766602000003,39.622518911500734,2.1016119794699213,,
2019-08-222,Sumedang,33.353919812299324,53.15636948000002,40.87434997409285,0.8157229395540151,,
2019-08-222,Kota Bekasi,43.54765611324738,61.082757860000015,48.94105562428573,7.507092569702348,,
2019-08-222,Kota Depok,42.63246408073556,54.39711074000002,47.062160287335004,14.55345196757498,,
2019-08-238,Bandung,21.306335016291392,51.84043178000002,30.372468076932176,61.689152576172745,,
2019-08-238,Kota Cimahi,24.560588031462085,33.14386238000003,28.403822615000035,83.86287048754633,,
2019-08-238,Bogor,16.78434270087394,35.20151041999998,25.122580028329374,89.13874951348369,,
2019-08-238,Cianjur,27.896232847617643,72.65617358000003,39.2451409667937,43.188138139117875,,
2019-08-238,Garut,28.168891240718164,73.95843920000004,37.24221052502842,39.934406431684835,,
2019-08-238,Indramayu,-70.03126700172184,16.798890740000047,-51.95799957999998,99.97805509308633,,
2019-08-238,Karawang,16.385925862914522,27.374244620000013,23.445780989152563,94.8342243261306,,
2019-08-238,Kota Bandung,27.839628692554765,41.654732179999996,35.31373485862563,79.05012288240624,,
2019-08-238,Kota Bogor,17.875077123460066,24.05534720000003,21.844457930000015,96.5330280022407,,
2019-08-238,Kota Sukabumi,26.06418764797312,39.03994688,32.06264440474671,1.5935508170714745,,
2019-08-238,Purwakarta,13.35369574274889,20.298943220000012,18.565762935714297,99.87695633426476,,
2019-08-238,Subang,15.35701357874233,28.700436380000042,22.36284780810346,95.54781091811124,,
2019-08-238,Sukabumi,23.491958112534174,47.451694100000054,33.874715123649736,39.56477730757868,,
2019-08-238,Sumedang,20.638059008761967,36.50035802000002,28.620501654763967,88.34290653890235,,
2019-08-238,Kota Depok,22.243673030806352,33.00714158000005,27.93866099666668,87.97137502023456,,
2019-09-254,Bandung,34.284758753907205,77.19530414000002,44.374099752472254,0.022710783837967003,,
2019-09-254,Kota Cimahi,44.55619665021975,53.44348316000003,47.56109465678128,0.0,,
2019-09-254,Bekasi,46.06238667250885,65.46465950000004,50.370198057725496,0.0,,
2019-09-254,Bogor,37.16450155400162,58.48506266000004,46.62428349045864,0.008771873072744974,,
2019-09-254,Cianjur,34.916534733464275,77.94385052000001,43.12319332530604,0.021387765552991177,,
2019-09-254,Garut,32.52239283751336,80.32621046000003,41.37340358190723,0.0994413563575332,,
2019-09-254,Indramayu,49.144786550462236,80.08694906000005,54.622301457084575,0.0,,
2019-09-254,Karawang,42.769503352043735,60.245342960000016,49.87230205868868,0.0,,
2019-09-254,Kota Bandung,43.326375681455545,57.09051050000005,46.686007114140054,0.009098902233712285,,
2019-09-254,Kota Bogor,42.23733990597157,51.091885400000024,46.68594999956723,0.0,,
2019-09-254,Kota Sukabumi,41.32326500740473,54.22962776000003,46.811105540918014,0.0,,
2019-09-254,Purwakarta,39.951974815806146,62.296154960000024,48.373316689892995,9.308055166849948E-5,,
2019-09-254,Subang,38.97026235308254,86.34876170000001,48.741430931266635,0.006652894217831146,,
2019-09-254,Sukabumi,35.76076901678174,56.577807500000006,42.87318389311243,0.06627299825991179,,
2019-09-254,Sumedang,37.37097643252777,57.55194319999998,46.1211388802294,0.0015385656344773175,,
2019-09-254,Kota Bekasi,47.269190352107906,64.52470400000004,52.05807048826091,0.0,,
2019-09-254,Kota Depok,45.35108452627611,55.596835759999976,50.560130554896574,0.0,,
2019-09-270,Bandung,15.31502147225477,52.92052610000002,23.8713956176358,77.77570858019708,,
2019-09-270,Bekasi,26.244313511883643,42.902309479999985,33.12432126876468,50.99862277905658,,
2019-09-270,Bogor,18.572024181368786,37.93934444000001,25.62317207481501,69.58431021245435,,
2019-09-270,Cianjur,23.213205929214425,57.34344398000002,32.62257343515488,32.25874574418313,,
2019-09-270,Garut,22.154586050548716,65.89191200000005,30.745886317202757,1.3010244217283018,,
2019-09-270,Indramayu,38.60067511960573,62.66530111999998,47.63426139580837,0.0,,
2019-09-270,Karawang,25.3818908709572,44.97021158000001,33.62225944439291,25.778476096294607,,
2019-09-270,Kota Bogor,22.585311145635202,33.413885960000016,28.93963884862072,44.928452285847634,,
2019-09-270,Kota Sukabumi,32.01470594661202,46.13233838000002,36.93758919450239,24.375504488729877,,
2019-09-270,Purwakarta,24.07042270058339,48.81890210000006,35.87300894093383,49.02719758003931,,
2019-09-270,Subang,31.11856670437913,80.22366986000003,42.746123280369765,11.494446615493514,,
2019-09-270,Sukabumi,29.818710663154427,50.975672720000034,38.37232068551305,13.428107706989472,,
2019-09-270,Sumedang,28.21058998314837,49.18121222000002,39.12270172698375,38.53270474664103,,
2019-09-270,Kota Bekasi,26.981203960093012,38.65029260000006,31.566189798500027,6.988256096797488,,
2019-09-270,Kota Depok,25.673761996529503,36.94470062000005,32.93910626996761,85.62469702842479,,
2019-10-286,Bandung,24.363838787377404,61.35961748,35.12630871641404,3.818405634422121,,
2019-10-286,Kota Cimahi,37.49213701964232,44.1533048,39.81444228386238,0.0,,
2019-10-286,Bekasi,38.80903324206682,58.80293852,44.61928007725618,0.07526166779490706,,
2019-10-286,Bogor,25.080400930524014,52.62315836000005,36.37290012077882,35.01045773409988,,
2019-10-286,Cianjur,25.577303207690026,64.22050022000002,35.62414122814246,3.143927198299347,,
2019-10-286,Garut,23.294304117340218,54.14759528000002,30.239914399408757,10.150581459436536,,
2019-10-286,Indramayu,41.13183743301738,67.93588796000006,45.62578781600002,0.0,,
2019-10-286,Karawang,37.937238990934915,53.6895806,44.872248398328175,0.35972432885129546,,
2019-10-286,Kota Bandung,34.363689575624356,48.26176484000001,37.81226178412612,0.0,,
2019-10-286,Kota Bogor,30.93392590894405,42.734826500000054,37.18585512130531,0.0,,
2019-10-286,Kota Sukabumi,23.59762275764909,33.85822856000004,28.31481288475265,0.22900256369848365,,
2019-10-286,Purwakarta,31.683086962046815,55.251615740000034,41.6237318149718,0.7016203569059974,,
2019-10-286,Subang,31.01033651170009,79.69387676000002,42.24408829071574,3.133139061429466,,
2019-10-286,Sukabumi,24.681655821792525,45.11376842000004,34.62250060852109,20.522425195209077,,
2019-10-286,Sumedang,30.065083773173395,60.27610514000003,38.37455992075919,0.0015192462282676803,,
2019-10-286,Kota Bekasi,38.05520652361031,53.088009080000006,43.815490490000016,0.0,,
2019-10-286,Kota Depok,28.055598173672145,41.292422060000035,34.874252814685185,19.83798470344601,,
2019-10-302,Bandung,34.36299280412577,72.46818248,45.24368059691058,29.773948062398354,,
2019-10-302,Kota Cimahi,41.644617165231615,52.33262666000002,46.43479309507814,50.89334032646371,,
2019-10-302,Bekasi,41.50004989448751,60.20432672000004,48.37314228673984,59.01545914746087,,
2019-10-302,Bogor,36.77367855081844,64.91777630000001,45.621687659526465,60.58915815072188,,
2019-10-302,Cianjur,35.65189669533559,83.76132056000006,47.24225722213684,59.50713074864571,,
2019-10-302,Garut,33.514449224211006,83.65536194000003,45.24355881821728,10.430851621212312,,
2019-10-302,Indramayu,52.3243783461565,79.90579400000001,58.370480913401025,0.26734439135914473,,
2019-10-302,Karawang,36.418937055350426,50.57234635999998,44.06331856648103,92.28833446097934,,
2019-10-302,Kota Bandung,43.87153572891851,57.78778657999999,48.185200203112146,7.814317747099218,,
2019-10-302,Kota Bogor,42.83670463432241,55.32681218000005,50.18623314871989,41.12229862359991,,
2019-10-302,Kota Sukabumi,38.23009184751754,54.89614166000001,44.94196365577897,64.28374179381984,,
2019-10-302,Purwakarta,36.955657062162985,51.49179374000005,44.123609542864244,72.7504757870742,,
2019-10-302,Subang,38.184538101555745,85.88732900000002,47.744826033204234,41.890744131922624,,
2019-10-302,Sukabumi,40.63017434613473,63.48220790000005,49.37415430781474,54.85812727617966,,
2019-10-302,Sumedang,39.74118382520335,57.69891805999998,48.87286608957727,30.10567457259821,,
2019-10-302,Kota Bekasi,41.116172542471695,50.55525626000002,46.691184650000025,85.0730846658801,,
2019-10-302,Kota Depok,42.74795309588022,54.038218640000025,48.059991416951824,61.49798248090187,,
2019-11-318,Bandung,5.588671967689172,22.879548320000026,12.379412109937904,99.38194921376488,,
2019-11-318,Bogor,-4.074646670909079,-2.8444701999999893,-2.8444701999999893,99.9996684253755,,
2019-11-318,Cianjur,22.754556565773623,55.398590600000034,41.752128432775464,84.89687740319557,,
2019-11-318,Garut,21.200538104401467,57.17254298,41.74650547998095,51.21284770145075,,
2019-11-318,Kota Sukabumi,0.27953164523625357,8.862248300000033,6.4662694787548896,99.75230349808953,,
2019-11-318,Sukabumi,21.577842544825153,53.26574612000002,38.74737695036829,88.77279108873056,,
2019-11-334,Bandung,29.780292077246184,70.52674711999998,38.873561522837505,69.42227766443538,,
2019-11-334,Kota Cimahi,34.873187743106726,47.352571520000026,40.56393797130437,46.218593065573444,,
2019-11-334,Bekasi,26.43309460374975,33.77619607999998,31.345983860000015,97.9097672090977,,
2019-11-334,Bogor,27.32808949491364,48.224166620000005,32.86965765515965,92.49851301699236,,
2019-11-334,Cianjur,31.4932015368225,66.22345994,44.12355550187785,67.12386116221496,,
2019-11-334,Garut,29.85531690759511,53.94593210000005,39.37507841122149,62.773788370908036,,
2019-11-334,Indramayu,31.665849751765034,60.118876220000004,35.8742033899221,0.12052168467637692,,
2019-11-334,Karawang,18.71245038276912,25.969438400000058,23.591105696685194,99.0006276181147,,
2019-11-334,Kota Bandung,35.325375282411386,51.50546582000004,40.68556668652553,47.180167289666855,,
2019-11-334,Kota Bogor,30.574789735860495,38.05555712,34.030950278392204,92.61662517644466,,
2019-11-334,Kota Sukabumi,32.51126575239629,46.48781245999999,37.566569920307714,78.8566388313659,,
2019-11-334,Purwakarta,22.450596400618373,34.71615158000003,27.93868322594505,85.32143831477896,,
2019-11-334,Subang,26.610325474901135,66.93099008000002,32.74238322883958,53.02010841826269,,
2019-11-334,Sukabumi,38.10672683204253,58.32099770000002,47.624651862432245,59.33389232146712,,
2019-11-334,Sumedang,27.74229759452464,49.813545920000024,34.37433937753171,25.455170617634497,,
2019-11-334,Kota Depok,32.458239016643816,40.93352995999999,36.43496804214288,88.79550855989008,,
2020-01-17,Bandung,33.40735819256892,78.95216642000003,41.743864292590544,39.63548445560172,,
2020-01-17,Kota Cimahi,40.97581388148479,46.98342536000001,44.72386959790849,54.45085481395226,,
2020-01-17,Bekasi,40.625468478105375,58.604693360000056,45.68695760825172,31.544658539921024,,
2020-01-17,Bogor,36.88359260308096,64.96221056000002,43.87489264915771,39.12504839092494,,
2020-01-17,Cianjur,33.19048001583623,82.43512880000003,40.24217650370569,30.739168166067078,,
2020-01-17,Garut,31.49088529933549,75.83835020000004,39.87054752203017,36.79169777371803,,
2020-01-17,Indramayu,37.53171162691411,69.12535892000005,40.3670728114943,13.950373629888713,,
2020-01-17,Karawang,36.73250440321136,55.32681218000005,41.186696829848565,23.897003135846706,,
2020-01-17,Kota Bandung,43.68356909899253,56.23942352000006,48.37014623207098,16.2042360374879,,
2020-01-17,Kota Bogor,41.28169953065637,51.02010698000004,46.56185983781685,16.824681796423242,,
2020-01-17,Kota Sukabumi,39.97536431154963,52.50694568000006,46.806692852595525,3.377296252094781,,
2020-01-17,Purwakarta,35.48457372369725,57.008478019999984,40.62368343214334,33.95290038791891,,
2020-01-17,Subang,35.380863681055075,74.43354398000002,40.37147763740868,50.76247977253928,,
2020-01-17,Sukabumi,35.03422863105641,54.236463800000024,41.62233529045143,22.92259857343647,,
2020-01-17,Sumedang,34.334077755204554,61.578370759999984,40.87316319111529,45.51819033986138,,
2020-01-17,Kota Bekasi,41.788274243204974,53.7921212,46.68449102750003,55.76749034955043,,
2020-01-17,Kota Depok,43.93611507471547,55.76431874000002,49.05880333925062,32.11418994833101,,
2020-02-49,Bogor,23.336602591696185,42.70064630000002,33.12337869143594,84.90038370655559,,
2020-02-49,Cianjur,16.92580334166445,44.48143472000004,27.233394882657112,80.81365605829576,,
2020-02-49,Garut,13.78680982732986,22.360009279999986,17.231270270000024,99.94524273867978,,
2020-02-49,Kota Bogor,11.951351677591461,14.89847162000001,14.741242700000043,99.97215249550467,,
2020-02-49,Kota Sukabumi,24.07942851593347,32.54570888000001,29.940307369225103,48.879033688705015,,
2020-02-49,Sukabumi,23.49756660631913,48.333543260000056,33.74241053047922,54.70793961266086,,
2020-02-49,Kota Depok,29.46605698170053,43.30221782000001,35.63097115195494,78.64831963544803,,
2020-03-81,Bandung,20.724709934688175,61.08959390000001,29.243365114854647,81.26396070825545,,
2020-03-81,Bekasi,19.420267793462536,34.44270998000002,27.123676792519085,77.4444673624235,,
2020-03-81,Bogor,30.016530252632304,49.42730965999999,38.2381052460806,56.678090519775594,,
2020-03-81,Cianjur,25.21732753826193,58.96358545999999,35.2427207839137,26.96606765640351,,
2020-03-81,Garut,28.738233533442497,67.14974336,35.240424779516424,22.865639255462764,,
2020-03-81,Karawang,13.920595949617006,29.599375640000005,24.241960663370683,82.59059176725302,,
2020-03-81,Kota Bandung,10.652647485334734,15.97856594000001,15.353068280000002,99.94710462856014,,
2020-03-81,Kota Bogor,35.66032763048325,47.75931590000005,43.117631446918196,10.245336671314602,,
2020-03-81,Kota Sukabumi,27.34225530704223,43.538061200000016,31.938345715000008,36.327405065816876,,
2020-03-81,Purwakarta,15.841788261385112,46.993679420000035,29.74452144459777,75.36177010445945,,
2020-03-81,Subang,10.915361320960573,31.383582079999996,21.373811689301675,91.42256684321758,,
2020-03-81,Sukabumi,33.02170046250252,50.80135370000005,38.230039812969785,8.884191076586347,,
2020-03-81,Sumedang,17.210797081233395,29.807874860000027,25.18873291008699,92.91594839967124,,
2020-03-81,Kota Depok,17.453520488393668,21.515758340000048,21.11926802000005,99.8943142905047,,
2020-04-97,Bandung,32.93641370741353,80.41507897999998,42.486111784811804,59.184220346162206,,
2020-04-97,Kota Cimahi,42.04656613474582,57.268247540000004,47.059482794291476,0.0,,
2020-04-97,Bekasi,23.903101205981315,31.03152602,28.099266979999996,99.74397075983474,,
2020-04-97,Bogor,22.59133515208373,41.20355354000003,29.736510866141476,82.54867775254945,,
2020-04-97,Cianjur,29.345894902531736,63.85477208000003,36.87513481006314,68.07649279959729,,
2020-04-97,Garut,27.9389838370067,49.65631700000006,35.45869334536682,80.04781758898756,,
2020-04-97,Karawang,23.579252916727345,28.83715718000002,27.093966980000012,99.36046102395014,,
2020-04-97,Kota Bandung,40.30414245957956,61.834722260000035,46.37280652973658,19.9828453684069,,
2020-04-97,Kota Bogor,17.898452237545463,24.670590800000014,19.147070480000025,99.99103614374152,,
2020-04-97,Kota Sukabumi,29.368885675117017,42.782678780000026,37.38126196450249,84.44233950522167,,
2020-04-97,Purwakarta,32.73281282789903,46.63136930000002,41.626224657771104,90.12466025989808,,
2020-04-97,Subang,28.988430073307633,44.43016441999998,33.869220953625394,93.57790290444485,,
2020-04-97,Sukabumi,28.158937087079014,44.77196642000001,34.122247305945976,68.94061754364321,,
2020-04-97,Sumedang,28.16540246366222,36.606316640000045,33.458534174832465,94.48685478168336,,
2020-04-97,Kota Depok,30.791936227882335,42.574179560000005,36.81298681988772,88.13183520226191,,
2020-04-113,Bandung,32.75758292395253,77.34227900000002,39.87259912118207,44.07376642517406,,
2020-04-113,Kota Cimahi,43.11373029243262,55.41568070000005,47.56600191217557,6.081842080360051,,
2020-04-113,Bekasi,42.74269702889534,61.95435296000005,48.56112392607589,0.0023504309415276385,,
2020-04-113,Bogor,37.8803859702552,64.80156362000002,46.62362373290085,7.824491423501537,,
2020-04-113,Cianjur,33.98340534926875,68.95445791999998,40.62356066797939,21.037264086021658,,
2020-04-113,Garut,29.68148872002771,63.36257720000003,34.122124095605756,33.44050364753105,,
2020-04-113,Indramayu,27.50943090346434,47.024441600000046,40.12018323407472,39.719694225893704,,
2020-04-113,Karawang,38.91998992104127,59.1413225,43.870839381376086,0.9604904976444182,,
2020-04-113,Kota Bandung,41.19596796969334,57.56561528000003,45.366287840685864,1.7258759975996532,,
2020-04-113,Kota Bogor,44.39848902134845,55.62759793999999,50.811905400461704,0.00159844989224724,,
2020-04-113,Kota Sukabumi,40.44535282432776,55.118312960000026,45.314579462049885,0.018570137296671542,,
2020-04-113,Purwakarta,37.74024356912835,65.55694604000001,44.3738435112576,9.695159444722707,,
2020-04-113,Subang,37.03144652423975,83.32039598000006,44.23873644220338,8.397756852577992,,
2020-04-113,Sukabumi,35.93873049156239,56.92644554000003,41.372842294039756,6.671331975745994,,
2020-04-113,Sumedang,29.996796522240178,57.45282062000001,38.241643115272616,19.163717094692004,,
2020-04-113,Kota Bekasi,46.13488186347788,63.80008376000001,51.93747020146343,0.0,,
2020-04-113,Kota Depok,48.48367078454819,60.39231782000002,54.31022235321862,0.0013415230186323167,,
2020-05-129,Bandung,27.570643518093718,69.14244902000002,37.12426313226818,19.55023364353691,,
2020-05-129,Kota Cimahi,36.78894090769179,49.25982668000006,42.83337488442938,24.75154338066528,,
2020-05-129,Bekasi,21.852977064482985,39.97990238,26.87422472100589,52.152086286352606,,
2020-05-129,Bogor,25.20486758981704,45.195800899999995,33.37501580591337,55.69879464489238,,
2020-05-129,Cianjur,24.45323657002175,59.510468660000015,32.742793383773545,53.63224399308564,,
2020-05-129,Garut,28.78725238627855,66.33283658000005,35.87426186678708,35.53314369935614,,
2020-05-129,Indramayu,35.47618280599835,48.24809276000002,38.18803405557268,0.0,,
2020-05-129,Karawang,22.437622665759644,45.75977420000004,29.122680173506474,9.176070930551381,,
2020-05-129,Kota Bandung,37.3918488221146,49.00005715999998,40.93331020140599,9.233473633438287,,
2020-05-129,Kota Bogor,21.067500139543313,22.530910280000057,22.360009279999986,99.96705939535781,,
2020-05-129,Kota Sukabumi,22.41371452857855,28.697018360000015,25.799391905000014,97.76601248321042,,
2020-05-129,Purwakarta,27.15605039711824,48.456591979999985,32.62196733371435,9.126287794797777,,
2020-05-129,Subang,31.25919712889718,69.87390530000005,36.873685428662085,5.949759667493354,,
2020-05-129,Sukabumi,23.59145396485403,36.10044968,30.124363502630313,88.2544551911118,,
2020-05-129,Sumedang,29.88016316239625,54.824363240000025,36.37453992962666,4.833235602971475,,
2020-05-129,Kota Bekasi,29.539685169453055,44.785638500000005,36.42413617400002,16.550032184717914,,
2020-05-145,Bandung,31.360446011177604,74.87446856000003,39.6235596042919,12.701161327237273,,
2020-05-145,Kota Cimahi,41.931078873049564,52.10020129999998,45.17777861272728,0.0,,
2020-05-145,Bekasi,41.119488563158434,60.067605920000005,46.68604952202571,3.83195762798577E-4,,
2020-05-145,Bogor,36.53721221578845,64.81865372000004,45.12302246243166,2.0869536503143586,,
2020-05-145,Cianjur,32.76245968722268,71.23085924000003,38.371989521279055,22.473933229218915,,
2020-05-145,Garut,29.373657241849145,66.87630176000005,34.87184699040846,3.353545115480051,,
2020-05-145,Indramayu,35.882536604876954,65.69024882000002,38.36644992899396,5.956996216476183,,
2020-05-145,Karawang,38.08780535875895,58.054392140000004,43.56203202000002,0.29510413608225733,,
2020-05-145,Kota Bandung,41.23751969130614,54.06898081999998,45.061292348491804,0.10811636771822833,,
2020-05-145,Kota Bogor,44.781074586937976,55.01235434,50.93551626702974,0.0,,
2020-05-145,Kota Sukabumi,37.47388779904877,46.730491880000045,42.81265721019122,2.592332907361084,,
2020-05-145,Purwakarta,35.90087582057305,61.58520680000004,42.3755500385909,0.4678380089668472,,
2020-05-145,Subang,33.532625830486126,72.72795200000002,39.62267301858544,4.598154345508755,,
2020-05-145,Sukabumi,33.49271650356341,51.34140086000002,38.623306306257575,16.147531016199785,,
2020-05-145,Sumedang,31.158892687151326,54.4244549,36.61978889020182,4.550134150083669,,
2020-05-145,Kota Bekasi,44.48356948336111,59.37032984000001,49.933176620000026,0.0,,
2020-05-145,Kota Depok,44.9506577367825,56.04117836,49.9359746406459,4.4717433954410556E-4,,
2020-06-161,Bandung,26.494781906399105,61.41430580000002,34.7452123097721,46.27482375919589,,
2020-06-161,Kota Cimahi,32.16053015011942,42.454548860000045,36.31235057105232,22.50796751723021,,
2020-06-161,Bekasi,7.292689400917244,22.308738980000044,14.803504073743694,85.8972500583794,,
2020-06-161,Bogor,18.833131196619227,39.67911662000006,26.872946270335422,45.272116129296606,,
2020-06-161,Cianjur,21.98111633466483,43.54147922000004,30.48706189731445,67.22458678544017,,
2020-06-161,Garut,21.603075011696536,28.41332269999998,24.437322032467552,99.10732426779263,,
2020-06-161,Indramayu,27.553898528153468,53.66907248000001,30.619707865196762,1.574651572997256,,
2020-06-161,Karawang,12.180402710116066,24.482599700000037,17.437998012923693,30.15254991254289,,
2020-06-161,Kota Bandung,32.14420871710635,44.932613360000005,36.87297114942228,12.554581344500813,,
2020-06-161,Kota Bogor,26.006082761309987,37.52576402,33.37202897528301,32.03402341340458,,
2020-06-161,Kota Sukabumi,25.430350466826187,35.45102588000003,31.934743698137943,18.209891197929686,,
2020-06-161,Purwakarta,18.681199547213396,38.09315534000001,24.624019565444076,27.81684457924596,,
2020-06-161,Subang,20.79949118190305,55.036280480000016,27.372598548661585,29.60200175485993,,
2020-06-161,Sukabumi,19.19149346198201,39.20401184000002,27.74475935572879,65.41169779266406,,
2020-06-161,Sumedang,21.492737006041885,47.62259510000001,30.624220032579462,22.30622112774515,,
2020-06-161,Kota Bekasi,13.555936673839774,20.85949850000003,18.816851770000014,72.58617173589352,,
2020-06-161,Kota Depok,21.032566559451663,33.492500420000056,28.189395941978262,54.964090234591026,,
2020-06-177,Bandung,10.931273806640398,47.80375016000005,19.12257629903936,15.512027657037084,,
2020-06-177,Kota Cimahi,17.0026080030339,31.40750822000001,25.435404899248145,7.229902368842718,,
2020-06-177,Bekasi,8.155857992121796,26.878631720000044,16.125382498875354,5.539423005927953,,
2020-06-177,Bogor,15.311522085869342,33.37970575999998,23.37302891157451,6.598194576096462,,
2020-06-177,Cianjur,6.47787385107138,31.038362060000054,15.12171562815397,28.677579943278324,,
2020-06-177,Garut,5.781713900403287,36.1893182,14.873926448740386,26.79892928568902,,
2020-06-177,Indramayu,16.407964617142667,36.544792280000024,20.058621957419607,0.0,,
2020-06-177,Karawang,14.942439455000457,35.12289596000005,26.12099536136996,3.060750771505979,,
2020-06-177,Kota Bandung,19.169670976200265,32.532036800000014,26.062815270608194,8.810594018736385,,
2020-06-177,Kota Bogor,24.778368833425798,33.871900640000035,30.188895351566142,0.3844271990854612,,
2020-06-177,Kota Sukabumi,18.835210409209,28.290273980000052,24.68690642416921,0.5138029281683781,,
2020-06-177,Purwakarta,18.469264236804914,39.84318158000002,25.87267686041253,1.8340785139521718,,
2020-06-177,Subang,15.353022261692827,46.474140379999994,21.872254541536442,2.1079082347487894,,
2020-06-177,Sukabumi,7.479257581778631,29.664318019999996,16.372758989724026,52.82161474182041,,
2020-06-177,Sumedang,11.319597490685418,27.657940280000048,17.686980754202338,22.00364135275338,,
2020-06-177,Kota Bekasi,9.83071146892086,23.740889359999983,18.681859968421076,30.951181440264197,,
2020-06-177,Kota Depok,19.08375260805574,30.751248379999993,26.87186179118035,5.27202763698752,,
2020-07-193,Bandung,24.364370118017227,44.963375540000015,31.874262959318006,66.00004529744358,,
2020-07-193,Kota Cimahi,33.010919305452504,42.83053106,37.19845261471887,5.122500076186628,,
2020-07-193,Bekasi,34.839788883269506,52.879509859999985,41.873955593573356,7.344147472754776,,
2020-07-193,Bogor,29.1726561022347,50.927820440000005,35.74055294848387,43.990650808747795,,
2020-07-193,Cianjur,25.461913261556155,62.64821102000002,32.23803066041195,29.466585916256477,,
2020-07-193,Garut,24.49823532900513,51.649022660000014,31.371857536065527,34.680715473086316,,
2020-07-193,Karawang,31.80538360399272,49.748603539999976,37.86802213284025,2.0586343081188465,,
2020-07-193,Kota Bandung,32.69463594426637,47.451694100000054,38.11855206189914,30.03393984985448,,
2020-07-193,Kota Bogor,26.737524955543066,40.13713130000002,35.873980798165974,78.24084383611547,,
2020-07-193,Kota Sukabumi,35.61822845202046,46.443378199999984,40.81071071837456,0.0,,
2020-07-193,Purwakarta,29.356563045554914,52.42149518000002,37.374381243681285,8.801750104761261,,
2020-07-193,Subang,26.84072762235813,58.92598724000004,33.74006120839132,35.191847628682176,,
2020-07-193,Sukabumi,30.40633222639599,51.95664446000001,35.37245786090248,4.661943288514537,,
2020-07-193,Kota Bekasi,40.20779278725751,55.528475360000016,46.18605747948312,0.0,,
2020-07-193,Kota Depok,32.76018826222622,44.77538444000004,39.375657959695836,61.46205421475057,,
2020-07-209,Bandung,28.10838930296442,69.37487438000005,35.62345179741134,0.77431574368734,,
2020-07-209,Kota Cimahi,36.630710126039595,44.39256620000003,39.27849619250002,0.016360075641290907,,
2020-07-209,Bekasi,37.47935713496606,52.74620707999998,42.06414163526135,0.0,,
2020-07-209,Bogor,32.8611271146559,52.62999439999999,40.12291656766449,12.321943383177949,,
2020-07-209,Cianjur,29.313371705757522,67.09505504000003,35.872227445515115,12.44610599899748,,
2020-07-209,Garut,27.360553435802515,71.22744122000006,34.87415120380626,7.360335796327078,,
2020-07-209,Indramayu,38.401863419508445,63.89578832000001,42.12223997930915,0.571057464056971,,
2020-07-209,Karawang,34.43379859668909,51.83359574000002,39.93671782103849,0.2266486617456997,,
2020-07-209,Kota Bandung,36.38709356218183,46.92873703999999,39.686965655148356,0.34468782579474777,,
2020-07-209,Kota Bogor,35.18239553863517,44.638663640000004,40.56144619326623,52.28787543474317,,
2020-07-209,Kota Sukabumi,33.65116859365555,45.54443894000002,38.56439222889907,20.411362768433133,,
2020-07-209,Purwakarta,32.04305054899569,54.499651340000014,38.625397257400415,0.09691551021536593,,
2020-07-209,Subang,32.458276111999055,75.28463096000002,39.87269628281368,0.006703479453712372,,
2020-07-209,Sukabumi,29.686488984503576,51.83701375999999,34.12237995416842,16.652167633319745,,
2020-07-209,Sumedang,30.357217706209,49.10601578000001,36.31154880513799,0.08882902434920843,,
2020-07-209,Kota Bekasi,40.38412444731712,54.58851986000002,45.424108199296015,0.0,,
2020-07-209,Kota Depok,39.56507976893276,48.88726250000002,43.81264473545924,4.667474234296801,,
2020-08-225,Bandung,23.751354125353178,74.61811706000003,34.74654907278452,63.52438597213783,,
2020-08-225,Bekasi,29.748701798596848,53.09484512000006,41.24273539861005,75.38194152642059,,
2020-08-225,Bogor,22.385296076399957,50.40486338000005,40.74813060185541,97.42647565690301,,
2020-08-225,Cianjur,25.26680411007985,59.43527222,32.24141192471234,65.64331661909651,,
2020-08-225,Garut,24.939930063382544,47.26028498000005,36.744373994888385,78.51957476773666,,
2020-08-225,Karawang,29.68594747110553,45.77686430000006,37.74184902165113,60.897218088773464,,
2020-08-225,Kota Bandung,33.22465704585371,46.72023782000002,39.870508817360175,39.6784047053184,,
2020-08-225,Purwakarta,25.955343162427425,45.10351436000002,36.236258084624275,82.06244269998045,,
2020-08-225,Subang,14.341631625081565,27.258031940000023,22.76321749981419,99.53174844636796,,
2020-08-225,Sukabumi,24.355758243204438,44.53270501999998,32.744980139776935,95.93611246418635,,
2020-08-225,Sumedang,19.94290125679063,41.606879900000024,30.236095285961362,86.13536447309095,,
2020-08-225,Kota Bekasi,11.125004406157347,18.651457580000056,17.98152565999999,99.58342021356295,,
2020-08-225,Kota Depok,24.782968767758817,41.01556244000005,37.25429937506334,95.48210470546829,,
2020-08-241,Bandung,30.442664344542337,70.57118137999998,38.875678242734935,17.757087791345775,,
2020-08-241,Kota Cimahi,39.424503510235745,46.241715020000015,41.59565667381046,0.07362034038580909,,
2020-08-241,Bekasi,41.617849595418555,56.22916945999998,46.372087279918894,26.192814124564045,,
2020-08-241,Bogor,35.11578233600795,57.117854660000035,43.622616174026355,12.11553642461733,,
2020-08-241,Cianjur,31.811517027014006,73.58929304000003,40.37613387434346,32.74378543987076,,
2020-08-241,Garut,29.397677957087144,75.54440048000004,37.62334037927657,22.856579951602033,,
2020-08-241,Indramayu,39.43852007186944,69.81921698000002,43.619844685165624,27.050611746013676,,
2020-08-241,Karawang,36.73871301176058,53.04015679999998,43.37345870791252,24.067550320568934,,
2020-08-241,Kota Bandung,37.651749380932685,47.76956996000001,41.188848409126976,26.003111467744223,,
2020-08-241,Kota Bogor,40.11483262447381,50.52791209999998,46.18394525870667,19.984704401638943,,
2020-08-241,Kota Sukabumi,37.92073308389296,48.8701724,43.565221705194006,0.2516071543529419,,
2020-08-241,Purwakarta,34.441284471258456,53.27941820000001,41.62289831686922,16.768753706196527,,
2020-08-241,Subang,34.162831246204306,79.32131258000004,41.79475599002514,10.52638890533775,,
2020-08-241,Sukabumi,31.7900538227215,51.29013056000002,38.12069559209258,31.99829499419534,,
2020-08-241,Sumedang,32.618738746710314,48.73345160000002,39.12193233840483,36.14297231864646,,
2020-08-241,Kota Bekasi,44.02485196076716,59.168666659999985,49.812440090000024,0.0,,
2020-08-241,Kota Depok,42.2642030595904,51.95322643999998,47.62265870926917,37.63376628519073,,
2020-09-257,Bandung,34.5686649132733,78.3164147,44.24467811803087,34.70397116818836,,
2020-09-257,Kota Cimahi,39.1687125155704,44.18406698000001,42.695519270000034,91.11943015611035,,
2020-09-257,Bekasi,43.60246929156004,59.20284686000002,47.873218149204845,2.169587942985641,,
2020-09-257,Bogor,35.85556247697608,62.84645618000002,45.122975115733055,14.647230216369522,,
2020-09-257,Cianjur,34.67698500330231,73.96527523999998,42.62466581724336,63.02755976350516,,
2020-09-257,Garut,32.454124828776386,76.41257756000005,40.87402601042324,50.06985326629301,,
2020-09-257,Indramayu,43.904244175494455,68.71861453999998,49.122379772124376,0.0,,
2020-09-257,Karawang,39.1240294486937,55.104640880000034,45.626394864345684,6.075641794617992,,
2020-09-257,Kota Bandung,43.32124463165762,53.97669428000006,47.059460079968666,32.432523821387846,,
2020-09-257,Kota Bogor,38.252878872456364,47.58841490000003,42.935747927112075,0.00959069935348344,,
2020-09-257,Kota Sukabumi,34.47283082478326,44.53954106000003,40.18547186857146,58.57377413061895,,
2020-09-257,Purwakarta,36.996488386249716,60.60765307999998,44.37321055000113,9.457974174112985,,
2020-09-257,Subang,36.34544722086494,82.63679198,44.74365127083069,14.414751792190975,,
2020-09-257,Sukabumi,32.30986431110361,62.62770290000003,39.62229825124477,60.0054240377627,,
2020-09-257,Sumedang,36.26704945029406,53.24181998000006,42.87376946458285,21.174868241642354,,
2020-09-257,Kota Bekasi,44.62932726639861,61.41430580000002,50.67892643818183,0.7358728333227424,,
2020-09-257,Kota Depok,44.887420798941285,54.99526423999998,49.31276857039188,0.34889769508633783,,
2020-09-273,Bandung,30.560400835809993,57.722844200000054,42.12647639902901,67.66590967652267,,
2020-09-273,Kota Cimahi,38.491680078702515,47.468784200000016,42.44153662064091,3.395164795683508,,
2020-09-273,Bekasi,38.124883167620254,54.561175700000035,47.37706106989012,86.95022691554381,,
2020-09-273,Bogor,27.040005127628778,48.42582980000003,36.23739548852245,82.96678359294066,,
2020-09-273,Cianjur,26.02038731765532,43.343234059999986,34.74154415526364,80.19772432405317,,
2020-09-273,Garut,13.95496745562529,30.7375763,19.560471004210548,99.65682478257712,,
2020-09-273,Indramayu,24.44817485061198,46.829614460000016,34.73463829032259,76.9624526154166,,
2020-09-273,Karawang,33.08172214181584,58.56709513999999,45.238163125387814,38.49043872103273,,
2020-09-273,Kota Bandung,33.60067761244433,48.193404439999995,41.61640642274643,52.2817402138526,,
2020-09-273,Kota Bogor,31.166598013937776,40.889095699999984,38.44779971593669,99.2408992803873,,
2020-09-273,Kota Sukabumi,23.59258052428573,33.95393311999999,28.701328037391335,88.94726547081778,,
2020-09-273,Purwakarta,20.192423140331556,43.213349300000004,28.24864889567201,82.89692935278462,,
2020-09-273,Subang,26.55822528639351,49.006893200000036,34.74378469686474,74.63570978895766,,
2020-09-273,Sukabumi,25.095946849621463,47.40725984000005,34.62435387090231,83.41203161127818,,
2020-09-273,Sumedang,34.151953900621265,57.4664927,44.742543802667235,43.4002999575641,,
2020-09-273,Kota Depok,29.67720322201373,35.32455914000002,34.251300860000015,99.88010291463148,,
2020-10-289,Bandung,28.349435650196398,52.547961920000034,37.74523322424914,82.48175002795307,,
2020-10-289,Bekasi,39.6137051380091,60.57005486000003,46.37220319328703,8.000638685729678,,
2020-10-289,Bogor,38.252265740839306,72.37931395999999,47.2464288287305,16.8988192186259,,
2020-10-289,Cianjur,34.788806152234194,64.73320322000001,44.125051941547746,64.48047872065271,,
2020-10-289,Garut,24.693827118795664,38.42470328000002,32.37155235603286,95.76699393556571,,
2020-10-289,Indramayu,50.792891131804964,78.17969390000002,56.61343776909093,0.0,,
2020-10-289,Karawang,38.20025059659206,59.43185420000003,45.87637367796471,4.598186949350168,,
2020-10-289,Kota Bogor,46.109672482820194,59.10372428000005,53.31331318813443,1.1556071851388294,,
2020-10-289,Kota Sukabumi,41.030614099116306,53.190549680000004,47.93643148181825,14.916073174788524,,
2020-10-289,Purwakarta,36.19416362931164,67.62143012000001,46.24534051901692,13.237631034257404,,
2020-10-289,Subang,33.14680453170148,75.63668702000001,45.24511330964539,32.09165602693469,,
2020-10-289,Sukabumi,30.33969301299974,53.610966140000016,39.124751665448706,57.103851990748566,,
2020-10-289,Sumedang,32.28116325612485,59.34982172000002,46.24667199678515,60.521681489675096,,
2020-10-289,Kota Bekasi,39.92314613361219,53.26232809999999,46.933567498365505,4.360010339722549,,
2020-10-289,Kota Depok,47.785079048497,63.41726552,55.119102178198496,0.0,,
2020-10-305,Bandung,32.44360748260213,65.69366683999999,41.24370718949711,59.34528402840492,,
2020-10-305,Kota Cimahi,38.38245141176561,52.05576703999998,45.552983990000016,18.32007686027694,,
2020-10-305,Bekasi,38.581464069437075,59.68478768,46.37662487962109,24.679232938866544,,
2020-10-305,Bogor,34.76099651398802,61.34252737999998,44.744296718107265,60.39450603942965,,
2020-10-305,Cianjur,31.04705614360201,55.53189338000004,40.245921974708445,63.43708520253375,,
2020-10-305,Garut,28.558535322222543,48.05668364000002,35.23840562961364,92.3976941809264,,
2020-10-305,Indramayu,30.618665709169193,58.50557078000003,38.24559249033493,34.50631744363135,,
2020-10-305,Karawang,21.659440664178366,35.56723856000002,31.62416083658698,96.37354753767399,,
2020-10-305,Kota Bandung,35.60652397093882,47.195342600000004,43.60752595427504,97.22225522221368,,
2020-10-305,Kota Bogor,40.0777143362326,55.47036902000002,47.626380215920726,72.33783420257139,,
2020-10-305,Kota Sukabumi,38.95734665935406,60.23850692000002,46.11990820910677,1.3062817167021403,,
2020-10-305,Purwakarta,18.94714884845606,35.08529773999999,29.111589510434808,98.94491058445132,,
2020-10-305,Subang,24.252013944550544,38.39052307999998,34.742445994713236,98.83838690932494,,
2020-10-305,Sukabumi,31.804585897820527,56.22916945999998,40.238140222141645,75.07030480076412,,
2020-10-305,Sumedang,19.99452231136026,39.35098670000002,31.744334878301338,93.20224322575342,,
2020-10-305,Kota Bekasi,43.38378070102623,59.97531938000003,51.30469429739133,0.0,,
2020-10-305,Kota Depok,32.01944928390723,52.10361932000001,41.13128951231501,85.30214579324947,,
2020-11-321,Bandung,28.899789247970084,68.44859096000005,37.62366028287809,76.38112086377797,,
2020-11-321,Kota Cimahi,36.89058628943629,44.491688780000004,42.301763366000024,40.81684895319577,,
2020-11-321,Bekasi,39.773453520520476,58.89180704,46.37178599711624,5.5100820499409755,,
2020-11-321,Bogor,35.4384647145992,62.361097340000015,45.12267793601233,41.94960725877439,,
2020-11-321,Cianjur,30.343265613001584,59.94455720000002,38.373111389558865,51.73491164040836,,
2020-11-321,Garut,26.501367417186017,67.48470931999998,35.473029561762324,54.882128924199534,,
2020-11-321,Indramayu,27.692766258277366,36.937864579999996,33.065532436748626,74.76286809182808,,
2020-11-321,Karawang,35.26852464880265,54.86879750000003,42.62676192386709,2.05055820240806,,
2020-11-321,Kota Bandung,40.3570620264677,51.71738306000003,46.118808224705894,50.68930218871106,,
2020-11-321,Kota Bogor,39.218649754564595,51.50546582000004,46.627756537375774,45.94519805436685,,
2020-11-321,Kota Sukabumi,34.036568500404634,46.730491880000045,40.93911911107109,58.168005707076496,,
2020-11-321,Purwakarta,32.86278448724345,58.67988980000001,40.87380901206495,8.411736462825242,,
2020-11-321,Subang,31.84786761092807,60.262433060000035,38.12058813027993,36.600832833589706,,
2020-11-321,Sukabumi,33.36899151247187,53.40246692000005,41.470436090680835,49.26897099371711,,
2020-11-321,Sumedang,27.320019200901505,42.15718112000002,32.36962126040742,75.83113075310024,,
2020-11-321,Kota Bekasi,44.36680056296686,62.966086880000034,50.11383869634618,10.784781782570315,,
2020-11-321,Kota Depok,42.022024007510886,54.82094522,49.12257381068229,21.741355098530132,,
2020-12-337,Bandung,29.45027346466615,72.55363298000003,37.74242178670116,40.95411199873958,,
2020-12-337,Kota Cimahi,31.322823986936665,42.92623562000006,35.04615436912047,47.31936952759481,,
2020-12-337,Bekasi,37.75723874351207,57.674991920000025,44.37454258741332,1.4778629120256142,,
2020-12-337,Bogor,29.598127278876632,66.32941856000002,42.486382016831136,25.86125672663973,,
2020-12-337,Cianjur,27.58189859249232,59.312223500000016,35.24035212425597,52.66479232217702,,
2020-12-337,Garut,27.537960936013523,67.78549508000003,33.23626741304042,38.21585571369794,,
2020-12-337,Indramayu,26.757215947757302,57.528017060000025,31.870190560300465,18.928795445276382,,
2020-12-337,Karawang,28.08676427432341,51.679784840000025,36.12028100838113,6.064181487591816,,
2020-12-337,Kota Bandung,34.58725458419815,48.28227296,40.312423124992506,40.4208289509228,,
2020-12-337,Kota Bogor,40.360789640202434,54.48597926000002,48.87545066761975,3.1377978832825075,,
2020-12-337,Kota Sukabumi,21.67856519901912,41.93159179999998,35.22899762710877,94.12253698078985,,
2020-12-337,Purwakarta,27.978835923619393,47.865274520000014,33.871100826945984,15.678621697206601,,
2020-12-337,Subang,27.538895083317325,59.77707422000003,35.12534938539872,34.31376031129858,,
2020-12-337,Sukabumi,25.78400344846128,46.83303248000004,34.24387662255802,65.38963628662954,,
2020-12-337,Sumedang,23.39517931085758,54.14075924000002,39.119204081546165,73.78725603748124,,
2020-12-337,Kota Bekasi,42.41140672898626,59.411346080000044,47.86612893697024,3.3645795209249845,,
2020-12-337,Kota Depok,33.68515135034259,54.50648738000001,48.246786740945005,42.173471412118175,,
2020-12-353,Bandung,-2.4111965257438466,44.79589256000003,15.24571561644488,9.829747738847415,,
2020-12-353,Kota Cimahi,7.346726348325589,28.303946060000044,16.935642555236136,0.0,,
2020-12-353,Bekasi,-7.690915058877931,37.676156900000024,24.251331727537522,42.41725297044949,,
2020-12-353,Bogor,-24.5330233036376,26.697476660000007,1.474829773351625,44.42196871181508,,
2020-12-353,Cianjur,-15.956665385876596,38.41786724000002,11.480376529605572,2.8324166937710222,,
2020-12-353,Garut,-1.196026545763756,44.10887054,14.447239629941212,1.2422392825337518,,
2020-12-353,Indramayu,-21.596351707159013,7.416425839999988,-2.2466075953191282,12.502845927290593,,
2020-12-353,Karawang,7.741368259921999,32.49443858000001,23.74335694306799,4.244274293140113,,
2020-12-353,Kota Bandung,-7.5181737989289905,26.731656860000044,11.245815975730084,0.7330776685233189,,
2020-12-353,Kota Bogor,-45.29814872757487,-26.517676719999997,-34.62059451878302,2.4298350233597787,,
2020-12-353,Kota Sukabumi,-16.545849079102048,4.92127124000001,-8.37933251013825,0.0,,
2020-12-353,Purwakarta,-2.5304030732871112,33.615549139999985,21.485725003077864,21.182259079942227,,
2020-12-353,Subang,-18.58688927433644,34.13167016,9.495186672751494,41.08813732612291,,
2020-12-353,Sukabumi,-31.558121139226753,30.778592539999977,10.487341255682756,14.96618038301758,,
2020-12-353,Sumedang,-15.077161350944834,31.04861612000002,-1.2630682766423238,29.90123943055223,,
2020-12-353,Kota Bekasi,-7.5112229353411655,9.644974880000007,1.633025741290343,19.045339123280712,,
2020-12-353,Kota Depok,-21.543004457679952,8.612732840000035,-0.24473683973783025,88.29577457601336,,
2021-01-03,Bandung,20.988212585257738,55.548983480000004,35.74620032790784,88.10807978643254,,
2021-01-03,Bogor,19.580582120320198,37.78895155999999,31.359210111304375,99.79633355694291,,
2021-01-03,Cianjur,11.041555268529523,36.44225168000003,26.246129525421555,88.8732215090612,,
2021-01-03,Garut,19.34048049816722,50.879968159999976,29.755110848997273,58.4244359838418,,
2021-01-03,Kota Bandung,13.897221781430401,18.20711498000003,17.851774745598288,99.89361315833499,,
2021-01-03,Purwakarta,8.043576781413064,20.54845868000001,18.171469914285744,99.88009428260595,,
2021-01-03,Sukabumi,22.196953273423578,40.55071171999998,30.871324408135912,71.93309563456978,,
2021-01-03,Sumedang,20.41197742599737,51.98057060000002,35.1266138206427,87.88687228909417,,
2021-02-35,Bandung,24.637151028712182,37.23523232000002,30.23630601879917,94.98347681005603,,
2021-02-35,Bekasi,32.16391147716912,44.17039490000002,38.617497634237694,89.84723991188659,,
2021-02-35,Bogor,28.55868946744897,41.28558601999998,34.064218827115766,94.11486381658521,,
2021-02-35,Cianjur,26.083323373341447,52.599232219999976,33.728411726965774,56.05312223781467,,
2021-02-35,Garut,18.584205510785036,42.772424720000004,24.741879447438244,59.295491722250674,,
2021-02-35,Indramayu,-12.261115299999972,-12.261115299999972,-12.261115299999972,99.9981159242965,,
2021-02-35,Karawang,28.354349946993775,37.922254339999995,31.438549773180426,91.06588898901276,,
2021-02-35,Kota Bandung,30.36250583297497,36.760127539999985,35.1927212257143,98.46788759172098,,
2021-02-35,Kota Bogor,30.359817389572417,45.684577760000025,36.11567540545458,91.55275647825886,,
2021-02-35,Kota Sukabumi,36.66220308540414,48.42582980000003,43.435497108453625,4.591127814686629,,
2021-02-35,Purwakarta,28.76197232068208,42.00678823999999,34.371945555480515,82.20325007559113,,
2021-02-35,Subang,27.312683168851066,52.120709420000026,31.87045219162019,90.07136490695802,,
2021-02-35,Sukabumi,29.38101497022467,47.21243270000002,34.61962483802223,19.540490457552963,,
2021-02-35,Sumedang,27.74276812012945,35.61509083999999,32.23304445416347,93.63374331297703,,
2021-02-35,Kota Bekasi,31.1948002407557,36.609734660000015,34.405681430000016,92.97932851466936,,
2021-02-35,Kota Depok,34.25981329942169,42.27339380000001,38.31102982095793,74.0953448291977,,
2021-02-51,Bandung,23.856356780887168,28.65600212000004,26.466597547142886,99.8086330951374,,
2021-02-51,Cianjur,32.00561223691053,55.68228626000001,39.738487440398146,81.27888369884072,,
2021-02-51,Garut,29.686985409220593,58.00653986000003,35.24653301932429,88.0887866825223,,
2021-02-51,Kota Sukabumi,33.00247978279546,44.26268144000005,38.30981699582092,72.07840035235188,,
2021-02-51,Sukabumi,32.92385148724977,53.37170474000004,39.23880323889085,68.24162005546215,,
2021-03-83,Bandung,11.714802847029144,26.444543179999982,19.374463695040635,90.12560602450053,,
2021-03-83,Bekasi,15.938152111055759,39.23477402000003,24.117187029396753,20.122773112167074,,
2021-03-83,Bogor,15.754822899135599,32.13212845999999,23.62294869679283,65.94800132582559,,
2021-03-83,Cianjur,12.575130058018841,44.35154996000006,20.742397851019717,77.29106094423709,,
2021-03-83,Garut,8.923743385935834,33.35577962000002,16.621385243927257,63.001916659741376,,
2021-03-83,Indramayu,5.574550090238765,21.946428860000026,13.628386444302453,50.88943476180996,,
2021-03-83,Karawang,20.69943769192321,43.11080870000001,27.620686082800027,13.14130019738695,,
2021-03-83,Kota Bandung,15.661782099976714,27.227269760000013,19.433509856734705,85.57814340835431,,
2021-03-83,Kota Bogor,16.65822159779228,31.168246820000036,25.37021489614291,38.004509571909736,,
2021-03-83,Kota Sukabumi,-2.236062639999986,11.056617140000014,11.056617140000014,99.99257194508134,,
2021-03-83,Purwakarta,16.361596468939904,46.89797485999998,27.24149560164835,31.12686795698167,,
2021-03-83,Subang,7.890344468768216,38.411031200000025,18.11994541706609,79.37082353754622,,
2021-03-83,Sukabumi,15.227805333902827,33.08233802000001,21.872065019304756,88.54083678589994,,
2021-03-83,Sumedang,6.573400544355898,30.908477300000015,15.871277677288006,68.6897149605068,,
2021-03-83,Kota Bekasi,4.311078457250715,14.214867620000007,9.297725596818731,64.67482134965742,,
2021-03-83,Kota Depok,14.375474222763236,30.37868420000001,25.621565652528307,58.285725779472706,,
2021-04-99,Bandung,30.26103116739628,64.03592714000001,37.62368198901109,33.948536138923444,,
2021-04-99,Kota Cimahi,38.75086734956602,50.48347783999998,42.18772258080002,28.692942231289777,,
2021-04-99,Bekasi,37.5220630586132,54.36293053999998,43.37121159886678,54.99148554497603,,
2021-04-99,Bogor,33.96764201685095,57.60663152000001,41.123242860803074,70.0278719234408,,
2021-04-99,Cianjur,32.30456132497163,67.94614202000002,37.87146705028081,23.204672045799636,,
2021-04-99,Garut,29.98847022861562,68.49644324000002,35.37294036771551,6.205186198890267,,
2021-04-99,Indramayu,32.21120274823657,57.480164779999996,35.119158924800026,55.96786006210177,,
2021-04-99,Karawang,34.50939450751646,52.841911640000035,39.37517748806336,57.96285855482217,,
2021-04-99,Kota Bandung,38.407764996493086,51.65244068000004,42.56184735600936,30.643681741179403,,
2021-04-99,Kota Bogor,39.13243331434728,48.82573814,44.06251190598569,44.783570041300536,,
2021-04-99,Kota Sukabumi,39.252871829161506,50.876550140000006,44.941424256000026,1.281587075300959,,
2021-04-99,Purwakarta,32.183915973011146,55.282377920000044,40.626982666511445,70.67643475087527,,
2021-04-99,Subang,31.095676098342466,61.26391292000005,37.37318892553153,61.97456903628271,,
2021-04-99,Sukabumi,32.15974591425681,51.72421910000003,37.12197175067398,14.994956001523747,,
2021-04-99,Sumedang,31.75035816742835,49.57428451999999,37.124145016479595,31.232095406516557,,
2021-04-99,Kota Bekasi,39.0986821994173,47.38333369999998,44.94047480600002,69.7584796683365,,
2021-04-99,Kota Depok,38.316879368871135,51.62167850000003,44.37475875304966,70.36988630495964,,
2021-04-115,Bandung,33.83775245338385,79.41018110000005,43.745781344973416,21.03517906367392,,
2021-04-115,Kota Cimahi,47.305445154110686,59.920631060000005,52.31776649087277,25.994460029287737,,
2021-04-115,Bekasi,39.93130684514462,55.432770800000014,46.81209920740994,6.427529887418585,,
2021-04-115,Bogor,35.75002394937663,60.850332500000036,43.6236570825196,10.824454970112996,,
2021-04-115,Cianjur,34.35583093881859,70.92665546,41.62179444019919,6.114396209008071,,
2021-04-115,Garut,32.53483763933243,77.38671326000002,39.872274078293955,13.278941012648197,,
2021-04-115,Indramayu,41.877650634579965,66.08673914000002,44.93148004741475,0.5871920854584234,,
2021-04-115,Karawang,33.63569719510021,50.22029029999999,38.37258621446114,24.78879495664233,,
2021-04-115,Kota Bandung,44.33088377822724,62.37476942000001,49.87212132056743,0.5642284897018689,,
2021-04-115,Kota Bogor,42.5676791948817,53.761359019999986,48.43768876929059,1.6160986595869342,,
2021-04-115,Kota Sukabumi,42.63969842410921,55.42593476000002,49.56061244000007,0.0018570137296671542,,
2021-04-115,Purwakarta,33.21044422233283,55.104640880000034,38.875331300560454,34.09040313970302,,
2021-04-115,Subang,36.83552234525143,83.33406806000005,44.24139861967294,26.79939432612546,,
2021-04-115,Sukabumi,34.652772657702954,55.449860899999976,40.37387020874827,2.7910564183200752,,
2021-04-115,Sumedang,35.564743434761745,61.23656876000001,42.624141351644646,22.21652274646852,,
2021-04-115,Kota Bekasi,44.92766159109278,62.76100568000004,51.18049698455582,0.0,,
2021-04-115,Kota Depok,43.44335450815846,55.68228626000001,49.562091050133304,3.5192199652154477,,
2021-05-131,Bandung,30.842787684173672,76.00241516000006,40.12421450501291,8.287233456314755,,
2021-05-131,Kota Cimahi,42.184491474183645,52.74620707999998,45.6845988065612,0.0,,
2021-05-131,Bekasi,39.22551289057339,58.987511600000005,45.93565291662321,0.002430842723125345,,
2021-05-131,Bogor,34.91819510033302,64.28202457999998,43.87598536021728,2.703494888521824,,
2021-05-131,Cianjur,31.895849540519972,66.18244370000002,38.873622781192886,7.4906835840030865,,
2021-05-131,Garut,29.134808465873135,73.93451306000003,35.87029937266016,2.254524477957331,,
2021-05-131,Indramayu,36.45190132706741,44.30027966,39.46865203850002,0.2716739674861018,,
2021-05-131,Karawang,35.099050973033215,55.15591118000003,39.812901839978565,0.5828802809085639,,
2021-05-131,Kota Bandung,41.244512918554456,53.839973480000026,45.18664308814924,0.2800383937992294,,
2021-05-131,Kota Bogor,42.21645917408969,52.089947240000015,47.8089498878401,0.5147008653036113,,
2021-05-131,Kota Sukabumi,39.407184451653684,52.01816882000003,45.43836379659091,0.0,,
2021-05-131,Purwakarta,34.28011302168302,61.61938700000002,40.37316796732343,4.8288299070061464,,
2021-05-131,Subang,33.53200233885709,73.89691484000002,39.37072147852683,11.075923237986194,,
2021-05-131,Sukabumi,32.94107972991406,51.00301688000002,38.37266266456439,5.396870185988245,,
2021-05-131,Sumedang,32.03239881693521,54.80727314000001,38.37609865640997,15.523444274586046,,
2021-05-131,Kota Bekasi,44.147671143635996,61.27416698000002,49.81126724000002,0.0,,
2021-05-131,Kota Depok,44.285347911023806,54.39369271999999,49.31088804349361,0.0013415230186323167,,
2021-05-147,Bandung,28.22213188992239,68.74595870000002,35.124665565630195,23.513786503340057,,
2021-05-147,Kota Cimahi,38.48989782049105,48.57622268,44.686202073225935,77.05133695500508,,
2021-05-147,Bekasi,34.468095292979065,51.24227828000005,39.8715254079612,26.934930601094496,,
2021-05-147,Bogor,33.14230434514459,54.31849627999998,39.87224123746587,31.41834163592756,,
2021-05-147,Cianjur,29.576016376323388,67.88461766,35.12392269053488,9.446144224219767,,
2021-05-147,Garut,27.950665329186293,69.61071776000006,34.12230977466204,4.10105747453581,,
2021-05-147,Indramayu,34.719847053092764,42.816858980000006,38.05735934872729,26.200683106744542,,
2021-05-147,Karawang,31.523717640543374,45.339357740000025,35.05990890876698,34.844618397889874,,
2021-05-147,Kota Bandung,35.90489065124928,48.10453591999999,39.561867333096615,38.05815993120519,,
2021-05-147,Kota Bogor,39.23366598352997,47.45853013999999,43.68755342737471,0.43296679414670236,,
2021-05-147,Kota Sukabumi,34.64185695280553,45.59229121999999,40.06097307948054,0.9716769722432514,,
2021-05-147,Purwakarta,29.487300190812014,47.878946600000006,34.369911969898105,20.769526962290538,,
2021-05-147,Subang,30.575842237492093,67.55990575999999,36.62191694999404,21.683960625599425,,
2021-05-147,Sukabumi,30.86896689501304,48.272018900000035,35.6234633948689,4.770067740986143,,
2021-05-147,Sumedang,28.570186106759596,49.96735682000002,34.62363712826616,29.97393023592926,,
2021-05-147,Kota Bekasi,37.42837226169064,44.963375540000015,42.56440951495063,27.80175151224227,,
2021-05-147,Kota Depok,38.57316969164688,47.913126799999986,42.81372323520835,34.77588209566379,,
2021-06-163,Bandung,21.566522599580498,58.09540837999998,31.741415094771636,26.119429111565562,,
2021-06-163,Kota Cimahi,22.38956653763454,29.96510378000005,27.687086935580325,30.757808327278497,,
2021-06-163,Bekasi,20.820548442594262,42.41011460000004,30.743896516640195,30.37060462221947,,
2021-06-163,Bogor,17.541598545864005,40.147385360000044,31.49290457402576,73.84908301915154,,
2021-06-163,Cianjur,16.788481607473877,52.83849362000001,28.741125130972843,31.21594898948287,,
2021-06-163,Garut,22.264109290812232,63.48220790000005,33.74583429181328,3.802712797255784,,
2021-06-163,Indramayu,17.639978284252237,26.88888578000001,23.812768728302178,0.1615704090608198,,
2021-06-163,Karawang,13.63442098494085,41.72651059999998,29.871416207753434,53.3679762820359,,
2021-06-163,Kota Bandung,21.514517504475734,36.82506992000003,33.1206716834846,71.72373927730581,,
2021-06-163,Kota Bogor,23.75667448404047,42.26655776000001,35.87703662741581,24.205292241929712,,
2021-06-163,Kota Sukabumi,24.398238417931637,40.42766300000005,30.86585572765634,3.295988180362492,,
2021-06-163,Purwakarta,16.48422185840101,43.20309524000004,25.873134952398896,48.508614457947225,,
2021-06-163,Subang,12.663325419878813,49.47857996000005,22.738073094395084,52.00462170576711,,
2021-06-163,Sukabumi,22.863751455213052,55.446442880000006,38.49294123118888,34.55186156990971,,
2021-06-163,Sumedang,8.046854929197204,31.352819899999986,18.112005253802547,73.89124529785191,,
2021-06-163,Kota Bekasi,19.666256645621253,33.89924480000002,28.097199670769253,7.026985067438899,,
2021-06-163,Kota Depok,25.720337066426204,38.48964566000001,33.62435093050076,32.47631172849385,,
2021-06-179,Bandung,6.620891433553215,18.620695400000045,12.314448500000019,99.13026445898268,,
2021-06-179,Bekasi,12.821162495141786,30.334249940000007,24.232137339533445,32.284187641689975,,
2021-06-179,Bogor,7.432500880577324,27.21359768000002,19.875520831580463,85.18214833462892,,
2021-06-179,Cianjur,-20.498781075381142,-13.300193379999996,-15.649305307272709,99.97756767780413,,
2021-06-179,Karawang,-13.936090457162182,8.14788212000002,-7.430883369999985,99.00991698133018,,
2021-06-179,Purwakarta,-9.441708837520864,4.507690819999993,-1.1864660103571236,95.85208145474898,,
2021-06-179,Subang,-18.978012888571406,-18.499001799999974,-18.499001799999974,99.99935286692262,,
2021-06-179,Sukabumi,-3.380701701995453,25.27899836000006,14.497417137319214,96.32152249615282,,
2021-06-179,Kota Bekasi,2.675392099254253,10.872044060000007,8.68617403382556,77.74900326794591,,
2021-06-179,Kota Depok,9.778298318668117,26.441125160000013,22.366845320000017,94.60918181493119,,
2021-07-211,Bandung,29.58055062404775,72.83391061999998,37.12509589514475,11.197261464279466,,
2021-07-211,Kota Cimahi,39.46621744230214,49.06841756000006,42.56808573634963,0.0,,
2021-07-211,Bekasi,37.636512433429424,53.727178820000006,42.31276694943557,0.12160958149970125,,
2021-07-211,Bogor,33.2321359703808,53.78186714000003,39.87239776675075,14.382306218839183,,
2021-07-211,Cianjur,31.065201094035128,74.63862518000002,37.62245630646957,9.6568375069965,,
2021-07-211,Garut,26.096968126839716,54.40736479999998,32.870055376991296,61.353039932066665,,
2021-07-211,Indramayu,39.64436731374386,69.23815358000002,43.12215487347153,0.0,,
2021-07-211,Karawang,34.51861842610975,51.44052343999999,39.68658498096739,2.476410007246133,,
2021-07-211,Kota Bandung,38.35773490451799,50.76033746000002,41.56037690487687,0.08081966101709147,,
2021-07-211,Kota Bogor,38.63721444075258,47.43118598000001,43.18653995452476,1.3951302001688661,,
2021-07-211,Kota Sukabumi,36.03797410240558,46.320329480000055,40.312913625686804,0.0,,
2021-07-211,Purwakarta,33.39369333328107,55.757482700000025,38.872278580387494,8.500440074535314,,
2021-07-211,Subang,33.34736430617768,73.76361206000001,40.37524991745227,5.955784496777432,,
2021-07-211,Sukabumi,31.19525168859125,48.32670722,35.872199059690885,27.230192533602672,,
2021-07-211,Sumedang,30.887427682928518,51.36532699999998,36.87125649339765,26.48240633229918,,
2021-07-211,Kota Bekasi,40.85852290874796,54.74916680000001,45.81391874409092,0.0,,
2021-07-211,Kota Depok,38.788658512615335,48.64458308000002,42.81283116138395,10.121780653831662,,
2021-08-227,Bandung,28.847683893561825,70.81727882000001,37.74550460185412,16.4475024751056,,
2021-08-227,Kota Cimahi,38.69886226566515,47.33548142000001,41.81560963866688,8.767204143269355,,
2021-08-227,Bekasi,39.40329147678129,57.91425332000006,45.36640571937109,2.8565735185374406,,
2021-08-227,Bogor,29.853018135063635,59.03536387999998,41.745848725862906,39.29175777083419,,
2021-08-227,Cianjur,30.251553743335705,78.31983272000002,37.74473150838934,24.430136857054265,,
2021-08-227,Garut,29.754441415213662,74.82319826000003,38.120791095848325,7.261183430935442,,
2021-08-227,Indramayu,42.82413771504559,73.37737579999998,47.37564077476327,1.3738178408569144,,
2021-08-227,Karawang,32.13568097476088,53.44348316000003,42.74413939788193,50.708106788209115,,
2021-08-227,Kota Bandung,38.607283647072386,48.93853280000002,42.186119729045416,14.991137228447096,,
2021-08-227,Kota Bogor,34.092211185038366,48.125044040000034,42.6178218429855,55.531073850234236,,
2021-08-227,Kota Sukabumi,38.46417112420621,50.37410120000004,43.56138659709091,1.3835553350766427,,
2021-08-227,Purwakarta,27.963562797575165,45.56152903999998,36.24396624905524,38.28187602004116,,
2021-08-227,Subang,32.80126413475872,76.29636488000006,41.480787014205816,7.880240888214082,,
2021-08-227,Sukabumi,32.61577253235222,52.072857139999996,38.74184824939664,17.966307753605587,,
2021-08-227,Sumedang,32.56280539844597,48.78813992000005,39.373735607557045,16.422778086812965,,
2021-08-227,Kota Bekasi,42.73753996078776,52.42491319999999,47.06408593114007,0.03007369825112598,,
2021-08-227,Kota Depok,38.89451059222137,50.94149252,46.243476421960025,32.147685936800194,,
2021-08-243,Bandung,35.03451499478019,75.12056600000005,45.122528697334246,64.79021531747303,,
2021-08-243,Kota Cimahi,44.00533079823872,55.36782842000002,49.384291694889654,23.55629550146038,,
2021-08-243,Bekasi,35.97285181254165,47.08938397999998,41.68683184608697,96.74993935256299,,
2021-08-243,Bogor,29.734263553960997,47.178252499999985,37.86960914808148,86.72866228967293,,
2021-08-243,Cianjur,36.08651785653049,85.22765114000003,44.24259698386113,86.48951157301246,,
2021-08-243,Garut,32.72681160711857,76.47068390000004,41.37263243451862,81.54763220963797,,
2021-08-243,Indramayu,27.305029715000032,27.84934940000005,27.84934940000005,99.98966152124633,,
2021-08-243,Karawang,31.34578606771762,53.33410651999998,40.370296450630164,70.88172123102036,,
2021-08-243,Kota Bandung,44.48536844127308,57.55194319999998,48.11520930397488,20.599075081370646,,
2021-08-243,Kota Bogor,37.00064320638469,48.70268942000001,43.816319052942276,87.6573372250678,,
2021-08-243,Kota Sukabumi,40.91282321016436,52.47960152000002,46.80500471600003,26.17734670460896,,
2021-08-243,Purwakarta,31.073228791432317,47.09622002000003,37.62488433963956,71.09545531655282,,
2021-08-243,Subang,33.83722002214272,62.45338388000005,42.12666548570495,77.42869953144042,,
2021-08-243,Sukabumi,35.39862881741824,56.136882920000005,42.12427909575952,74.84933258686479,,
2021-08-243,Sumedang,35.24617214847694,58.426956320000045,45.629755929054795,76.98043377187871,,
2021-08-243,Kota Depok,36.103210933107015,43.22018534000006,40.18700907333336,96.25696664740543,,
2021-09-259,Bandung,31.406133289293237,74.26947902,40.746165087900415,47.1485460126296,,
2021-09-259,Kota Cimahi,38.726076736321495,53.15978749999999,46.68854061933132,73.04841138853735,,
2021-09-259,Bekasi,36.424377845958354,53.809211300000015,43.37295003640451,22.380976983116092,,
2021-09-259,Bogor,34.23233411328485,60.67601348000005,43.243446046261624,26.064032629706784,,
2021-09-259,Cianjur,29.85615412220712,53.894661799999994,36.74136799880013,45.3196066226947,,
2021-09-259,Garut,26.15478393173278,55.06362464000006,31.739161613862663,67.47407707927482,,
2021-09-259,Indramayu,36.21301237736923,71.78799650000002,41.62501142796874,40.197977673123994,,
2021-09-259,Karawang,31.379642478514814,55.53872941999998,38.623416018602086,18.458451479438203,,
2021-09-259,Kota Bandung,40.75079693872979,55.791662900000006,45.368884701315096,14.173992839678187,,
2021-09-259,Kota Bogor,41.38331564213777,55.08413275999999,47.18734853414747,6.182898209676574,,
2021-09-259,Kota Sukabumi,34.10319923460241,47.178252499999985,41.121454690679634,48.399742086281364,,
2021-09-259,Purwakarta,33.220717617731765,59.38058390000003,40.37474934602161,24.425678452921577,,
2021-09-259,Subang,33.99614079612002,73.04240984,41.245842670124816,26.504792063596888,,
2021-09-259,Sukabumi,32.727073494441605,50.67830498000001,38.23977965953431,32.1054288092253,,
2021-09-259,Sumedang,31.69999498585321,45.862314800000036,38.120404397441455,39.4890500541593,,
2021-09-259,Kota Bekasi,41.56427797875006,55.66519616000005,47.81982751333335,23.444553905410903,,
2021-09-259,Kota Depok,43.47752078400564,55.17983732000005,48.81242752588341,0.4534751136695251,,
2021-10-275,Bandung,10.715952911464202,42.39986054000002,18.37294106698095,45.01227911523598,,
2021-10-275,Kota Cimahi,13.167571447031067,17.84480486000001,16.18608553698975,32.64098134790985,,
2021-10-275,Bogor,23.73001564280129,47.99857730000002,35.24490787393587,31.38245085025582,,
2021-10-275,Cianjur,15.6800667035032,62.86012826000001,28.74438737731528,34.140617658219384,,
2021-10-275,Garut,11.68430421737107,58.45088246,24.743653691797178,53.963719927629725,,
2021-10-275,Indramayu,33.91915939306339,63.885534259999986,42.246253700895544,0.6850737788594683,,
2021-10-275,Karawang,10.896012560961676,13.773943040000006,13.50391946000002,99.97625519210929,,
2021-10-275,Kota Bandung,9.226113240651674,14.105490980000013,12.907117270232582,96.18567721544618,,
2021-10-275,Kota Bogor,34.89468701736213,48.88384447999999,43.369107358513965,3.4449823419867265,,
2021-10-275,Kota Sukabumi,22.815730462226064,38.55117002000003,30.374014157168,21.348455590863885,,
2021-10-275,Purwakarta,17.598207642791387,41.733346640000036,30.12658652297394,49.99979599772287,,
2021-10-275,Subang,17.600057684348805,65.99445260000005,34.748726010895965,28.835130253935105,,
2021-10-275,Sukabumi,20.81179249002553,41.145447200000035,28.87347692311471,20.552414523243097,,
2021-10-275,Sumedang,11.366804775567385,40.12687724,28.379570642754437,51.847720930800115,,
2021-10-275,Kota Depok,22.03430569446763,42.46480292000001,37.869796103761026,81.80632619817868,,
2021-10-291,Cianjur,19.68640715686444,34.53499652000005,29.79659539400002,99.94894127495787,,
2021-10-291,Sukabumi,22.44883553573117,37.50183788000004,32.062589432413816,99.81885278950317,,
2021-11-307,Bandung,29.00354209756737,65.17754581999998,39.745443365563105,56.90320208116333,,
2021-11-307,Kota Cimahi,37.73409420567374,55.07387870000002,41.6145226640262,21.93093802578798,,
2021-11-307,Bekasi,18.296859548647575,31.034944040000028,26.445320002727293,93.98732074767946,,
2021-11-307,Bogor,28.233794504522795,52.81798550000002,39.239706796412854,55.10429488029631,,
2021-11-307,Cianjur,22.54472248310178,59.708713820000014,34.23983724649082,51.08421954033139,,
2021-11-307,Garut,30.204995437251345,67.47445526000001,35.87389619611741,33.29497051035746,,
2021-11-307,Indramayu,8.255914617525782,23.15640794000001,15.195576435384632,89.26583312833793,,
2021-11-307,Karawang,12.3506439741044,30.060808339999994,21.38056514670393,89.89109934771609,,
2021-11-307,Kota Bandung,39.733451966000295,54.77992898000002,46.36531533842546,26.213964621537116,,
2021-11-307,Kota Bogor,18.913014214250527,26.639370320000012,25.419137180000007,99.58111210176699,,
2021-11-307,Kota Sukabumi,19.189258347085037,37.84022186000004,27.36805150347444,58.58586292587874,,
2021-11-307,Purwakarta,8.918200852818764,29.54468731999998,16.37324599202854,81.7485297353398,,
2021-11-307,Subang,20.47522498197177,45.49316864000002,30.372570235220817,48.230822855960334,,
2021-11-307,Sukabumi,23.089449910082255,47.50638242000002,35.37475903547053,33.20555755159604,,
2021-11-307,Sumedang,19.656869650323205,56.91960949999998,35.62198862551676,58.067681006030924,,
2021-11-307,Kota Bekasi,14.5409779343684,30.69997808000005,21.563610620000027,70.99669150663003,,
2021-11-307,Kota Depok,23.649493449782096,39.28946234,32.86633502911886,90.48656759305815,,
2021-12-355,Bandung,5.639467592099816,7.77189992000001,7.1720374100000015,99.9857308351767,,
2021-12-355,Cianjur,0.8293875134466643,24.93719636000003,18.500645653874265,95.88039844680321,,
2021-12-355,Garut,8.49811092552742,32.80206038000006,20.1208574738845,78.16063981652833,,
2021-12-355,Sukabumi,4.840043667942553,26.71798478000005,20.458793934987465,97.07659377289119,,
2022-01-06,Bandung,33.14779872398372,62.35426130000002,40.240640209587255,55.36602562977756,,
2022-01-06,Kota Cimahi,40.8201811394957,51.77207138000006,47.09109299000002,83.87316771162648,,
2022-01-06,Bogor,35.11144166873672,61.281003020000014,44.743873701291264,58.78596690657128,,
2022-01-06,Cianjur,32.312975592189765,64.4392535,38.12093405073068,32.72846220287677,,
2022-01-06,Garut,31.004551755156758,67.43343902000004,36.372706557916395,42.927796922923186,,
2022-01-06,Indramayu,34.114167774050166,64.80839966000002,36.871890078138534,6.677431922869498,,
2022-01-06,Karawang,34.19987733708698,56.06168648000005,40.869629356331025,79.27386601256109,,
2022-01-06,Kota Bandung,39.67793626880891,55.42251673999999,45.87393682516784,68.8956031627659,,
2022-01-06,Kota Bogor,39.07936808985233,51.46444958000001,45.627295601628035,48.17950504531914,,
2022-01-06,Kota Sukabumi,31.983132744436386,46.651877420000005,41.87170491004654,46.2221713748397,,
2022-01-06,Purwakarta,35.099143954450305,56.06168648000005,40.6234887061589,30.91199182245476,,
2022-01-06,Subang,34.43415721673301,71.98965968000005,39.37384559734462,63.65297083275537,,
2022-01-06,Sukabumi,32.45810199685329,54.66371630000003,37.737875716287995,21.0949297504823,,
2022-01-06,Sumedang,31.816852794366334,55.545565460000034,37.37330561710569,71.06029264262003,,
2022-01-06,Kota Depok,41.46147219815105,53.368286720000015,48.37207065780844,64.72468028306105,,
2022-01-22,Bandung,15.39595475068637,23.867356100000052,21.319222190000026,99.90472108807836,,
2022-01-22,Bogor,19.09809087490061,37.06774933999998,28.117853860000015,98.91780905889064,,
2022-01-22,Cianjur,4.745334596744359,16.706604200000015,12.697266740000025,99.84892480477787,,
2022-01-22,Garut,19.033379406010894,48.78472190000002,31.372441650375702,89.80693373799427,,
2022-01-22,Kota Bogor,7.201297514614387,11.58641024000002,10.04830124,99.96427934623149,,
2022-01-22,Sukabumi,17.871115241554314,48.11137196000004,31.745706058679378,96.70460720155165,,
2022-01-22,Sumedang,15.43471537432393,21.88490450000006,19.31922998256139,99.06635019033321,,
2022-02-54,Bandung,15.390706840053024,67.71371666000005,28.243325895635937,65.10098235206189,,
2022-02-54,Bogor,3.8421938515702667,12.481931480000014,9.696928784000033,99.9927053648578,,
2022-02-54,Cianjur,24.987633825522035,68.41441076000001,36.238097602656666,53.22438144978846,,
2022-02-54,Garut,29.017984587339296,68.96471198,36.240051688684815,15.70609207270324,,
2022-02-54,Kota Sukabumi,7.686706217440182,18.439540340000008,14.312938501538488,90.52352785418638,,
2022-02-54,Sukabumi,11.251110973501726,28.69360033999999,21.87271869666263,86.23901241934354,,
2022-03-70,Bandung,27.391295859185743,66.90706394000006,37.24506980430205,48.87720775292563,,
2022-03-70,Kota Cimahi,33.28370885653748,46.37159978,38.926110041989865,39.55256797050053,,
2022-03-70,Bekasi,38.95286684306491,59.00460170000002,46.36535951643309,22.896110639473726,,
2022-03-70,Bogor,36.192637085092585,72.47160050000002,47.62602882820547,35.57962272618699,,
2022-03-70,Cianjur,31.447029148315764,76.69969123999999,44.744053409978356,35.49975374854194,,
2022-03-70,Garut,30.29295018410695,64.25468042,36.736817743551406,10.49347513193764,,
2022-03-70,Karawang,30.512890206722584,60.19749067999999,39.6263894586108,47.279579195803144,,
2022-03-70,Kota Bandung,33.34783007201578,49.09917974000001,38.43962475715641,40.8783830442639,,
2022-03-70,Kota Bogor,45.93198494515926,58.94991338,53.12526235959463,7.146481415308907,,
2022-03-70,Kota Sukabumi,30.30494418745776,47.83451234000006,37.80856349182928,9.83384169387616,,
2022-03-70,Purwakarta,24.031463857321754,50.57234635999998,32.75153138986084,95.16657047314354,,
2022-03-70,Subang,22.85619948316041,44.10203450000006,30.2381294067128,73.38825700858649,,
2022-03-70,Sukabumi,31.138899822600422,61.12719212000002,41.74404130613096,36.02690625740816,,
2022-03-70,Sumedang,26.284747127404,45.85206074000001,32.126290892766114,67.73374499696466,,
2022-03-70,Kota Bekasi,44.26640976015518,58.526078900000016,52.30568940714288,29.50739625721211,,
2022-03-70,Kota Depok,41.118221114136546,60.82298834000005,49.872042797226726,32.72784817129984,,
2022-03-86,Bandung,31.591305380807288,76.29636488000006,40.24603062226981,63.308243624953874,,
2022-03-86,Kota Cimahi,40.93582898722274,53.80579327999999,47.31564895511629,20.24174417653484,,
2022-03-86,Bekasi,34.4523196720908,63.98807485999998,43.87531359342932,29.3087601604121,,
2022-03-86,Bogor,33.70418384767253,63.424101560000054,43.24299418138301,24.733068747067406,,
2022-03-86,Cianjur,28.76181595582002,52.07969318000005,34.872030223400344,71.51617928259465,,
2022-03-86,Garut,27.361073847949683,44.26951747999999,32.72660101538464,97.39658486115773,,
2022-03-86,Indramayu,35.4518634043639,62.96266886000001,38.11106130603433,0.0,,
2022-03-86,Karawang,25.2600149550352,49.98102890000001,38.62299699953537,94.37713828945603,,
2022-03-86,Kota Bandung,40.261693967911896,54.988428200000044,44.62055235135649,26.5925419226411,,
2022-03-86,Kota Bogor,36.65927358673228,54.49623331999999,47.123398414097224,22.18203078420173,,
2022-03-86,Kota Sukabumi,36.27568978403378,52.25059418000001,44.122382967261075,5.8739164871067855,,
2022-03-86,Purwakarta,28.972946579837277,60.12571226,38.237916631736475,77.24921920885232,,
2022-03-86,Subang,33.81981139503763,76.36130725999999,39.741886401570255,20.460394441053474,,
2022-03-86,Sukabumi,28.66459217419026,49.38971144000004,34.23594187485816,52.67986289550583,,
2022-03-86,Sumedang,32.16011403671341,55.596835759999976,36.87601629155544,33.44132597650112,,
2022-03-86,Kota Bekasi,39.33006404511438,53.95276813999999,45.06572341052338,1.1250761658329145,,
2022-03-86,Kota Depok,42.9308927786748,56.47868491999998,48.61950973394565,13.60034984114527,,
2022-04-102,Bandung,29.16868032961085,68.02475648000001,36.237679612291515,79.36704324459917,,
2022-04-102,Kota Cimahi,33.18030166852083,38.325580700000046,36.211392912500024,73.05434592577983,,
2022-04-102,Bekasi,31.318725632737465,39.607338200000015,35.37993411261998,88.9222489880795,,
2022-04-102,Bogor,28.315213950225907,41.07366878000005,34.56012022551127,95.99672920083731,,
2022-04-102,Cianjur,27.785099024955414,62.18677832000003,32.622071041215186,45.62058790603734,,
2022-04-102,Garut,28.407888900523208,65.75519120000001,33.12255946783698,31.69032053686759,,
2022-04-102,Indramayu,28.404700061762693,34.47005414,31.558858145600023,79.29174141542724,,
2022-04-102,Karawang,27.78080207923464,35.659525099999996,32.43633590077517,94.31082419072112,,
2022-04-102,Kota Bandung,35.96727788145891,47.23294082000001,39.8672859293085,34.90623722926575,,
2022-04-102,Kota Bogor,34.98649297439798,44.85741691999999,40.436506167461154,71.74777426038719,,
2022-04-102,Kota Sukabumi,32.02568606222725,44.980465640000034,37.43764746440002,57.04331080350872,,
2022-04-102,Purwakarta,27.447939085790846,38.12733553999999,32.622689674594774,90.26240642574935,,
2022-04-102,Subang,28.83907130939622,60.84691448000001,33.37355642892868,71.19887825076958,,
2022-04-102,Sukabumi,27.17024856507971,46.90481090000003,31.872613663293592,64.40456135419747,,
2022-04-102,Sumedang,28.252092627691965,50.52449408000001,35.371024194465214,51.832200277161135,,
2022-04-102,Kota Depok,36.83375374823742,47.67044738000004,43.18808980090361,85.86585376567875,,
2022-05-134,Bandung,22.975511254242242,40.32170438000003,29.119475647046706,84.94730623108661,,
2022-05-134,Cianjur,24.140545032917586,55.77115478000002,31.121996202516033,63.624917886064644,,
2022-05-134,Garut,22.23779960240957,58.150096700000006,29.87171192471086,60.74272744655849,,
2022-05-134,Kota Sukabumi,31.00511902779016,40.77630104000002,37.05724074659577,74.72316658855063,,
2022-05-134,Purwakarta,19.533833520976785,25.43280926,22.71768065857146,99.10954614069223,,
2022-05-134,Sukabumi,21.915332913536698,42.5810156,31.12077014350657,63.4352915299828,,
2022-05-134,Sumedang,15.234902445714308,16.00932812000002,16.00932812000002,99.99758068585483,,
2022-05-150,Bandung,25.569050882914315,66.79426927999998,33.62396444272945,64.32403197237313,,
2022-05-150,Kota Cimahi,24.315466089111457,26.25313405999998,25.86279617600003,98.06707310227132,,
2022-05-150,Bekasi,30.645187417739958,50.15192990000003,36.87585625256636,39.99434815321567,,
2022-05-150,Bogor,27.270081512153347,38.67763676000004,32.87087548260834,98.44109037435412,,
2022-05-150,Cianjur,24.675172457578697,42.49556510000002,32.62054812396565,75.38945935488931,,
2022-05-150,Garut,19.783406020094894,32.32011956000002,24.86928264453685,60.3242232919533,,
2022-05-150,Indramayu,23.231597008257747,46.945827140000006,29.375428703335253,31.742437181312333,,
2022-05-150,Karawang,31.40053657137135,52.47618350000005,38.734996288034715,74.44058098664061,,
2022-05-150,Kota Bandung,28.33840467910263,41.26849592000002,34.690586949367884,59.83559427585655,,
2022-05-150,Purwakarta,28.449427062108175,59.43527222,35.37161682501427,44.28441457449412,,
2022-05-150,Subang,25.74521203713165,63.74539544000004,35.241623964142306,14.093773797654425,,
2022-05-150,Sukabumi,20.028359373992135,39.197175800000025,27.38381507600003,99.81338258892045,,
2022-05-150,Sumedang,22.044185782596937,45.43164428,30.870306263799137,39.22140745820805,,
2022-05-150,Kota Bekasi,25.38113373850991,31.315221680000036,29.529733482500028,92.42247325678734,,
2022-06-166,Cianjur,8.866530363463966,44.04734617999998,19.748963598883513,85.0920288482125,,
2022-06-166,Garut,1.7185042888425224,8.335873220000053,5.941929990000016,99.35700035203936,,
2022-06-166,Sukabumi,12.024756546220024,24.110035519999997,19.369650092506216,97.99341834572537,,
2022-07-182,Bandung,21.595733085881317,59.886450860000025,27.37202496236735,3.2249534063618994,,
2022-07-182,Kota Cimahi,27.10774544532114,34.44270998000002,29.28172726712356,0.4523079736121604,,
2022-07-182,Bekasi,21.734912131237085,40.2738521,27.873982641393862,6.546829878657463,,
2022-07-182,Bogor,21.09684564549543,44.09178043999998,28.873322894359056,11.259639855432889,,
2022-07-182,Cianjur,23.665913766360827,58.76534030000005,29.12120484099121,0.021154944459179616,,
2022-07-182,Garut,23.33830278705313,61.59546086,30.12378286431536,6.271625577681821,,
2022-07-182,Indramayu,20.434557376136368,32.67217562000002,26.94042770269803,0.8824883106394134,,
2022-07-182,Karawang,20.317504011738066,34.182940460000054,24.43681258337163,0.5681442995362493,,
2022-07-182,Kota Bandung,24.554164624129736,34.38460364000002,28.811033819012778,10.62150854551687,,
2022-07-182,Kota Bogor,17.859291391899937,24.97479457999998,21.68214323944612,60.33109664224915,,
2022-07-182,Kota Sukabumi,23.00407813698513,33.80354024000002,27.68824786014755,1.9049319662993502,,
2022-07-182,Purwakarta,19.89382612625174,34.89730664000001,24.187773552461504,0.4658319146012574,,
2022-07-182,Subang,18.772561664822923,55.50454922000006,25.872441379098273,1.6544011845305133,,
2022-07-182,Sukabumi,19.811485621184218,41.51117534000002,26.873745526242782,10.316037880110873,,
2022-07-182,Sumedang,19.729622939487026,36.87975824,24.812785842249333,17.551440587116176,,
2022-07-182,Kota Bekasi,28.201566367666416,41.94184586000006,33.04482525050003,0.0,,
2022-07-182,Kota Depok,22.274184127359845,36.462759800000015,28.56004067428226,21.49578448750112,,
2022-07-198,Bekasi,11.92059899233896,21.43030784000001,16.87519035047621,91.6246282462601,,
2022-07-198,Bogor,2.863497015759716,9.713335280000024,8.551208480000007,99.96894145367551,,
2022-07-198,Cianjur,9.324566925540621,22.787261779999994,18.7258078435088,99.36069132149929,,
2022-07-198,Garut,25.588270000250425,59.72922194,33.7381568128358,54.45275449315804,,
2022-07-198,Sukabumi,12.60575412922314,28.515863299999978,22.485341268875835,92.43753255878326,,
2022-08-214,Bandung,22.798580462870603,70.87196714000004,34.746750037291186,19.196111138467177,,
2022-08-214,Kota Cimahi,37.03670404505983,45.85547875999998,40.06388840216267,0.0,,
2022-08-214,Bekasi,25.656224846174336,39.81241940000001,33.87175453878946,53.35191502332307,,
2022-08-214,Bogor,25.52376128784384,44.30369768000003,33.37540388783383,32.902905194479345,,
2022-08-214,Cianjur,20.362677532166625,61.81763216000002,30.743650702853582,64.31781640991505,,
2022-08-214,Garut,25.137347624917734,63.43435562000002,33.122126856744586,0.2424137785879598,,
2022-08-214,Indramayu,16.291359847700022,25.244818160000023,21.05512317800003,18.69996948437695,,
2022-08-214,Karawang,25.72668001081534,45.42822626000003,35.6235844541505,61.02916182758646,,
2022-08-214,Kota Bandung,34.044184012142495,46.97317129999999,37.93590629893617,0.0,,
2022-08-214,Kota Bogor,22.559809409709402,34.740077720000045,29.62342738224118,32.79232804228661,,
2022-08-214,Kota Sukabumi,22.565691692898017,35.871442340000044,31.370330384163093,42.77408284640731,,
2022-08-214,Purwakarta,25.023524311473082,50.206618219999996,31.873214321067273,9.828164293243516,,
2022-08-214,Subang,15.05481509091353,46.932155060000014,23.37119882680598,35.362046053174815,,
2022-08-214,Sukabumi,23.111245018205747,46.320329480000055,32.62243141265081,55.76049121378605,,
2022-08-214,Sumedang,21.83308291945895,51.34140086000002,34.87300762277808,10.695665583569074,,
2022-08-214,Kota Bekasi,22.204931544154064,34.95199495999998,30.178688346829283,6.365643816061778,,
2022-08-214,Kota Depok,30.251064782971575,43.62692972000002,38.62555224726903,3.632407681865936,,
2022-08-230,Bandung,28.600341226761365,68.56822166,35.242621854986375,51.38701928499837,,
2022-08-230,Kota Cimahi,36.770546063454425,45.43164428,39.28420992600308,0.0,,
2022-08-230,Bekasi,37.62254960884466,53.20763978000002,42.56217880582269,0.0,,
2022-08-230,Bogor,32.005796823599574,56.32145600000001,40.745975491869665,46.20667157953352,,
2022-08-230,Cianjur,28.16957371732878,59.80783640000004,36.73964774738024,70.46919998618887,,
2022-08-230,Garut,21.562898629237942,31.492958720000047,25.85964648654208,97.90689638698414,,
2022-08-230,Indramayu,35.254607051788064,43.09030058000002,38.648144016498705,0.0,,
2022-08-230,Karawang,33.99762770023727,50.53133012000001,39.18708039974446,0.02109449943392879,,
2022-08-230,Kota Bandung,35.13672308446169,47.434604000000036,38.61983229324672,12.630002533419843,,
2022-08-230,Kota Bogor,37.372118361641895,48.03617552000003,43.93871668588999,59.58417548397231,,
2022-08-230,Kota Sukabumi,34.01154658558846,49.22906450000005,40.62372474254182,36.57749019715219,,
2022-08-230,Purwakarta,32.08438251827358,51.84043178000002,37.8735631789856,7.345441545491729,,
2022-08-230,Subang,31.22693759697023,65.78595338000002,36.87452060004665,6.33121752118207,,
2022-08-230,Sukabumi,29.386563390281108,48.015667399999984,35.23791176782981,62.4296665708007,,
2022-08-230,Sumedang,29.490497442082823,44.52586898000004,35.30968102285268,48.00397565049445,,
2022-08-230,Kota Bekasi,41.18504453662664,54.21595567999998,46.568437520000025,0.0,,
2022-08-230,Kota Depok,39.57977226331135,49.74518552000001,45.12048301065384,8.228851341169662,,
2022-09-246,Bandung,16.84838134821045,52.52745379999999,24.37401714471487,23.455412324599216,,
2022-09-246,Kota Cimahi,23.911837387640087,31.12723058000006,27.556511381024293,7.679355348862575,,
2022-09-246,Bekasi,13.979413743825678,29.626719800000046,20.311895827241443,2.337791095641768,,
2022-09-246,Bogor,13.367536638301521,36.97204478000003,22.123613444111573,35.53573449643848,,
2022-09-246,Cianjur,16.954948808524467,49.37262134000002,27.622024984432944,39.66982648205765,,
2022-09-246,Garut,11.789996871093058,42.246049640000024,16.373351543644528,44.20549312963319,,
2022-09-246,Indramayu,22.336408757022514,34.07698184000003,26.558212853120022,0.0,,
2022-09-246,Karawang,14.34094090376302,36.493521980000025,21.6240871445497,2.983433296972346,,
2022-09-246,Kota Bandung,22.948972373050935,33.47541032000004,26.56187576645461,0.43032455270027514,,
2022-09-246,Kota Bogor,22.042617564490534,33.01055960000002,28.12214960832269,37.28319495406359,,
2022-09-246,Kota Sukabumi,15.272989545931273,27.517801459999987,19.93511227445601,21.398420183802095,,
2022-09-246,Purwakarta,16.462478010048905,41.22064364000005,23.373224594043634,10.085662614173865,,
2022-09-246,Subang,14.707240842195711,45.56152903999998,21.87139847768328,5.7593521769732865,,
2022-09-246,Sukabumi,13.474536422068118,35.218600519999995,19.621581391049915,66.0854845618649,,
2022-09-246,Sumedang,17.227580626155525,37.26599450000003,24.564000175305594,6.16281770031846,,
2022-09-246,Kota Bekasi,13.1063048676101,23.368325180000056,18.055238442544074,52.238294243070335,,
2022-09-246,Kota Depok,19.880208588451215,32.09794826000001,26.43739324227179,27.223058399267735,,
2022-09-262,Bandung,20.895443206846863,61.96460702000002,31.3745470643382,70.16966607581271,,
2022-09-262,Bekasi,30.95395883280613,49.28375282000002,40.120159755549615,15.275113065234859,,
2022-09-262,Bogor,25.816623471667235,54.366348560000006,36.37289272637155,44.15320765807059,,
2022-09-262,Cianjur,17.847149128725796,51.91562822000003,25.124009676090253,81.70196974069358,,
2022-09-262,Garut,15.666675934954299,24.499689800000056,20.561763534710757,98.16870259017378,,
2022-09-262,Indramayu,11.315409635999332,17.51667494000003,15.936323863669571,76.5485435550794,,
2022-09-262,Karawang,18.34438614333273,37.412969360000034,27.373740012437086,16.991421874194746,,
2022-09-262,Kota Bandung,28.34184529122711,40.571219840000026,34.31306200096144,41.40473197488579,,
2022-09-262,Kota Bogor,32.30838838497565,48.82232012000003,41.37545635339806,28.05082732162075,,
2022-09-262,Kota Sukabumi,13.82169281536656,15.68119820000004,15.44877284000006,99.95847571652328,,
2022-09-262,Purwakarta,13.705648933807389,34.661463260000005,21.375765023678206,78.43267015672542,,
2022-09-262,Subang,15.142609799937137,46.566426920000026,24.8725955724341,65.45984233788488,,
2022-09-262,Sukabumi,15.53374057370767,37.54969016000001,23.370727113268398,89.9154586229883,,
2022-09-262,Sumedang,14.140287462603915,25.668652640000005,19.939127911171255,81.93753054221374,,
2022-09-262,Kota Bekasi,39.5199345675992,57.121272680000004,45.8745371670558,4.2685152183238797E-4,,
2022-09-262,Kota Depok,34.413990895366915,50.50398596000002,42.62416763374904,38.486997722164084,,
2022-11-326,Bandung,23.139699117770554,43.295381780000014,31.62602957650721,89.36744165466827,,
2022-11-326,Bekasi,27.856093171297147,51.08504936000003,37.23995480173913,57.12150078966589,,
2022-11-326,Bogor,31.27718013617214,57.82538480000005,42.74312800186533,46.38132892212414,,
2022-11-326,Cianjur,21.45927898635565,40.78313708000002,28.73769667565288,88.04886860623795,,
2022-11-326,Indramayu,18.58380692662234,42.30415598000002,26.23873040378949,18.062312115636274,,
2022-11-326,Karawang,22.05189528191219,54.69447848000004,34.46677206342659,58.175964129303104,,
2022-11-326,Kota Bogor,32.71856894756072,50.48005982000001,43.233995542114855,66.66788483174794,,
2022-11-326,Purwakarta,22.0027981656867,60.19407266000002,31.24223537799423,50.424110930967046,,
2022-11-326,Subang,23.481865364281376,69.86706926,34.24586040203235,36.90443305002476,,
2022-11-326,Sukabumi,20.184791445737357,39.38516690000006,30.373729991235955,96.97356603265041,,
2022-11-326,Sumedang,14.943010768639935,28.799558960000013,23.38027970495002,87.88519570448486,,
2022-11-326,Kota Bekasi,25.945684767011198,35.888532440000006,32.187386450000005,86.24338110304919,,
2022-11-326,Kota Depok,34.41379318519582,52.75304312000003,46.24247578663107,16.800904603877278,,
2023-01-09,Bandung,30.22601586116985,70.03797026000001,38.74484608511563,47.102976976861896,,
2023-01-09,Kota Cimahi,36.09855565682399,46.54250078000001,43.3125001837934,35.43156115219843,,
2023-01-09,Bekasi,22.61276574755152,32.98321543999998,28.618695951843687,87.92784241748673,,
2023-01-09,Bogor,27.04028597767883,44.474598679999986,34.74081357254379,80.71479317119218,,
2023-01-09,Cianjur,28.616039297915755,51.19784402000005,35.73998241745935,57.26199682988879,,
2023-01-09,Garut,29.333042039735442,67.98374024000003,36.23677929760687,39.45040890209088,,
2023-01-09,Indramayu,24.171762290487607,39.12197936000001,32.88760263892619,57.642298688718405,,
2023-01-09,Karawang,26.385001775319235,43.654273880000005,33.249108784703736,63.31106445578898,,
2023-01-09,Kota Bandung,39.08636548581505,56.69402018000005,44.62059906824234,25.10275042918065,,
2023-01-09,Kota Bogor,28.35586459559384,38.968168460000015,33.37399020554206,10.31007075773515,,
2023-01-09,Kota Sukabumi,27.53153165422992,38.920316179999986,32.80746644561018,70.90002682838652,,
2023-01-09,Purwakarta,30.822533376044927,54.66713432000006,36.87420695762084,54.32919184427233,,
2023-01-09,Subang,28.238261866942754,51.86435792000003,35.37318617120001,95.21651277483907,,
2023-01-09,Sukabumi,25.335045156023963,47.21926874000002,33.1201627985591,88.88876909091665,,
2023-01-09,Sumedang,28.85821315156257,54.64320817999999,37.375423649584086,59.51751919935312,,
2023-01-09,Kota Bekasi,12.63574238000001,13.107429140000022,13.107429140000022,99.98413073782734,,
2023-01-09,Kota Depok,35.19943931369334,45.85889678000001,41.6198891068162,41.20791153467623,,
2023-02-41,Bandung,27.075639364505864,37.19421608000005,31.61869355159075,99.18718055179124,,
2023-02-41,Bekasi,24.162012201656136,42.43745876000003,34.31396456000001,99.63648946402427,,
2023-02-41,Bogor,30.44307285367078,48.241256720000024,38.87376737464429,95.23344777440008,,
2023-02-41,Cianjur,27.565986716891707,45.20263694000005,34.87233378220426,99.0147936121569,,
2023-02-41,Garut,23.703472558384604,41.74018268000003,28.13047481661419,98.75692307502798,,
2023-02-41,Indramayu,30.314286177622556,39.59024810000005,35.184420320000015,0.46598236941040333,,
2023-02-41,Karawang,24.018400499787454,37.187380039999994,30.30984686697691,77.14178064571593,,
2023-02-41,Kota Bandung,32.51940444809952,39.81583741999998,37.94586975090911,99.3325750564982,,
2023-02-41,Purwakarta,24.61625606947477,41.70942050000002,31.368108647408462,83.29742112708955,,
2023-02-41,Subang,27.499972044822787,56.37272630000001,32.62104309588672,68.59226121239857,,
2023-02-41,Sukabumi,27.742268677689438,46.453632260000006,33.616143165912035,94.08013892432675,,
2023-02-41,Sumedang,21.31545094521021,30.030046159999984,27.179631106250017,97.61370193616315,,
2023-02-41,Kota Depok,31.767703961985834,34.81185614000003,34.61361098000003,99.99332395015435,,
2023-03-73,Bandung,12.367624272826275,30.655543820000048,21.06262459256002,97.23435632878297,,
2023-03-73,Cianjur,14.899215467018722,41.179627400000015,22.371799168082855,73.01578985302888,,
2023-03-73,Garut,19.771870987039787,56.86492118000001,25.87140708601106,25.651554124119162,,
2023-03-73,Sukabumi,6.495254077521743,16.026418219999982,11.060868823414653,99.70232170126351,,
2023-03-89,Bandung,22.087048996839325,47.697791540000026,31.873999984665584,91.76739330552024,,
2023-03-89,Bekasi,29.213806540466877,46.78859822000004,34.619958769102034,14.696353734721287,,
2023-03-89,Bogor,22.021959813072588,46.25196907999998,33.24590703354688,84.1575438650406,,
2023-03-89,Cianjur,22.14284004703918,60.30344930000001,30.24030523163959,89.36808725523419,,
2023-03-89,Garut,19.25656920429632,32.02958785999999,26.24387670729679,94.76714873846774,,
2023-03-89,Indramayu,-18.85021019103998,3.1370648000000187,0.5564597000000049,99.64375278993786,,
2023-03-89,Karawang,24.72045895984752,36.760127539999985,32.2445434471739,78.718042532692,,
2023-03-89,Kota Bandung,27.05603887929628,41.148865220000005,34.35603088392633,94.53266170071605,,
2023-03-89,Kota Bogor,29.675042384739317,40.92669392000005,36.86970007650297,60.11396132835707,,
2023-03-89,Kota Sukabumi,27.066808079390597,38.71865300000002,31.11995868510068,66.66829307084814,,
2023-03-89,Purwakarta,5.9722983090509825,14.317408220000061,12.406735040000058,99.99280780448684,,
2023-03-89,Subang,14.927288569966809,27.363990560000047,22.61488840215386,98.84646748519167,,
2023-03-89,Sukabumi,23.647942100669383,45.92383916000006,30.73614819891776,86.70353791886343,,
2023-03-89,Sumedang,15.204584927128105,26.372764759999995,23.223555494193565,99.49223186157455,,
2023-03-89,Kota Bekasi,33.12705050508926,47.02102358000002,38.300287352000026,2.4615099497301167,,
2023-03-89,Kota Depok,24.26690510794257,41.49750326000003,33.871341553703076,80.54203281842294,,
2023-04-105,Bandung,31.36950191425085,76.31003696000005,40.74558424924326,41.19436775698788,,
2023-04-105,Kota Cimahi,38.69439595992482,54.17493944,48.93327430769232,82.10785139277176,,
2023-04-105,Bekasi,26.94040649338173,62.197032379999996,37.7407588018026,45.3577232379962,,
2023-04-105,Bogor,24.653476165867527,49.39996550000001,35.8731327737203,59.52889921882205,,
2023-04-105,Cianjur,32.386521862601796,67.10872712000003,39.24682035911149,27.762847441362748,,
2023-04-105,Garut,29.51722818354764,58.89180704,34.6206264004,61.52949098460145,,
2023-04-105,Indramayu,38.723934574109784,69.64147994000001,41.618282655193546,0.0,,
2023-04-105,Karawang,33.56467645160686,59.35665776000002,38.74008891291666,11.430806266611123,,
2023-04-105,Kota Bandung,41.17957039165018,59.23360904000003,47.373579022205554,19.011433132723713,,
2023-04-105,Kota Bogor,19.014783410690953,30.792264620000026,25.184572272145754,86.37323033966963,,
2023-04-105,Kota Sukabumi,37.19587281438468,49.54694036000001,42.937610342295066,1.2347539172794313,,
2023-04-105,Purwakarta,29.47124085583764,48.64458308000002,37.47403040341573,75.09358748312057,,
2023-04-105,Subang,33.83395378437001,79.79983537999999,43.45793211661885,39.50100372552372,,
2023-04-105,Sukabumi,30.654249979546105,50.55183824000005,35.622144700543735,26.300743884322202,,
2023-04-105,Sumedang,33.73757945656998,60.66917744,39.36890614955053,23.29210431887202,,
2023-04-105,Kota Bekasi,4.096673915000032,4.890509059999999,4.890509059999999,99.94504791471653,,
2023-04-105,Kota Depok,13.521058581441398,16.14263090000003,15.71537840000002,99.99021828052558,,
2023-05-121,Bandung,27.3609116369787,69.44665280000004,36.24048854309981,82.58456083562187,,
2023-05-121,Kota Cimahi,33.57933698648527,36.117539780000016,35.724467480000044,99.6592934051252,,
2023-05-121,Bogor,23.94253764862053,37.51550996000003,29.36931897588259,95.05614922753469,,
2023-05-121,Cianjur,28.807382132614865,66.88997384000004,35.73831531580882,40.13603101009854,,
2023-05-121,Garut,30.050198712979668,64.54521212000003,34.87067914655231,42.65261631477454,,
2023-05-121,Kota Bandung,36.19739711786011,47.01760555999999,41.18551338332275,74.01578108565973,,
2023-05-121,Kota Sukabumi,35.13716809830673,49.44439976000001,40.31454622293196,20.514510778107674,,
2023-05-121,Subang,27.437068468456708,40.96087412000003,34.13011306200002,98.37063229924246,,
2023-05-121,Sukabumi,29.02246615660281,46.850122580000004,34.73844507255531,27.476799660769796,,
2023-05-121,Sumedang,30.119447584377284,41.51117534000002,36.13522233680002,93.60115719894765,,
2023-05-137,Bandung,33.062928806152335,77.69091704000004,40.745253878453155,47.2068164061267,,
2023-05-137,Kota Cimahi,39.95487257977068,50.462969720000046,43.792977423582506,34.01269349398287,,
2023-05-137,Bekasi,39.39946721360463,55.53872941999998,45.937062385230114,0.05310248428247277,,
2023-05-137,Bogor,37.126883553043484,62.10816385999999,45.623836756283886,16.537460008980254,,
2023-05-137,Cianjur,32.88553899151476,70.15760096000002,39.12277717549621,31.245834626888776,,
2023-05-137,Garut,31.75608636583202,71.25478538000004,37.37326509988246,36.73634276205793,,
2023-05-137,Indramayu,37.3504983720077,47.94388898,40.592248093478275,0.0,,
2023-05-137,Karawang,35.78105533203914,57.234067340000024,41.121885142362835,3.122706280357905,,
2023-05-137,Kota Bandung,40.304807549363446,53.93567804000003,44.18614699831462,14.024447606380017,,
2023-05-137,Kota Bogor,43.59846684948258,54.63295412000002,49.187207256930456,1.764914344555153,,
2023-05-137,Kota Sukabumi,38.757760528174,49.65631700000006,44.562165097142774,0.45682537749811997,,
2023-05-137,Purwakarta,35.1302997866327,57.24090338000002,41.12248210714443,13.521489076603292,,
2023-05-137,Subang,34.82455227035777,75.06245966000006,40.62214855016764,17.403011180897515,,
2023-05-137,Sukabumi,32.71144762355775,54.120251120000034,37.62196410192344,12.229566910836386,,
2023-05-137,Sumedang,32.80519708639531,53.78186714000003,38.62342839979144,48.44031117283038,,
2023-05-137,Kota Bekasi,43.7668160306166,55.11489494,49.188398826153865,0.5995816323087819,,
2023-05-137,Kota Depok,45.09849357051192,55.78824487999998,50.188328401091844,3.434155130460132,,
2023-06-153,Bandung,24.1012461648274,62.17310624000004,34.37344156653181,22.80122490421183,,
2023-06-153,Kota Cimahi,38.281878348204856,46.53908276000004,40.936304269641965,0.0,,
2023-06-153,Bekasi,31.11763074474663,47.52689054000001,43.62061679677796,71.44920862972897,,
2023-06-153,Bogor,32.60372085887191,55.57290962000002,41.87408340406629,18.49793612023431,,
2023-06-153,Cianjur,26.97757992953822,68.26743590000001,35.24263787425946,12.776991651350395,,
2023-06-153,Garut,23.2317254419385,67.11214514000005,32.24016506664185,12.35207854193954,,
2023-06-153,Indramayu,16.570121562053068,39.89103385999999,21.3591747804196,49.30781014858043,,
2023-06-153,Karawang,29.444626287836424,53.16320552000002,37.87256275264616,10.410837186433461,,
2023-06-153,Kota Bandung,29.682974452767827,41.69916644,35.87262299134042,65.7503697806462,,
2023-06-153,Kota Bogor,40.48145155806041,50.71932121999998,45.31163241879505,0.0,,
2023-06-153,Kota Sukabumi,35.461004469455524,47.61234104000005,40.56198391361693,0.0037140274593343084,,
2023-06-153,Purwakarta,27.321887596289482,50.96541866000001,34.121760040997536,5.640825380798048,,
2023-06-153,Subang,22.427175982054518,61.424559860000045,30.12250509930648,34.87495014009141,,
2023-06-153,Sukabumi,31.228545700138106,54.06556280000001,37.12383032525227,4.896816926038812,,
2023-06-153,Sumedang,13.267452281399724,25.778029280000055,20.186973007035196,83.05344607010927,,
2023-06-153,Kota Bekasi,35.64984832805358,47.342317460000004,41.55304608500003,0.0,,
2023-06-153,Kota Depok,42.03537020194409,51.97715258000005,46.43582496471944,0.0,,
2023-06-169,Bandung,28.074557116154054,63.639436820000014,34.74192413006229,53.77284706157243,,
2023-06-169,Kota Cimahi,31.655281555256376,48.54887852000002,40.05509882000003,55.22936986441987,,
2023-06-169,Bekasi,27.996145349844408,43.849101020000035,36.23505940976407,83.05954316313306,,
2023-06-169,Bogor,30.235411344126213,55.81900705999999,38.745714031253456,65.39443429543272,,
2023-06-169,Cianjur,31.087157956426903,68.68785236000002,36.62197460400773,15.401617970675293,,
2023-06-169,Garut,28.53136699559525,65.72784704000003,33.12182581437733,8.827795822215528,,
2023-06-169,Indramayu,11.288448964424935,26.74191092000001,24.356224924663707,96.23769320837063,,
2023-06-169,Karawang,29.770419708015137,54.80385511999998,36.73446283850637,82.8656282429245,,
2023-06-169,Kota Bandung,31.54027634040075,39.754313060000015,36.55172558073173,96.5712649740959,,
2023-06-169,Kota Bogor,34.71765164270422,43.28512771999999,39.934903309832286,57.57920530775629,,
2023-06-169,Kota Sukabumi,35.75567674698351,45.568365080000035,39.56278821224922,0.04946938927697639,,
2023-06-169,Purwakarta,30.75979873013323,52.845329660000004,38.74264557052325,56.69458891487261,,
2023-06-169,Subang,28.69185354861253,62.019295339999985,34.23681245163365,42.1773952982089,,
2023-06-169,Sukabumi,32.264455956778605,50.34333902000003,36.370151086205844,7.128419016592128,,
2023-06-169,Sumedang,24.65399184363396,38.53407992000001,30.450841705703912,84.24874438671274,,
2023-06-169,Kota Bekasi,31.468728043095982,40.07560694000006,35.81000792789475,65.44180041286691,,
2023-06-169,Kota Depok,31.37099452915204,37.57703432000005,35.31660580666208,98.22900723841977,,
2023-07-185,Bandung,29.099087975623654,70.87880317999998,36.12166160271684,29.386120879491095,,
2023-07-185,Kota Cimahi,34.936861007727664,39.55948592000004,37.280252369573695,33.535011363836865,,
2023-07-185,Bekasi,37.364988257123805,52.582142120000015,42.31299507619813,0.0032282233311485852,,
2023-07-185,Bogor,34.32051332282882,55.79508092000003,41.622049639363624,18.22451827282657,,
2023-07-185,Cianjur,29.68388362378192,58.61836544000005,35.37285146322228,55.72032213703203,,
2023-07-185,Garut,24.16737522975029,52.01816882000003,29.623322273892242,80.3243537056218,,
2023-07-185,Indramayu,34.519367519720696,47.04494971999998,37.43653670232047,0.0,,
2023-07-185,Karawang,33.80010773879656,51.22518818000003,38.438020443808085,3.8002485518878886,,
2023-07-185,Kota Bandung,35.72690095667648,44.22166520000002,39.31122964800659,33.64315637665131,,
2023-07-185,Kota Bogor,40.446653106835946,50.67146894000001,45.4356249255022,0.0,,
2023-07-185,Kota Sukabumi,35.35997186452593,46.68605762000004,40.18522428563389,4.644362208270421,,
2023-07-185,Purwakarta,32.304185339709555,52.82140351999999,37.12459159060789,8.951829793390074,,
2023-07-185,Subang,31.390216292888756,69.83288906000001,36.3724587713988,18.594069172467815,,
2023-07-185,Sukabumi,30.058838530227227,49.12994192000002,35.37513705597466,55.087961373266324,,
2023-07-185,Sumedang,30.118759327187494,44.553213140000025,34.437576483633876,51.000637905697666,,
2023-07-185,Kota Bekasi,40.04581850663777,53.62122020000004,46.68110149100002,0.0,,
2023-07-185,Kota Depok,41.65231577567756,51.44052343999999,45.935565560960086,0.7573940846971697,,
2023-07-201,Bandung,27.5838283482226,69.64489795999998,34.87399094082644,0.26496693313624314,,
2023-07-201,Kota Cimahi,36.527875171557156,44.45067254000003,38.8448090109091,0.008180037820645454,,
2023-07-201,Bekasi,39.24737039762972,55.97281796000004,44.6249678266547,0.005377258030392624,,
2023-07-201,Bogor,32.68617863526508,56.806814840000015,41.12426825622412,0.022067048490910332,,
2023-07-201,Cianjur,28.99660289461244,67.08480098000001,34.87292658548567,0.031677300658979154,,
2023-07-201,Garut,26.998975738816647,69.22106348,33.37387704821642,0.04756258298060951,,
2023-07-201,Indramayu,38.70784262685308,69.39196448000001,43.11936368610472,0.0,,
2023-07-201,Karawang,34.99182324363223,54.11683310000001,41.18796932699782,0.0,,
2023-07-201,Kota Bandung,34.766631109663514,45.800790440000014,37.93768317354273,0.48759411381834655,,
2023-07-201,Kota Bogor,39.33982145991728,48.99663914000001,44.31249816766218,0.0,,
2023-07-201,Kota Sukabumi,35.49508617957059,45.65039755999999,40.43939128587874,0.05013937070101317,,
2023-07-201,Purwakarta,32.724143747156106,57.774114499999996,39.12404816559593,0.025271934684374858,,
2023-07-201,Subang,32.22433702741361,73.49358848000003,39.12419866926929,0.018420064867970393,,
2023-07-201,Sukabumi,29.327596236864217,48.47026405999998,34.371394039574525,0.07423229877649738,,
2023-07-201,Sumedang,29.614266709157764,44.10887054,34.81180787661489,0.21556647978959698,,
2023-07-201,Kota Bekasi,42.10088953570747,53.55969584000002,47.56545007812502,0.0,,
2023-07-201,Kota Depok,41.88976098974886,51.649022660000014,46.3108173931128,0.0,,
2023-08-217,Bandung,30.702789777135763,75.04195154000001,38.62596597874913,20.969801271261815,,
2023-08-217,Kota Cimahi,39.129824652516994,47.930216900000005,41.80392130853594,0.0,,
2023-08-217,Bekasi,39.20925221737483,54.97817414000002,43.812258348486395,0.42773586082030135,,
2023-08-217,Bogor,34.921264206580304,55.9967441,42.37456068479439,22.275379826311333,,
2023-08-217,Cianjur,30.491709837570635,66.00470666000001,36.371216861151275,31.322011943116067,,
2023-08-217,Garut,28.21274068512848,68.94762188000004,34.621522428295236,4.84140648626694,,
2023-08-217,Indramayu,41.91344398890126,60.89476676000004,46.56590343945948,0.0,,
2023-08-217,Karawang,35.96967804930934,54.95424800000001,42.0636902697818,0.001990635359842138,,
2023-08-217,Kota Bandung,38.78050074765328,50.84920598000002,42.1867147271445,0.1782314378721289,,
2023-08-217,Kota Bogor,39.35910251801067,49.57770254000002,43.81142166312929,3.437406943183664,,
2023-08-217,Kota Sukabumi,35.32018467344055,44.754876319999994,39.561057787222225,24.99672291694762,,
2023-08-217,Purwakarta,34.6923161685121,59.48312450000003,41.873948421449676,1.028934499017805,,
2023-08-217,Subang,34.23534510443663,75.13765610000002,42.124228813691175,0.13034225473059288,,
2023-08-217,Sukabumi,31.11589024125121,48.565968620000035,35.871793980838646,42.86877888492129,,
2023-08-217,Sumedang,32.17905699767137,52.288192400000014,38.874597244004796,0.011282967823807246,,
2023-08-217,Kota Bekasi,42.22358029174238,51.29696660000002,47.069623551875026,0.0,,
2023-08-217,Kota Depok,42.148453518358636,50.88680420000003,46.18602723437503,5.783391660942104,,
2023-08-233,Bandung,29.84714674670958,73.92767702000003,38.62699336537102,2.61506746858159,,
2023-08-233,Kota Cimahi,40.20987282174434,48.06010165999999,43.191899726733446,0.0,,
2023-08-233,Bekasi,38.34063476857343,52.664174600000024,42.43511623028485,8.176211797776292,,
2023-08-233,Bogor,33.827963640114405,54.10657904000004,40.62461456021544,29.92939358468561,,
2023-08-233,Cianjur,30.40754102169288,72.32804366000005,36.87401119411245,5.577300992323228,,
2023-08-233,Garut,29.0802709522569,75.45211394,37.12392459101163,0.669660043145338,,
2023-08-233,Indramayu,40.172754879352,60.37522772,44.43843838565521,0.012391007724214077,,
2023-08-233,Karawang,34.72298334611817,51.37899908000003,40.31346602211799,10.650277562781717,,
2023-08-233,Kota Bandung,38.74495914348395,50.52107606000004,41.809790158939194,0.10383453137295195,,
2023-08-233,Kota Bogor,36.844280269982995,44.583975320000036,40.8101605231104,29.726545027973085,,
2023-08-233,Kota Sukabumi,35.19992002864217,45.65723360000004,39.684214436153866,14.319534823158392,,
2023-08-233,Purwakarta,32.40823911120054,51.184171940000056,38.62427478492462,20.643560835390204,,
2023-08-233,Subang,32.59927200427551,73.48675244000003,40.123738138152945,1.2814065862061235,,
2023-08-233,Sukabumi,31.756436950074374,73.59612908000003,37.62256627913182,3.9631748278148073,,
2023-08-233,Sumedang,31.619596818854138,48.26518285999998,38.93765376024644,0.07451428626492422,,
2023-08-233,Kota Bekasi,41.2049383023813,51.22518818000003,46.312990790000015,0.0,,
2023-08-233,Kota Depok,39.216516235263114,49.60846472000003,44.18505489328698,47.07837242358973,,
2023-09-249,Bandung,30.371390892272018,72.68351774000001,38.87421386262431,0.7315669338632669,,
2023-09-249,Kota Cimahi,38.423947958153555,47.65335728000002,41.68811400767824,0.0,,
2023-09-249,Bekasi,38.5712407972303,54.25355390000004,43.06215077691681,0.006726164451467661,,
2023-09-249,Bogor,33.34304334615796,56.574389480000036,40.874324416356714,1.6184459884574338,,
2023-09-249,Cianjur,31.60551826268316,76.00583318000002,39.87167524351496,0.0870454715748546,,
2023-09-249,Garut,29.90696165443564,80.06644094,40.375992869937065,0.025720394430945686,,
2023-09-249,Indramayu,41.498371361468045,71.06337626000004,46.620486324320055,0.0,,
2023-09-249,Karawang,31.06606664590592,47.56107073999999,37.563244212433915,0.6072569195777899,,
2023-09-249,Kota Bandung,38.077921616718854,49.05816349999998,41.18495465175297,0.16003363340470433,,
2023-09-249,Kota Bogor,37.296734809153754,45.86915084000003,41.812509222942296,0.0,,
2023-09-249,Kota Sukabumi,36.348964013393875,47.09622002000003,41.3121377195498,0.024141178485673005,,
2023-09-249,Purwakarta,32.588628557607684,50.21345426000005,39.872365369886005,1.6446273188433977,,
2023-09-249,Subang,32.75820745283013,75.88278446000004,41.37297366675537,0.3258143423410974,,
2023-09-249,Sukabumi,33.994101452706445,56.451340759999994,41.62292986194515,0.8520559073846076,,
2023-09-249,Sumedang,32.87945258194987,49.80670988000003,40.122397224966456,0.5528454050348397,,
2023-09-249,Kota Bekasi,42.64247564850867,54.58510183999999,48.310239310760664,0.0,,
2023-09-249,Kota Depok,40.48417838493514,50.65096082000002,44.68697602073873,0.0,,
2023-09-265,Bandung,32.89201989454437,81.71734460000005,43.24563573646354,7.228605698021617,,
2023-09-265,Kota Cimahi,44.1786248444199,53.22814790000001,46.93394574423624,0.0,,
2023-09-265,Bekasi,43.188255461446474,62.35426130000002,49.37182204719261,0.34866004184821026,,
2023-09-265,Bogor,37.13731190079875,66.06623102000003,47.625939565039076,2.959237488147434,,
2023-09-265,Cianjur,33.16285884946765,74.81636222000003,42.376138107495784,3.258988677401221,,
2023-09-265,Garut,31.665002749819166,81.37896062000004,41.7434040175988,14.472609214823153,,
2023-09-265,Indramayu,48.16718268702385,79.59817220000002,55.1248517808696,0.0,,
2023-09-265,Karawang,38.86094470022159,61.33569134000004,46.87406931294038,0.2905747094571655,,
2023-09-265,Kota Bandung,42.01598063077655,57.04265822000002,46.18513762739964,0.015521656751626839,,
2023-09-265,Kota Bogor,43.540703526805885,55.14565712000001,49.68728566135178,0.1438604903022516,,
2023-09-265,Kota Sukabumi,40.32975739205882,50.897058259999994,46.30755809445964,3.021936648304317,,
2023-09-265,Purwakarta,36.31981510144341,57.886909160000016,44.62316308702029,7.217841010814004,,
2023-09-265,Subang,35.06304002986503,81.64214816000003,44.7419356671992,19.04685589360254,,
2023-09-265,Sukabumi,35.264725345641324,63.15749600000004,43.874426950738034,3.100378875772427,,
2023-09-265,Sumedang,35.850792636645764,54.66371630000003,44.87472559034498,1.948071769048862,,
2023-09-265,Kota Bekasi,48.76689633516683,61.920172760000014,54.56402405000003,0.22902264600715125,,
2023-09-265,Kota Depok,47.52934755702579,60.559800800000005,52.93520836074542,0.0,,
2023-10-281,Bandung,33.251596509599516,77.73876932000002,42.74671222674114,32.98739741462556,,
2023-10-281,Kota Cimahi,42.08762785150693,53.51867960000004,47.18343846137932,6.989088471118854,,
2023-10-281,Bekasi,44.71023671749856,59.15841260000002,49.18576492122611,4.5426854564377015,,
2023-10-281,Bogor,37.2714177082925,60.10520414000001,46.623088193197404,16.19348571796349,,
2023-10-281,Cianjur,33.29409329098353,78.80519156000003,41.7457053134141,36.33662358018768,,
2023-10-281,Garut,32.71369220140809,82.04889254,42.25003263990863,15.176227537201212,,
2023-10-281,Indramayu,44.41487596721693,69.96619184000002,49.6260995243825,1.262260025951063,,
2023-10-281,Karawang,36.727039843981025,59.018273780000015,45.870889273820175,7.757773644432968,,
2023-10-281,Kota Bandung,39.09485534278146,52.91710808000005,45.3698424417383,16.40601547631967,,
2023-10-281,Kota Bogor,40.40486026002473,53.16320552000002,46.56160016636011,8.45460579389193,,
2023-10-281,Kota Sukabumi,31.901573097445983,42.61519580000004,37.68306789657896,20.629631064533474,,
2023-10-281,Purwakarta,32.30673447621469,51.731055140000024,39.872491162001204,20.069689272905062,,
2023-10-281,Subang,34.460610959129994,84.04843424,44.74067943917705,32.6446376889618,,
2023-10-281,Sukabumi,30.133518093503678,53.03332076000004,38.1225116494456,56.14411088382184,,
2023-10-281,Sumedang,33.69905218615934,51.73447315999999,43.87916328286028,73.71213855635037,,
2023-10-281,Kota Bekasi,48.8322522678523,58.58418524000001,54.05372320852909,0.0,,
2023-10-281,Kota Depok,45.77847761531269,57.09734653999999,50.81044910173666,7.845649236553279,,
2023-10-297,Bandung,36.00299001649242,80.14163738000002,43.2419124681148,48.23652425576546,,
2023-10-297,Kota Cimahi,36.76434126101583,39.06387302000002,38.35847914250002,90.90360547196416,,
2023-10-297,Bekasi,50.22402241707132,60.06418789999998,55.93599960706747,92.5405616559976,,
2023-10-297,Bogor,43.07808548354539,67.08480098000001,55.373760266704416,44.66051624819705,,
2023-10-297,Cianjur,38.1113485908717,63.80691980000006,45.874825646931406,31.846535801447352,,
2023-10-297,Garut,32.97771773259716,80.05960490000001,40.74653306320304,18.581158044006624,,
2023-10-297,Indramayu,37.009399173193465,41.07025076000002,40.163791856000024,97.66267600477767,,
2023-10-297,Karawang,43.07392705118537,60.06076988000001,51.615854371271915,78.2307910052941,,
2023-10-297,Kota Bandung,42.56547410695653,56.51970116000001,47.06024004315628,40.96943713372198,,
2023-10-297,Kota Bogor,51.99381171743668,65.19121790000003,59.064081636822436,80.76058069616,,
2023-10-297,Kota Sukabumi,42.870861932391406,56.40690649999999,48.31300485178233,12.194535806283309,,
2023-10-297,Purwakarta,39.7631815328648,57.16228892000004,45.43607375341435,55.183811557041,,
2023-10-297,Subang,35.613811299168674,71.52822698,42.37802147922718,74.31774710608754,,
2023-10-297,Sukabumi,40.24536168532683,61.35961748,47.874377689007915,20.10233859893149,,
2023-10-297,Sumedang,34.57903367499662,59.53439480000003,42.37059607686387,67.15551231552423,,
2023-10-297,Kota Bekasi,49.10038386705828,59.49337856,54.82018566000002,62.17846506514088,,
2023-10-297,Kota Depok,51.13569246820334,61.91675473999999,56.31320099240075,79.51955553886884,,
2023-11-313,Bandung,28.9784274317942,69.07067060000003,38.70653402832623,44.732279923259405,,
2023-11-313,Kota Cimahi,29.459250858503836,36.42174355999998,32.77583373277429,77.34225759420279,,
2023-11-313,Bekasi,31.8866979334394,49.65973502000003,37.81220348382028,11.862040545479688,,
2023-11-313,Bogor,28.908828718398894,47.455112120000024,35.12383868980351,19.044284310309717,,
2023-11-313,Cianjur,28.68204608351,59.069544080000014,36.876272750745045,59.13482804782853,,
2023-11-313,Garut,29.42865818480585,66.85579364,38.12134405137717,63.919173987479695,,
2023-11-313,Karawang,34.649229038672495,52.151471600000036,42.37412720153731,18.974971513587455,,
2023-11-313,Kota Bandung,35.55684742332887,45.390628040000024,40.437168014716136,19.286792990633923,,
2023-11-313,Kota Bogor,32.96710078219053,43.80466676000003,37.43550635886691,0.15025428987124054,,
2023-11-313,Kota Sukabumi,32.634908099797926,42.25288568000002,38.6919191363642,19.895367835823077,,
2023-11-313,Purwakarta,27.66428701184659,48.72661556000003,35.873394929239936,52.03978991422701,,
2023-11-313,Subang,30.23778406593678,50.237380400000006,39.62203114880532,89.33856079520596,,
2023-11-313,Sukabumi,30.454794133222197,49.33502312000002,38.62448603736183,51.6787052483662,,
2023-11-313,Sumedang,27.281147415774804,48.42582980000003,37.38138479764066,82.46545025424678,,
2023-11-313,Kota Bekasi,27.99321130389164,37.248904400000015,33.590483660000025,24.23151771806157,,
2023-11-313,Kota Depok,30.10720205859275,41.59662584,37.06227973268758,49.31408629507276,,
2023-12-345,Bandung,34.097578082859016,83.11189676000004,43.74303653706239,19.771003828136188,,
2023-12-345,Kota Cimahi,48.250256512066336,59.43185420000003,52.32472248874999,0.0,,
2023-12-345,Bekasi,39.76393804943808,55.08413275999999,45.37179687960071,65.86142571136232,,
2023-12-345,Bogor,37.724020442122914,68.69468840000002,45.743115093108734,40.16498315768693,,
2023-12-345,Cianjur,36.63624289919857,75.7016294,45.37098401816972,52.18520460216224,,
2023-12-345,Garut,33.50567526179592,76.99364096,41.62222284410428,63.59721641571764,,
2023-12-345,Indramayu,42.153846980186096,69.26891576000003,48.12500460130775,0.08005446830310135,,
2023-12-345,Karawang,39.31437536753859,61.985115140000005,48.23422339830873,72.74250523346905,,
2023-12-345,Kota Bandung,44.452999692527854,61.50659234,50.120390943215874,4.324293691154924,,
2023-12-345,Kota Bogor,44.123405191671004,56.314619960000016,49.938795066595894,27.66565731346772,,
2023-12-345,Kota Sukabumi,41.804223042014115,53.313598400000046,48.55937672428574,39.09046671779882,,
2023-12-345,Purwakarta,37.161201717080935,61.33910936000001,44.74185060143678,33.812462579743446,,
2023-12-345,Subang,36.7444184519628,77.20555820000004,43.122504227866806,19.91036422224348,,
2023-12-345,Sukabumi,35.62113334543614,57.04265822000002,43.12270409086746,64.20186437626207,,
2023-12-345,Sumedang,34.33996851869075,58.00995788,41.62394643805349,11.142240583444318,,
2023-12-345,Kota Bekasi,40.64322885181185,54.99868226000001,46.172615588648654,31.909396992706967,,
2023-12-345,Kota Depok,43.504840230594894,56.724782360000006,49.939530434448315,59.04315318304223,,
2023-12-361,Bandung,35.29055164589932,81.89849966000003,44.244219236945646,47.92184091172846,,
2023-12-361,Kota Cimahi,46.20757350064316,59.72922194,51.33140470057817,0.0,,
2023-12-361,Bekasi,40.507317464267246,61.48608422000001,48.87355764584781,9.077325792412397,,
2023-12-361,Bogor,36.20327473117764,69.00572822000004,47.12277990841735,43.36595435059836,,
2023-12-361,Cianjur,37.3079312343285,94.29907622000002,50.4798353834867,20.259516984161017,,
2023-12-361,Garut,34.08522440037626,89.05925156,44.24507645649571,7.38219935520935,,
2023-12-361,Indramayu,26.762768622371873,36.13121186000001,29.815046000000006,81.62464433339258,,
2023-12-361,Karawang,29.505805919822784,59.79416432000005,40.12248985450911,65.15826660213189,,
2023-12-361,Kota Bandung,44.38586088765081,63.48220790000005,49.367991732341835,16.95023897474368,,
2023-12-361,Kota Bogor,44.48197681965521,60.11204018000001,51.12224575495008,1.0351216738490872,,
2023-12-361,Kota Sukabumi,23.94490587019908,36.43541564000003,34.061600750000025,98.21620358812919,,
2023-12-361,Purwakarta,38.689874500261105,61.41772381999999,45.74297051998555,21.31708812159985,,
2023-12-361,Subang,33.057604228815535,58.98067556000001,39.62053249523686,54.57536293747258,,
2023-12-361,Sukabumi,38.392334008804205,65.32452067999998,47.74376436339442,18.814225852452616,,
2023-12-361,Sumedang,28.834707531082564,56.58806156000003,39.37496242637973,70.28010324519039,,
2023-12-361,Kota Bekasi,48.172430258294085,64.21024616,55.891450095000025,15.224926110204894,,
2023-12-361,Kota Depok,38.71415295549182,50.82186181999998,45.30544599068586,82.39074623384069,,
2024-01-28,Bandung,24.53360108420697,41.897411600000055,31.123926408282646,94.31811109046235,,
2024-01-28,Kota Cimahi,30.204358940597324,36.27476869999998,34.68311072000002,73.16597938309685,,
2024-01-28,Bogor,24.14607857522812,31.694621900000016,28.81086781533572,99.95839102301426,,
2024-01-28,Cianjur,23.53725549054474,42.51265520000004,31.451621856062054,74.3570769799674,,
2024-01-28,Garut,24.487497443639597,43.21676732000003,36.121538345256035,85.31035702848257,,
2024-01-28,Kota Bandung,29.926610586922834,39.10488926000005,34.93559488281693,83.90803623021245,,
2024-01-28,Kota Sukabumi,27.72525415686229,38.57851418000001,34.560780279565236,85.83118915002949,,
2024-01-28,Sukabumi,25.63169196623129,46.5630089,32.44394259937355,63.84768622298523,,
2024-02-44,Bandung,29.71311513521579,77.2739186,38.74456494250981,67.17911582806637,,
2024-02-44,Kota Cimahi,32.33406081897853,37.334354899999994,36.604607630000004,97.20448009443939,,
2024-02-44,Bogor,32.25431510911542,49.37262134000002,39.12327014774514,66.93848888848326,,
2024-02-44,Cianjur,29.08146139656091,65.13652958,34.73900243765707,57.39843479635257,,
2024-02-44,Garut,28.934003516775803,67.87778162000001,34.2357222568173,25.54441235420016,,
2024-02-44,Karawang,17.76029111695114,23.16666200000003,22.184000452359584,98.24319448564013,,
2024-02-44,Kota Bandung,38.893130481,55.15591118000003,44.12144104238664,46.92951194831742,,
2024-02-44,Kota Bogor,37.79074414650435,52.22325002000002,43.687067836716196,66.72346074055062,,
2024-02-44,Kota Sukabumi,31.9884391448487,42.12641894000001,37.93442249120003,65.45119170761068,,
2024-02-44,Purwakarta,23.9311377760077,37.330936880000024,31.120350145216495,86.41287824055284,,
2024-02-44,Subang,25.25753000925482,37.864148,31.556036725454565,99.34259725782474,,
2024-02-44,Sukabumi,28.523404831314096,50.54158418000003,34.12188872066162,70.3874890433916,,
2024-02-44,Sumedang,33.44137739803122,54.24329984000002,41.36998542193718,72.30889041461124,,
2024-02-44,Kota Depok,33.72693619330237,41.30267612,39.29167585479706,98.75734810465329,,
2024-02-60,Bandung,29.296563718598705,51.88144801999999,34.87047379942976,87.15705530987036,,
2024-02-60,Bogor,24.787471368965534,28.303946060000044,27.02731559,99.99212838284343,,
2024-02-60,Cianjur,31.859873381761282,65.20147196000005,37.37362612720854,59.18246389089246,,
2024-02-60,Garut,31.294344134962998,67.24886594000003,37.621793631874326,58.34641079847462,,
2024-02-60,Indramayu,15.19652296400002,17.735428220000017,17.376536120000026,99.73997978980171,,
2024-02-60,Kota Bandung,33.568220834848695,45.29492348000002,37.68528942218751,92.15478166727567,,
2024-02-60,Kota Sukabumi,31.27597862515087,39.053618959999994,35.66005094923079,95.00892968719732,,
2024-02-60,Purwakarta,26.489684818494354,35.509132220000026,31.551065060000017,99.07054267395297,,
2024-02-60,Subang,26.016499394601972,38.98867658000006,29.55731306734694,96.74866215096972,,
2024-02-60,Sukabumi,32.46703703965455,56.51970116000001,37.622648758996625,68.59846682129752,,
2024-02-60,Sumedang,26.82896843239168,37.775279479999995,30.11535522468968,92.96621561406683,,
2024-03-76,Bandung,28.705487366672312,53.69641664000005,35.379447498707485,93.70377270397344,,
2024-03-76,Kota Cimahi,37.8580848261304,50.92440241999998,45.309924790000025,66.39919546922143,,
2024-03-76,Bogor,16.530662559516507,26.28047822000002,24.373223059999987,99.98606971792479,,
2024-03-76,Cianjur,28.961180826280945,57.73309826000002,34.12160358926026,81.94002460169698,,
2024-03-76,Garut,26.49459963946309,55.04311652000001,31.622108830804514,78.70776988459161,,
2024-03-76,Indramayu,35.4791271635791,43.38425030000002,38.93358002276089,7.76960272530297,,
2024-03-76,Karawang,30.436806910719124,44.50194284000003,39.819255440000006,99.83920331404921,,
2024-03-76,Kota Bandung,36.46964450822021,47.99857730000002,41.877014183847336,80.04221176997042,,
2024-03-76,Purwakarta,31.729073149259623,53.50500752000005,38.373000653749564,78.95084453078084,,
2024-03-76,Subang,31.661347833806413,70.89589328,38.24284087192944,40.25863322612784,,
2024-03-76,Sukabumi,24.36849742402787,31.199009000000046,28.869170950246303,99.31349990850302,,
2024-03-76,Sumedang,27.379767208314053,48.125044040000034,36.12447267339321,49.736947208721254,,
2024-04-92,Bandung,33.3225270364936,83.09138863999999,43.24683471152032,42.69438802679061,,
2024-04-92,Kota Cimahi,41.99031398566221,56.49235700000003,46.81668584762713,32.77365835350274,,
2024-04-92,Bekasi,39.284466083107155,60.34446553999999,45.87607821107257,11.803233601523631,,
2024-04-92,Bogor,36.75620027964864,63.39333938000004,44.12406579888878,48.26436908580781,,
2024-04-92,Cianjur,33.589267360113936,66.64045838000004,40.6238859574682,57.48531276227102,,
2024-04-92,Garut,29.467503088404516,64.44950756000003,35.374176569402685,54.167283389988654,,
2024-04-92,Indramayu,33.86962565593394,53.23840196000003,38.31411824909092,14.765847840392912,,
2024-04-92,Karawang,35.29023363329353,59.40792806000002,40.12126193555799,18.797290577616728,,
2024-04-92,Kota Bandung,44.412151616551306,58.32783374000002,49.11788816373384,7.103087938633726,,
2024-04-92,Kota Bogor,40.72492830371226,52.448839340000006,48.56026811597957,64.60680593009872,,
2024-04-92,Kota Sukabumi,39.427588790013345,52.291610419999984,45.439308009329544,47.10308042893953,,
2024-04-92,Purwakarta,34.66164097225259,56.837577020000026,41.124487329674146,25.208820511370238,,
2024-04-92,Subang,33.15449083203825,69.77478272000002,38.24016506819835,31.827020675765123,,
2024-04-92,Sukabumi,32.577381679015225,57.43231250000002,37.871618595235134,62.669105784387135,,
2024-04-92,Sumedang,32.480382443367745,59.75998412000001,41.621884097879985,57.589424812425236,,
2024-04-92,Kota Bekasi,44.904014304582894,61.42114184000002,52.86979614875002,24.72002184373,,
2024-04-92,Kota Depok,42.420824634691606,54.78676502000002,48.62428992920531,50.869974170333364,,
2024-04-108,Bandung,30.761748397773538,70.35926414000005,38.12265571919744,25.3100761235351,,
2024-04-108,Kota Cimahi,37.209876743987266,47.79349610000003,40.05868186692601,24.95819359102057,,
2024-04-108,Bekasi,39.979858315308455,58.96700348000002,46.31071654987665,1.956415966315479,,
2024-04-108,Bogor,35.17275411057055,62.361097340000015,43.8756689929805,21.82380188006234,,
2024-04-108,Cianjur,32.64891400729805,70.15418294000006,39.87187981201569,12.151325465148732,,
2024-04-108,Garut,29.60489635133467,67.12581722000004,35.12522710395388,45.20407324929471,,
2024-04-108,Indramayu,36.88769868720848,47.92338086000001,40.15422140000001,0.007787964571174818,,
2024-04-108,Karawang,36.27613965452017,57.53485310000002,41.12606411223241,17.780234208769002,,
2024-04-108,Kota Bandung,38.63797800859364,49.06841756000006,42.93688965981208,10.49588072651009,,
2024-04-108,Kota Bogor,40.08500361556008,49.615300760000025,45.559474906786484,26.296983026123282,,
2024-04-108,Kota Sukabumi,39.31599360904858,51.37216304000003,44.9378550520129,0.0018570137296671542,,
2024-04-108,Purwakarta,35.41792598879058,53.005976600000054,40.87292297196847,16.215773281410087,,
2024-04-108,Subang,35.141434111371666,78.71632304000002,41.874951794052166,8.326031378845183,,
2024-04-108,Sukabumi,30.313360456542927,52.56847004000002,36.2409067780361,10.151272089926024,,
2024-04-108,Sumedang,32.05294287148545,50.33308496000001,37.56204484247183,15.841529119694064,,
2024-04-108,Kota Bekasi,44.35610474880084,57.65448379999998,50.44587962000001,8.541057595149876,,
2024-04-108,Kota Depok,44.101740490561,55.92154765999999,50.06195678157392,7.870461274710966,,
2024-05-124,Bandung,32.606525868522596,79.00685474,41.12382691558359,25.574348031393313,,
2024-05-124,Kota Cimahi,43.00056615546005,54.738912740000046,46.31115245234377,0.0,,
2024-05-124,Bekasi,41.00848876475352,61.6535672,47.374988834230585,3.316066516135071,,
2024-05-124,Bogor,34.303397279856064,60.46067821999998,41.87259730037814,40.98725740876781,,
2024-05-124,Cianjur,31.993710608293483,66.66780254000003,39.372849787854186,49.56081267307082,,
2024-05-124,Garut,30.22343753452184,68.52720542000003,35.87219631053805,40.340566539667236,,
2024-05-124,Indramayu,25.11288739682586,49.905832460000056,29.611579210674815,41.341266994933825,,
2024-05-124,Karawang,36.53045839026153,59.76682016000001,42.12929129466984,7.670270107595255,,
2024-05-124,Kota Bandung,42.06053715023578,55.97965399999998,45.93458645177094,0.06583323380862419,,
2024-05-124,Kota Bogor,40.623516495528726,54.29115211999999,46.435046384613436,16.051091598669608,,
2024-05-124,Kota Sukabumi,35.548589769395726,46.60060712000001,40.05753927973661,21.58238106154768,,
2024-05-124,Purwakarta,35.46203663331616,61.49633828000003,42.624031186218375,11.445246531436727,,
2024-05-124,Subang,33.18670638717715,65.79278942000002,39.73891617967387,14.788748599282245,,
2024-05-124,Sukabumi,29.092975819866727,46.70314772000006,34.122501373350794,66.1309257581079,,
2024-05-124,Sumedang,31.701739337738893,51.76865336000003,38.37120725731079,12.231193275836647,,
2024-05-124,Kota Bekasi,45.1448209120537,60.593980999999985,51.940057010000025,12.027866065488944,,
2024-05-124,Kota Depok,42.20510432679306,56.56755343999998,49.371521837580104,54.5838885821117,,
2024-05-140,Bandung,27.648174010223112,64.14872179999998,35.24393275113525,31.33711595477281,,
2024-05-140,Kota Cimahi,36.81602454622025,46.06739600000003,39.31766100500002,0.0,,
2024-05-140,Bekasi,37.82111800937562,56.071940540000014,43.18715517639299,0.0,,
2024-05-140,Bogor,30.274034430628827,53.050410860000056,39.7442256963698,37.853159987229645,,
2024-05-140,Cianjur,28.82081978808677,66.86604770000002,37.24612793152465,38.42759541376931,,
2024-05-140,Garut,25.916589939244975,56.738454440000055,32.870210770939934,16.357225410563426,,
2024-05-140,Indramayu,37.852410313383366,61.62622304000001,41.192079680974686,0.0,,
2024-05-140,Karawang,34.171170764590045,53.62463822000001,39.689855891067424,1.669170858993973,,
2024-05-140,Kota Bandung,34.13815423387781,47.12014615999999,38.3700872557795,30.500790145731482,,
2024-05-140,Kota Bogor,35.562167916719886,46.31349344,40.81353701023929,11.254328390748682,,
2024-05-140,Kota Sukabumi,27.214382041649117,36.16197404000002,31.56216849754858,21.364425908939015,,
2024-05-140,Purwakarta,33.053953241514684,53.93567804000003,38.87344576894194,3.5036567330756356,,
2024-05-140,Subang,32.827783093393506,73.54485878000003,39.62375758735382,3.659518993001835,,
2024-05-140,Sukabumi,27.36935958574456,49.50592412000003,35.74308367809828,35.405914831744454,,
2024-05-140,Sumedang,29.51560540685157,44.58055730000001,34.87246439290747,5.519560405438729,,
2024-05-140,Kota Bekasi,42.16076057336041,54.16126736000001,47.796765510434795,0.0,,
2024-05-140,Kota Depok,36.17002064497722,50.75350142000002,45.122380672539954,17.088599037691328,,
2024-06-156,Bandung,25.131525390371046,68.05210064000005,32.243189830254565,22.975113455594286,,
2024-06-156,Kota Cimahi,33.57029735203058,42.68013818000003,36.68800448308345,0.0,,
2024-06-156,Bekasi,33.780024368974686,48.750541699999985,38.563116117772566,0.5604854104207189,,
2024-06-156,Bogor,31.094546928332953,48.11820799999998,37.373413737511854,16.539781387058756,,
2024-06-156,Cianjur,26.232180083410096,60.30686732000004,32.242676890047726,22.56279684327826,,
2024-06-156,Garut,23.231738545051805,60.68284951999999,28.123022874543373,8.65852095228982,,
2024-06-156,Indramayu,33.019482889337894,45.57861914,37.5655479126531,0.0,,
2024-06-156,Karawang,29.351177602959762,50.19978218000006,35.37486048316255,7.2724954101797135,,
2024-06-156,Kota Bandung,33.84730733100947,45.05908010000002,37.686783712868426,0.09331254823625078,,
2024-06-156,Kota Bogor,35.45784039972642,46.258805120000034,39.43680768004564,0.0883786079638974,,
2024-06-156,Kota Sukabumi,32.793762802916056,43.93796954000004,37.30959389879309,1.9349063526182115,,
2024-06-156,Purwakarta,27.923551872068614,44.293443620000005,33.62467650054465,8.649629963480734,,
2024-06-156,Subang,27.86252876377444,63.31814294000003,33.74007951934414,2.4954522675026936,,
2024-06-156,Sukabumi,28.383925749356223,46.62795128000005,33.37326099738426,18.141982891824078,,
2024-06-156,Sumedang,25.1745661757031,49.092343700000015,32.12053842488815,2.0921620667135086,,
2024-06-156,Kota Bekasi,35.893025150900925,45.21630902000004,40.43216478243905,0.07764512622478165,,
2024-06-156,Kota Depok,37.33883145488655,46.094740160000015,41.809490171452815,5.648216995784936,,
2024-06-172,Bandung,26.78959617197736,70.52332910000001,34.62215735624899,5.035705673689491,,
2024-06-172,Kota Cimahi,34.99876960460967,44.081526380000014,37.78108726238836,0.008180037820645454,,
2024-06-172,Bekasi,29.66143821548632,49.533268280000016,39.37282957917886,21.384317984851688,,
2024-06-172,Bogor,30.831527467986813,51.990824660000044,39.37324001229071,9.740007071592421,,
2024-06-172,Cianjur,26.88449029990796,71.11464655999998,33.240311618112,9.617735429854664,,
2024-06-172,Garut,26.7878301324701,68.90318762000004,33.123704804992094,0.19267976942852194,,
2024-06-172,Indramayu,34.32616180945996,47.39358776000006,37.56511672234703,0.0,,
2024-06-172,Karawang,26.975627892815425,47.62601312000004,36.87356694144163,41.70216039018298,,
2024-06-172,Kota Bandung,34.96530851684248,46.617697220000025,38.05928412390477,0.17394960152685252,,
2024-06-172,Kota Bogor,37.99355980867007,48.08744582000003,42.93778920181501,0.0,,
2024-06-172,Kota Sukabumi,30.434666605888147,40.410572900000034,35.44073863533983,8.72788442296101,,
2024-06-172,Purwakarta,25.60301167868974,42.43404074,30.61393310230051,41.347152210172474,,
2024-06-172,Subang,29.180373387381874,68.46909907999998,35.372771566014855,0.05567168642433319,,
2024-06-172,Sukabumi,28.48766792794923,45.83497064000005,33.62321846081543,10.839003586982123,,
2024-06-172,Sumedang,27.96419895177056,46.79201624000001,33.372993332767095,0.049982558971171744,,
2024-06-172,Kota Bekasi,39.0722694957333,49.21881044000003,43.81562453000003,0.0,,
2024-06-172,Kota Depok,39.25676575501968,47.844766400000026,43.31323789835156,0.0,,
2024-07-188,Bekasi,2.829443000000026,5.177622740000061,5.177622740000061,99.99880339396888,,
2024-07-188,Bogor,8.665020013502522,21.919084699999985,16.87091545878255,99.26569196261958,,
2024-07-188,Cianjur,18.76491680493169,32.29277539999998,26.43407409323711,98.1994148150666,,
2024-07-188,Indramayu,-0.5333431037456007,7.474532179999983,3.678576825714304,90.99347895390501,,
2024-07-188,Kota Bogor,12.408928269500022,17.390208200000018,16.436580620000015,99.52046503232586,,
2024-07-188,Kota Sukabumi,22.155091449888992,28.81664906000003,27.33094970000002,99.15256088747488,,
2024-07-188,Subang,-1.332832216462834,14.566923680000059,7.105955690000016,99.40725339483922,,
2024-07-188,Sukabumi,16.351214093079715,37.983778700000016,26.483732030359175,87.97616417076455,,
2024-07-188,Sumedang,0.5860020128201716,11.610336380000035,10.7367183702041,99.1900612843515,,
2024-07-204,Bandung,28.59757108355674,73.18596667999998,36.37302880242295,1.3710598682970405,,
2024-07-204,Kota Cimahi,38.73990446749142,48.70268942000001,41.43501268702455,0.0,,
2024-07-204,Bekasi,37.71569723083299,54.14075924000002,42.81161565170323,0.002157050644859172,,
2024-07-204,Bogor,33.71417701567764,54.50990539999998,41.87407295005713,6.932049338897402,,
2024-07-204,Cianjur,29.384999099774742,70.41395246000002,35.62375751264084,4.023137615157581,,
2024-07-204,Garut,27.18899840669462,71.37441608000006,33.623076210167724,1.8983968818687962,,
2024-07-204,Indramayu,34.71801342047953,42.75875264000001,38.72238174909092,0.0,,
2024-07-204,Karawang,33.854181951433304,53.69641664000005,39.062705791449666,1.077617746085393,,
2024-07-204,Kota Bandung,37.07055976707407,49.12994192000002,40.18702516835349,0.23175439218808352,,
2024-07-204,Kota Bogor,40.008061983652986,49.700751260000004,44.68913771541312,0.0,,
2024-07-204,Kota Sukabumi,36.08866715811439,47.41409587999999,41.43820350962712,0.07727361837450264,,
2024-07-204,Purwakarta,32.09479291246737,51.454195519999985,37.87271716528692,2.6931976386316685,,
2024-07-204,Subang,31.72323907094494,70.54041920000003,37.373568345902115,7.429686056935486,,
2024-07-204,Sukabumi,30.211991775318637,50.12800376000001,35.373391887065274,0.6424978037949063,,
2024-07-204,Sumedang,28.874133825992235,46.01954372,35.559095500784096,6.1374581383587925,,
2024-07-204,Kota Bekasi,40.60530511886904,53.53918772000003,44.81352954320002,0.0,,
2024-07-204,Kota Depok,42.321226926353766,51.269622440000035,46.5613494660029,0.0,,
2024-08-220,Bandung,20.398874716511195,56.659839980000015,28.621402160400745,50.548101986384566,,
2024-08-220,Bekasi,34.8647373149186,50.29890476000003,41.43710706003576,0.31305135466881395,,
2024-08-220,Bogor,31.177164607720968,52.65733856000003,39.12420331648306,12.997022158571008,,
2024-08-220,Cianjur,26.627277147989396,67.59750398000006,33.241549320751915,5.941560381426429,,
2024-08-220,Garut,22.113709567726453,75.72555554000002,33.74527871984428,18.85927974853981,,
2024-08-220,Indramayu,34.34193597508293,69.02281832000006,39.61665960686661,2.3206940669310856,,
2024-08-220,Karawang,28.685260300516312,48.159224240000015,33.62298925382762,18.730778179583826,,
2024-08-220,Kota Bandung,26.970866979852214,38.510153779999996,32.183974122053435,86.82846690738702,,
2024-08-220,Kota Bogor,37.84297510914456,48.49419020000005,42.063073916195975,0.0,,
2024-08-220,Kota Sukabumi,35.50426264660028,46.31349344,40.55985761681878,0.6669592252218286,,
2024-08-220,Purwakarta,22.069187453840268,37.187380039999994,28.557274456538497,81.08396475783266,,
2024-08-220,Subang,27.54838431731902,70.70790218000002,34.74183731265487,8.841718867134322,,
2024-08-220,Sukabumi,29.797486018440978,47.178252499999985,35.12336837501238,5.051684509206307,,
2024-08-220,Sumedang,28.14144012187397,44.92577732000001,34.374173500224884,2.970132959695789,,
2024-08-220,Kota Bekasi,39.61285301564137,48.630911000000026,44.058806600000004,0.0,,
2024-08-220,Kota Depok,39.242318685410595,49.25299064000001,43.56058437179479,0.43286476067869417,,
2024-08-236,Bandung,25.268277793889173,72.02042186000006,36.24258852983606,45.21002418872457,,
2024-08-236,Kota Cimahi,37.43691564871249,47.03469566000001,40.68825463831204,14.547443417395248,,
2024-08-236,Bekasi,28.99594300534326,43.12106276000003,35.12845280261938,33.74158921543655,,
2024-08-236,Bogor,27.861334220457007,48.186568400000056,34.87361916964725,37.410427659059586,,
2024-08-236,Cianjur,19.99662560482874,41.55219158,31.12331635110714,66.3392459361581,,
2024-08-236,Garut,13.715879275611105,38.29140050000001,20.367901939464492,65.53780005179007,,
2024-08-236,Indramayu,38.671594928650485,50.83895192,43.184044805,0.0,,
2024-08-236,Karawang,31.341859374962823,49.464907880000055,38.12656397129988,23.788619993799177,,
2024-08-236,Kota Bandung,37.62802101572749,49.42389164000002,41.063784231299614,0.448996717468696,,
2024-08-236,Kota Bogor,28.086730672171768,36.349965139999995,33.31125567190853,51.98143065089103,,
2024-08-236,Kota Sukabumi,27.252135741935504,37.50867391999998,32.436156797125825,17.67483820676848,,
2024-08-236,Purwakarta,29.481545758090054,51.26620442000001,36.372706931175586,29.48967111457188,,
2024-08-236,Subang,31.607409205439648,71.94864344000001,39.124746365991754,18.92784305588531,,
2024-08-236,Sukabumi,22.70813403114776,40.43449903999999,30.124154970488377,70.80627064244169,,
2024-08-236,Sumedang,29.474183877360666,45.605963299999985,35.93603084495758,21.369551471937413,,
2024-08-236,Kota Bekasi,27.460832647428592,37.92909038000005,35.80894140285717,91.24817370423409,,
2024-08-236,Kota Depok,31.58201019670799,42.97408790000003,38.87557204214279,58.05769317067808,,
2024-09-252,Bandung,35.337500474660175,82.13434303999998,44.74302492025923,49.11664467192982,,
2024-09-252,Kota Cimahi,42.06486647024109,46.699729700000034,44.85015362750002,86.15283197721139,,
2024-09-252,Bekasi,44.8181514748461,59.742894019999994,49.374216278093584,3.218003645587338,,
2024-09-252,Bogor,38.81555473554396,61.544190560000004,47.6253641813514,9.560643148769952,,
2024-09-252,Cianjur,36.94283866609135,65.79620743999999,44.87230877687552,68.17922133149938,,
2024-09-252,Garut,33.01885105067478,47.35940756000002,37.563597009372664,75.8874388739578,,
2024-09-252,Indramayu,45.62186067166748,54.44154500000002,50.441218683636386,53.55996424898429,,
2024-09-252,Karawang,40.94207251345781,57.05974832000004,48.06326884118664,2.962487312880355,,
2024-09-252,Kota Bandung,44.16955201662457,55.01235434,47.686948901372254,26.83275504055047,,
2024-09-252,Kota Bogor,44.8254698125793,54.93373988000002,50.18711073086807,0.044217511921223654,,
2024-09-252,Kota Sukabumi,42.8389936572057,54.75600284000001,48.56157903952043,4.456745562319774,,
2024-09-252,Purwakarta,38.69454221044928,59.02852784000004,46.87373590805886,14.012686429506346,,
2024-09-252,Subang,38.50980997441199,81.58745984000001,47.745183379525045,37.55692631083083,,
2024-09-252,Sukabumi,34.97842645383881,53.37854077999998,42.12434188076544,67.59857520608584,,
2024-09-252,Sumedang,35.25692980722193,50.50740398000005,42.1232808399853,55.31285667112926,,
2024-09-252,Kota Bekasi,47.288229330889095,58.115916500000026,53.432032793000005,3.9602476309764554,,
2024-09-252,Kota Depok,46.77474715177361,56.758962559999986,51.311545738870656,7.995272016939873,,
2024-09-268,Bandung,14.252272169113462,48.08060978000003,28.48047661193541,92.47593671413883,,
2024-09-268,Bekasi,3.7768966970316336,28.70727241999998,21.454361415268014,91.22914946155635,,
2024-09-268,Bogor,4.64873550605427,38.52382585999999,24.241303949632876,86.77302895879487,,
2024-09-268,Cianjur,17.214184861677584,41.85981337999999,31.247238480427253,77.00954209211149,,
2024-09-268,Garut,24.036310040174353,69.98328193999998,36.482217649209794,52.00469480036299,,
2024-09-268,Indramayu,-123.14852013999999,-123.14852013999999,-123.14852013999999,97.83980021895042,,
2024-09-268,Karawang,-9.943024693590715,0.14629730000001473,-3.811769859999989,99.78137450714097,,
2024-09-268,Kota Bandung,26.230474134406812,40.77971906000005,36.12456571,86.59498508808517,,
2024-09-268,Kota Sukabumi,16.754579602899852,39.03994688,30.875051440313754,62.929206849773514,,
2024-09-268,Purwakarta,9.488483678651717,28.93286174000002,21.620781986450776,90.98657702561252,,
2024-09-268,Subang,7.461773661170529,45.274415360000035,19.45828831229282,95.46024426300652,,
2024-09-268,Sukabumi,14.017086442640464,42.864711260000036,29.247795171125258,93.19537921980705,,
2024-09-268,Sumedang,18.057656482100693,39.40567501999999,33.742728283281615,89.13924355509816,,
2024-09-268,Kota Bekasi,-10.92973952467673,-8.75764479999998,-8.911455699999976,99.7046816834569,,
2024-09-268,Kota Depok,9.708963735712432,34.24446482000002,25.62893302293453,74.70546423719712,,
2024-10-284,Bandung,33.03075603545216,82.76667673999998,43.2447838188544,33.272970413730526,,
2024-10-284,Kota Cimahi,40.98612202310518,48.600148820000015,44.93869587313993,24.077893207200358,107.55003382321821,-6.906202988546676
2024-10-284,Bekasi,42.497443995020724,64.34013091999998,48.12373147705848,18.145865236493144,,
2024-10-284,Bogor,37.321241612541336,62.05689356000005,46.3735944318629,14.73737762949216,,
2024-10-284,Cianjur,32.86010499801498,70.62245168000004,42.12330291932702,45.27186849134057,,
2024-10-284,Garut,28.037941441977463,70.15076492000003,34.62256740624531,52.84867208944009,,
2024-10-284,Indramayu,43.72340953595295,69.98669996000001,50.369332736130794,13.68033095688139,,
2024-10-284,Karawang,40.37401315142844,62.64479300000005,49.872589173364744,12.211625220910545,,
2024-10-284,Kota Bandung,43.488471838732785,56.42399660000001,48.12327952903037,39.69470296964244,,
2024-10-284,Kota Bogor,43.030487938275485,54.25697192000001,49.05937780420192,7.18620132802352,,
2024-10-284,Kota Sukabumi,40.66887467224759,53.02990274000001,47.18761009088206,18.234753334686875,,
2024-10-284,Purwakarta,37.67283011307168,66.67805659999999,47.87488552395097,7.811421109992664,,
2024-10-284,Subang,36.986480713073085,80.05276886000001,47.87278957069237,10.972917571345162,,
2024-10-284,Sukabumi,32.4005508254141,54.80385511999998,39.62200987053394,41.02502079632489,,
2024-10-284,Sumedang,32.60873180259212,51.95664446000001,41.37330784585309,21.60942351250258,,
2024-10-284,Kota Bekasi,46.25783202846414,58.59102128000001,52.80134122869567,0.0,,
2024-10-284,Kota Depok,45.825192673423025,57.23064932,51.68592393377912,8.994068346371565,,
2024-10-300,Bandung,36.4554829062944,87.76040396000002,48.74536513599211,10.801236618593581,,
2024-10-300,Kota Cimahi,50.60524972817444,61.64331314000003,54.43209284117632,0.0,,
2024-10-300,Bekasi,43.12781066020491,61.44164996000001,50.93749131633333,0.0165560386515964,,
2024-10-300,Bogor,38.34388105225381,71.27871152,48.62226947915403,4.892693555952087,,
2024-10-300,Cianjur,36.109446235475964,80.60648809999998,44.742026941540495,48.27873771687667,,
2024-10-300,Garut,31.339980666943152,73.71575977999998,42.872820434055065,84.87492840942174,,
2024-10-300,Indramayu,44.9737415314532,61.94751692,52.560901567142885,0.00843428148438724,,
2024-10-300,Karawang,35.391328504080654,59.12765042000001,40.620575459259854,4.5743272068655925,,
2024-10-300,Kota Bandung,48.483238905687,65.85089576000001,53.62349156443689,0.008028443147393193,,
2024-10-300,Kota Bogor,46.484290618076315,59.07296210000004,53.183853952013294,0.0,,
2024-10-300,Kota Sukabumi,41.501543042772845,54.598773919999985,48.936067682545456,23.784202187576714,,
2024-10-300,Purwakarta,35.07880798717015,56.608569680000016,42.373649313792335,17.17354511311132,,
2024-10-300,Subang,35.22353914427459,78.82911769999998,44.37387008633599,10.86062005591739,,
2024-10-300,Sukabumi,35.06698420385452,58.13984263999998,43.1217814582191,41.93446910182592,,
2024-10-300,Sumedang,36.81641586709313,65.69024882000002,48.872337201480676,0.5849366839133306,,
2024-10-300,Kota Bekasi,46.94567831165124,60.07444196000006,53.065325856363664,0.0,,
2024-10-300,Kota Depok,47.25977288657296,60.27610514000003,52.81163380171305,0.0,,
2024-11-316,Bandung,24.414485700817078,43.14840692000001,29.87230944451883,91.92415006372609,,
2024-11-316,Kota Cimahi,32.12857075536848,47.01760555999999,38.67900396800001,25.991925821492334,,
2024-11-316,Bekasi,21.041044359481294,43.28854574000002,26.87658794231287,78.60212958083548,,
2024-11-316,Bogor,20.23910537162371,44.09861648000003,28.122060600346867,70.22517321349264,,
2024-11-316,Cianjur,23.62044140857068,37.33777292000002,29.123634321604403,91.76563209933025,,
2024-11-316,Garut,22.12163999206879,30.122332700000015,26.3096926173585,99.3366404891204,,
2024-11-316,Indramayu,31.202140413963292,59.03536387999998,34.37331026770878,1.643786717479344,,
2024-11-316,Karawang,22.864317006396977,45.37011991999998,27.87429640923464,40.56537192679056,,
2024-11-316,Kota Bandung,29.798017234658868,47.83793036000003,35.86314718150223,91.73810231951686,,
2024-11-316,Kota Bogor,21.15670265052348,30.747830360000023,26.19014120857064,80.07216907237033,,
2024-11-316,Kota Sukabumi,25.363993113530153,36.575554460000035,32.81447486656312,62.911918416070634,,
2024-11-316,Purwakarta,22.110855722522984,38.68447279999998,28.122979599300084,62.1885026302514,,
2024-11-316,Subang,24.426159295472914,63.20876629999998,32.240861200242435,48.51969140133684,,
2024-11-316,Sukabumi,21.175832729360422,46.68947564000001,28.873209421158933,89.44816046164915,,
2024-11-316,Sumedang,23.993917270145754,35.16733022000005,29.23576451125705,74.17270789194556,,
2024-11-316,Kota Depok,24.93050648396861,37.75477136000001,30.436375016000014,73.15790257277636,,
2024-12-348,Bandung,18.419548432663273,44.474598679999986,28.37542882625763,88.34025583244039,,
2024-12-348,Kota Cimahi,30.566960570025632,42.14692706000005,34.68103018608696,32.91451539691629,,
2024-12-348,Bekasi,31.120423911163687,41.883739520000006,39.37189147911114,90.9927067004426,,
2024-12-348,Bogor,21.299208092742585,39.805583360000014,31.3730677051652,90.87213881070525,,
2024-12-348,Cianjur,22.052722007585555,54.738912740000046,29.87241230599146,70.48775378748407,,
2024-12-348,Garut,21.966126904680806,48.21049454000001,32.62317042786651,54.61873482930743,,
2024-12-348,Indramayu,29.830511803124573,53.429811080000036,34.61998016848787,0.12014054055538508,,
2024-12-348,Kota Bandung,26.713232902529835,38.68105478000001,33.93283498464287,81.46491486387012,,
2024-12-348,Kota Bogor,27.242514541385166,36.69860318000002,32.93811810822266,58.77109417123367,,
2024-12-348,Purwakarta,3.834519353221015,14.983922119999988,12.443545857808909,99.6370849287104,,
2024-12-348,Subang,20.015518652435464,60.20432672000004,31.743608778269074,53.96282316204751,,
2024-12-348,Sukabumi,21.471048796256394,36.61998872000004,26.732264896654918,78.62581717762531,,
2024-12-348,Sumedang,27.28038021121319,44.47801670000001,33.624023274905454,20.317396765012248,,
2024-12-348,Kota Bekasi,25.638940094618178,38.33925278000004,36.05430641000001,92.65239506859486,,
2024-12-348,Kota Depok,31.342003921761513,45.44873438000002,41.1272021917284,72.34180940310834,,
2025-02-46,Bandung,30.27142124206821,80.68168453999999,40.24551753437234,43.21722123176887,,
2025-02-46,Kota Cimahi,32.44781136738195,39.279208280000034,36.300462602992454,67.68310854268618,,
2025-02-46,Bogor,30.166812603106823,49.24615460000001,36.62325129350407,60.9975460550939,,
2025-02-46,Cianjur,32.09107674404686,55.41909872000002,37.73806073680491,43.07780928323588,,
2025-02-46,Garut,22.27628669785155,42.24263162,30.236739043018833,82.54524700207284,,
2025-02-46,Karawang,20.156375191456164,28.666256180000005,26.93924821076886,96.80064483639933,,
2025-02-46,Kota Bandung,36.672202042643534,56.58806156000003,44.87107563698672,46.68352045028128,,
2025-02-46,Kota Bogor,29.26890733207927,43.175751080000055,34.31864845904805,86.21872918782984,,
2025-02-46,Kota Sukabumi,38.504364886192064,49.64606293999998,44.440758662085365,11.551885254903157,,
2025-02-46,Purwakarta,22.896115780957178,41.261659880000025,31.879329323122672,79.95927709625477,,
2025-02-46,Sukabumi,32.5953416003149,56.24284154000003,36.87359893879196,15.721670324033617,,
2025-02-46,Sumedang,26.10283846194216,53.135861360000035,32.36899206669173,64.04162290301338,,
2025-02-46,Kota Depok,33.649068269095636,41.98628012000006,39.31406389712575,89.47746521031861,,
2025-03-78,Bandung,23.633007686962834,54.923485819999996,31.121666250671677,81.39547580925472,,
2025-03-78,Bogor,19.436653202942665,30.549585200000024,26.63058804198301,98.9783660656792,,
2025-03-78,Cianjur,24.1377827759249,53.28967226000003,31.74347305520501,69.29042914193033,,
2025-03-78,Garut,21.626922029217674,40.74895688000004,27.236444584840843,47.98065258098252,,
2025-03-78,Karawang,18.18816926107665,26.519739619999996,25.228547171301802,96.94599530796492,,
2025-03-78,Kota Bandung,27.702535189823706,39.41592908000001,33.05825992633149,63.737096507763646,,
2025-03-78,Purwakarta,17.453634475442062,28.65600212000004,24.756567738268345,92.62208117699548,,
2025-03-78,Subang,16.109292594799545,28.878173420000053,24.865880796875015,99.17795422755978,,
2025-03-78,Sukabumi,19.9322183698419,34.26839096000003,28.622272863245048,95.38422812424866,,
2025-03-78,Sumedang,21.31625934912963,44.63524561999998,31.12076018105668,73.44810890471571,,
2025-04-94,Bandung,8.511603033659526,21.77552786000001,19.371324635937516,99.68926796176298,,
2025-04-94,Bekasi,20.295356432201416,45.52734884000006,29.625752819021976,79.39592245581957,,
2025-04-94,Bogor,13.769834972802881,27.305884220000053,19.12853447053245,98.67211837498819,,
2025-04-94,Cianjur,24.19736747247718,43.801248740000005,32.738550801685385,80.19336898084498,,
2025-04-94,Garut,20.610024037299368,33.62238518000004,28.252038942585546,93.52732575682265,,
2025-04-94,Indramayu,17.59879675711627,29.10034472000001,22.87206888800002,62.47593354279811,,
2025-04-94,Kota Bandung,12.196185008000018,14.912143700000001,14.852328349999993,99.98929540913682,,
2025-04-94,Kota Sukabumi,5.451947438555098,10.831027820000031,9.90132638,99.90010722615746,,
2025-04-94,Purwakarta,20.32367215775316,40.86858758000005,29.45303559316493,65.91450827795231,,
2025-04-94,Subang,25.962355518109206,47.06545784000002,32.61995701049281,79.62392061152912,,
2025-04-94,Sukabumi,21.20541518771533,47.70120956000005,32.73041797065825,59.56619458952759,,
2025-04-94,Sumedang,14.06135166459874,22.189108280000028,19.059945847755113,97.32495010597894,,
2025-04-94,Kota Bekasi,27.671657475193406,50.39460932000003,41.89761266000002,20.037455918869835,,
2025-04-110,Bandung,18.42410159805698,37.31726480000003,26.622171763453185,88.29975957892225,,
2025-04-110,Kota Cimahi,20.44427663996973,29.11401680000006,23.950571740769252,52.49813543255559,,
2025-04-110,Bekasi,15.791477585445618,41.31976622000002,34.24481980767828,90.3634712991919,,
2025-04-110,Bogor,8.866574454157353,29.599375640000005,24.25532782603724,95.58230467772327,,
2025-04-110,Cianjur,20.481811590222453,53.24523800000003,34.24417736928063,84.0277852890804,,
2025-04-110,Garut,-0.14594340999997515,1.5647756000000186,1.3870385600000077,99.9982273903809,,
2025-04-110,Indramayu,5.488338428143479,16.692932120000023,11.117170184477896,73.46271721680725,,
2025-04-110,Karawang,24.5312073275384,49.287170840000044,33.24715261639623,2.9479244289068456,,
2025-04-110,Kota Bandung,16.0835279606209,21.56702863999999,21.026981480000018,99.96207006637476,,
2025-04-110,Purwakarta,23.16743391701059,48.747123680000016,33.24489315564726,14.724505444276161,,
2025-04-110,Subang,7.077672360330989,39.32706056000001,16.48481503908887,85.70287769447945,,
2025-04-110,Sukabumi,8.91279244836177,23.82975787999999,19.376677131405796,99.11702997679448,,
2025-04-110,Sumedang,11.332670004761935,34.15901431999998,18.87390034449585,66.87959548622605,,
2025-04-110,Kota Bekasi,7.972385853460503,19.912706960000037,17.899493180000036,99.64203104214218,,
2025-04-110,Kota Depok,22.704369122609044,49.83063602000004,37.23395344388995,67.56349906309957,,
2025-05-126,Bandung,30.438010931310224,72.39640406000001,38.37475742191037,28.55361374823294,,
2025-05-126,Kota Cimahi,39.809085950848555,49.71784136000002,42.928115485800085,1.735162453947189,,
2025-05-126,Bekasi,39.035863019695704,58.14326066000001,45.18619568661395,0.07807667177008919,,
2025-05-126,Bogor,35.95554389189686,60.05051581999999,43.87394715832899,17.544940968115718,,
2025-05-126,Cianjur,31.139759790116372,63.12673382000003,36.46606928715305,12.61625271352423,,
2025-05-126,Garut,29.20853414845829,64.51103192000005,34.11927322897548,19.292811621666825,,
2025-05-126,Indramayu,35.824445421012356,43.74997844000001,38.905599533309235,0.005495605562932127,,
2025-05-126,Karawang,35.15211885541727,54.3219143,39.68719785974836,5.222622321827101,,
2025-05-126,Kota Bandung,38.88523999429052,52.19590586000004,42.68444200498743,0.18012678013672917,,
2025-05-126,Kota Bogor,42.29501711934313,52.13096347999999,47.56031588021282,1.2434999897041026,,
2025-05-126,Kota Sukabumi,38.55976907390656,50.36384714000002,43.93778520757516,0.22215710132245572,,
2025-05-126,Purwakarta,33.8321829908469,59.39767400000005,39.872740121503014,10.57320906706357,,
2025-05-126,Subang,33.22819007601707,73.23723698000003,39.12176722574635,14.214216993635006,,
2025-05-126,Sukabumi,33.085319428763206,55.17641930000002,37.622127701286104,7.885185964478566,,
2025-05-126,Sumedang,30.779871180917155,51.78916148000002,36.62267804697766,13.039457246111283,,
2025-05-126,Kota Bekasi,43.33722686572117,54.885887600000046,48.059972678113226,0.0,,
2025-05-126,Kota Depok,44.347412527903295,54.46547113999998,49.43733021935894,0.002327060190490306,,
2025-06-158,Bandung,26.874649128037813,69.25524368000004,34.24462809735295,13.532306027132332,,
2025-06-158,Kota Cimahi,35.928980724303095,46.06739600000003,40.19246049875002,0.0,,
2025-06-158,Bekasi,34.00085201894979,53.07091897999999,40.3715207082408,1.7213441311729714,,
2025-06-158,Bogor,27.556343697870005,46.47755840000002,35.12383270509672,40.76651470083682,,
2025-06-158,Cianjur,28.00855320100858,62.948996780000016,34.238165050972555,9.888302373804557,,
2025-06-158,Garut,25.65964535724989,62.71657142000004,32.87142259233146,5.546949548469952,,
2025-06-158,Indramayu,33.99537145236255,60.611071100000004,36.059481681277546,0.0,,
2025-06-158,Karawang,32.51801808186817,51.2798765,37.87314986904192,3.003875961587019,,
2025-06-158,Kota Bandung,34.6261849796227,48.06010165999999,38.3114368676082,0.9114959120007072,,
2025-06-158,Kota Bogor,30.8692402301466,41.45306900000003,36.689633258246914,88.49925018596082,,
2025-06-158,Kota Sukabumi,35.538730413104524,46.27931324000002,40.56447689782096,0.0,,
2025-06-158,Purwakarta,31.705695587030252,53.36486869999999,37.12515593669722,4.119620944766886,,
2025-06-158,Subang,31.588534389868773,69.24840763999998,36.62296137459429,4.663831745575329,,
2025-06-158,Sukabumi,26.237395256077214,47.80033214000002,32.62071376651938,27.636210189497945,,
2025-06-158,Sumedang,29.592154585544634,50.70906716000002,33.87055204125808,1.181825903515403,,
2025-06-158,Kota Bekasi,36.33158578704783,46.65871346000006,40.18432202774194,12.654402334966594,,
2025-06-158,Kota Depok,32.9249113432934,45.85206074000001,40.37204272530508,6.9332803083938686,,
2025-06-174,Bandung,24.711589941272173,70.90956535999999,36.73904889408035,92.09024926729946,,
2025-06-174,Bekasi,22.95192473035363,37.94276246000004,32.86887550878077,86.13734824981343,,
2025-06-174,Bogor,23.388469372287265,46.470722360000025,33.12177772470917,89.14855079327796,,
2025-06-174,Cianjur,24.419912547210497,62.33717120000006,30.732424154688662,70.81833924381003,,
2025-06-174,Garut,26.945737115688516,60.80931626000006,33.12190349593739,53.545746772082595,,
2025-06-174,Indramayu,19.027551730369115,30.467552720000015,28.124342875092356,39.63212501535895,,
2025-06-174,Karawang,17.852734885027825,29.59253960000001,25.368905863626964,67.8925224334184,,
2025-06-174,Kota Bandung,33.26886562062968,47.728553720000036,39.87315670638129,82.67880077518042,,
2025-06-174,Kota Bogor,29.254165042262805,43.10397266000001,36.36760555234393,57.568354653782016,,
2025-06-174,Purwakarta,11.709246412326344,24.70477100000005,18.811421432060563,96.32518279938428,,
2025-06-174,Subang,17.52447206317778,48.28910900000005,26.12756201644179,82.46154177189128,,
2025-06-174,Sukabumi,24.132797520447195,38.95107836,30.233407185454872,69.79699970528277,,
2025-06-174,Sumedang,21.667292002925816,39.08779916000003,30.251075752029603,79.20178126665154,,
2025-06-174,Kota Bekasi,30.95331963231957,42.950161760000015,36.132785948157924,9.769042692961733,,
2025-06-174,Kota Depok,24.443175876481728,34.200030560000016,31.68891137826959,90.02439274645337,,
2025-07-190,Bandung,26.631805232529015,68.07944480000003,33.37430381332053,4.157442314564301,,
2025-07-190,Kota Cimahi,33.24153456261734,42.246049640000024,35.72047979000001,0.016360075641290907,,
2025-07-190,Bekasi,32.84040597068769,48.81890210000006,36.81107243466418,29.958922834654878,,
2025-07-190,Bogor,29.780164852728458,47.49612836000006,35.62328964374299,40.41850081124935,,
2025-07-190,Cianjur,28.401679184921502,64.52128598000002,33.12066492847711,31.277333634056365,,
2025-07-190,Garut,25.78070541734381,65.23223414000006,31.871474382754066,3.2746207239944285,,
2025-07-190,Indramayu,34.07621799984788,58.82344664000004,37.18301869886709,0.0,,
2025-07-190,Karawang,31.16286305727407,45.87256886,34.622197407938714,13.754683035190501,,
2025-07-190,Kota Bandung,33.731136519587615,44.583975320000036,36.936539802221446,0.36770269615060824,,
2025-07-190,Kota Bogor,32.73942946597313,42.12300091999998,36.06103095505766,3.9590751694881887,,
2025-07-190,Kota Sukabumi,30.389817283568153,37.27624856,33.84282583696205,68.30601168505859,,
2025-07-190,Purwakarta,29.207019575823043,50.39802734,33.12153799958585,36.71855465346779,,
2025-07-190,Subang,31.021917951720365,73.57562096000004,36.87389036813996,4.7471957368795765,,
2025-07-190,Sukabumi,28.488646048528867,45.06933416000004,32.371942171560924,19.69370193041139,,
2025-07-190,Sumedang,27.971625917346678,43.671363980000024,32.871072534016626,0.13446760566175808,,
2025-07-190,Kota Bekasi,34.56707948185644,45.421390220000035,39.062245391428576,0.5123949719374269,,
2025-07-190,Kota Depok,36.43262511969715,44.61131948000002,40.311847006062344,5.150903014216338,,
2025-07-206,Bandung,29.501403568654524,75.93405475999998,37.62434671461545,12.127634736419589,,
2025-07-206,Kota Cimahi,38.90829641080852,48.40873970000001,42.05551943942859,0.0,,
2025-07-206,Bekasi,37.8491862929849,55.26870584000005,43.18792368073664,3.908379432157837E-4,,
2025-07-206,Bogor,34.005554447831905,54.3219143,41.87346187299746,5.517864386664944,,
2025-07-206,Cianjur,30.47975831343386,67.34798852000006,36.37184694856124,16.192581445351976,,
2025-07-206,Garut,28.729735289282846,71.35390796000002,35.87373749058349,15.65569565844774,,
2025-07-206,Indramayu,36.458303958155085,60.39231782000002,39.558786779545464,0.0,,
2025-07-206,Karawang,34.00086105841771,52.8521657,39.93936278662166,0.13785423717289874,,
2025-07-206,Kota Bandung,37.85532881665427,49.28033479999999,41.1858782250906,1.0797154090066756,,
2025-07-206,Kota Bogor,39.94926513193625,50.107495640000025,44.813666418046736,0.48353109240479003,,
2025-07-206,Kota Sukabumi,36.180134271245265,46.405779980000034,40.81392385007191,0.3322161150340624,,
2025-07-206,Purwakarta,32.77367309295822,55.56949159999999,39.12110793477964,3.6106970333923343,,
2025-07-206,Subang,32.59402627811998,72.98772152000004,39.123224318615826,2.188621310204463,,
2025-07-206,Sukabumi,30.887180268312946,47.51663647999999,35.3729637498308,7.781840801677306,,
2025-07-206,Sumedang,30.73761086821105,49.42730965999999,36.12299824565337,4.89343000131007,,
2025-07-206,Kota Bekasi,41.5051277837727,52.004496740000036,46.30631559800003,0.0,,
2025-07-206,Kota Depok,41.89648833945303,50.32624892000001,46.06106847552797,0.0,,
2025-08-222,Bandung,28.704775848820564,74.27973308000003,36.122338336005384,1.9372814400447826,,
2025-08-222,Kota Cimahi,36.454387765031726,46.51515662000003,39.93708267061212,0.016360075641290907,,
2025-08-222,Bekasi,39.82528587666373,57.94843351999998,45.184067813724205,0.0,,
2025-08-222,Bogor,34.50415804541859,58.65596366,42.624577167792715,3.2765008308315693,,
2025-08-222,Cianjur,30.089284051119677,60.05051581999999,37.87260563316787,21.001213495119885,,
2025-08-222,Garut,27.33376315276643,62.99343104000002,33.62310229606617,10.456041082139063,,
2025-08-222,Indramayu,34.742000103848994,47.37991568000001,37.55873598967441,0.0,,
2025-08-222,Karawang,34.699276099167975,52.10361932000001,39.561730056374486,0.17660301517892368,,
2025-08-222,Kota Bandung,36.4725121251639,50.39119130000006,40.18765660106767,0.1691325356384166,,
2025-08-222,Kota Bogor,39.981727491105545,51.96006248000003,44.811686317739536,3.4961139332457876,,
2025-08-222,Kota Sukabumi,36.61963899706813,47.85160244000002,40.93501483754107,0.13433127551937382,,
2025-08-222,Purwakarta,31.890125489842426,55.579745660000015,37.62436711851924,6.325272661748382,,
2025-08-222,Subang,30.958177883773597,66.93782612000001,36.62317530550393,3.963805171857402,,
2025-08-222,Sukabumi,30.34112939637505,49.23248252000002,35.122792903130716,34.97415310869634,,
2025-08-222,Sumedang,29.140398057349824,49.32818708000002,35.313660142778616,3.0944779918218113,,
2025-08-222,Kota Bekasi,42.73000875226989,54.35609450000004,48.06589330500001,0.0,,
2025-08-222,Kota Depok,42.77214785659598,53.313598400000046,47.437695835444906,0.0,,
2025-08-238,Bandung,28.575993912180724,71.13173666,36.62336319076777,1.2947307062166753,,
2025-08-238,Kota Cimahi,38.536621980608025,48.28227296,41.30770798494562,0.008180037820645454,,
2025-08-238,Bekasi,36.94166104833903,54.530413520000025,43.68857456216053,0.047778576494010606,,
2025-08-238,Bogor,33.086520611112114,55.32681218000005,41.3745922961931,0.9332185268727027,,
2025-08-238,Cianjur,30.58884670767636,67.22835782000004,37.12500724662811,0.9795067823211899,,
2025-08-238,Garut,27.5944176230943,74.00970949999999,35.12425988933345,17.474915071441046,,
2025-08-238,Indramayu,34.66106788219422,62.63453894000003,36.866056293279755,0.005066704153654261,,
2025-08-238,Karawang,33.17564350497129,53.27941820000001,39.0609220440543,0.07203393162002447,,
2025-08-238,Kota Bandung,37.15513468885438,50.51082200000002,40.686058638612764,0.10972205634770697,,
2025-08-238,Kota Bogor,39.17173994395272,52.26084824000003,44.438213679679954,0.0019839583956715746,,
2025-08-238,Kota Sukabumi,36.527220391136886,48.18315038000003,41.93894906299118,0.29420923403354127,,
2025-08-238,Purwakarta,32.10412187258553,53.75110496000002,38.12202912883054,0.7537741501001061,,
2025-08-238,Subang,31.10269502462177,70.97792576,36.62127412200103,5.752743028099797,,
2025-08-238,Sukabumi,30.773387350745157,50.353593079999996,35.62208272574989,1.0770764287403838,,
2025-08-238,Sumedang,29.5952137302433,46.908228920000056,34.8727942274771,0.3193902354709035,,
2025-08-238,Kota Bekasi,41.217659980755585,54.00062042000002,45.55795085097328,0.0,,
2025-08-238,Kota Depok,42.82760295368664,52.65050252000003,47.93775354661373,0.0,,
2025-09-270,Bandung,25.949260397923094,67.73080676000001,34.37452114819967,23.637567015478357,,
2025-09-270,Kota Cimahi,31.850017312238524,37.201052119999986,35.28753059000002,30.427751820860376,,
2025-09-270,Bekasi,26.699308141613628,38.85879182000002,34.44033709916515,63.625091679348664,,
2025-09-270,Bogor,27.470329885053914,48.039593540000055,34.125099527093454,39.36408013435815,,
2025-09-270,Cianjur,25.916056715398994,62.51149022000004,32.37122037831827,44.44134651602983,,
2025-09-270,Garut,28.951981497296554,62.443129820000024,35.621695557481765,12.328467962025616,,
2025-09-270,Indramayu,28.833250768842838,38.42128525999999,33.060215032342164,11.599863483264281,,
2025-09-270,Karawang,22.98380385203645,39.5389778,29.122179517475566,29.685362431080808,,
2025-09-270,Kota Bandung,31.500516795157132,42.11616488000004,35.68520935553569,25.488545982829464,,
2025-09-270,Kota Bogor,30.76096584433227,43.852519040000004,37.624281460669316,16.072053231766372,,
2025-09-270,Kota Sukabumi,33.02014449215945,48.23100266000006,39.118921504038546,36.89589886892568,,
2025-09-270,Purwakarta,22.299853972470476,42.129836960000034,28.125489933902525,22.010237816887365,,
2025-09-270,Subang,24.35449979333628,61.66040324000005,31.626218665681137,24.477894145897817,,
2025-09-270,Sukabumi,27.37740209549482,48.17973236,34.62256799892635,57.6985226117794,,
2025-09-270,Sumedang,26.336793838225656,38.756251220000024,32.3121747114537,59.41662519942169,,
2025-09-270,Kota Bekasi,29.62947764170826,37.66932086000003,34.43131102484239,43.01651626559712,,
2025-09-270,Kota Depok,32.29791619492083,45.50000468000002,40.87190298239778,47.536852382612395,,
2025-11-334,Bandung,31.664594137751426,70.00037204,40.246661927995774,53.800151978892394,,
2025-11-334,Kota Cimahi,38.13136218211434,45.78711836000002,43.06808345000002,82.39578872405852,,
2025-11-334,Bekasi,34.45494091935233,47.12014615999999,40.379573252718316,49.34823667190948,,
2025-11-334,Bogor,32.705362104126515,58.66279970000005,40.241961839196605,56.55470699170486,,
2025-11-334,Cianjur,32.251340799673194,66.25422212000001,41.453591721318155,74.17898777094851,,
2025-11-334,Garut,28.23891160840216,58.04072006000001,34.748042289586245,88.21693435906623,,
2025-11-334,Indramayu,36.72417162800604,53.26916414000004,40.62211139942201,45.411029193334976,,
2025-11-334,Karawang,33.968844907148764,56.28727580000003,39.1222895677881,42.94100350226384,,
2025-11-334,Kota Bandung,39.567515231259776,55.166165240000055,44.43392849871887,27.49452334240986,,
2025-11-334,Kota Bogor,38.50818996211783,50.25105248,44.689988765544776,17.873139557118446,,
2025-11-334,Kota Sukabumi,37.030312539048566,53.47082732000001,44.05850815156252,49.08194338889997,,
2025-11-334,Purwakarta,33.80920230470918,59.77707422000003,40.62348172209583,36.404106082624196,,
2025-11-334,Subang,33.655741270701455,75.74264563999998,40.23955982254656,49.29103543896377,,
2025-11-334,Sukabumi,30.303162162734782,53.105099180000025,36.121397966540535,61.92654424050862,,
2025-11-334,Sumedang,32.586528956108154,55.289213959999984,38.3775186226374,56.69012428227681,,
2025-11-334,Kota Bekasi,28.370528797063223,31.14432068000002,30.617945599999985,98.32733861542192,,
2025-11-334,Kota Depok,39.089011313211024,50.50398596000002,45.058199261745955,46.118657377809356,,
2025-12-350,Bandung,12.284622033234603,35.85093422,25.119279486497142,94.04972473944741,,
2025-12-350,Bekasi,15.28591481812957,39.77140315999998,29.741322135735803,23.71661751194838,,
2025-12-350,Bogor,12.699668345310144,39.96623030000001,24.120573865095583,61.07141113455181,,
2025-12-350,Cianjur,13.009821688565083,35.762065699999994,21.375875940802953,89.60001864687096,,
2025-12-350,Garut,3.5650539313561245,9.655228940000029,6.590546757500029,99.75830630199418,,
2025-12-350,Indramayu,26.50796533088822,41.98969814000003,30.561913114831484,0.0,,
2025-12-350,Karawang,16.29753191720041,45.38037398000006,28.243168161844636,29.161393002887344,,
2025-12-350,Kota Bandung,19.332154253452646,30.665797880000014,25.93720552449744,54.20301697349322,,
2025-12-350,Kota Bogor,18.11701460158556,37.86072998000003,29.119987322257114,43.17801488257154,,
2025-12-350,Purwakarta,17.143093738478267,50.67488695999998,29.744447647433795,28.11487917607498,,
2025-12-350,Subang,26.308834096176106,68.58531176000002,36.2415354231512,11.336575496112632,,
2025-12-350,Sukabumi,6.818253291017498,20.538204619999988,14.626309166267424,99.20845022653793,,
2025-12-350,Sumedang,19.839948981270606,37.92567236000002,27.73628064033057,11.127103938388993,,
2025-12-350,Kota Bekasi,30.08567900181722,41.10101294000003,35.183755705000024,0.0,,
2025-12-350,Kota Depok,22.60409267217613,37.94276246000004,33.37663834949999,65.81102107280134,,
2026-02-33,Bandung,30.1778584427066,56.95037167999999,39.74445960061713,85.84755792232629,,
2026-02-33,Kota Cimahi,43.39698184988239,55.45669694000003,48.06543250155427,3.1283672484117098,,
2026-02-33,Bogor,26.89621873323375,33.60187705999999,30.688090966000022,99.75592409612511,,
2026-02-33,Cianjur,29.617482555089914,48.14213414000005,37.742585765119465,87.2912835757304,,
2026-02-33,Garut,26.277938569469153,66.55842590000003,34.24167856051015,79.47230186175983,,
2026-02-33,Indramayu,-16.00574333352477,22.69155722000005,18.59676926000003,99.31137622317672,,
2026-02-33,Kota Bandung,39.195507559828094,56.69402018000005,45.73755211887405,34.933080565059726,,
2026-02-33,Kota Sukabumi,20.507925271613793,23.85368402000006,22.74282751999999,99.95112776807923,,
2026-02-33,Purwakarta,29.543691540735203,39.85343564000004,33.060713212209926,91.57211024579242,,
2026-02-33,Subang,28.69431137471862,42.93648968000002,33.23614161731081,76.14059446473843,,
2026-02-33,Sukabumi,31.10852999001051,55.43960684000001,37.237727524226685,62.90667628005829,,
2026-02-33,Sumedang,24.54941224156524,37.52234600000003,32.72938625245287,82.84399494618727,,
2026-03-81,Bandung,21.485168686864572,66.46613936000006,35.24568500334568,37.355333536645965,,
2026-03-81,Kota Cimahi,32.65533562024772,56.11979282000004,46.65614022962046,6.000683273747372,,
2026-03-81,Bekasi,24.909378379467398,53.614384159999986,38.73794862645534,66.36020340022046,,
2026-03-81,Bogor,20.771307657113773,52.042094959999986,34.24338256770782,33.76289869644186,,
2026-03-81,Cianjur,23.371359372467957,59.96506532000001,38.249494565719935,32.6285113423479,,
2026-03-81,Garut,15.808302116533469,44.87792504000004,27.238713798626783,73.80383625006756,,
2026-03-81,Indramayu,32.026613294463154,45.49316864000002,37.560026914032285,0.8058834209329222,,
2026-03-81,Karawang,34.27562262786705,59.363493800000015,40.622969086693004,4.020793481149912,,
2026-03-81,Kota Bandung,37.08126937719956,59.657443520000015,48.24219110145049,12.767632087829709,,
2026-03-81,Kota Bogor,18.85514853837181,36.22008038000001,28.373243605049247,73.07056990160845,,
2026-03-81,Kota Sukabumi,28.810346898186626,44.47801670000001,36.87667340257637,11.382299848147243,,
2026-03-81,Purwakarta,29.122962233368117,58.91915119999999,37.244687579529945,9.119760999146727,,
2026-03-81,Subang,29.642937798035096,77.21581226,37.736886568839004,18.585844638893242,,
2026-03-81,Sukabumi,24.17573759391712,53.24865602,34.7430247695424,30.989978026259475,,
2026-03-81,Sumedang,24.50588143557456,45.99903560000001,35.7461316353954,30.494659489895,,
2026-03-81,Kota Bekasi,11.603503761731432,18.36776192000002,15.435100760000031,93.30778076162878,,
2026-03-81,Kota Depok,20.786018428880517,42.485311040000056,33.12205876479196,27.7190483940663,,
2026-04-97,Bandung,23.332118337663744,55.186673359999986,31.373967271221428,72.67452739499682,,
2026-04-97,Bogor,27.116716987295348,48.40532168000004,35.37393480345822,66.78505652866241,,
2026-04-97,Cianjur,21.870709946128446,40.294360220000044,28.122477119955963,52.302343622144996,,
2026-04-97,Garut,21.043957515707785,55.12514900000002,31.37329613730558,47.610405081840554,,
2026-04-97,Kota Bandung,23.224649995467097,31.896285079999984,27.809092720000024,92.51894974950211,,
2026-04-97,Kota Bogor,23.838647411570786,33.67023746000001,29.052502454225646,78.18953986300536,,
2026-04-97,Kota Sukabumi,31.377788867104513,42.83736710000005,36.68946941788393,3.0330932954958865,,
2026-04-97,Purwakarta,7.174064976020174,15.083044700000016,11.41209121999998,99.9628948759845,,
2026-04-97,Subang,14.88503071695048,33.11310020000002,23.625034855748517,94.15437229071392,,
2026-04-97,Sukabumi,24.799132069340725,47.878946600000006,31.623431055985364,27.42468467858794,,
2026-04-97,Sumedang,19.33872608476516,35.85093422,24.937813935163035,94.10866447171303,,
2026-04-97,Kota Depok,24.564452373608873,34.94174090000001,29.18389632000004,84.14859908433773,,
2026-04-113,Bandung,29.417581471573275,52.05234902000001,37.74814401682242,83.05547028558705,,
2026-04-113,Kota Cimahi,35.21637036370082,42.85445720000001,39.68838357939655,29.886939045886802,,
2026-04-113,Bogor,28.96729143833973,47.766151939999986,34.87124141406765,89.71809120255404,,
2026-04-113,Cianjur,28.793833377578558,56.738454440000055,35.45688964619921,52.86359564548805,,
2026-04-113,Garut,21.858426067186034,42.07856665999998,33.45306807214501,85.60164511446166,,
2026-04-113,Indramayu,21.445799740042478,30.074480419999986,26.168110812500018,67.15204501350635,,
2026-04-113,Karawang,26.918835955935577,39.340732640000056,33.372823821424696,92.24262520669326,,
2026-04-113,Kota Bandung,34.25664936132581,46.34425562000001,39.22441787940596,69.0896669004186,,
2026-04-113,Kota Bogor,24.67087622636014,34.15901431999998,31.311760393924068,90.97241887247795,,
2026-04-113,Purwakarta,29.58773929521767,49.174376180000024,36.239917666017895,42.927549765198094,,
2026-04-113,Subang,26.2551604065764,38.592186260000005,32.124750103674366,86.15294192159887,,
2026-04-113,Sukabumi,31.058343298439326,52.05234902000001,36.12175302288022,25.23319004732051,,
2026-04-113,Sumedang,27.186138081150627,49.34869520000001,35.23490392111533,67.23646199285028,,
2026-05-129,Bandung,21.226189472850418,63.17116808000003,32.243537210797065,28.150543784701327,,
2026-05-129,Kota Cimahi,33.098234793728466,41.507757319999996,36.18358754935021,1.5751544984594263,,
2026-05-129,Bekasi,27.95918755837422,46.11524828000006,40.12317342400938,64.8967621219387,,
2026-05-129,Bogor,28.017838111294882,51.857521880000036,37.871770307790115,48.77952117960642,,
2026-05-129,Cianjur,25.163050456992856,60.262433060000035,32.23614181510477,41.22303464546858,,
2026-05-129,Garut,17.31702366023249,54.63637214000005,29.881648962335674,88.4621517302094,,
2026-05-129,Indramayu,25.989836382857145,37.93250840000002,29.0633912514454,0.0,,
2026-05-129,Karawang,18.209859539157076,43.22702138,29.62496973341441,57.00438924235415,,
2026-05-129,Kota Bandung,28.830448155632485,43.849101020000035,34.687174170034545,13.692819381438365,,
2026-05-129,Kota Bogor,31.04325758224719,49.417055600000026,40.37276173466377,26.173711197276265,,
2026-05-129,Kota Sukabumi,35.31089873087127,47.90970878000002,41.93805867057364,13.513598146889628,,
2026-05-129,Purwakarta,17.700105766993453,41.72992862000001,29.124166202762726,62.72723531510632,,
2026-05-129,Subang,18.53670885894269,57.31268180000001,28.24830973318827,33.74996478990547,,
2026-05-129,Sukabumi,27.376146322879848,49.16412212,34.23921757988576,17.99273873304834,,
2026-05-129,Sumedang,20.253831398140424,42.30415598000002,27.121645776041376,2.4899921112083594,,
2026-05-129,Kota Bekasi,31.90468068587732,47.745643820000055,40.43779046666669,12.663881053483406,,
2026-05-129,Kota Depok,33.193968189543476,50.65437884000005,44.37463807775115,48.44754133815503,,
2014-03-87,Bogor,37.568258635418125,44.327623819999985,41.220831353963256,0.0,,
2014-04-103,Bogor,5.846842493760384,8.349545300000045,8.027829814008824,63.85334066106624,,
2014-04-119,Bogor,33.54452073630572,38.10682742000006,38.01454088000003,0.0,,
2014-07-183,Bogor,31.769534995336926,33.96418718000001,33.66681944000004,0.0,,
2014-07-199,Bogor,21.142413123133174,32.02616984000002,30.816190760000012,0.0,,
2014-09-263,Bogor,35.42255689108503,42.17085320000001,39.71198711140188,0.0,,
2014-11-327,Bogor,30.389430519765305,36.08335957999998,35.28696092000001,6.274339713183588,,
2014-12-359,Bogor,34.98829328162186,44.583975320000036,38.81139976314404,21.396658297993486,,
2015-01-10,Bogor,0.5922746407020303,10.670380880000039,1.1101789400000257,99.96273289935729,,
2015-02-58,Bogor,26.74621973539838,27.842513359999998,27.70921057999999,69.63150435310791,,
2015-03-74,Bogor,20.820895331149345,31.99882567999998,25.518259759999978,49.40066165140942,,
2015-03-90,Bogor,37.40223640689149,41.309512160000054,39.51619099999999,0.0,,
2015-08-218,Bogor,31.440090489730803,39.82950950000003,36.90158098307695,0.0,,
2015-09-250,Bogor,37.36829102291924,43.213349300000004,42.03156888500001,0.0,,
2015-10-282,Bogor,36.33238018134554,36.97888082000003,36.97888082000003,0.0,,
2016-01-13,Bogor,28.82459929313785,39.901287920000016,35.79966392000002,9.88415065708085,,
2016-01-29,Bogor,40.38648539424894,41.48724920000001,41.48724920000001,0.0,,
2016-02-45,Bogor,35.23985481276648,42.6835562,39.34275157409328,4.72874479706353,,
2016-03-77,Bogor,26.422135786353174,29.595957620000036,29.141360959999986,5.001669003271245,,
2016-04-93,Bogor,8.23229027622946,12.502439600000002,11.956698338266834,94.21815445562316,,
2016-04-109,Bogor,38.691596553252865,40.882259660000045,39.98673842000005,0.0,,
2016-06-173,Bogor,18.156573477186576,27.992906240000025,23.0724223057143,0.044656147662994854,,
2016-07-189,Bogor,30.894521018973023,33.465156260000015,32.82940454000002,0.0,,
2016-07-205,Bogor,38.55146243083291,40.63958023999999,39.84659959999999,0.0,,
2016-08-237,Bogor,33.1438288992383,41.494085240000004,35.8256934569231,34.68907819810296,,
2016-09-253,Bogor,21.538326708465647,27.059786780000024,26.320757817758633,39.778978348732174,,
2016-09-269,Bogor,14.381809047477391,30.867461059999982,23.34339374000002,55.160117469907355,,
2016-12-349,Bogor,19.686653645884537,29.82154694000002,29.797620800000004,26.8588543616623,,
2017-02-47,Bogor,4.399392015141562,4.9315253000000325,4.9315253000000325,99.80207979090035,,
2017-03-63,Bogor,11.501783676258226,17.913165260000028,16.153025426575375,0.08141164601577791,,
2017-05-127,Bogor,26.905007737299798,34.91097872,31.36021778269255,62.70157830954054,,
2017-05-143,Bogor,33.4674128957007,35.01693734000003,34.839200300000016,0.0,,
2017-07-191,Bogor,30.04839066399317,33.547188740000024,32.71711387758715,93.41290222672453,,
2017-07-207,Bogor,31.099281833956763,34.299153140000044,33.335271499999976,0.0,,
2017-08-239,Bogor,36.749204909961485,41.589789800000005,40.213011344000016,0.0,,
2017-09-255,Bogor,26.034644895018204,32.70635582,28.946533820000013,94.46039832284015,,
2018-02-50,Bogor,18.767909439377654,31.76981834000003,28.36903010228581,80.00247064570137,,
2018-03-82,Bogor,28.20786775589692,35.39291953999998,30.310811444674428,45.9300651822922,,
2018-04-98,Bogor,6.755680388354342,13.760270960000014,9.936474088703184,52.66498968934374,,
2018-05-146,Bogor,25.422120340220147,26.618862200000024,26.42403506000005,29.79146542417182,,
2018-06-178,Bogor,-17.37276420999997,-14.185460559999967,-14.185460559999967,99.82203922115988,,
2018-07-194,Bogor,32.105119759483586,36.790889719999996,34.89042277960028,0.0,,
2018-07-210,Bogor,27.399318932648992,36.03892532000003,32.18091713258236,0.0,,
2018-08-226,Bogor,33.62276720582644,41.01214442000003,38.817656724218764,21.660903792241047,,
2018-08-242,Bogor,33.18307315916534,40.65325231999998,36.83623545200002,28.025478466759314,,
2018-09-258,Bogor,36.04742829191359,44.768548399999986,42.07154726434997,27.971313361256257,,
2018-10-274,Bogor,36.538945529182264,43.15524296000001,40.96850469973687,0.0,,
2018-12-354,Bogor,30.374764026945428,43.70554418000006,36.433288372289496,0.5116323397238738,,
2019-01-05,Bogor,19.064242938861675,29.780530699999986,24.438211013600018,0.1537296461150639,,
2019-02-37,Bogor,26.942323073210744,35.71421342000002,32.36982670856927,63.12360606606687,,
2019-02-53,Bogor,28.925503202744984,42.748498580000046,33.118036049258826,78.63276397118597,,
2019-03-85,Bogor,32.86279211128993,42.32124608000004,36.43541564000002,32.74392467768835,,
2019-04-101,Bogor,-3.7281741269116053,8.40765164000004,4.135064354563173,22.501337683767815,,
2019-07-197,Bogor,33.829111193438195,41.09075888000001,39.08779916000002,0.0,,
2019-08-213,Bogor,35.401899203638905,43.244111480000015,41.3398142219231,0.04719486667912853,,
2019-08-229,Bogor,31.392550854926274,35.95689284000002,33.826027213684235,78.67064029621602,,
2019-09-245,Bogor,32.37107469953402,41.78461693999998,37.935997390821015,0.08234926854473236,,
2019-09-261,Bogor,36.52319626082056,44.77196642000001,42.694431718181846,9.695683177186861,,
2019-10-293,Bogor,35.47484057154118,38.14100761999998,38.14100761999998,42.539425798625146,,
2019-11-309,Bogor,42.93603061268367,46.86721268000002,45.54272993000001,0.0,,
2019-11-325,Bogor,38.11149552027983,51.20468005999999,46.13430192340427,69.21435855343297,,
2019-12-357,Bogor,10.808310085578315,17.882403080000017,16.117423002500004,97.60424649936046,,
2020-03-88,Bogor,24.942647464521237,31.304967620000014,29.157829601818197,5.8439488150729675,,
2020-04-104,Bogor,29.11858808894903,31.745892200000014,31.192172960000022,47.66926250303341,,
2020-05-152,Bogor,-4.846528802775788,-0.756059979999975,-2.107545087999995,84.15917886589264,,
2020-06-168,Bogor,30.55249922241292,30.66921590000004,30.66921590000004,0.0,,
2020-07-200,Bogor,36.03817016688822,38.68105478000001,37.82654978000002,0.0,,
2020-08-216,Bogor,33.3459613367574,41.80170704,36.77755944200001,0.059120058410811936,,
2020-08-232,Bogor,31.395930809455013,38.182023860000015,34.09265372449209,1.6010117296303787,,
2020-09-248,Bogor,36.444758024772554,42.160599140000045,41.653364972000006,0.0,,
2020-12-344,Bogor,30.071662588035768,30.218037260000017,30.218037260000017,0.0,,
2020-12-360,Bogor,33.017334805873396,37.19079806000002,36.64505420000004,37.4821683309558,,
2021-01-26,Bogor,20.289749443755124,25.29267044000005,22.963289809999992,99.0213148922272,,
2021-02-42,Bogor,11.634560253267829,18.897555020000027,14.838656270000001,96.16846675083353,,
2021-03-74,Bogor,3.757245924106284,15.042028459999983,10.691724490326207,53.31301804279419,,
2021-03-90,Bogor,24.725091378548235,35.22543656000005,32.69075655851066,3.0265631979721803,,
2021-07-186,Bogor,34.01134149187523,36.59606258000002,36.15855601999999,0.0,,
2021-07-202,Bogor,29.980018996968802,35.35873934000006,32.39654759425103,0.0,,
2021-08-218,Bogor,29.825504542902785,34.43587394000002,33.113673408323,0.0,,
2021-08-234,Bogor,29.8193763478905,34.45296403999998,33.68970987524732,0.0,,
2021-09-250,Bogor,1.9499206084406786,7.013099480000051,6.342483956000024,35.70906316559114,,
2021-11-330,Bogor,26.222352519329483,37.87098404000005,32.35675541400263,9.104966915816789,,
2021-12-362,Bogor,24.574777652051413,31.14432068000002,29.286107497569088,93.96698914125827,,
2022-04-93,Bogor,30.253913590445357,34.61361098000003,33.71125370000001,47.344976590622146,,
2022-10-285,Bogor,30.09366092750761,41.494085240000004,36.613314987321594,40.158824278454354,,
2023-01-16,Bogor,11.24413420626912,20.558712740000033,18.10466675891893,66.42818032634217,,
2023-03-64,Bogor,32.00960075626276,33.96760519999998,33.510729860000026,46.02133298432745,,
2023-03-80,Bogor,30.16925822757846,34.11799808000001,32.939269468571446,47.36091104286144,,
2023-04-96,Bogor,23.44960911951215,37.35828104000001,30.942115292459846,0.07942885977535642,,
2023-06-176,Bogor,34.00016152419007,36.26109661999999,35.70908639000004,13.178261057546806,,
2023-08-224,Bogor,33.5295350323558,36.56188238000004,35.91587660000005,0.0,,
2023-09-256,Bogor,38.457002920376915,44.18406698000001,43.456028720000006,0.0,,
2024-03-83,Bogor,36.232216385535715,36.514030100000014,36.514030100000014,0.0,,
2024-06-163,Bogor,32.67489853942563,33.67023746000001,33.67023746000001,0.0,,
2024-10-275,Bogor,27.148860499243685,39.28262630000006,34.31051370569194,23.074268075034496,,
2024-11-307,Bogor,32.88657935528373,44.67626186000001,39.32499690336968,35.51239393827114,,
2024-12-355,Bogor,25.86546376677412,30.898223239999993,29.69972835573268,9.46354404505621,,
2025-04-117,Bogor,36.364165997095846,38.17176979999999,37.97694266000002,0.0,,
2025-08-213,Bogor,33.57662035266449,36.08335957999998,35.23796930000001,0.0,,
2014-12-359,Bogor,34.970671674058366,35.05795358,35.05795358,0.0,,
